ISO-10303-21;
HEADER;
FILE_DESCRIPTION (( 'STEP AP214' ),
    '1' );
FILE_NAME ('311-13-107-41-001000.STEP',
    '2018-09-12T20:02:27',
    ( '' ),
    ( '' ),
    'SwSTEP 2.0',
    'SolidWorks 2014',
    '' );
FILE_SCHEMA (( 'AUTOMOTIVE_DESIGN' ));
ENDSEC;

DATA;
#1 = SURFACE_SIDE_STYLE ('',( #4393 ) ) ;
#2 = B_SPLINE_CURVE_WITH_KNOTS ( 'NONE', 3,
 ( #6747, #2262, #8038, #4166, #381, #4811, #1010 ),
 .UNSPECIFIED., .F., .F.,
 ( 4, 3, 4 ),
 ( -1.014189297030967900E-006, 0.0000000000000000000, 3.094920459720932600E-006 ),
 .UNSPECIFIED. ) ;
#3 = DIRECTION ( 'NONE',  ( 0.0000000000000000000, 0.0000000000000000000, 1.000000000000000000 ) ) ;
#4 = LINE ( 'NONE', #5659, #6589 ) ;
#5 = DIRECTION ( 'NONE',  ( -1.000000000000000000, -1.447553700753488400E-016, 0.0000000000000000000 ) ) ;
#6 = ORIENTED_EDGE ( 'NONE', *, *, #5966, .T. ) ;
#7 = EDGE_CURVE ( 'NONE', #2244, #8188, #1544, .T. ) ;
#8 =( GEOMETRIC_REPRESENTATION_CONTEXT ( 3 ) GLOBAL_UNCERTAINTY_ASSIGNED_CONTEXT ( ( #6693 ) ) GLOBAL_UNIT_ASSIGNED_CONTEXT ( ( #5102, #1288, #5770 ) ) REPRESENTATION_CONTEXT ( 'NONE', 'WORKASPACE' ) );
#9 = AXIS2_PLACEMENT_3D ( 'NONE', #995, #5436, #1629 ) ;
#10 = CARTESIAN_POINT ( 'NONE',  ( 0.07625930529582490600, -0.6783374732234402900, 0.2908621438522394600 ) ) ;
#11 = SURFACE_SIDE_STYLE ('',( #2523 ) ) ;
#12 = ORIENTED_EDGE ( 'NONE', *, *, #6541, .F. ) ;
#13 = DIRECTION ( 'NONE',  ( 1.084202172485503100E-015, 1.000000000000000000, 2.168404344971003300E-015 ) ) ;
#14 = DIRECTION ( 'NONE',  ( 1.000000000000000000, 0.0000000000000000000, 1.224646799147353200E-016 ) ) ;
#15 = CARTESIAN_POINT ( 'NONE',  ( 0.04575315768160473400, 0.4202958413426424200, -0.3939394893961907800 ) ) ;
#16 = CARTESIAN_POINT ( 'NONE',  ( -0.05027251899044470800, -1.152322147840335400, 0.02049894887331280000 ) ) ;
#17 = CIRCLE ( 'NONE', #3923, 0.2713663603001843500 ) ;
#18 = DIRECTION ( 'NONE',  ( -1.000000000000000000, -0.0000000000000000000, -1.084202172485506400E-015 ) ) ;
#19 = CARTESIAN_POINT ( 'NONE',  ( 0.1057371226398561600, 0.3678404838861565900, 0.4312557341737586800 ) ) ;
#20 = CARTESIAN_POINT ( 'NONE',  ( 0.1096152264660487200, 0.3637196072798845600, 0.3783841406984368400 ) ) ;
#21 = CIRCLE ( 'NONE', #4708, 0.6399999999999993500 ) ;
#22 = AXIS2_PLACEMENT_3D ( 'NONE', #2072, #810, #4611 ) ;
#23 = VERTEX_POINT ( 'NONE', #3458 ) ;
#24 = DIRECTION ( 'NONE',  ( -0.0000000000000000000, -1.000000000000000000, -0.0000000000000000000 ) ) ;
#25 = DIRECTION ( 'NONE',  ( 0.0000000000000000000, 0.0000000000000000000, 1.000000000000000000 ) ) ;
#26 = DIRECTION ( 'NONE',  ( 0.0000000000000000000, 0.0000000000000000000, -1.000000000000000000 ) ) ;
#27 = CARTESIAN_POINT ( 'NONE',  ( -0.04608451932908737300, 0.4128356117152381900, -0.3914826828268780900 ) ) ;
#28 =( LENGTH_UNIT ( ) NAMED_UNIT ( * ) SI_UNIT ( .MILLI., .METRE. ) );
#29 = CIRCLE ( 'NONE', #1035, 0.05000000000000002400 ) ;
#30 = ORIENTED_EDGE ( 'NONE', *, *, #5415, .F. ) ;
#31 = EDGE_CURVE ( 'NONE', #7317, #1784, #4909, .T. ) ;
#32 = CYLINDRICAL_SURFACE ( 'NONE', #1415, 0.1000000000000000500 ) ;
#33 = CARTESIAN_POINT ( 'NONE',  ( 1.270000000000000000, 1.294999999999999900, 0.0000000000000000000 ) ) ;
#34 =( GEOMETRIC_REPRESENTATION_CONTEXT ( 3 ) GLOBAL_UNCERTAINTY_ASSIGNED_CONTEXT ( ( #2144 ) ) GLOBAL_UNIT_ASSIGNED_CONTEXT ( ( #73, #4472, #699 ) ) REPRESENTATION_CONTEXT ( 'NONE', 'WORKASPACE' ) );
#35 = CARTESIAN_POINT ( 'NONE',  ( 0.09189318308635009700, -0.2272080036503710800, 0.3433401040042007900 ) ) ;
#36 = CARTESIAN_POINT ( 'NONE',  ( 0.1069180516808834100, 0.3402937159745609800, -0.3947436973227772000 ) ) ;
#37 = ADVANCED_FACE ( 'NONE', ( #8153 ), #2434, .T. ) ;
#38 = ADVANCED_FACE ( 'NONE', ( #7548 ), #169, .F. ) ;
#39 = FILL_AREA_STYLE ('',( #7026 ) ) ;
#40 = ORIENTED_EDGE ( 'NONE', *, *, #7507, .F. ) ;
#41 = ORIENTED_EDGE ( 'NONE', *, *, #6646, .T. ) ;
#42 = CARTESIAN_POINT ( 'NONE',  ( 0.1217041786288410400, 0.3543379074932615500, -0.3956286048806627600 ) ) ;
#43 = CARTESIAN_POINT ( 'NONE',  ( -1.433233657534537400E-016, 1.365000000000000000, 0.0000000000000000000 ) ) ;
#44 = CARTESIAN_POINT ( 'NONE',  ( 0.09665289399638273000, 0.3558965629149591400, -0.4412405577176107300 ) ) ;
#45 = AXIS2_PLACEMENT_3D ( 'NONE', #900, #5329, #1537 ) ;
#46 = FILL_AREA_STYLE ('',( #5722 ) ) ;
#47 = CARTESIAN_POINT ( 'NONE',  ( -0.1139008837774317700, 0.3594240208209818500, -0.4291907007643952500 ) ) ;
#48 = AXIS2_PLACEMENT_3D ( 'NONE', #3518, #6739, #7406 ) ;
#49 = ORIENTED_EDGE ( 'NONE', *, *, #2761, .F. ) ;
#50 = CARTESIAN_POINT ( 'NONE',  ( -0.02751749980527865000, -1.187448473213236000, 0.2283363398060758400 ) ) ;
#51 = CARTESIAN_POINT ( 'NONE',  ( 0.04812986817368471200, -1.165484622976078000, -0.1921453138332420700 ) ) ;
#52 = ORIENTED_EDGE ( 'NONE', *, *, #3971, .T. ) ;
#53 = CARTESIAN_POINT ( 'NONE',  ( -0.04398658438375835400, 0.4127308265638509100, 0.3914614677806271300 ) ) ;
#54 = PRESENTATION_STYLE_ASSIGNMENT (( #6514 ) ) ;
#55 = CIRCLE ( 'NONE', #113, 0.05000000000000002400 ) ;
#56 = CARTESIAN_POINT ( 'NONE',  ( 0.1250013331067106300, 0.2666397335938687200, 0.3897214494500357800 ) ) ;
#57 = CARTESIAN_POINT ( 'NONE',  ( 0.1043044550474246200, 0.3443960200077092500, 0.3844654588221966800 ) ) ;
#58 = CARTESIAN_POINT ( 'NONE',  ( 0.1158236843077577200, 0.3543379074933975500, -0.3765126485472823400 ) ) ;
#59 =( NAMED_UNIT ( * ) PLANE_ANGLE_UNIT ( ) SI_UNIT ( $, .RADIAN. ) );
#60 =( GEOMETRIC_REPRESENTATION_CONTEXT ( 3 ) GLOBAL_UNCERTAINTY_ASSIGNED_CONTEXT ( ( #5381 ) ) GLOBAL_UNIT_ASSIGNED_CONTEXT ( ( #4304, #525, #4955 ) ) REPRESENTATION_CONTEXT ( 'NONE', 'WORKASPACE' ) );
#61 = EDGE_CURVE ( 'NONE', #2101, #3523, #3506, .T. ) ;
#62 = PRESENTATION_LAYER_ASSIGNMENT (  '', '', ( #465 ) ) ;
#63 = STYLED_ITEM ( 'NONE', ( #2869 ), #5621 ) ;
#64 = CIRCLE ( 'NONE', #2570, 0.1000000000000000500 ) ;
#65 = CARTESIAN_POINT ( 'NONE',  ( 0.1268501812373178400, 0.3528226890965351400, 0.4253563166561637500 ) ) ;
#66 = B_SPLINE_CURVE_WITH_KNOTS ( 'NONE', 3,
 ( #6170, #458, #4901, #1092, #5548, #1729, #6195, #2373, #6852, #3002, #7506, #3628, #8155, #4271, #486, #4925 ),
 .UNSPECIFIED., .F., .F.,
 ( 4, 3, 3, 3, 3, 4 ),
 ( 0.0000000000000000000, 6.602042524400448500E-006, 1.321762000489231700E-005, 1.992371029761846800E-005, 2.684819956502294200E-005, 3.210875493704434800E-005 ),
 .UNSPECIFIED. ) ;
#67 = FILL_AREA_STYLE_COLOUR ( '', #3838 ) ;
#68 = CARTESIAN_POINT ( 'NONE',  ( 0.02994456013349171300, -1.151245959617459300, -0.2721492054816726000 ) ) ;
#69 = ORIENTED_EDGE ( 'NONE', *, *, #3030, .T. ) ;
#70 = ORIENTED_EDGE ( 'NONE', *, *, #5086, .T. ) ;
#71 = ORIENTED_EDGE ( 'NONE', *, *, #6910, .F. ) ;
#72 =( LENGTH_UNIT ( ) NAMED_UNIT ( * ) SI_UNIT ( .MILLI., .METRE. ) );
#73 =( LENGTH_UNIT ( ) NAMED_UNIT ( * ) SI_UNIT ( .MILLI., .METRE. ) );
#74 = SURFACE_STYLE_FILL_AREA ( #7557 ) ;
#75 = CARTESIAN_POINT ( 'NONE',  ( 0.01062514165248273700, 0.4006154119413188300, -0.3609937164256924500 ) ) ;
#76 = SURFACE_SIDE_STYLE ('',( #3783 ) ) ;
#77 = ORIENTED_EDGE ( 'NONE', *, *, #3504, .F. ) ;
#78 = CARTESIAN_POINT ( 'NONE',  ( 0.02840015304511736900, -1.174282642292528800, 0.07600972812412702700 ) ) ;
#79 = CARTESIAN_POINT ( 'NONE',  ( 2.313301502529483700E-016, -1.223183884379456200, 0.0000000000000000000 ) ) ;
#80 = ADVANCED_FACE ( 'NONE', ( #6743 ), #2734, .T. ) ;
#81 = ADVANCED_FACE ( 'NONE', ( #7849 ), #4192, .F. ) ;
#82 =( NAMED_UNIT ( * ) SI_UNIT ( $, .STERADIAN. ) SOLID_ANGLE_UNIT ( ) );
#83 = CARTESIAN_POINT ( 'NONE',  ( 0.1163756112843575800, 0.3232333728063361300, 0.3996591155447625200 ) ) ;
#84 = FACE_OUTER_BOUND ( 'NONE', #6196, .T. ) ;
#85 = ORIENTED_EDGE ( 'NONE', *, *, #5352, .F. ) ;
#86 = EDGE_CURVE ( 'NONE', #5155, #6901, #5939, .T. ) ;
#87 = CARTESIAN_POINT ( 'NONE',  ( 0.02492522909667287800, 0.3985701379379950600, 0.4297704841400139500 ) ) ;
#88 = CARTESIAN_POINT ( 'NONE',  ( -0.04812986817368408700, -1.165484622976077800, 0.1921453138332401600 ) ) ;
#89 = CARTESIAN_POINT ( 'NONE',  ( 0.1249999999999997400, 0.2666198487095638400, 0.3897197719169301400 ) ) ;
#90 = MECHANICAL_DESIGN_GEOMETRIC_PRESENTATION_REPRESENTATION (  '', ( #7071 ), #489 ) ;
#91 = TOROIDAL_SURFACE ( 'NONE', #659, 0.6399999999999993500, 0.02999999999999999900 ) ;
#92 =( LENGTH_UNIT ( ) NAMED_UNIT ( * ) SI_UNIT ( .MILLI., .METRE. ) );
#93 = ORIENTED_EDGE ( 'NONE', *, *, #5437, .T. ) ;
#94 = DIRECTION ( 'NONE',  ( 0.0000000000000000000, 1.000000000000000000, 0.0000000000000000000 ) ) ;
#95 = SURFACE_SIDE_STYLE ('',( #5761 ) ) ;
#96 = CARTESIAN_POINT ( 'NONE',  ( 0.02779278183087223800, -1.183342311879557600, -0.2509068593105324200 ) ) ;
#97 = PRESENTATION_LAYER_ASSIGNMENT (  '', '', ( #7516 ) ) ;
#98 = DIRECTION ( 'NONE',  ( 0.0000000000000000000, 0.0000000000000000000, -1.000000000000000000 ) ) ;
#99 = AXIS2_PLACEMENT_3D ( 'NONE', #2211, #6685, #2840 ) ;
#100 = ORIENTED_EDGE ( 'NONE', *, *, #2700, .F. ) ;
#101 = CARTESIAN_POINT ( 'NONE',  ( -0.06816498501354707800, 0.3809750913088193500, -0.4358735440961586400 ) ) ;
#102 = FACE_OUTER_BOUND ( 'NONE', #7337, .T. ) ;
#103 = CARTESIAN_POINT ( 'NONE',  ( -0.02753878945977778600, -1.187130912501005200, -0.2383618823706219200 ) ) ;
#104 = PRESENTATION_STYLE_ASSIGNMENT (( #5812 ) ) ;
#105 = CARTESIAN_POINT ( 'NONE',  ( -1.270000000000000200, -1.954016994374949500, 0.7700000000000012400 ) ) ;
#106 = DIRECTION ( 'NONE',  ( -1.000000000000000000, -1.275531967630006200E-016, 0.0000000000000000000 ) ) ;
#107 = CARTESIAN_POINT ( 'NONE',  ( 0.9099999999999991400, 1.365000000000000000, 1.114428587224090400E-016 ) ) ;
#108 = CIRCLE ( 'NONE', #2863, 0.1000000000000000500 ) ;
#109 = ORIENTED_EDGE ( 'NONE', *, *, #2325, .F. ) ;
#110 = AXIS2_PLACEMENT_3D ( 'NONE', #7656, #3794, #14 ) ;
#111 = EDGE_CURVE ( 'NONE', #5474, #6582, #5887, .T. ) ;
#112 = B_SPLINE_CURVE_WITH_KNOTS ( 'NONE', 3,
 ( #7640, #3135, #3773, #5370, #4405, #629, #5061, #1251, #5732, #1894 ),
 .UNSPECIFIED., .F., .F.,
 ( 4, 3, 3, 4 ),
 ( 3.178494465141938700E-017, 4.000000501730202700E-005, 0.0002000171220887309800, 0.0002307887622134710800 ),
 .UNSPECIFIED. ) ;
#113 = AXIS2_PLACEMENT_3D ( 'NONE', #7612, #3746, #8268 ) ;
#114 = CARTESIAN_POINT ( 'NONE',  ( -0.05610702765615076200, 0.3878323635698840400, 0.3933920213519605000 ) ) ;
#115 =( BOUNDED_SURFACE ( )  B_SPLINE_SURFACE ( 3, 2, ( 
 ( #5195, #163, #3342 ),
 ( #7828, #3973, #189 ),
 ( #4602, #822, #5259 ),
 ( #1450, #5918, #2089 ) ),
 .UNSPECIFIED., .F., .F., .T. ) 
 B_SPLINE_SURFACE_WITH_KNOTS ( ( 4, 4 ),
 ( 3, 3 ),
 ( 0.0000000000000000000, 0.001425092352056780600 ),
 ( 0.0000000000000000000, 1.000000000000000000 ),
 .UNSPECIFIED. ) 
 GEOMETRIC_REPRESENTATION_ITEM ( )  RATIONAL_B_SPLINE_SURFACE ( (
 ( 1.000000000000000000, 0.8248820918441176500, 1.000000000000000000),
 ( 1.000000000000000000, 0.8125445255167147400, 1.000000000000000000),
 ( 1.000000000000000000, 0.7973642228864773500, 1.000000000000000000),
 ( 1.000000000000000000, 0.7698294312092932600, 1.000000000000000000) ) ) 
 REPRESENTATION_ITEM ( '' )  SURFACE ( )  );
#116 = CARTESIAN_POINT ( 'NONE',  ( -0.02840015304511702900, -1.174282642292528800, -0.07600972812412630500 ) ) ;
#117 = SURFACE_SIDE_STYLE ('',( #1260 ) ) ;
#118 = VERTEX_POINT ( 'NONE', #1717 ) ;
#119 = FACE_OUTER_BOUND ( 'NONE', #322, .T. ) ;
#120 = DIRECTION ( 'NONE',  ( 1.000000000000000000, 1.221382022286320500E-016, 0.0000000000000000000 ) ) ;
#121 = DIRECTION ( 'NONE',  ( 1.447553700753488400E-016, -1.000000000000000000, 0.0000000000000000000 ) ) ;
#122 = CARTESIAN_POINT ( 'NONE',  ( 4.567390804459024100E-016, -2.780355339059327900, 0.0000000000000000000 ) ) ;
#123 = ADVANCED_FACE ( 'NONE', ( #7645 ), #433, .F. ) ;
#124 = ADVANCED_FACE ( 'NONE', ( #3598 ), #1327, .T. ) ;
#125 = CARTESIAN_POINT ( 'NONE',  ( 0.1242654087473034500, 0.2965769158718254400, -0.3829572652877389300 ) ) ;
#126 =( NAMED_UNIT ( * ) SI_UNIT ( $, .STERADIAN. ) SOLID_ANGLE_UNIT ( ) );
#127 = ORIENTED_EDGE ( 'NONE', *, *, #2002, .F. ) ;
#128 = CARTESIAN_POINT ( 'NONE',  ( 0.1040159741207387900, 0.3448965713672779700, -0.3798949086677320100 ) ) ;
#129 = CARTESIAN_POINT ( 'NONE',  ( -0.1223981047162033100, 0.3017194853530515400, -0.3780525977900126000 ) ) ;
#130 = CARTESIAN_POINT ( 'NONE',  ( -0.07414175358417569900, -0.4919918495344892100, 0.3336163795114314200 ) ) ;
#131 = DIRECTION ( 'NONE',  ( -1.447553700753488400E-016, 1.000000000000000000, -0.0000000000000000000 ) ) ;
#132 = ORIENTED_EDGE ( 'NONE', *, *, #4761, .T. ) ;
#133 = DIRECTION ( 'NONE',  ( 0.0000000000000000000, -1.000000000000000000, 0.0000000000000000000 ) ) ;
#134 = CARTESIAN_POINT ( 'NONE',  ( 0.04784238332212933900, -1.168868921937331400, 0.2301144326776780900 ) ) ;
#135 = VECTOR ( 'NONE', #7250, 1000.000000000000100 ) ;
#136 = EDGE_CURVE ( 'NONE', #1957, #8188, #4705, .T. ) ;
#137 =( NAMED_UNIT ( * ) SI_UNIT ( $, .STERADIAN. ) SOLID_ANGLE_UNIT ( ) );
#138 = AXIS2_PLACEMENT_3D ( 'NONE', #7514, #3640, #8165 ) ;
#139 = FILL_AREA_STYLE_COLOUR ( '', #1707 ) ;
#140 = FACE_OUTER_BOUND ( 'NONE', #1807, .T. ) ;
#141 = CARTESIAN_POINT ( 'NONE',  ( 3.107117802025520800E-018, 0.3534279700348353400, 0.0000000000000000000 ) ) ;
#142 = VERTEX_POINT ( 'NONE', #5389 ) ;
#143 = CARTESIAN_POINT ( 'NONE',  ( -0.1193574644838563500, 0.3156482192581230300, 0.4141562586683901800 ) ) ;
#144 = CARTESIAN_POINT ( 'NONE',  ( -0.02916781694144741600, -1.162832015243488300, -0.2549952596572502800 ) ) ;
#145 = LINE ( 'NONE', #7349, #3308 ) ;
#146 = CIRCLE ( 'NONE', #5339, 0.5853553390593273500 ) ;
#147 = EDGE_CURVE ( 'NONE', #150, #4568, #8147, .T. ) ;
#148 = ORIENTED_EDGE ( 'NONE', *, *, #3586, .F. ) ;
#149 = DIRECTION ( 'NONE',  ( -0.8944271909999156300, 0.0000000000000000000, -0.4472135954999583700 ) ) ;
#150 = VERTEX_POINT ( 'NONE', #6706 ) ;
#151 = MECHANICAL_DESIGN_GEOMETRIC_PRESENTATION_REPRESENTATION (  '', ( #7572 ), #556 ) ;
#152 = DIRECTION ( 'NONE',  ( 0.0000000000000000000, 0.0000000000000000000, -1.000000000000000000 ) ) ;
#153 = CARTESIAN_POINT ( 'NONE',  ( 0.6500000000000000200, -0.1631138830084180300, 7.960204194457794200E-017 ) ) ;
#154 =( NAMED_UNIT ( * ) PLANE_ANGLE_UNIT ( ) SI_UNIT ( $, .RADIAN. ) );
#155 = CIRCLE ( 'NONE', #6940, 0.02999999999999997100 ) ;
#156 = COLOUR_RGB ( '',0.1098039215686274500, 0.1098039215686274500, 0.1098039215686274500 ) ;
#157 = VERTEX_POINT ( 'NONE', #4132 ) ;
#158 = DIRECTION ( 'NONE',  ( 0.0000000000000000000, -1.000000000000000000, 0.0000000000000000000 ) ) ;
#159 =( GEOMETRIC_REPRESENTATION_CONTEXT ( 3 ) GLOBAL_UNCERTAINTY_ASSIGNED_CONTEXT ( ( #1052 ) ) GLOBAL_UNIT_ASSIGNED_CONTEXT ( ( #2649, #7128, #3288 ) ) REPRESENTATION_CONTEXT ( 'NONE', 'WORKASPACE' ) );
#160 =( NAMED_UNIT ( * ) PLANE_ANGLE_UNIT ( ) SI_UNIT ( $, .RADIAN. ) );
#161 = DIRECTION ( 'NONE',  ( 1.000000000000000000, 1.447553700753488400E-016, 0.0000000000000000000 ) ) ;
#162 = EDGE_CURVE ( 'NONE', #1976, #770, #7941, .T. ) ;
#163 = CARTESIAN_POINT ( 'NONE',  ( -0.1250656858299104300, 0.2675996315862999000, 0.3655387589310537500 ) ) ;
#164 = PRESENTATION_STYLE_ASSIGNMENT (( #5672 ) ) ;
#165 = AXIS2_PLACEMENT_3D ( 'NONE', #1602, #6067, #2246 ) ;
#166 = ADVANCED_FACE ( 'NONE', ( #6427 ), #7846, .T. ) ;
#167 = ADVANCED_FACE ( 'NONE', ( #7738 ), #5620, .T. ) ;
#168 = DIRECTION ( 'NONE',  ( -1.447553700753488400E-016, 1.000000000000000000, -0.0000000000000000000 ) ) ;
#169 = CYLINDRICAL_SURFACE ( 'NONE', #3215, 0.4500000000000050600 ) ;
#170 = VERTEX_POINT ( 'NONE', #4177 ) ;
#171 = FILL_AREA_STYLE_COLOUR ( '', #6801 ) ;
#172 = DIRECTION ( 'NONE',  ( 0.0000000000000000000, 0.0000000000000000000, 1.000000000000000000 ) ) ;
#173 = CARTESIAN_POINT ( 'NONE',  ( 0.1378435408756127900, 0.2670981431876220900, 0.3606053945049981200 ) ) ;
#174 = UNCERTAINTY_MEASURE_WITH_UNIT (LENGTH_MEASURE( 1.000000000000000100E-005 ), #2528, 'distance_accuracy_value', 'NONE');
#175 = EDGE_CURVE ( 'NONE', #4136, #3471, #7132, .T. ) ;
#176 = ORIENTED_EDGE ( 'NONE', *, *, #6735, .T. ) ;
#177 = ORIENTED_EDGE ( 'NONE', *, *, #825, .T. ) ;
#178 = AXIS2_PLACEMENT_3D ( 'NONE', #8159, #4279, #492 ) ;
#179 = STYLED_ITEM ( 'NONE', ( #804 ), #5841 ) ;
#180 = CARTESIAN_POINT ( 'NONE',  ( 0.02994456013349153200, -1.151245959617462000, -0.2721492054816738200 ) ) ;
#181 = CARTESIAN_POINT ( 'NONE',  ( -0.04630770841790388800, -1.150767665139485100, 0.2525584207203315200 ) ) ;
#182 = EDGE_LOOP ( 'NONE', ( #5465, #2552, #3107, #4167 ) ) ;
#183 = CARTESIAN_POINT ( 'NONE',  ( -0.03057919643951924000, -1.220719472394179900, -0.2903075681394132700 ) ) ;
#184 = CARTESIAN_POINT ( 'NONE',  ( 0.1249999999999997400, 0.2666198487095638400, -0.3792098549233096100 ) ) ;
#185 = EDGE_LOOP ( 'NONE', ( #6927, #3076, #5249, #6989 ) ) ;
#186 = DIRECTION ( 'NONE',  ( -0.0000000000000000000, 1.000000000000000000, -0.0000000000000000000 ) ) ;
#187 = CARTESIAN_POINT ( 'NONE',  ( 0.05351408462235952800, 0.3891813230148177300, -0.4095499794041747600 ) ) ;
#188 =( NAMED_UNIT ( * ) PLANE_ANGLE_UNIT ( ) SI_UNIT ( $, .RADIAN. ) );
#189 = CARTESIAN_POINT ( 'NONE',  ( -0.1069500050131849400, -0.2056458439791788200, 0.3262666793310057300 ) ) ;
#190 = EDGE_LOOP ( 'NONE', ( #7985, #3429 ) ) ;
#191 =( LENGTH_UNIT ( ) NAMED_UNIT ( * ) SI_UNIT ( .MILLI., .METRE. ) );
#192 = DIRECTION ( 'NONE',  ( 1.000000000000000000, 0.0000000000000000000, 0.0000000000000000000 ) ) ;
#193 = SURFACE_SIDE_STYLE ('',( #6014 ) ) ;
#194 = EDGE_CURVE ( 'NONE', #5931, #4858, #3915, .T. ) ;
#195 =( NAMED_UNIT ( * ) PLANE_ANGLE_UNIT ( ) SI_UNIT ( $, .RADIAN. ) );
#196 = VECTOR ( 'NONE', #1133, 1000.000000000000000 ) ;
#197 = CARTESIAN_POINT ( 'NONE',  ( 0.1267477734239713700, 0.2926899840119959700, 0.3813956756481546900 ) ) ;
#198 = ORIENTED_EDGE ( 'NONE', *, *, #756, .F. ) ;
#199 =( GEOMETRIC_REPRESENTATION_CONTEXT ( 3 ) GLOBAL_UNCERTAINTY_ASSIGNED_CONTEXT ( ( #2752 ) ) GLOBAL_UNIT_ASSIGNED_CONTEXT ( ( #1843, #6306, #2485 ) ) REPRESENTATION_CONTEXT ( 'NONE', 'WORKASPACE' ) );
#200 = COLOUR_RGB ( '',0.1098039215686274500, 0.1098039215686274500, 0.1098039215686274500 ) ;
#201 = DIRECTION ( 'NONE',  ( 1.000000000000000000, 1.221154686938586900E-016, 8.881784197001252300E-016 ) ) ;
#202 = CIRCLE ( 'NONE', #2281, 0.01999999999999999700 ) ;
#203 = CARTESIAN_POINT ( 'NONE',  ( 0.02513243104744634600, -1.223024632209640700, -0.2771991270210095700 ) ) ;
#204 = ADVANCED_FACE ( 'NONE', ( #539 ), #8253, .T. ) ;
#205 = EDGE_LOOP ( 'NONE', ( #2167, #3714, #232, #7286 ) ) ;
#206 = ADVANCED_FACE ( 'NONE', ( #1435 ), #2906, .F. ) ;
#207 = DIRECTION ( 'NONE',  ( 1.000000000000000000, 2.711756665054889700E-016, 0.0000000000000000000 ) ) ;
#208 = DIRECTION ( 'NONE',  ( 1.000000000000000000, 0.0000000000000000000, 0.0000000000000000000 ) ) ;
#209 = STYLED_ITEM ( 'NONE', ( #54 ), #479 ) ;
#210 = STYLED_ITEM ( 'NONE', ( #6048 ), #6466 ) ;
#211 =( GEOMETRIC_REPRESENTATION_CONTEXT ( 3 ) GLOBAL_UNCERTAINTY_ASSIGNED_CONTEXT ( ( #1424 ) ) GLOBAL_UNIT_ASSIGNED_CONTEXT ( ( #5975, #2158, #6631 ) ) REPRESENTATION_CONTEXT ( 'NONE', 'WORKASPACE' ) );
#212 = CARTESIAN_POINT ( 'NONE',  ( 1.270000000000000000, 1.395000000000000000, -0.6700000000000002600 ) ) ;
#213 = ORIENTED_EDGE ( 'NONE', *, *, #3460, .T. ) ;
#214 = CARTESIAN_POINT ( 'NONE',  ( 0.1175265972888180500, 0.3204703966873699300, -0.3766898748846740900 ) ) ;
#215 = CARTESIAN_POINT ( 'NONE',  ( -0.09619535501457189600, 0.3552440742361109800, -0.3986110223684176700 ) ) ;
#216 = UNCERTAINTY_MEASURE_WITH_UNIT (LENGTH_MEASURE( 1.000000000000000100E-005 ), #5442, 'distance_accuracy_value', 'NONE');
#217 = B_SPLINE_CURVE_WITH_KNOTS ( 'NONE', 3,
 ( #5220, #801, #3338, #7825, #3969, #187, #4599, #820, #5255, #1446, #5915, #2086, #6566, #2727, #7215, #3364, #7854, #4003, #215, #4625, #852, #5279 ),
 .UNSPECIFIED., .F., .F.,
 ( 4, 3, 3, 3, 3, 3, 3, 4 ),
 ( 0.0000000000000000000, 4.140857483134968900E-005, 8.502092312733082500E-005, 0.0001097229423583249400, 0.0001545516168279811100, 0.0001945385065450126500, 0.0002361284401939082100, 0.0002509990237881053400 ),
 .UNSPECIFIED. ) ;
#218 = CARTESIAN_POINT ( 'NONE',  ( 4.639429981346379600E-016, -2.830121490636196700, 0.0000000000000000000 ) ) ;
#219 = AXIS2_PLACEMENT_3D ( 'NONE', #8211, #4322, #541 ) ;
#220 = PLANE ( 'NONE',  #7906 ) ;
#221 = ORIENTED_EDGE ( 'NONE', *, *, #7664, .F. ) ;
#222 = CARTESIAN_POINT ( 'NONE',  ( -1.370000000000000100, 1.294999999999999900, 0.6700000000000002600 ) ) ;
#223 = EDGE_CURVE ( 'NONE', #5096, #4713, #3638, .T. ) ;
#224 = MECHANICAL_DESIGN_GEOMETRIC_PRESENTATION_REPRESENTATION (  '', ( #7225 ), #636 ) ;
#225 = CARTESIAN_POINT ( 'NONE',  ( -0.03986768251748851900, 0.3937663806528612400, 0.4113363919122654500 ) ) ;
#226 = ORIENTED_EDGE ( 'NONE', *, *, #7303, .T. ) ;
#227 = DIRECTION ( 'NONE',  ( -1.447553700753488400E-016, 1.000000000000000000, -0.0000000000000000000 ) ) ;
#228 = CARTESIAN_POINT ( 'NONE',  ( -1.208196601125011100, -1.395000000000000000, 0.6700000000000001500 ) ) ;
#229 =( LENGTH_UNIT ( ) NAMED_UNIT ( * ) SI_UNIT ( .MILLI., .METRE. ) );
#230 = DIRECTION ( 'NONE',  ( 0.0000000000000000000, 0.0000000000000000000, 1.000000000000000000 ) ) ;
#231 = PRESENTATION_STYLE_ASSIGNMENT (( #5276 ) ) ;
#232 = ORIENTED_EDGE ( 'NONE', *, *, #1250, .F. ) ;
#233 = CARTESIAN_POINT ( 'NONE',  ( 0.1371261188293287100, 0.3017060979693276200, 0.3642923738145255100 ) ) ;
#234 = CARTESIAN_POINT ( 'NONE',  ( -0.04784238332212900600, -1.168868921937331400, -0.2301144326776780600 ) ) ;
#235 =( LENGTH_UNIT ( ) NAMED_UNIT ( * ) SI_UNIT ( .MILLI., .METRE. ) );
#236 = DIRECTION ( 'NONE',  ( 1.447553700753488400E-016, -1.000000000000000000, 0.0000000000000000000 ) ) ;
#237 = ORIENTED_EDGE ( 'NONE', *, *, #7223, .T. ) ;
#238 =( NAMED_UNIT ( * ) PLANE_ANGLE_UNIT ( ) SI_UNIT ( $, .RADIAN. ) );
#239 =( LENGTH_UNIT ( ) NAMED_UNIT ( * ) SI_UNIT ( .MILLI., .METRE. ) );
#240 = ORIENTED_EDGE ( 'NONE', *, *, #1810, .F. ) ;
#241 = EDGE_CURVE ( 'NONE', #1597, #7294, #6317, .T. ) ;
#242 = AXIS2_PLACEMENT_3D ( 'NONE', #122, #4527, #762 ) ;
#243 = COLOUR_RGB ( '',0.1098039215686274500, 0.1098039215686274500, 0.1098039215686274500 ) ;
#244 = CARTESIAN_POINT ( 'NONE',  ( -0.2956967040367768400, -2.808002996330203300, 0.0000000000000000000 ) ) ;
#245 = EDGE_LOOP ( 'NONE', ( #2345, #1214, #5695, #4637 ) ) ;
#246 = CARTESIAN_POINT ( 'NONE',  ( 0.09931770340578249800, 0.3515121087464704300, 0.3976002459756346500 ) ) ;
#247 = DIRECTION ( 'NONE',  ( -1.447553700753488400E-016, 1.000000000000000000, -0.0000000000000000000 ) ) ;
#248 = ORIENTED_EDGE ( 'NONE', *, *, #6994, .T. ) ;
#249 = CIRCLE ( 'NONE', #7208, 0.09999999999999993600 ) ;
#250 = PRESENTATION_LAYER_ASSIGNMENT (  '', '', ( #667 ) ) ;
#251 =( GEOMETRIC_REPRESENTATION_CONTEXT ( 3 ) GLOBAL_UNCERTAINTY_ASSIGNED_CONTEXT ( ( #5611 ) ) GLOBAL_UNIT_ASSIGNED_CONTEXT ( ( #7075, #3239, #7731 ) ) REPRESENTATION_CONTEXT ( 'NONE', 'WORKASPACE' ) );
#252 = CARTESIAN_POINT ( 'NONE',  ( 0.1248033579252673800, 0.3538856254734787900, -0.4260215723549462000 ) ) ;
#253 = CARTESIAN_POINT ( 'NONE',  ( -1.270000000000000000, 1.294999999999999700, -0.7700000000000016800 ) ) ;
#254 = DIRECTION ( 'NONE',  ( 1.000000000000000000, 0.0000000000000000000, 0.0000000000000000000 ) ) ;
#255 = CARTESIAN_POINT ( 'NONE',  ( 0.02749759296368339100, -1.187745407613727000, 0.2316666001376634400 ) ) ;
#256 = UNCERTAINTY_MEASURE_WITH_UNIT (LENGTH_MEASURE( 1.000000000000000100E-005 ), #6762, 'distance_accuracy_value', 'NONE');
#257 = FACE_OUTER_BOUND ( 'NONE', #7037, .T. ) ;
#258 = CARTESIAN_POINT ( 'NONE',  ( -1.476660268557142200E-016, 1.395000000000000000, 0.0000000000000000000 ) ) ;
#259 = PRESENTATION_LAYER_ASSIGNMENT (  '', '', ( #8117 ) ) ;
#260 = VERTEX_POINT ( 'NONE', #8135 ) ;
#261 = VERTEX_POINT ( 'NONE', #4254 ) ;
#262 = AXIS2_PLACEMENT_3D ( 'NONE', #2388, #6862, #3015 ) ;
#263 = EDGE_CURVE ( 'NONE', #1319, #3676, #4597, .T. ) ;
#264 =( NAMED_UNIT ( * ) SI_UNIT ( $, .STERADIAN. ) SOLID_ANGLE_UNIT ( ) );
#265 =( NAMED_UNIT ( * ) PLANE_ANGLE_UNIT ( ) SI_UNIT ( $, .RADIAN. ) );
#266 = PRESENTATION_LAYER_ASSIGNMENT (  '', '', ( #8125 ) ) ;
#267 = DIRECTION ( 'NONE',  ( 1.000000000000000000, 2.362879837979762600E-016, 0.0000000000000000000 ) ) ;
#268 = VERTEX_POINT ( 'NONE', #496 ) ;
#269 = CARTESIAN_POINT ( 'NONE',  ( -0.02513243104745601500, -1.223024632209491300, -0.2771991270210188400 ) ) ;
#270 = DIRECTION ( 'NONE',  ( 1.000000000000000000, 0.0000000000000000000, 0.0000000000000000000 ) ) ;
#271 = DIRECTION ( 'NONE',  ( -1.447553700753488400E-016, 1.000000000000000000, -0.0000000000000000000 ) ) ;
#272 = PRESENTATION_LAYER_ASSIGNMENT (  '', '', ( #7281 ) ) ;
#273 = AXIS2_PLACEMENT_3D ( 'NONE', #7819, #3380, #7876 ) ;
#274 = VERTEX_POINT ( 'NONE', #4286 ) ;
#275 =( LENGTH_UNIT ( ) NAMED_UNIT ( * ) SI_UNIT ( .MILLI., .METRE. ) );
#276 = DIRECTION ( 'NONE',  ( 1.000000000000000000, 0.0000000000000000000, 0.0000000000000000000 ) ) ;
#277 = CARTESIAN_POINT ( 'NONE',  ( 0.02965122879701235400, -1.155621348054870700, 0.2717973794385593100 ) ) ;
#278 = FACE_OUTER_BOUND ( 'NONE', #7280, .T. ) ;
#279 = ORIENTED_EDGE ( 'NONE', *, *, #8021, .T. ) ;
#280 = EDGE_CURVE ( 'NONE', #5829, #6553, #8039, .T. ) ;
#281 = CARTESIAN_POINT ( 'NONE',  ( 0.04615280485857260800, -1.152171369580581300, -0.2524566960010325400 ) ) ;
#282 =( GEOMETRIC_REPRESENTATION_CONTEXT ( 3 ) GLOBAL_UNCERTAINTY_ASSIGNED_CONTEXT ( ( #8206 ) ) GLOBAL_UNIT_ASSIGNED_CONTEXT ( ( #7772, #3922, #137 ) ) REPRESENTATION_CONTEXT ( 'NONE', 'WORKASPACE' ) );
#283 = COLOUR_RGB ( '',1.000000000000000000, 0.8117647058823529400, 0.5019607843137254800 ) ;
#284 = CARTESIAN_POINT ( 'NONE',  ( 0.04551015404943599400, -1.169839864205000700, -0.2414753646553668100 ) ) ;
#285 = CARTESIAN_POINT ( 'NONE',  ( -0.06651721462602204500, -0.9685039053754089800, 0.3167547351728124400 ) ) ;
#286 = ORIENTED_EDGE ( 'NONE', *, *, #5437, .F. ) ;
#287 = DIRECTION ( 'NONE',  ( 0.0000000000000000000, 0.0000000000000000000, -1.000000000000000000 ) ) ;
#288 = CARTESIAN_POINT ( 'NONE',  ( -9.181573390030106200E-017, 1.009174638727795300, 0.0000000000000000000 ) ) ;
#289 = VECTOR ( 'NONE', #6899, 1000.000000000000000 ) ;
#290 = EDGE_CURVE ( 'NONE', #5521, #1015, #3109, .T. ) ;
#291 = DIRECTION ( 'NONE',  ( -0.06671916257971237400, 0.9951962719317780600, -0.07164449509733834800 ) ) ;
#292 = FILL_AREA_STYLE ('',( #4696 ) ) ;
#293 = AXIS2_PLACEMENT_3D ( 'NONE', #7396, #3528, #8041 ) ;
#294 = ORIENTED_EDGE ( 'NONE', *, *, #1841, .F. ) ;
#295 = COLOUR_RGB ( '',0.1098039215686274500, 0.1098039215686274500, 0.1098039215686274500 ) ;
#296 = CARTESIAN_POINT ( 'NONE',  ( 0.5316896815425913300, 1.015000000000000300, 6.511320666408102900E-017 ) ) ;
#297 = SURFACE_SIDE_STYLE ('',( #2054 ) ) ;
#298 = ORIENTED_EDGE ( 'NONE', *, *, #7981, .F. ) ;
#299 = AXIS2_PLACEMENT_3D ( 'NONE', #6757, #2905, #7401 ) ;
#300 = DIRECTION ( 'NONE',  ( 0.06671744847488904300, 0.9951707040017664400, -0.07200036087152149300 ) ) ;
#301 = AXIS2_PLACEMENT_3D ( 'NONE', #8261, #4367, #592 ) ;
#302 = EDGE_CURVE ( 'NONE', #2707, #4099, #4796, .T. ) ;
#303 = CARTESIAN_POINT ( 'NONE',  ( -1.370000000000000100, -1.294999999999999700, 0.0000000000000000000 ) ) ;
#304 = B_SPLINE_CURVE_WITH_KNOTS ( 'NONE', 3,
 ( #7672, #1258, #35, #4441, #664, #5097, #1286 ),
 .UNSPECIFIED., .F., .F.,
 ( 4, 3, 4 ),
 ( 2.995445762590331200E-018, 0.0007443508011428102500, 0.001425079423463896400 ),
 .UNSPECIFIED. ) ;
#305 =( NAMED_UNIT ( * ) SI_UNIT ( $, .STERADIAN. ) SOLID_ANGLE_UNIT ( ) );
#306 = CIRCLE ( 'NONE', #262, 0.2350352011263656900 ) ;
#307 = ORIENTED_EDGE ( 'NONE', *, *, #990, .T. ) ;
#308 = FILL_AREA_STYLE ('',( #6644 ) ) ;
#309 = PRESENTATION_LAYER_ASSIGNMENT (  '', '', ( #7328 ) ) ;
#310 = DIRECTION ( 'NONE',  ( 1.000000000000000000, 0.0000000000000000000, 0.0000000000000000000 ) ) ;
#311 = PRESENTATION_STYLE_ASSIGNMENT (( #1639 ) ) ;
#312 = CARTESIAN_POINT ( 'NONE',  ( -0.02667090180116635900, -1.200076497081353800, 0.04636874530367167400 ) ) ;
#313 = DIRECTION ( 'NONE',  ( 0.5059326411431077600, 0.8290431166894881600, 0.2381589244511723400 ) ) ;
#314 = EDGE_CURVE ( 'NONE', #7530, #2101, #1218, .T. ) ;
#315 =( NAMED_UNIT ( * ) SI_UNIT ( $, .STERADIAN. ) SOLID_ANGLE_UNIT ( ) );
#316 = ORIENTED_EDGE ( 'NONE', *, *, #5086, .F. ) ;
#317 = DIRECTION ( 'NONE',  ( -1.447553700753488400E-016, 1.000000000000000000, -0.0000000000000000000 ) ) ;
#318 = CARTESIAN_POINT ( 'NONE',  ( 5.429121723376583100E-032, -2.795000000000000800, 0.0000000000000000000 ) ) ;
#319 = LINE ( 'NONE', #859, #135 ) ;
#320 = CARTESIAN_POINT ( 'NONE',  ( 0.02751749980527879600, -1.187448473213238900, -0.2283363398061075700 ) ) ;
#321 = SURFACE_STYLE_FILL_AREA ( #5250 ) ;
#322 = EDGE_LOOP ( 'NONE', ( #7755, #3199, #221, #5535 ) ) ;
#323 = ORIENTED_EDGE ( 'NONE', *, *, #4800, .F. ) ;
#324 = CARTESIAN_POINT ( 'NONE',  ( 0.1062839545721880300, 0.3413336622076257900, 0.3950903979385013100 ) ) ;
#325 = CARTESIAN_POINT ( 'NONE',  ( 3.238291957217295100E-018, 0.3525217918728543700, 0.0000000000000000000 ) ) ;
#326 = PRESENTATION_STYLE_ASSIGNMENT (( #2353 ) ) ;
#327 = CARTESIAN_POINT ( 'NONE',  ( -0.2549999999999989500, -6.859999999999995900, 0.0000000000000000000 ) ) ;
#328 = FACE_OUTER_BOUND ( 'NONE', #3208, .T. ) ;
#329 = DIRECTION ( 'NONE',  ( -1.447553700753488400E-016, 1.000000000000000000, -0.0000000000000000000 ) ) ;
#330 = ORIENTED_EDGE ( 'NONE', *, *, #2325, .T. ) ;
#331 = EDGE_LOOP ( 'NONE', ( #734, #4337, #1545, #934 ) ) ;
#332 = FACE_OUTER_BOUND ( 'NONE', #1233, .T. ) ;
#333 = VECTOR ( 'NONE', #4033, 1000.000000000000000 ) ;
#334 = DIRECTION ( 'NONE',  ( -1.447553700753488400E-016, 1.000000000000000000, -0.0000000000000000000 ) ) ;
#335 = CARTESIAN_POINT ( 'NONE',  ( -1.208196601125011400, -1.395000000000000000, -0.6700000000000001500 ) ) ;
#336 = EDGE_CURVE ( 'NONE', #4416, #6969, #7840, .T. ) ;
#337 = ORIENTED_EDGE ( 'NONE', *, *, #6601, .T. ) ;
#338 = AXIS2_PLACEMENT_3D ( 'NONE', #1116, #5577, #1749 ) ;
#339 = CARTESIAN_POINT ( 'NONE',  ( -0.6399999999999993500, 0.004999999999999993200, 0.0000000000000000000 ) ) ;
#340 = FILL_AREA_STYLE_COLOUR ( '', #2769 ) ;
#341 = CARTESIAN_POINT ( 'NONE',  ( 4.413854548768851300E-016, -2.674289321881344600, 0.0000000000000000000 ) ) ;
#342 = VECTOR ( 'NONE', #6141, 1000.000000000000000 ) ;
#343 = CARTESIAN_POINT ( 'NONE',  ( 0.06880018261003960400, 0.3849631580915733900, -0.4217451063897865200 ) ) ;
#344 = DIRECTION ( 'NONE',  ( 1.000000000000000000, 1.447553700753488400E-016, 0.0000000000000000000 ) ) ;
#345 = CONICAL_SURFACE ( 'NONE', #1126, 10967.01784461921100, 1.479865287713162600 ) ;
#346 = CARTESIAN_POINT ( 'NONE',  ( -0.04747270550681709900, -1.188786294355723900, -0.2283363398061075700 ) ) ;
#347 = ORIENTED_EDGE ( 'NONE', *, *, #5643, .F. ) ;
#348 =( GEOMETRIC_REPRESENTATION_CONTEXT ( 3 ) GLOBAL_UNCERTAINTY_ASSIGNED_CONTEXT ( ( #2090 ) ) GLOBAL_UNIT_ASSIGNED_CONTEXT ( ( #1075, #5527, #1709 ) ) REPRESENTATION_CONTEXT ( 'NONE', 'WORKASPACE' ) );
#349 = AXIS2_PLACEMENT_3D ( 'NONE', #5748, #1916, #6383 ) ;
#350 = UNCERTAINTY_MEASURE_WITH_UNIT (LENGTH_MEASURE( 1.000000000000000100E-005 ), #1166, 'distance_accuracy_value', 'NONE');
#351 = STYLED_ITEM ( 'NONE', ( #3892 ), #4294 ) ;
#352 = UNCERTAINTY_MEASURE_WITH_UNIT (LENGTH_MEASURE( 1.000000000000000100E-005 ), #6326, 'distance_accuracy_value', 'NONE');
#353 = FILL_AREA_STYLE_COLOUR ( '', #416 ) ;
#354 = PRODUCT_DEFINITION_SHAPE ( 'NONE', 'NONE',  #4503 ) ;
#355 =( LENGTH_UNIT ( ) NAMED_UNIT ( * ) SI_UNIT ( .MILLI., .METRE. ) );
#356 = FACE_OUTER_BOUND ( 'NONE', #1641, .T. ) ;
#357 = CARTESIAN_POINT ( 'NONE',  ( -0.04693001498043991600, -1.168898964817194400, 0.2349251355835189600 ) ) ;
#358 = ORIENTED_EDGE ( 'NONE', *, *, #724, .T. ) ;
#359 = EDGE_LOOP ( 'NONE', ( #1893, #885, #5848 ) ) ;
#360 =( NAMED_UNIT ( * ) SI_UNIT ( $, .STERADIAN. ) SOLID_ANGLE_UNIT ( ) );
#361 = PRESENTATION_LAYER_ASSIGNMENT (  '', '', ( #7803 ) ) ;
#362 = FILL_AREA_STYLE ('',( #1580 ) ) ;
#363 = EDGE_CURVE ( 'NONE', #3513, #3407, #4388, .T. ) ;
#364 = CARTESIAN_POINT ( 'NONE',  ( -0.1256853991951363300, 0.3534302911006437200, 0.4257461877161445900 ) ) ;
#365 = VECTOR ( 'NONE', #6587, 1000.000000000000000 ) ;
#366 = ORIENTED_EDGE ( 'NONE', *, *, #7715, .F. ) ;
#367 = AXIS2_PLACEMENT_3D ( 'NONE', #4746, #953, #5391 ) ;
#368 = FILL_AREA_STYLE ('',( #2249 ) ) ;
#369 = VECTOR ( 'NONE', #2183, 1000.000000000000000 ) ;
#370 = SURFACE_SIDE_STYLE ('',( #4430 ) ) ;
#371 = CARTESIAN_POINT ( 'NONE',  ( -0.1062886400036093000, 0.3413285760980795400, -0.3950912003880972000 ) ) ;
#372 =( NAMED_UNIT ( * ) PLANE_ANGLE_UNIT ( ) SI_UNIT ( $, .RADIAN. ) );
#373 = CARTESIAN_POINT ( 'NONE',  ( -0.1193942137457974200, 0.3283423490763900900, -0.4264692654289523600 ) ) ;
#374 = DIRECTION ( 'NONE',  ( 0.0000000000000000000, -0.0000000000000000000, -1.000000000000000000 ) ) ;
#375 = ORIENTED_EDGE ( 'NONE', *, *, #5072, .T. ) ;
#376 = SURFACE_SIDE_STYLE ('',( #3046 ) ) ;
#377 = CARTESIAN_POINT ( 'NONE',  ( 0.1248607912308389400, 0.2645433830776166000, 0.4185491471247363400 ) ) ;
#378 = CIRCLE ( 'NONE', #7707, 0.01999999999999999300 ) ;
#379 = DIRECTION ( 'NONE',  ( -0.8944271909999156300, 0.0000000000000000000, 0.4472135954999583700 ) ) ;
#380 = EDGE_LOOP ( 'NONE', ( #8085, #2241, #2611, #8093 ) ) ;
#381 = CARTESIAN_POINT ( 'NONE',  ( -0.1256853991848469200, 0.3534302911060219200, -0.4257461877196095400 ) ) ;
#382 = SURFACE_STYLE_FILL_AREA ( #3343 ) ;
#383 = DIRECTION ( 'NONE',  ( 1.447553700753488400E-016, -1.000000000000000000, 0.0000000000000000000 ) ) ;
#384 = EDGE_CURVE ( 'NONE', #6586, #5560, #2725, .T. ) ;
#385 = ORIENTED_EDGE ( 'NONE', *, *, #5327, .T. ) ;
#386 = VERTEX_POINT ( 'NONE', #587 ) ;
#387 =( GEOMETRIC_REPRESENTATION_CONTEXT ( 3 ) GLOBAL_UNCERTAINTY_ASSIGNED_CONTEXT ( ( #174 ) ) GLOBAL_UNIT_ASSIGNED_CONTEXT ( ( #2528, #6576, #3726 ) ) REPRESENTATION_CONTEXT ( 'NONE', 'WORKASPACE' ) );
#388 = PRESENTATION_STYLE_ASSIGNMENT (( #2546 ) ) ;
#389 = CARTESIAN_POINT ( 'NONE',  ( -0.1250000000000000600, 0.2666198487095667900, 0.3897197719169305200 ) ) ;
#390 = VERTEX_POINT ( 'NONE', #4363 ) ;
#391 = CARTESIAN_POINT ( 'NONE',  ( -0.04910263791519599300, -1.205704460288449900, 0.2977276446913763000 ) ) ;
#392 = CARTESIAN_POINT ( 'NONE',  ( -0.09189318308635018000, -0.2272080036503695300, -0.3433401040042009000 ) ) ;
#393 = CARTESIAN_POINT ( 'NONE',  ( -5.357503630673745900E-017, 0.7450000000000000000, 0.0000000000000000000 ) ) ;
#394 = SURFACE_STYLE_FILL_AREA ( #4977 ) ;
#395 = EDGE_CURVE ( 'NONE', #418, #6081, #5935, .T. ) ;
#396 = CARTESIAN_POINT ( 'NONE',  ( 0.06061595206821848000, -0.9250819879823165600, 0.2708565774942955900 ) ) ;
#397 = CARTESIAN_POINT ( 'NONE',  ( 0.9581966011250107100, 1.294999999999999900, -1.169999999999999900 ) ) ;
#398 = STYLED_ITEM ( 'NONE', ( #1817 ), #3888 ) ;
#399 = DIRECTION ( 'NONE',  ( -1.447553700753488400E-016, 1.000000000000000000, -0.0000000000000000000 ) ) ;
#400 = VERTEX_POINT ( 'NONE', #5021 ) ;
#401 = FILL_AREA_STYLE ('',( #4808 ) ) ;
#402 = UNCERTAINTY_MEASURE_WITH_UNIT (LENGTH_MEASURE( 1.000000000000000100E-005 ), #3551, 'distance_accuracy_value', 'NONE');
#403 = AXIS2_PLACEMENT_3D ( 'NONE', #2201, #6677, #2831 ) ;
#404 = SURFACE_STYLE_FILL_AREA ( #2930 ) ;
#405 = ORIENTED_EDGE ( 'NONE', *, *, #2538, .F. ) ;
#406 = CARTESIAN_POINT ( 'NONE',  ( -0.02859097773673069400, -1.171436263316180600, 0.2645665737518476100 ) ) ;
#407 = EDGE_CURVE ( 'NONE', #6811, #4695, #4188, .T. ) ;
#408 = PRESENTATION_STYLE_ASSIGNMENT (( #2335 ) ) ;
#409 = AXIS2_PLACEMENT_3D ( 'NONE', #7847, #3996, #207 ) ;
#410 = DIRECTION ( 'NONE',  ( 0.0000000000000000000, 1.000000000000000000, 0.0000000000000000000 ) ) ;
#411 = TOROIDAL_SURFACE ( 'NONE', #4538, 0.4139249933206986000, 0.02000000000000000000 ) ;
#412 = ORIENTED_EDGE ( 'NONE', *, *, #5122, .T. ) ;
#413 = CARTESIAN_POINT ( 'NONE',  ( -0.02599580452282047200, -1.223263009264965000, 0.2824260837758190700 ) ) ;
#414 = EDGE_CURVE ( 'NONE', #1447, #2707, #6536, .T. ) ;
#415 = VECTOR ( 'NONE', #1854, 1000.000000000000100 ) ;
#416 = COLOUR_RGB ( '',1.000000000000000000, 0.8117647058823529400, 0.5019607843137254800 ) ;
#417 = AXIS2_PLACEMENT_3D ( 'NONE', #4467, #696, #5127 ) ;
#418 = VERTEX_POINT ( 'NONE', #2529 ) ;
#419 =( NAMED_UNIT ( * ) SI_UNIT ( $, .STERADIAN. ) SOLID_ANGLE_UNIT ( ) );
#420 = CARTESIAN_POINT ( 'NONE',  ( -1.832000000000000700, 1.294999999999999700, 0.3539999999999993700 ) ) ;
#421 = AXIS2_PLACEMENT_3D ( 'NONE', #6729, #2876, #7377 ) ;
#422 = ORIENTED_EDGE ( 'NONE', *, *, #854, .F. ) ;
#423 = FILL_AREA_STYLE ('',( #8075 ) ) ;
#424 = PRESENTATION_STYLE_ASSIGNMENT (( #2225 ) ) ;
#425 = CYLINDRICAL_SURFACE ( 'NONE', #5074, 0.09999999999999990800 ) ;
#426 = EDGE_LOOP ( 'NONE', ( #4470, #12, #5129, #5726 ) ) ;
#427 = CARTESIAN_POINT ( 'NONE',  ( -0.9099999999999993600, 1.365000000000000000, 0.0000000000000000000 ) ) ;
#428 = FILL_AREA_STYLE_COLOUR ( '', #4600 ) ;
#429 = STYLED_ITEM ( 'NONE', ( #3039 ), #2106 ) ;
#430 = CARTESIAN_POINT ( 'NONE',  ( -1.270000000000000000, -1.294999999999999700, -0.7700000000000016800 ) ) ;
#431 = CIRCLE ( 'NONE', #979, 0.3018161156205430600 ) ;
#432 = CARTESIAN_POINT ( 'NONE',  ( -0.007074153822903812500, 0.4000793884473484200, 0.4298379674667772700 ) ) ;
#433 = TOROIDAL_SURFACE ( 'NONE', #7948, 0.6499999999999999100, 0.05000000000000000300 ) ;
#434 = ADVANCED_FACE ( 'NONE', ( #7431 ), #3418, .T. ) ;
#435 = CARTESIAN_POINT ( 'NONE',  ( 0.2713663603001848500, -2.830121490636196700, 3.472259833274749400E-017 ) ) ;
#436 = EDGE_CURVE ( 'NONE', #2363, #2236, #5098, .T. ) ;
#437 = CYLINDRICAL_SURFACE ( 'NONE', #1285, 0.2549999999999996700 ) ;
#438 = AXIS2_PLACEMENT_3D ( 'NONE', #6438, #7676, #7082 ) ;
#439 = DIRECTION ( 'NONE',  ( -1.447553700753488400E-016, 1.000000000000000000, -0.0000000000000000000 ) ) ;
#440 = CARTESIAN_POINT ( 'NONE',  ( -0.1292149253681934800, 0.3498450440833654200, -0.4243623750639329800 ) ) ;
#441 = SURFACE_SIDE_STYLE ('',( #2226 ) ) ;
#442 = ORIENTED_EDGE ( 'NONE', *, *, #6723, .T. ) ;
#443 = ORIENTED_EDGE ( 'NONE', *, *, #4876, .T. ) ;
#444 = CARTESIAN_POINT ( 'NONE',  ( -0.1257866854706100600, 0.2784404654443582400, -0.3907171130266777200 ) ) ;
#445 = DIRECTION ( 'NONE',  ( -1.000000000000000000, -1.447553700753488400E-016, 0.0000000000000000000 ) ) ;
#446 = B_SPLINE_CURVE_WITH_KNOTS ( 'NONE', 3,
 ( #6760, #8046, #392, #4824, #1024, #5471, #1655 ),
 .UNSPECIFIED., .F., .F.,
 ( 4, 3, 4 ),
 ( 0.0000000000000000000, 0.0007443508011428078700, 0.001425079423463896600 ),
 .UNSPECIFIED. ) ;
#447 = UNCERTAINTY_MEASURE_WITH_UNIT (LENGTH_MEASURE( 1.000000000000000100E-005 ), #8072, 'distance_accuracy_value', 'NONE');
#448 = DIRECTION ( 'NONE',  ( -2.168404344971007700E-015, 0.0000000000000000000, -1.000000000000000000 ) ) ;
#449 = DIRECTION ( 'NONE',  ( -0.3162277660168382200, 0.9486832980505136600, 0.0000000000000000000 ) ) ;
#450 = CARTESIAN_POINT ( 'NONE',  ( 0.04413439582682967400, -1.210105081657630200, 0.2975885388489650200 ) ) ;
#451 = AXIS2_PLACEMENT_3D ( 'NONE', #2808, #7298, #3442 ) ;
#452 = CIRCLE ( 'NONE', #6827, 0.1000000000000000500 ) ;
#453 = CLOSED_SHELL ( 'NONE', ( #8210, #2395, #7091, #7050, #2732, #1175, #5621, #1261, #8158, #7687, #5881, #1391, #566, #7566, #6884, #692, #2524, #7816, #6467, #4247, #1759, #3847, #5710, #2687, #1346, #7482, #7863, #1441, #5883, #2647, #1977, #1304, #5753, #2106, #3936, #526, #80, #1892, #1440, #5841, #6204, #37, #1219, #789, #2608, #434, #6558, #3092, #5181, #4457, #1677, #7817, #1804, #6466, #3182, #204, #7141, #1137, #3224, #5060, #2062, #748, #6846, #3181, #1852, #3935, #3225, #3585, #3888, #650, #5921, #4545, #4294, #6420, #8288, #5228, #3890, #1719, #649, #7609 ) ) ;
#454 = MECHANICAL_DESIGN_GEOMETRIC_PRESENTATION_REPRESENTATION (  '', ( #7908 ), #894 ) ;
#455 = DIRECTION ( 'NONE',  ( -0.005953837729687281100, 0.08880862533598038500, -0.9960309131157637500 ) ) ;
#456 =( LENGTH_UNIT ( ) NAMED_UNIT ( * ) SI_UNIT ( .MILLI., .METRE. ) );
#457 = CARTESIAN_POINT ( 'NONE',  ( -0.09330660253071818000, -0.2061251586726558800, -0.3451767922991683100 ) ) ;
#458 = CARTESIAN_POINT ( 'NONE',  ( -0.04606694494311873400, -1.152949414612099500, -0.2524003120427217300 ) ) ;
#459 = EDGE_LOOP ( 'NONE', ( #6207, #4957, #4621 ) ) ;
#460 = CARTESIAN_POINT ( 'NONE',  ( -0.1248736463292304400, 0.2903741819341094100, 0.3924607572430178800 ) ) ;
#461 = PRESENTATION_LAYER_ASSIGNMENT (  '', '', ( #899 ) ) ;
#462 = CARTESIAN_POINT ( 'NONE',  ( 0.04569999541226926800, -1.164248916231309400, 0.2457102005065514300 ) ) ;
#463 = EDGE_CURVE ( 'NONE', #6099, #3513, #249, .T. ) ;
#464 = CARTESIAN_POINT ( 'NONE',  ( -4.633726780297001500E-017, 0.6949999999999999500, 0.0000000000000000000 ) ) ;
#465 = STYLED_ITEM ( 'NONE', ( #5483 ), #7689 ) ;
#466 = VECTOR ( 'NONE', #3283, 1000.000000000000000 ) ;
#467 = AXIS2_PLACEMENT_3D ( 'NONE', #6213, #2392, #6866 ) ;
#468 = ORIENTED_EDGE ( 'NONE', *, *, #1118, .T. ) ;
#469 = CARTESIAN_POINT ( 'NONE',  ( -0.1250026614873087400, 0.2666596206607566600, 0.3792131878093089000 ) ) ;
#470 = FACE_OUTER_BOUND ( 'NONE', #3353, .T. ) ;
#471 = CARTESIAN_POINT ( 'NONE',  ( -0.02007002526002099300, 0.3993359599039359400, -0.4294705106334403300 ) ) ;
#472 = CARTESIAN_POINT ( 'NONE',  ( 4.920127644676020900E-017, 0.03500000000000009400, 0.0000000000000000000 ) ) ;
#473 = CARTESIAN_POINT ( 'NONE',  ( 0.04784238332213260800, -1.168868921937333400, 0.2301144326776939600 ) ) ;
#474 = DIRECTION ( 'NONE',  ( -1.000000000000000000, -2.442309373877174400E-016, 0.0000000000000000000 ) ) ;
#475 = FACE_OUTER_BOUND ( 'NONE', #8164, .T. ) ;
#476 = FILL_AREA_STYLE ('',( #4572 ) ) ;
#477 = EDGE_LOOP ( 'NONE', ( #7933, #1091, #4935, #8264 ) ) ;
#478 =( NAMED_UNIT ( * ) SI_UNIT ( $, .STERADIAN. ) SOLID_ANGLE_UNIT ( ) );
#479 = ADVANCED_FACE ( 'NONE', ( #1919 ), #4483, .F. ) ;
#480 = CIRCLE ( 'NONE', #3419, 0.1000000000000000500 ) ;
#481 =( NAMED_UNIT ( * ) PLANE_ANGLE_UNIT ( ) SI_UNIT ( $, .RADIAN. ) );
#482 = DIRECTION ( 'NONE',  ( 1.447553700753488400E-016, -1.000000000000000000, 0.0000000000000000000 ) ) ;
#483 = CARTESIAN_POINT ( 'NONE',  ( -0.1250656858299104600, 0.2675996315862999000, -0.3655387589310537500 ) ) ;
#484 = ORIENTED_EDGE ( 'NONE', *, *, #7858, .T. ) ;
#485 = VECTOR ( 'NONE', #1821, 999.9999999999998900 ) ;
#486 = CARTESIAN_POINT ( 'NONE',  ( -0.04748845423716500900, -1.169016252668703100, -0.2318383475599942500 ) ) ;
#487 = EDGE_CURVE ( 'NONE', #7261, #1820, #1120, .T. ) ;
#488 = CARTESIAN_POINT ( 'NONE',  ( 1.742557280900008500, -1.395000000000000000, 0.3987213595499957700 ) ) ;
#489 =( GEOMETRIC_REPRESENTATION_CONTEXT ( 3 ) GLOBAL_UNCERTAINTY_ASSIGNED_CONTEXT ( ( #3361 ) ) GLOBAL_UNIT_ASSIGNED_CONTEXT ( ( #937, #5367, #1572 ) ) REPRESENTATION_CONTEXT ( 'NONE', 'WORKASPACE' ) );
#490 = DIRECTION ( 'NONE',  ( -1.447553700753488400E-016, 1.000000000000000000, -0.0000000000000000000 ) ) ;
#491 = ORIENTED_EDGE ( 'NONE', *, *, #3630, .T. ) ;
#492 = DIRECTION ( 'NONE',  ( -1.000000000000000000, -1.376153063234101000E-016, 8.881784197001252300E-016 ) ) ;
#493 = UNCERTAINTY_MEASURE_WITH_UNIT (LENGTH_MEASURE( 1.000000000000000100E-005 ), #2083, 'distance_accuracy_value', 'NONE');
#494 = VECTOR ( 'NONE', #3884, 1000.000000000000000 ) ;
#495 = CARTESIAN_POINT ( 'NONE',  ( 0.1291783635819606600, 0.3300799325266017800, -0.3699095911761859400 ) ) ;
#496 = CARTESIAN_POINT ( 'NONE',  ( 0.1158236843077577600, 0.3543379074933975500, 0.3765126485472822800 ) ) ;
#497 = ORIENTED_EDGE ( 'NONE', *, *, #3006, .T. ) ;
#498 = MECHANICAL_DESIGN_GEOMETRIC_PRESENTATION_REPRESENTATION (  '', ( #7516 ), #936 ) ;
#499 = CARTESIAN_POINT ( 'NONE',  ( 0.1201464875078051100, 0.3104938024891421600, -0.3966895875039725400 ) ) ;
#500 = DIRECTION ( 'NONE',  ( 1.224646799147353200E-016, 1.772742006221665100E-032, 1.000000000000000000 ) ) ;
#501 =( NAMED_UNIT ( * ) PLANE_ANGLE_UNIT ( ) SI_UNIT ( $, .RADIAN. ) );
#502 = AXIS2_PLACEMENT_3D ( 'NONE', #5213, #227, #4641 ) ;
#503 = DIRECTION ( 'NONE',  ( -0.5056284834453824700, 0.8292512750997999000, 0.2380801534653371700 ) ) ;
#504 =( NAMED_UNIT ( * ) SI_UNIT ( $, .STERADIAN. ) SOLID_ANGLE_UNIT ( ) );
#505 = DIRECTION ( 'NONE',  ( -1.447553700753488400E-016, 1.000000000000000000, -0.0000000000000000000 ) ) ;
#506 = ITEM_DEFINED_TRANSFORMATION ( 'NONE', 'NONE', #1105,  #5104 ) ;
#507 = CONICAL_SURFACE ( 'NONE', #3574, 0.5316896815425914400, 0.6040459290663094900 ) ;
#508 = TOROIDAL_SURFACE ( 'NONE', #3970, 0.4000000000000050200, 0.05000000000000000300 ) ;
#509 = DIRECTION ( 'NONE',  ( 1.000000000000000000, 1.447553700753488400E-016, 0.0000000000000000000 ) ) ;
#510 = EDGE_LOOP ( 'NONE', ( #1019, #7216, #1060, #1140 ) ) ;
#511 =( NAMED_UNIT ( * ) SI_UNIT ( $, .STERADIAN. ) SOLID_ANGLE_UNIT ( ) );
#512 =( LENGTH_UNIT ( ) NAMED_UNIT ( * ) SI_UNIT ( .MILLI., .METRE. ) );
#513 = CARTESIAN_POINT ( 'NONE',  ( 0.3018161156205431700, -1.205082627581609600, 0.0000000000000000000 ) ) ;
#514 = CARTESIAN_POINT ( 'NONE',  ( 0.03223724755186212900, -1.219553329243469700, -0.2918992484371495400 ) ) ;
#515 = FACE_OUTER_BOUND ( 'NONE', #3514, .T. ) ;
#516 = PRESENTATION_LAYER_ASSIGNMENT (  '', '', ( #7959 ) ) ;
#517 = FACE_OUTER_BOUND ( 'NONE', #5193, .T. ) ;
#518 = CARTESIAN_POINT ( 'NONE',  ( 0.09150301173731711900, -0.2330278769365250500, -0.3535703795775630400 ) ) ;
#519 = AXIS2_PLACEMENT_3D ( 'NONE', #6972, #7632, #2474 ) ;
#520 = EDGE_CURVE ( 'NONE', #390, #7659, #2814, .T. ) ;
#521 = ORIENTED_EDGE ( 'NONE', *, *, #5945, .T. ) ;
#522 = ORIENTED_EDGE ( 'NONE', *, *, #3482, .F. ) ;
#523 = AXIS2_PLACEMENT_3D ( 'NONE', #3115, #5007, #1811 ) ;
#524 = CIRCLE ( 'NONE', #8176, 0.1000000000000000500 ) ;
#525 =( NAMED_UNIT ( * ) PLANE_ANGLE_UNIT ( ) SI_UNIT ( $, .RADIAN. ) );
#526 = ADVANCED_FACE ( 'NONE', ( #7732 ), #6918, .T. ) ;
#527 = CARTESIAN_POINT ( 'NONE',  ( -0.9581966011250113700, -1.294999999999999900, 1.270000000000000000 ) ) ;
#528 = ORIENTED_EDGE ( 'NONE', *, *, #3057, .F. ) ;
#529 = ORIENTED_EDGE ( 'NONE', *, *, #4800, .T. ) ;
#530 = STYLED_ITEM ( 'NONE', ( #1960 ), #2062 ) ;
#531 = SURFACE_SIDE_STYLE ('',( #7724 ) ) ;
#532 = CARTESIAN_POINT ( 'NONE',  ( 0.02667085682133423000, -1.200077168009462800, 2.299878373011538100E-020 ) ) ;
#533 =( NAMED_UNIT ( * ) PLANE_ANGLE_UNIT ( ) SI_UNIT ( $, .RADIAN. ) );
#534 = CARTESIAN_POINT ( 'NONE',  ( -7.424927725979431300E-017, 0.8878219273820058300, 0.0000000000000000000 ) ) ;
#535 = ORIENTED_EDGE ( 'NONE', *, *, #8219, .F. ) ;
#536 = CARTESIAN_POINT ( 'NONE',  ( 0.1044743228116762600, 0.3442290265984077600, 0.3794640489915147600 ) ) ;
#537 = CARTESIAN_POINT ( 'NONE',  ( 4.660967422637649700E-016, -2.845000000000000600, 0.0000000000000000000 ) ) ;
#538 = CARTESIAN_POINT ( 'NONE',  ( -1.270000000000000500, -1.294999999999999900, -0.7700000000000003500 ) ) ;
#539 = FACE_OUTER_BOUND ( 'NONE', #5481, .T. ) ;
#540 = VECTOR ( 'NONE', #2291, 1000.000000000000000 ) ;
#541 = DIRECTION ( 'NONE',  ( -1.000000000000000000, 0.0000000000000000000, 0.0000000000000000000 ) ) ;
#542 =( NAMED_UNIT ( * ) PLANE_ANGLE_UNIT ( ) SI_UNIT ( $, .RADIAN. ) );
#543 = CIRCLE ( 'NONE', #1568, 0.05000000000000002400 ) ;
#544 = EDGE_CURVE ( 'NONE', #1671, #7261, #2023, .T. ) ;
#545 = SURFACE_SIDE_STYLE ('',( #6676 ) ) ;
#546 = AXIS2_PLACEMENT_3D ( 'NONE', #6149, #8134, #4253 ) ;
#547 = ORIENTED_EDGE ( 'NONE', *, *, #2525, .T. ) ;
#548 = FILL_AREA_STYLE_COLOUR ( '', #5006 ) ;
#549 = CARTESIAN_POINT ( 'NONE',  ( -0.04978749811896327600, -1.205082627581610000, -0.2976813273944591800 ) ) ;
#550 = DIRECTION ( 'NONE',  ( -1.447553700753488400E-016, 1.000000000000000000, -0.0000000000000000000 ) ) ;
#551 = CARTESIAN_POINT ( 'NONE',  ( 0.8499999999999992000, 1.345000000000000400, 0.0000000000000000000 ) ) ;
#552 = ORIENTED_EDGE ( 'NONE', *, *, #6983, .F. ) ;
#553 = ORIENTED_EDGE ( 'NONE', *, *, #1589, .F. ) ;
#554 = EDGE_CURVE ( 'NONE', #4887, #3557, #5398, .T. ) ;
#555 = CARTESIAN_POINT ( 'NONE',  ( 0.1275048113289213000, 0.2953189102999920200, 0.4206693207026783700 ) ) ;
#556 =( GEOMETRIC_REPRESENTATION_CONTEXT ( 3 ) GLOBAL_UNCERTAINTY_ASSIGNED_CONTEXT ( ( #2381 ) ) GLOBAL_UNIT_ASSIGNED_CONTEXT ( ( #3584, #8091, #4215 ) ) REPRESENTATION_CONTEXT ( 'NONE', 'WORKASPACE' ) );
#557 = UNCERTAINTY_MEASURE_WITH_UNIT (LENGTH_MEASURE( 1.000000000000000100E-005 ), #5482, 'distance_accuracy_value', 'NONE');
#558 = DIRECTION ( 'NONE',  ( 0.0000000000000000000, 1.000000000000000000, 0.0000000000000000000 ) ) ;
#559 = CARTESIAN_POINT ( 'NONE',  ( 0.9581966011250105900, 1.294999999999999900, 1.169999999999999900 ) ) ;
#560 = CARTESIAN_POINT ( 'NONE',  ( 0.06651721462602223900, -0.9685039053754097600, -0.3167547351728123900 ) ) ;
#561 = CIRCLE ( 'NONE', #7860, 0.4792893218813447700 ) ;
#562 = ORIENTED_EDGE ( 'NONE', *, *, #2802, .T. ) ;
#563 = CARTESIAN_POINT ( 'NONE',  ( -0.04630770841790388800, -1.150767665139485100, -0.2525584207203315200 ) ) ;
#564 = CARTESIAN_POINT ( 'NONE',  ( -0.1239110127981550400, 0.3543379074933982700, 0.4262809643909963900 ) ) ;
#565 = CARTESIAN_POINT ( 'NONE',  ( 0.02797092715960484300, -1.180685060796633500, -0.1523851976047146700 ) ) ;
#566 = ADVANCED_FACE ( 'NONE', ( #332 ), #220, .T. ) ;
#567 = AXIS2_PLACEMENT_3D ( 'NONE', #4573, #806, #5232 ) ;
#568 = EDGE_CURVE ( 'NONE', #3407, #8034, #2899, .T. ) ;
#569 = FACE_OUTER_BOUND ( 'NONE', #185, .T. ) ;
#570 = DIRECTION ( 'NONE',  ( 1.000000000000000000, 0.0000000000000000000, 0.0000000000000000000 ) ) ;
#571 = EDGE_LOOP ( 'NONE', ( #6909, #5670, #6029 ) ) ;
#572 = AXIS2_PLACEMENT_3D ( 'NONE', #7351, #3484, #7988 ) ;
#573 = CARTESIAN_POINT ( 'NONE',  ( -0.1049532641402277800, 0.3434097392605841000, -0.3956287701370955200 ) ) ;
#574 = CARTESIAN_POINT ( 'NONE',  ( -0.07841392495458814100, 0.3824203799184386900, 0.3870813390734428300 ) ) ;
#575 = DIRECTION ( 'NONE',  ( -1.447553700753488400E-016, 1.000000000000000000, -0.0000000000000000000 ) ) ;
#576 = CIRCLE ( 'NONE', #5982, 0.5999999999999994200 ) ;
#577 = VERTEX_POINT ( 'NONE', #6624 ) ;
#578 = CARTESIAN_POINT ( 'NONE',  ( -1.270000000000000000, 1.294999999999999900, -0.6700000000000002600 ) ) ;
#579 = DIRECTION ( 'NONE',  ( 0.8944271909999158600, 0.0000000000000000000, -0.4472135954999580900 ) ) ;
#580 = EDGE_CURVE ( 'NONE', #2261, #7095, #6310, .T. ) ;
#581 = CARTESIAN_POINT ( 'NONE',  ( 0.02513773585898748300, -1.222945504588554200, 0.2763272670030129700 ) ) ;
#582 = AXIS2_PLACEMENT_3D ( 'NONE', #5587, #1760, #6225 ) ;
#583 = AXIS2_PLACEMENT_3D ( 'NONE', #5282, #1504, #5967 ) ;
#584 = CARTESIAN_POINT ( 'NONE',  ( -0.03453652562090402100, 0.4003526327457967400, 0.4299660685670651000 ) ) ;
#585 = ORIENTED_EDGE ( 'NONE', *, *, #5257, .F. ) ;
#586 = CARTESIAN_POINT ( 'NONE',  ( -0.1250000000000000600, 0.2666198487095667900, 0.3792098549233096100 ) ) ;
#587 = CARTESIAN_POINT ( 'NONE',  ( -0.1239110127981550400, 0.3543379074933982700, 0.4262809643909963900 ) ) ;
#588 = SURFACE_STYLE_FILL_AREA ( #1255 ) ;
#589 = CARTESIAN_POINT ( 'NONE',  ( 0.1345165463631132800, 0.01056098416514668300, -0.3902488968370594900 ) ) ;
#590 = SURFACE_SIDE_STYLE ('',( #3980 ) ) ;
#591 = SURFACE_STYLE_USAGE ( .BOTH. , #4366 ) ;
#592 = DIRECTION ( 'NONE',  ( 0.0000000000000000000, -0.9960485673285178800, -0.08881019943006024400 ) ) ;
#593 = DIRECTION ( 'NONE',  ( 0.0000000000000000000, 0.0000000000000000000, -1.000000000000000000 ) ) ;
#594 = DIRECTION ( 'NONE',  ( 0.06667680617049637200, 0.9945644753231651600, -0.07997317015136588800 ) ) ;
#595 = CARTESIAN_POINT ( 'NONE',  ( 1.370000000000000100, -1.294999999999999900, -0.7700000000000004600 ) ) ;
#596 = CYLINDRICAL_SURFACE ( 'NONE', #3448, 0.6099999999999994300 ) ;
#597 = ORIENTED_EDGE ( 'NONE', *, *, #2953, .F. ) ;
#598 = CARTESIAN_POINT ( 'NONE',  ( -0.04146844141495212300, -0.9793534590814649800, -0.2961674417265896000 ) ) ;
#599 = FILL_AREA_STYLE ('',( #3050 ) ) ;
#600 = CARTESIAN_POINT ( 'NONE',  ( 0.1049476582995834700, 0.3434191609326359100, 0.3956286048806614300 ) ) ;
#601 = COLOUR_RGB ( '',0.1098039215686274500, 0.1098039215686274500, 0.1098039215686274500 ) ;
#602 = VERTEX_POINT ( 'NONE', #4052 ) ;
#603 = CARTESIAN_POINT ( 'NONE',  ( -7.199432022583334800E-017, 0.8722442183630781900, 0.0000000000000000000 ) ) ;
#604 = B_SPLINE_CURVE_WITH_KNOTS ( 'NONE', 3,
 ( #2427, #1775, #3048, #7553, #3680, #8207, #4320 ),
 .UNSPECIFIED., .F., .F.,
 ( 4, 3, 4 ),
 ( 0.0000000000000000000, 0.0007442893091426447300, 0.001424923633714526200 ),
 .UNSPECIFIED. ) ;
#605 = COLOUR_RGB ( '',0.1098039215686274500, 0.1098039215686274500, 0.1098039215686274500 ) ;
#606 = EDGE_CURVE ( 'NONE', #260, #7954, #7832, .T. ) ;
#607 = UNCERTAINTY_MEASURE_WITH_UNIT (LENGTH_MEASURE( 1.000000000000000100E-005 ), #7428, 'distance_accuracy_value', 'NONE');
#608 = STYLED_ITEM ( 'NONE', ( #5412 ), #3225 ) ;
#609 = DIRECTION ( 'NONE',  ( 0.0000000000000000000, 1.000000000000000000, 0.0000000000000000000 ) ) ;
#610 = CARTESIAN_POINT ( 'NONE',  ( -1.433233657534537400E-016, 1.365000000000000000, 0.0000000000000000000 ) ) ;
#611 = ADVANCED_FACE ( 'NONE', ( #1208 ), #1016, .F. ) ;
#612 = FILL_AREA_STYLE ('',( #2495 ) ) ;
#613 = LINE ( 'NONE', #6047, #2293 ) ;
#614 = ORIENTED_EDGE ( 'NONE', *, *, #7454, .F. ) ;
#615 = SURFACE_STYLE_FILL_AREA ( #1685 ) ;
#616 = FILL_AREA_STYLE_COLOUR ( '', #7639 ) ;
#617 = FACE_OUTER_BOUND ( 'NONE', #5087, .T. ) ;
#618 = PRESENTATION_LAYER_ASSIGNMENT (  '', '', ( #209 ) ) ;
#619 = PRESENTATION_LAYER_ASSIGNMENT (  '', '', ( #210 ) ) ;
#620 = CARTESIAN_POINT ( 'NONE',  ( -0.5999999999999994200, 0.04500000000000003300, 0.0000000000000000000 ) ) ;
#621 = CARTESIAN_POINT ( 'NONE',  ( -1.270000000000000000, 1.294999999999999900, 0.6700000000000002600 ) ) ;
#622 = ORIENTED_EDGE ( 'NONE', *, *, #86, .T. ) ;
#623 = AXIS2_PLACEMENT_3D ( 'NONE', #908, #271, #1541 ) ;
#624 = CARTESIAN_POINT ( 'NONE',  ( -7.424927725979442400E-017, 0.8878219273820066000, 0.0000000000000000000 ) ) ;
#625 = CARTESIAN_POINT ( 'NONE',  ( 0.1518986748799413000, 0.2634659119465356200, -0.4083876577056688700 ) ) ;
#626 = COLOUR_RGB ( '',1.000000000000000000, 0.8117647058823529400, 0.5019607843137254800 ) ;
#627 = VECTOR ( 'NONE', #4729, 1000.000000000000100 ) ;
#628 = ORIENTED_EDGE ( 'NONE', *, *, #175, .F. ) ;
#629 = CARTESIAN_POINT ( 'NONE',  ( 0.04919043109371045600, -1.155270082144002300, -0.08403836463368615000 ) ) ;
#630 = CARTESIAN_POINT ( 'NONE',  ( -0.06020760464785768900, -0.6998363808173609900, 0.3077258192088516100 ) ) ;
#631 = ORIENTED_EDGE ( 'NONE', *, *, #7962, .F. ) ;
#632 = CARTESIAN_POINT ( 'NONE',  ( -0.3018161156205428400, -1.205082627581609600, 0.0000000000000000000 ) ) ;
#633 = CARTESIAN_POINT ( 'NONE',  ( -0.04146844141494544800, -0.9793534590815646800, 0.2961674417265832100 ) ) ;
#634 = AXIS2_PLACEMENT_3D ( 'NONE', #1143, #5608, #1778 ) ;
#635 = EDGE_CURVE ( 'NONE', #1041, #5096, #4383, .T. ) ;
#636 =( GEOMETRIC_REPRESENTATION_CONTEXT ( 3 ) GLOBAL_UNCERTAINTY_ASSIGNED_CONTEXT ( ( #4057 ) ) GLOBAL_UNIT_ASSIGNED_CONTEXT ( ( #1158, #5628, #1797 ) ) REPRESENTATION_CONTEXT ( 'NONE', 'WORKASPACE' ) );
#637 = EDGE_LOOP ( 'NONE', ( #6458, #6003, #3054, #3604 ) ) ;
#638 = FILL_AREA_STYLE_COLOUR ( '', #2079 ) ;
#639 = CARTESIAN_POINT ( 'NONE',  ( 0.1378435408756129300, 0.2670981431876250900, -0.3606053945049978400 ) ) ;
#640 = CARTESIAN_POINT ( 'NONE',  ( 0.7265572809000083700, 1.395000000000000000, 1.633278640450004400 ) ) ;
#641 = VECTOR ( 'NONE', #3624, 1000.000000000000000 ) ;
#642 = CARTESIAN_POINT ( 'NONE',  ( 0.06161674357927152100, -0.6788173848205011400, 0.3101373001732764500 ) ) ;
#643 =( LENGTH_UNIT ( ) NAMED_UNIT ( * ) SI_UNIT ( .MILLI., .METRE. ) );
#644 = CARTESIAN_POINT ( 'NONE',  ( 2.315930427416997100E-016, -1.224999999999999400, 0.0000000000000000000 ) ) ;
#645 = CARTESIAN_POINT ( 'NONE',  ( -0.05041738526498288500, -1.152035013410733300, -6.402725263644800500E-005 ) ) ;
#646 = CARTESIAN_POINT ( 'NONE',  ( -0.9581966011250111500, 1.294999999999999900, -1.270000000000000000 ) ) ;
#647 = CARTESIAN_POINT ( 'NONE',  ( 0.1239136013936950900, 0.3543379074933978300, 0.4262802119315730600 ) ) ;
#648 = CARTESIAN_POINT ( 'NONE',  ( 0.09659914243586222000, 0.3800816158809481900, 0.3820252518224809800 ) ) ;
#649 = ADVANCED_FACE ( 'NONE', ( #5920 ), #2124, .T. ) ;
#650 = ADVANCED_FACE ( 'NONE', ( #3581 ), #1314, .T. ) ;
#651 = VERTEX_POINT ( 'NONE', #339 ) ;
#652 = VERTEX_POINT ( 'NONE', #4767 ) ;
#653 = CARTESIAN_POINT ( 'NONE',  ( -0.3293303437365922000, -2.795000000000000800, 0.0000000000000000000 ) ) ;
#654 = CARTESIAN_POINT ( 'NONE',  ( 0.1248607912308391500, 0.2645433830776196000, 0.4185491471247363400 ) ) ;
#655 = EDGE_CURVE ( 'NONE', #1529, #118, #7927, .T. ) ;
#656 = CARTESIAN_POINT ( 'NONE',  ( 0.1259123125717990800, 0.2802280841127959800, 0.4122891257896377800 ) ) ;
#657 = CARTESIAN_POINT ( 'NONE',  ( -0.01592284291062507100, 0.4203082358126822300, -0.3939249819145294600 ) ) ;
#658 =( NAMED_UNIT ( * ) SI_UNIT ( $, .STERADIAN. ) SOLID_ANGLE_UNIT ( ) );
#659 = AXIS2_PLACEMENT_3D ( 'NONE', #1959, #1987, #6464 ) ;
#660 = CIRCLE ( 'NONE', #5516, 0.7850932023777780200 ) ;
#661 = ORIENTED_EDGE ( 'NONE', *, *, #7540, .T. ) ;
#662 = CARTESIAN_POINT ( 'NONE',  ( 1.370000000000000100, 1.294999999999999900, 0.0000000000000000000 ) ) ;
#663 =( BOUNDED_SURFACE ( )  B_SPLINE_SURFACE ( 3, 2, ( 
 ( #5834, #1993, #2635 ),
 ( #7115, #3273, #7764 ),
 ( #3911, #128, #4531 ),
 ( #766, #5188, #1380 ) ),
 .UNSPECIFIED., .F., .F., .T. ) 
 B_SPLINE_SURFACE_WITH_KNOTS ( ( 4, 4 ),
 ( 3, 3 ),
 ( 5.497671326363885000E-005, 5.933056539541960000E-005 ),
 ( 0.0000000000000000000, 1.000000000000000000 ),
 .UNSPECIFIED. ) 
 GEOMETRIC_REPRESENTATION_ITEM ( )  RATIONAL_B_SPLINE_SURFACE ( (
 ( 1.000000000000000000, 0.7770244615822151600, 1.000000000000000000),
 ( 1.000000000000000000, 0.7811042492873465600, 1.000000000000000000),
 ( 1.000000000000000000, 0.7852313896555596100, 1.000000000000000000),
 ( 1.000000000000000000, 0.7894116659232695000, 1.000000000000000000) ) ) 
 REPRESENTATION_ITEM ( '' )  SURFACE ( )  );
#664 = CARTESIAN_POINT ( 'NONE',  ( 0.06020760464785776500, -0.6998363808173624400, 0.3077258192088515000 ) ) ;
#665 = SURFACE_STYLE_FILL_AREA ( #6771 ) ;
#666 = SURFACE_STYLE_USAGE ( .BOTH. , #4443 ) ;
#667 = STYLED_ITEM ( 'NONE', ( #5843 ), #38 ) ;
#668 = VECTOR ( 'NONE', #6728, 1000.000000000000000 ) ;
#669 = ORIENTED_EDGE ( 'NONE', *, *, #1194, .T. ) ;
#670 = DIRECTION ( 'NONE',  ( 0.8378260164629978100, 0.5459373280311069500, 0.0000000000000000000 ) ) ;
#671 = AXIS2_PLACEMENT_3D ( 'NONE', #6463, #2630, #7107 ) ;
#672 = FACE_OUTER_BOUND ( 'NONE', #7955, .T. ) ;
#673 = CARTESIAN_POINT ( 'NONE',  ( 0.08697063665170977300, 0.3662246223616866200, -0.4391525298995084800 ) ) ;
#674 = SURFACE_STYLE_USAGE ( .BOTH. , #4450 ) ;
#675 = DIRECTION ( 'NONE',  ( 1.000000000000000000, 0.0000000000000000000, 0.0000000000000000000 ) ) ;
#676 = CARTESIAN_POINT ( 'NONE',  ( -0.02857804579769943100, -1.171629158685595800, 0.2413905684920433200 ) ) ;
#677 = CARTESIAN_POINT ( 'NONE',  ( 0.02925005696892516600, -1.161605306670051400, -0.1539422439033453200 ) ) ;
#678 = ORIENTED_EDGE ( 'NONE', *, *, #3423, .F. ) ;
#679 = CARTESIAN_POINT ( 'NONE',  ( -0.07338909830154126400, 0.3992061965099127400, 0.3872316477172972300 ) ) ;
#680 = MECHANICAL_DESIGN_GEOMETRIC_PRESENTATION_REPRESENTATION (  '', ( #8117 ), #1090 ) ;
#681 = AXIS2_PLACEMENT_3D ( 'NONE', #5499, #8139, #4258 ) ;
#682 = EDGE_CURVE ( 'NONE', #4887, #6279, #4690, .T. ) ;
#683 = MECHANICAL_DESIGN_GEOMETRIC_PRESENTATION_REPRESENTATION (  '', ( #8125 ), #1095 ) ;
#684 = CARTESIAN_POINT ( 'NONE',  ( 0.09665289399638273000, 0.3558965629149591400, 0.3862886484029678400 ) ) ;
#685 = CARTESIAN_POINT ( 'NONE',  ( 1.270000000000000200, -1.353578643762690000, 0.7700000000000001300 ) ) ;
#686 = EDGE_LOOP ( 'NONE', ( #5717, #1275, #6945, #4091 ) ) ;
#687 = SURFACE_STYLE_FILL_AREA ( #2020 ) ;
#688 = CIRCLE ( 'NONE', #2146, 0.4792893218813447700 ) ;
#689 = CARTESIAN_POINT ( 'NONE',  ( 0.1274222360458140100, 0.3525217918669448800, 0.4251583462493439000 ) ) ;
#690 = SURFACE_STYLE_FILL_AREA ( #5838 ) ;
#691 = PLANE ( 'NONE',  #6798 ) ;
#692 = ADVANCED_FACE ( 'NONE', ( #6410, #8126 ), #8018, .F. ) ;
#693 = EDGE_LOOP ( 'NONE', ( #5988, #7763, #49, #4669 ) ) ;
#694 = ADVANCED_FACE ( 'NONE', ( #7327 ), #7000, .T. ) ;
#695 = DIRECTION ( 'NONE',  ( 0.0000000000000000000, 0.0000000000000000000, -1.000000000000000000 ) ) ;
#696 = DIRECTION ( 'NONE',  ( 1.447553700753488400E-016, -1.000000000000000000, 0.0000000000000000000 ) ) ;
#697 = AXIS2_PLACEMENT_3D ( 'NONE', #870, #5296, #1494 ) ;
#698 = AXIS2_PLACEMENT_3D ( 'NONE', #1773, #6234, #2425 ) ;
#699 =( NAMED_UNIT ( * ) SI_UNIT ( $, .STERADIAN. ) SOLID_ANGLE_UNIT ( ) );
#700 = CIRCLE ( 'NONE', #4880, 0.02999999999999997100 ) ;
#701 = CARTESIAN_POINT ( 'NONE',  ( -0.003401734235262663500, 0.4002344007844622600, -0.3610997543530894400 ) ) ;
#702 = ORIENTED_EDGE ( 'NONE', *, *, #4377, .F. ) ;
#703 =( LENGTH_UNIT ( ) NAMED_UNIT ( * ) SI_UNIT ( .MILLI., .METRE. ) );
#704 = DIRECTION ( 'NONE',  ( 1.000000000000000000, 0.0000000000000000000, 2.168404344971008100E-015 ) ) ;
#705 = COLOUR_RGB ( '',0.1098039215686274500, 0.1098039215686274500, 0.1098039215686274500 ) ;
#706 = CARTESIAN_POINT ( 'NONE',  ( -0.1056320425175573800, 0.3423693287319297100, 0.3953860903406357700 ) ) ;
#707 = CARTESIAN_POINT ( 'NONE',  ( 0.04926409210788446800, -1.155703074662968800, 0.07759745844292237300 ) ) ;
#708 = EDGE_CURVE ( 'NONE', #4689, #6578, #524, .T. ) ;
#709 = DIRECTION ( 'NONE',  ( -1.000000000000000000, 0.0000000000000000000, 0.0000000000000000000 ) ) ;
#710 = VECTOR ( 'NONE', #5165, 1000.000000000000000 ) ;
#711 = AXIS2_PLACEMENT_3D ( 'NONE', #7157, #3315, #7801 ) ;
#712 = ORIENTED_EDGE ( 'NONE', *, *, #2856, .T. ) ;
#713 = DIRECTION ( 'NONE',  ( -1.084202172485505800E-015, 0.0000000000000000000, -1.000000000000000000 ) ) ;
#714 = CARTESIAN_POINT ( 'NONE',  ( 0.1031155145763905800, 0.3461499768391173600, 0.4070139033086311900 ) ) ;
#715 = B_SPLINE_CURVE_WITH_KNOTS ( 'NONE', 3,
 ( #1086, #1722, #6190, #2366 ),
 .UNSPECIFIED., .F., .F.,
 ( 4, 4 ),
 ( 0.0000000000000000000, 9.560523739862556900E-005 ),
 .UNSPECIFIED. ) ;
#716 = COLOUR_RGB ( '',0.1098039215686274500, 0.1098039215686274500, 0.1098039215686274500 ) ;
#717 = CARTESIAN_POINT ( 'NONE',  ( 0.01062514165248273700, 0.4006154119413188300, 0.4303556963291285700 ) ) ;
#718 = B_SPLINE_CURVE_WITH_KNOTS ( 'NONE', 3,
 ( #6898, #2426, #3045, #7552, #3677, #8205, #4319 ),
 .UNSPECIFIED., .F., .F.,
 ( 4, 3, 4 ),
 ( 2.995445762590331600E-018, 0.0007623817026795911800, 0.001497213828109549100 ),
 .UNSPECIFIED. ) ;
#719 = CARTESIAN_POINT ( 'NONE',  ( -0.02925005696892477400, -1.161605306670051600, 0.1539422439033472600 ) ) ;
#720 = CARTESIAN_POINT ( 'NONE',  ( -0.1158231730575406100, 0.3543379074933980000, -0.3765128058188664800 ) ) ;
#721 = CONTEXT_DEPENDENT_SHAPE_REPRESENTATION ( #4094, #2866 ) ;
#722 = LINE ( 'NONE', #4085, #7315 ) ;
#723 = VERTEX_POINT ( 'NONE', #3538 ) ;
#724 = EDGE_CURVE ( 'NONE', #1934, #5049, #5384, .T. ) ;
#725 =( NAMED_UNIT ( * ) SI_UNIT ( $, .STERADIAN. ) SOLID_ANGLE_UNIT ( ) );
#726 = AXIS2_PLACEMENT_3D ( 'NONE', #963, #7347, #989 ) ;
#727 = CARTESIAN_POINT ( 'NONE',  ( 0.1250656858299101500, 0.2675996315862969600, -0.3655387589310535900 ) ) ;
#728 =( LENGTH_UNIT ( ) NAMED_UNIT ( * ) SI_UNIT ( .MILLI., .METRE. ) );
#729 = LINE ( 'NONE', #3968, #4086 ) ;
#730 = DIRECTION ( 'NONE',  ( 1.447553700753488400E-016, -1.000000000000000000, 0.0000000000000000000 ) ) ;
#731 = CARTESIAN_POINT ( 'NONE',  ( 0.02758944177094641000, -1.186375372573789100, -0.2421030037225062300 ) ) ;
#732 = CIRCLE ( 'NONE', #7794, 0.6499999999999995800 ) ;
#733 = ORIENTED_EDGE ( 'NONE', *, *, #5515, .T. ) ;
#734 = ORIENTED_EDGE ( 'NONE', *, *, #2431, .T. ) ;
#735 = CARTESIAN_POINT ( 'NONE',  ( -4.633726780297002800E-017, 0.6949999999999999500, 0.0000000000000000000 ) ) ;
#736 = CARTESIAN_POINT ( 'NONE',  ( -0.07866355184313511600, 0.3725052436901373200, -0.4377374762267186000 ) ) ;
#737 = CARTESIAN_POINT ( 'NONE',  ( -0.02767976143226182800, -1.185028146578315900, -0.2471251744671945900 ) ) ;
#738 = PRESENTATION_STYLE_ASSIGNMENT (( #3456 ) ) ;
#739 = FACE_OUTER_BOUND ( 'NONE', #6666, .T. ) ;
#740 = AXIS2_PLACEMENT_3D ( 'NONE', #621, #5054, #1242 ) ;
#741 = EDGE_CURVE ( 'NONE', #2101, #3676, #3899, .T. ) ;
#742 = ORIENTED_EDGE ( 'NONE', *, *, #4693, .T. ) ;
#743 = CARTESIAN_POINT ( 'NONE',  ( -0.1180273429976646400, 0.3525217918728290600, 0.3757410748851834900 ) ) ;
#744 = CARTESIAN_POINT ( 'NONE',  ( 0.9581966011250104800, 0.0000000000000000000, 1.169999999999999900 ) ) ;
#745 = ORIENTED_EDGE ( 'NONE', *, *, #1985, .F. ) ;
#746 = CARTESIAN_POINT ( 'NONE',  ( 0.1180253205482357900, 0.3525217918726916700, 0.3757417101686157900 ) ) ;
#747 = ADVANCED_FACE ( 'NONE', ( #7116 ), #6300, .F. ) ;
#748 = ADVANCED_FACE ( 'NONE', ( #3088 ), #4000, .T. ) ;
#749 = CIRCLE ( 'NONE', #2653, 0.05000000000000002400 ) ;
#750 = CARTESIAN_POINT ( 'NONE',  ( 0.4000000000000054100, -2.382506345545577700, 4.898587196589474100E-017 ) ) ;
#751 = FACE_OUTER_BOUND ( 'NONE', #3477, .T. ) ;
#752 = CARTESIAN_POINT ( 'NONE',  ( -0.06816498501354707800, 0.3809750913088193500, 0.3916556620244199800 ) ) ;
#753 = CARTESIAN_POINT ( 'NONE',  ( -0.04926409210788400300, -1.155703074662968800, -0.07759745844292166600 ) ) ;
#754 =( LENGTH_UNIT ( ) NAMED_UNIT ( * ) SI_UNIT ( .MILLI., .METRE. ) );
#755 = MECHANICAL_DESIGN_GEOMETRIC_PRESENTATION_REPRESENTATION (  '', ( #7328 ), #1148 ) ;
#756 = EDGE_CURVE ( 'NONE', #3925, #1289, #2539, .T. ) ;
#757 = CONICAL_SURFACE ( 'NONE', #5090, 0.2999999999999998200, 1.479865287713163700 ) ;
#758 = STYLED_ITEM ( 'NONE', ( #1407 ), #7817 ) ;
#759 = PRESENTATION_LAYER_ASSIGNMENT (  '', '', ( #8195 ) ) ;
#760 = FACE_OUTER_BOUND ( 'NONE', #3262, .T. ) ;
#761 = CARTESIAN_POINT ( 'NONE',  ( -0.2549999999999992300, -2.867118494305994400, 0.0000000000000000000 ) ) ;
#762 = DIRECTION ( 'NONE',  ( 1.000000000000000000, 0.0000000000000000000, 0.0000000000000000000 ) ) ;
#763 = CARTESIAN_POINT ( 'NONE',  ( 0.1170389825355018900, 0.3209933467046629500, -0.3887362750974165400 ) ) ;
#764 = DIRECTION ( 'NONE',  ( -1.000000000000000000, 0.0000000000000000000, 0.0000000000000000000 ) ) ;
#765 = ORIENTED_EDGE ( 'NONE', *, *, #5763, .T. ) ;
#766 = CARTESIAN_POINT ( 'NONE',  ( 0.1158236843077577300, 0.3543379074933296100, -0.3765126485472822200 ) ) ;
#767 = CARTESIAN_POINT ( 'NONE',  ( -0.1248962915426118800, 0.2902756521826465000, -0.3787587158356423000 ) ) ;
#768 = FILL_AREA_STYLE_COLOUR ( '', #2984 ) ;
#769 = CARTESIAN_POINT ( 'NONE',  ( -0.1389627131970103100, 0.2842241203146598800, -0.3618493744767293200 ) ) ;
#770 = VERTEX_POINT ( 'NONE', #7747 ) ;
#771 = ORIENTED_EDGE ( 'NONE', *, *, #5286, .F. ) ;
#772 = UNCERTAINTY_MEASURE_WITH_UNIT (LENGTH_MEASURE( 1.000000000000000100E-005 ), #2048, 'distance_accuracy_value', 'NONE');
#773 = CARTESIAN_POINT ( 'NONE',  ( -0.1069241233749348200, 0.3402872455494565500, 0.3947430299118580600 ) ) ;
#774 = CARTESIAN_POINT ( 'NONE',  ( -1.270000000000000200, -1.294999999999999900, 0.7700000000000012400 ) ) ;
#775 = DIRECTION ( 'NONE',  ( 0.0000000000000000000, 1.000000000000000000, 0.0000000000000000000 ) ) ;
#776 = CARTESIAN_POINT ( 'NONE',  ( 0.04134231949446859300, 0.4002934642887542300, -0.4139402011787715100 ) ) ;
#777 = CARTESIAN_POINT ( 'NONE',  ( 0.9581966011250105900, -1.294999999999999900, 1.169999999999999900 ) ) ;
#778 = DIRECTION ( 'NONE',  ( -1.447553700753488400E-016, 1.000000000000000000, -0.0000000000000000000 ) ) ;
#779 = SURFACE_STYLE_FILL_AREA ( #3379 ) ;
#780 = EDGE_LOOP ( 'NONE', ( #7866, #6724, #6697, #2255 ) ) ;
#781 = EDGE_CURVE ( 'NONE', #4119, #1935, #5706, .T. ) ;
#782 = CARTESIAN_POINT ( 'NONE',  ( -0.1223981047162033100, 0.3017194853530515400, 0.4132968149648084100 ) ) ;
#783 = CARTESIAN_POINT ( 'NONE',  ( -0.6025658350974741900, -0.1473024947075763100, 0.0000000000000000000 ) ) ;
#784 = CARTESIAN_POINT ( 'NONE',  ( -0.04551227361517930200, -1.169838943210478300, -0.2414646074291950100 ) ) ;
#785 = B_SPLINE_CURVE_WITH_KNOTS ( 'NONE', 3,
 ( #2907, #6759, #4176, #391, #4823, #1023, #5470, #1654, #6124, #2305, #6784, #2927, #7432, #3561, #8069, #4194, #413, #4851, #1047 ),
 .UNSPECIFIED., .F., .F.,
 ( 4, 3, 3, 3, 3, 3, 4 ),
 ( -9.262044623024624500E-007, 1.058791184067875400E-022, 9.896863988356059900E-006, 2.042547534028208400E-005, 2.796392413456506200E-005, 3.319237422321059600E-005, 3.846986150140886000E-005 ),
 .UNSPECIFIED. ) ;
#786 = CARTESIAN_POINT ( 'NONE',  ( 0.04933144428504389300, -1.205497527077970000, -0.2977156663328866500 ) ) ;
#787 = ORIENTED_EDGE ( 'NONE', *, *, #4667, .F. ) ;
#788 = DIRECTION ( 'NONE',  ( -1.000000000000000000, -1.447553700753488400E-016, 0.0000000000000000000 ) ) ;
#789 = ADVANCED_FACE ( 'NONE', ( #836 ), #32, .T. ) ;
#790 = ADVANCED_FACE ( 'NONE', ( #5081 ), #1513, .T. ) ;
#791 = DIRECTION ( 'NONE',  ( 1.000000000000000000, 0.0000000000000000000, 1.224646799147353200E-016 ) ) ;
#792 = DIRECTION ( 'NONE',  ( 1.000000000000000000, -0.0000000000000000000, 0.0000000000000000000 ) ) ;
#793 = SPHERICAL_SURFACE ( 'NONE', #5671, 0.1000000000000000100 ) ;
#794 = AXIS2_PLACEMENT_3D ( 'NONE', #2986, #7490, #2954 ) ;
#795 = AXIS2_PLACEMENT_3D ( 'NONE', #5809, #1971, #6446 ) ;
#796 = CARTESIAN_POINT ( 'NONE',  ( -0.4439249933206986800, 0.3534279700348352800, 0.0000000000000000000 ) ) ;
#797 = PRESENTATION_LAYER_ASSIGNMENT (  '', '', ( #351 ) ) ;
#798 = LINE ( 'NONE', #2936, #7179 ) ;
#799 = ORIENTED_EDGE ( 'NONE', *, *, #3348, .T. ) ;
#800 = COLOUR_RGB ( '',1.000000000000000000, 0.8117647058823529400, 0.5019607843137254800 ) ;
#801 = CARTESIAN_POINT ( 'NONE',  ( 0.09755195889204006100, 0.3547690285611642700, -0.3982749290683662000 ) ) ;
#802 = CARTESIAN_POINT ( 'NONE',  ( -1.270000000000000000, -1.294999999999999700, 0.6700000000000002600 ) ) ;
#803 = DIRECTION ( 'NONE',  ( -1.447553700753488400E-016, 1.000000000000000000, -0.0000000000000000000 ) ) ;
#804 = PRESENTATION_STYLE_ASSIGNMENT (( #7912 ) ) ;
#805 = ORIENTED_EDGE ( 'NONE', *, *, #1044, .T. ) ;
#806 = DIRECTION ( 'NONE',  ( 1.447553700753488400E-016, -1.000000000000000000, 0.0000000000000000000 ) ) ;
#807 = EDGE_CURVE ( 'NONE', #4092, #3513, #4881, .T. ) ;
#808 = STYLED_ITEM ( 'NONE', ( #6532 ), #7443 ) ;
#809 = CARTESIAN_POINT ( 'NONE',  ( -0.09243218875801419200, -0.2191680880665082800, -0.3822041574058944200 ) ) ;
#810 = DIRECTION ( 'NONE',  ( -1.000000000000000000, 0.0000000000000000000, 1.084202172485506600E-015 ) ) ;
#811 = CARTESIAN_POINT ( 'NONE',  ( -0.1250000000000000600, 0.2666198487095667900, -0.3897197719169305200 ) ) ;
#812 = VERTEX_POINT ( 'NONE', #6517 ) ;
#813 = CARTESIAN_POINT ( 'NONE',  ( 0.04630770841790556000, -1.150767665139403700, -0.2525584207203402400 ) ) ;
#814 = DIRECTION ( 'NONE',  ( 1.447553700753488400E-016, -1.000000000000000000, 0.0000000000000000000 ) ) ;
#815 = CARTESIAN_POINT ( 'NONE',  ( 1.370000000000000300, -1.395000000000000000, -0.6700000000000004800 ) ) ;
#816 = ORIENTED_EDGE ( 'NONE', *, *, #2834, .F. ) ;
#817 = VECTOR ( 'NONE', #8283, 1000.000000000000000 ) ;
#818 = CARTESIAN_POINT ( 'NONE',  ( -0.03397201354942366200, -1.218260360858893300, -0.2931727449421187000 ) ) ;
#819 = SPHERICAL_SURFACE ( 'NONE', #1721, 0.1000000000000000100 ) ;
#820 = CARTESIAN_POINT ( 'NONE',  ( 0.03206360899107799100, 0.3963902322985680100, -0.4123546724169163700 ) ) ;
#821 = ORIENTED_EDGE ( 'NONE', *, *, #4553, .F. ) ;
#822 = CARTESIAN_POINT ( 'NONE',  ( -0.06059935458453081400, -0.6939929610046580200, 0.2937098273540263400 ) ) ;
#823 = UNCERTAINTY_MEASURE_WITH_UNIT (LENGTH_MEASURE( 1.000000000000000100E-005 ), #643, 'distance_accuracy_value', 'NONE');
#824 = TOROIDAL_SURFACE ( 'NONE', #4651, 0.2368513167469089900, 0.02000000000000000000 ) ;
#825 = EDGE_CURVE ( 'NONE', #2208, #7522, #3195, .T. ) ;
#826 = UNCERTAINTY_MEASURE_WITH_UNIT (LENGTH_MEASURE( 1.000000000000000100E-005 ), #4290, 'distance_accuracy_value', 'NONE');
#827 = ADVANCED_FACE ( 'NONE', ( #3400 ), #4269, .T. ) ;
#828 = ADVANCED_FACE ( 'NONE', ( #5811 ), #2005, .F. ) ;
#829 =( LENGTH_UNIT ( ) NAMED_UNIT ( * ) SI_UNIT ( .MILLI., .METRE. ) );
#830 = FACE_OUTER_BOUND ( 'NONE', #7653, .T. ) ;
#831 = CARTESIAN_POINT ( 'NONE',  ( -0.3938423657390880400, 0.3525217918728547600, 0.0000000000000000000 ) ) ;
#832 = ORIENTED_EDGE ( 'NONE', *, *, #3460, .F. ) ;
#833 = DIRECTION ( 'NONE',  ( 1.447553700753488400E-016, -1.000000000000000000, 0.0000000000000000000 ) ) ;
#834 = CARTESIAN_POINT ( 'NONE',  ( 3.107117802025520800E-018, 0.3534279700348353400, 0.0000000000000000000 ) ) ;
#835 = CARTESIAN_POINT ( 'NONE',  ( 0.1398182339382001100, 0.2973236011342984000, 0.3628010814640037500 ) ) ;
#836 = FACE_OUTER_BOUND ( 'NONE', #359, .T. ) ;
#837 = LINE ( 'NONE', #6659, #4004 ) ;
#838 = EDGE_CURVE ( 'NONE', #2000, #2618, #6904, .T. ) ;
#839 = VERTEX_POINT ( 'NONE', #831 ) ;
#840 = ORIENTED_EDGE ( 'NONE', *, *, #5225, .F. ) ;
#841 = PRESENTATION_LAYER_ASSIGNMENT (  '', '', ( #398 ) ) ;
#842 = CARTESIAN_POINT ( 'NONE',  ( 0.9099999999999991400, 1.395000000000000200, 1.114428587224090400E-016 ) ) ;
#843 = CARTESIAN_POINT ( 'NONE',  ( 0.02529458252240696400, -1.223183884379456200, -0.2789380977350282600 ) ) ;
#844 = CARTESIAN_POINT ( 'NONE',  ( -1.270000000000000000, 1.294999999999999900, 1.270000000000000000 ) ) ;
#845 = SURFACE_SIDE_STYLE ('',( #1899 ) ) ;
#846 = COLOUR_RGB ( '',1.000000000000000000, 0.8117647058823529400, 0.5019607843137254800 ) ;
#847 = DIRECTION ( 'NONE',  ( -0.09080578102716042900, 0.9958686209194701500, 0.0000000000000000000 ) ) ;
#848 = VERTEX_POINT ( 'NONE', #222 ) ;
#849 = VECTOR ( 'NONE', #1237, 1000.000000000000000 ) ;
#850 = AXIS2_PLACEMENT_3D ( 'NONE', #4109, #313, #4745 ) ;
#851 = CARTESIAN_POINT ( 'NONE',  ( 0.1117898246928620300, 0.3331452681402512500, -0.3751256058514938500 ) ) ;
#852 = CARTESIAN_POINT ( 'NONE',  ( -0.1022680596842765600, 0.3475255422714770800, -0.3965887972423163300 ) ) ;
#853 = STYLED_ITEM ( 'NONE', ( #6996 ), #5139 ) ;
#854 = EDGE_CURVE ( 'NONE', #5155, #4689, #319, .T. ) ;
#855 = DIRECTION ( 'NONE',  ( -1.447553700753488400E-016, 1.000000000000000000, -0.0000000000000000000 ) ) ;
#856 = STYLED_ITEM ( 'NONE', ( #1848 ), #6846 ) ;
#857 = DIRECTION ( 'NONE',  ( -1.000000000000000000, 0.0000000000000000000, 0.0000000000000000000 ) ) ;
#858 = FILL_AREA_STYLE_COLOUR ( '', #3496 ) ;
#859 = CARTESIAN_POINT ( 'NONE',  ( -1.270000000000000700, 1.294999999999999700, 0.7700000000000004600 ) ) ;
#860 = CARTESIAN_POINT ( 'NONE',  ( -0.02393532428273369500, 0.3982353824790961800, 0.4131026157233108100 ) ) ;
#861 = CARTESIAN_POINT ( 'NONE',  ( 0.0000000000000000000, 1.294999999999999900, 1.270000000000000000 ) ) ;
#862 = EDGE_CURVE ( 'NONE', #4368, #1085, #5179, .T. ) ;
#863 = ORIENTED_EDGE ( 'NONE', *, *, #6826, .F. ) ;
#864 = ORIENTED_EDGE ( 'NONE', *, *, #2251, .F. ) ;
#865 = AXIS2_PLACEMENT_3D ( 'NONE', #7674, #6401, #2575 ) ;
#866 = STYLED_ITEM ( 'NONE', ( #1965 ), #5921 ) ;
#867 = DIRECTION ( 'NONE',  ( -1.447553700753488400E-016, 1.000000000000000000, -0.0000000000000000000 ) ) ;
#868 = CARTESIAN_POINT ( 'NONE',  ( 2.975399468465863700E-018, 0.3543379074933980500, 0.0000000000000000000 ) ) ;
#869 =( NAMED_UNIT ( * ) SI_UNIT ( $, .STERADIAN. ) SOLID_ANGLE_UNIT ( ) );
#870 = CARTESIAN_POINT ( 'NONE',  ( -2.540000000000000000, 0.0000000000000000000, 0.0000000000000000000 ) ) ;
#871 = EDGE_LOOP ( 'NONE', ( #7159, #4379, #3164, #2445 ) ) ;
#872 = CARTESIAN_POINT ( 'NONE',  ( 0.1291783635813464900, 0.3300799325273340300, 0.3699095911764708200 ) ) ;
#873 = UNCERTAINTY_MEASURE_WITH_UNIT (LENGTH_MEASURE( 1.000000000000000100E-005 ), #2514, 'distance_accuracy_value', 'NONE');
#874 = PRESENTATION_LAYER_ASSIGNMENT (  '', '', ( #429 ) ) ;
#875 =( NAMED_UNIT ( * ) SI_UNIT ( $, .STERADIAN. ) SOLID_ANGLE_UNIT ( ) );
#876 = ORIENTED_EDGE ( 'NONE', *, *, #568, .F. ) ;
#877 = DIRECTION ( 'NONE',  ( 0.0000000000000000000, 0.0000000000000000000, 1.000000000000000000 ) ) ;
#878 = DIRECTION ( 'NONE',  ( -0.0000000000000000000, 0.0000000000000000000, 1.000000000000000000 ) ) ;
#879 = TOROIDAL_SURFACE ( 'NONE', #4191, 0.6399999999999993500, 0.02999999999999999900 ) ;
#880 = DIRECTION ( 'NONE',  ( -1.447553700753488400E-016, 1.000000000000000000, -0.0000000000000000000 ) ) ;
#881 = EDGE_CURVE ( 'NONE', #7947, #6279, #1793, .T. ) ;
#882 = CARTESIAN_POINT ( 'NONE',  ( 0.1049476582995811000, 0.3434191609326395200, 0.3956286048806620400 ) ) ;
#883 = CIRCLE ( 'NONE', #2890, 0.1000000000000000500 ) ;
#884 = FILL_AREA_STYLE ('',( #7896 ) ) ;
#885 = ORIENTED_EDGE ( 'NONE', *, *, #1142, .T. ) ;
#886 = AXIS2_PLACEMENT_3D ( 'NONE', #735, #5161, #1351 ) ;
#887 = CARTESIAN_POINT ( 'NONE',  ( 1.208196601125010500, -1.395000000000000000, 0.6700000000000001500 ) ) ;
#888 = CARTESIAN_POINT ( 'NONE',  ( -4.923237520447700400E-017, 0.7150000000000000800, 0.0000000000000000000 ) ) ;
#889 = ORIENTED_EDGE ( 'NONE', *, *, #7, .T. ) ;
#890 = DIRECTION ( 'NONE',  ( -1.447553700753488400E-016, 1.000000000000000000, -0.0000000000000000000 ) ) ;
#891 = DIRECTION ( 'NONE',  ( 0.0000000000000000000, 0.0000000000000000000, 1.000000000000000000 ) ) ;
#892 = PRESENTATION_LAYER_ASSIGNMENT (  '', '', ( #1293 ) ) ;
#893 = CARTESIAN_POINT ( 'NONE',  ( 0.02753878945977811900, -1.187130912501005200, 0.2383618823706219700 ) ) ;
#894 =( GEOMETRIC_REPRESENTATION_CONTEXT ( 3 ) GLOBAL_UNCERTAINTY_ASSIGNED_CONTEXT ( ( #5243 ) ) GLOBAL_UNIT_ASSIGNED_CONTEXT ( ( #1660, #6132, #2313 ) ) REPRESENTATION_CONTEXT ( 'NONE', 'WORKASPACE' ) );
#895 = CIRCLE ( 'NONE', #7340, 0.5999999999999998700 ) ;
#896 = CARTESIAN_POINT ( 'NONE',  ( 0.04659309104347828700, -1.168332371617607700, -0.2372575651311839000 ) ) ;
#897 = ORIENTED_EDGE ( 'NONE', *, *, #5839, .F. ) ;
#898 = DIRECTION ( 'NONE',  ( -1.000000000000000000, -1.441759817635564500E-016, 0.0000000000000000000 ) ) ;
#899 = STYLED_ITEM ( 'NONE', ( #6877 ), #1719 ) ;
#900 = CARTESIAN_POINT ( 'NONE',  ( 2.287098961263472300E-016, -1.205082627581609600, 0.0000000000000000000 ) ) ;
#901 = VECTOR ( 'NONE', #7342, 1000.000000000000000 ) ;
#902 = ORIENTED_EDGE ( 'NONE', *, *, #2549, .T. ) ;
#903 = CARTESIAN_POINT ( 'NONE',  ( -0.1069241233671471100, 0.3402872455622174000, -0.3947430299118225300 ) ) ;
#904 = EDGE_CURVE ( 'NONE', #4309, #2331, #3478, .T. ) ;
#905 = FACE_BOUND ( 'NONE', #5221, .T. ) ;
#906 = AXIS2_PLACEMENT_3D ( 'NONE', #3825, #1912, #6412 ) ;
#907 = DIRECTION ( 'NONE',  ( 1.000000000000000000, -0.0000000000000000000, 0.0000000000000000000 ) ) ;
#908 = CARTESIAN_POINT ( 'NONE',  ( -7.424927725979442400E-017, 0.8878219273820066000, 0.0000000000000000000 ) ) ;
#909 = AXIS2_PLACEMENT_3D ( 'NONE', #6186, #2362, #6844 ) ;
#910 = SURFACE_STYLE_FILL_AREA ( #1712 ) ;
#911 = ORIENTED_EDGE ( 'NONE', *, *, #708, .T. ) ;
#912 = CARTESIAN_POINT ( 'NONE',  ( -0.1291690999461107500, 0.3300775332369459400, 0.3699126412416096600 ) ) ;
#913 =( NAMED_UNIT ( * ) SI_UNIT ( $, .STERADIAN. ) SOLID_ANGLE_UNIT ( ) );
#914 = SHAPE_DEFINITION_REPRESENTATION ( #3942, #3678 ) ;
#915 = FACE_OUTER_BOUND ( 'NONE', #2691, .T. ) ;
#916 = ORIENTED_EDGE ( 'NONE', *, *, #6670, .F. ) ;
#917 = SURFACE_STYLE_FILL_AREA ( #5264 ) ;
#918 = B_SPLINE_CURVE_WITH_KNOTS ( 'NONE', 3,
 ( #6174, #5518, #6829, #2976, #7480, #3609, #8128, #4244, #462, #4905, #1097, #5552, #1733, #6202, #2377, #6854 ),
 .UNSPECIFIED., .F., .F.,
 ( 4, 3, 3, 3, 3, 4 ),
 ( 0.0000000000000000000, 5.298083801097204000E-006, 1.227197188402217200E-005, 1.902590294946687300E-005, 2.568867549069192100E-005, 3.233781651840799400E-005 ),
 .UNSPECIFIED. ) ;
#919 = DIRECTION ( 'NONE',  ( -1.000000000000000000, 0.0000000000000000000, 0.0000000000000000000 ) ) ;
#920 = DIRECTION ( 'NONE',  ( 1.084202172485505800E-015, 0.0000000000000000000, -1.000000000000000000 ) ) ;
#921 = ORIENTED_EDGE ( 'NONE', *, *, #414, .F. ) ;
#922 = CARTESIAN_POINT ( 'NONE',  ( 0.02738722604449496400, -1.189391662486750700, -0.2501484472521965900 ) ) ;
#923 = CARTESIAN_POINT ( 'NONE',  ( 0.1239940899562083200, 0.3507056762520321400, -0.3947436973228082300 ) ) ;
#924 = ORIENTED_EDGE ( 'NONE', *, *, #2375, .T. ) ;
#925 = EDGE_CURVE ( 'NONE', #2332, #8291, #4979, .T. ) ;
#926 = AXIS2_PLACEMENT_3D ( 'NONE', #7951, #6660, #2212 ) ;
#927 =( NAMED_UNIT ( * ) SI_UNIT ( $, .STERADIAN. ) SOLID_ANGLE_UNIT ( ) );
#928 = DIRECTION ( 'NONE',  ( 1.000000000000000000, 0.0000000000000000000, 0.0000000000000000000 ) ) ;
#929 = COLOUR_RGB ( '',0.1098039215686274500, 0.1098039215686274500, 0.1098039215686274500 ) ;
#930 = SPHERICAL_SURFACE ( 'NONE', #1081, 0.1000000000000000100 ) ;
#931 = ORIENTED_EDGE ( 'NONE', *, *, #6956, .F. ) ;
#932 = FILL_AREA_STYLE_COLOUR ( '', #6504 ) ;
#933 = SURFACE_STYLE_USAGE ( .BOTH. , #4724 ) ;
#934 = ORIENTED_EDGE ( 'NONE', *, *, #6177, .F. ) ;
#935 = PRESENTATION_STYLE_ASSIGNMENT (( #4606 ) ) ;
#936 =( GEOMETRIC_REPRESENTATION_CONTEXT ( 3 ) GLOBAL_UNCERTAINTY_ASSIGNED_CONTEXT ( ( #4562 ) ) GLOBAL_UNIT_ASSIGNED_CONTEXT ( ( #72, #4110, #315 ) ) REPRESENTATION_CONTEXT ( 'NONE', 'WORKASPACE' ) );
#937 =( LENGTH_UNIT ( ) NAMED_UNIT ( * ) SI_UNIT ( .MILLI., .METRE. ) );
#938 = CARTESIAN_POINT ( 'NONE',  ( -0.04615280485857226700, -1.152171369580581300, 0.2524566960010325400 ) ) ;
#939 = CARTESIAN_POINT ( 'NONE',  ( -1.832000000000000700, -1.954016994374949500, 0.3539999999999993700 ) ) ;
#940 = DIRECTION ( 'NONE',  ( 1.447553700753488400E-016, -1.000000000000000000, 0.0000000000000000000 ) ) ;
#941 = COLOUR_RGB ( '',1.000000000000000000, 0.8117647058823529400, 0.5019607843137254800 ) ;
#942 = ORIENTED_EDGE ( 'NONE', *, *, #1874, .T. ) ;
#943 = AXIS2_PLACEMENT_3D ( 'NONE', #3104, #1183, #2504 ) ;
#944 = EDGE_CURVE ( 'NONE', #5474, #7120, #4869, .T. ) ;
#945 = SURFACE_STYLE_USAGE ( .BOTH. , #4738 ) ;
#946 = STYLED_ITEM ( 'NONE', ( #7936 ), #7141 ) ;
#947 = DIRECTION ( 'NONE',  ( -1.000000000000000000, 0.0000000000000000000, -1.084202172485506600E-015 ) ) ;
#948 = CARTESIAN_POINT ( 'NONE',  ( -0.02569777077731669900, -1.214591912587045900, 0.1842779917399871600 ) ) ;
#949 = CARTESIAN_POINT ( 'NONE',  ( 0.1518986748799413000, 0.2634659119465356200, 0.4083876577056689300 ) ) ;
#950 = DIRECTION ( 'NONE',  ( -1.000000000000000000, 0.0000000000000000000, 0.0000000000000000000 ) ) ;
#951 = ORIENTED_EDGE ( 'NONE', *, *, #825, .F. ) ;
#952 = EDGE_LOOP ( 'NONE', ( #1117, #1586 ) ) ;
#953 = DIRECTION ( 'NONE',  ( -0.005953837729687281100, -0.08880862533598039800, -0.9960309131157638600 ) ) ;
#954 = DIRECTION ( 'NONE',  ( -1.000000000000000000, -1.447553700753488400E-016, 0.0000000000000000000 ) ) ;
#955 = DIRECTION ( 'NONE',  ( 1.447553700753488400E-016, -1.000000000000000000, 0.0000000000000000000 ) ) ;
#956 = CIRCLE ( 'NONE', #6118, 0.2567686891652983200 ) ;
#957 = UNCERTAINTY_MEASURE_WITH_UNIT (LENGTH_MEASURE( 1.000000000000000100E-005 ), #1875, 'distance_accuracy_value', 'NONE');
#958 = ORIENTED_EDGE ( 'NONE', *, *, #1680, .T. ) ;
#959 = UNCERTAINTY_MEASURE_WITH_UNIT (LENGTH_MEASURE( 1.000000000000000100E-005 ), #5411, 'distance_accuracy_value', 'NONE');
#960 = CARTESIAN_POINT ( 'NONE',  ( 0.1056262076089890400, 0.3423778211383345400, 0.3953858068265581100 ) ) ;
#961 = DIRECTION ( 'NONE',  ( -1.000000000000000000, -1.376441778236428700E-016, 0.0000000000000000000 ) ) ;
#962 = CARTESIAN_POINT ( 'NONE',  ( -0.04602106526623406200, -1.153575165043917200, 0.2521963591120535700 ) ) ;
#963 = CARTESIAN_POINT ( 'NONE',  ( 1.742557280900008500, 1.294999999999999700, 0.3987213595499958200 ) ) ;
#964 = DIRECTION ( 'NONE',  ( -0.8944271909999156300, 0.0000000000000000000, -0.4472135954999583700 ) ) ;
#965 = ORIENTED_EDGE ( 'NONE', *, *, #2513, .F. ) ;
#966 = EDGE_CURVE ( 'NONE', #1820, #7261, #6712, .T. ) ;
#967 = AXIS2_PLACEMENT_3D ( 'NONE', #7489, #2329, #5561 ) ;
#968 = CARTESIAN_POINT ( 'NONE',  ( 0.4439249933206986200, 0.8878219273820251400, 5.436513221317039400E-017 ) ) ;
#969 = SURFACE_STYLE_USAGE ( .BOTH. , #4762 ) ;
#970 = VERTEX_POINT ( 'NONE', #7301 ) ;
#971 = CARTESIAN_POINT ( 'NONE',  ( -0.1248607912308391800, 0.2645433830776195400, 0.4185491471247365600 ) ) ;
#972 = CARTESIAN_POINT ( 'NONE',  ( -0.1158231730575406500, 0.3543379074932666600, 0.3765128058188664800 ) ) ;
#973 = DIRECTION ( 'NONE',  ( 1.000000000000000000, 0.0000000000000000000, 0.0000000000000000000 ) ) ;
#974 = CARTESIAN_POINT ( 'NONE',  ( -4.923237520447700400E-017, 0.7150000000000000800, 0.0000000000000000000 ) ) ;
#975 = EDGE_CURVE ( 'NONE', #150, #7964, #1598, .T. ) ;
#976 = DIRECTION ( 'NONE',  ( 1.000000000000000000, 1.447553700753488400E-016, 0.0000000000000000000 ) ) ;
#977 = CARTESIAN_POINT ( 'NONE',  ( 0.08353267560518255800, 0.4006561957270598500, -0.4413591502442703600 ) ) ;
#978 = CARTESIAN_POINT ( 'NONE',  ( -0.2549525735447549200, -1.170685037557874600, 0.0000000000000000000 ) ) ;
#979 = AXIS2_PLACEMENT_3D ( 'NONE', #4276, #490, #4930 ) ;
#980 = SURFACE_STYLE_USAGE ( .BOTH. , #4775 ) ;
#981 = DIRECTION ( 'NONE',  ( 0.0000000000000000000, 0.9960485673285178800, -0.08881019943006024400 ) ) ;
#982 = ORIENTED_EDGE ( 'NONE', *, *, #5679, .T. ) ;
#983 = DIRECTION ( 'NONE',  ( -0.5059326411432164500, -0.8290431166894481900, 0.2381589244510805000 ) ) ;
#984 =( NAMED_UNIT ( * ) SI_UNIT ( $, .STERADIAN. ) SOLID_ANGLE_UNIT ( ) );
#985 = CARTESIAN_POINT ( 'NONE',  ( -0.04784238332212900600, -1.168868921937331400, 0.2301144326776780600 ) ) ;
#986 = VERTEX_POINT ( 'NONE', #7942 ) ;
#987 = AXIS2_PLACEMENT_3D ( 'NONE', #141, #778, #4516 ) ;
#988 = CYLINDRICAL_SURFACE ( 'NONE', #6778, 0.1000000000000000500 ) ;
#989 = DIRECTION ( 'NONE',  ( -0.8944271909999160800, 0.0000000000000000000, 0.4472135954999574800 ) ) ;
#990 = EDGE_CURVE ( 'NONE', #4713, #4272, #3297, .T. ) ;
#991 = STYLED_ITEM ( 'NONE', ( #5531 ), #6557 ) ;
#992 = CARTESIAN_POINT ( 'NONE',  ( 2.518587945522486000E-016, -1.365000000000000000, 0.0000000000000000000 ) ) ;
#993 = ORIENTED_EDGE ( 'NONE', *, *, #3839, .F. ) ;
#994 = CARTESIAN_POINT ( 'NONE',  ( -0.1268494222302376000, 0.3528225842455117200, 0.4253565343891521100 ) ) ;
#995 = CARTESIAN_POINT ( 'NONE',  ( -4.633726780297002800E-017, 0.6949999999999999500, 0.0000000000000000000 ) ) ;
#996 = SURFACE_STYLE_USAGE ( .BOTH. , #4795 ) ;
#997 =( LENGTH_UNIT ( ) NAMED_UNIT ( * ) SI_UNIT ( .MILLI., .METRE. ) );
#998 = DIRECTION ( 'NONE',  ( 1.000000000000000000, 1.447553700753488200E-016, 0.0000000000000000000 ) ) ;
#999 = EDGE_CURVE ( 'NONE', #2618, #2261, #3406, .T. ) ;
#1000 = CARTESIAN_POINT ( 'NONE',  ( -0.1173081954115279300, 0.3531279773632808300, -0.3760249089746931500 ) ) ;
#1001 = ORIENTED_EDGE ( 'NONE', *, *, #5615, .T. ) ;
#1002 = AXIS2_PLACEMENT_3D ( 'NONE', #3036, #7544, #3665 ) ;
#1003 = CARTESIAN_POINT ( 'NONE',  ( -0.1273296167111906700, 0.3013688739725553500, -0.3926445623959670100 ) ) ;
#1004 = FILL_AREA_STYLE ('',( #8028 ) ) ;
#1005 = PRESENTATION_LAYER_ASSIGNMENT (  '', '', ( #179 ) ) ;
#1006 =( LENGTH_UNIT ( ) NAMED_UNIT ( * ) SI_UNIT ( .MILLI., .METRE. ) );
#1007 = DIRECTION ( 'NONE',  ( 1.224646799147353200E-016, 1.772742006221665100E-032, -1.000000000000000000 ) ) ;
#1008 = ORIENTED_EDGE ( 'NONE', *, *, #5257, .T. ) ;
#1009 = CARTESIAN_POINT ( 'NONE',  ( 0.09150301173731692500, -0.2330278769365277400, 0.3535703795776172200 ) ) ;
#1010 = CARTESIAN_POINT ( 'NONE',  ( -0.1239110127981695700, 0.3543379074933982700, -0.4262809643909921700 ) ) ;
#1011 = B_SPLINE_CURVE_WITH_KNOTS ( 'NONE', 3,
 ( #7787, #3905, #7174, #3330, #7815, #3959, #181 ),
 .UNSPECIFIED., .F., .F.,
 ( 4, 3, 4 ),
 ( 0.0000000000000000000, 0.0007442893091426455900, 0.001424923633714529200 ),
 .UNSPECIFIED. ) ;
#1012 = TOROIDAL_SURFACE ( 'NONE', #502, 0.6499999999999994700, 0.05000000000000000300 ) ;
#1013 = DIRECTION ( 'NONE',  ( 0.0000000000000000000, -0.0000000000000000000, -1.000000000000000000 ) ) ;
#1014 = ORIENTED_EDGE ( 'NONE', *, *, #2400, .F. ) ;
#1015 = VERTEX_POINT ( 'NONE', #6705 ) ;
#1016 = CYLINDRICAL_SURFACE ( 'NONE', #1720, 0.3939249933206986400 ) ;
#1017 = CARTESIAN_POINT ( 'NONE',  ( 0.3998154356757370200, 0.8936853245068847600, 5.606756880819297300E-017 ) ) ;
#1018 = EDGE_CURVE ( 'NONE', #2750, #1957, #3080, .T. ) ;
#1019 = ORIENTED_EDGE ( 'NONE', *, *, #6198, .F. ) ;
#1020 = AXIS2_PLACEMENT_3D ( 'NONE', #3079, #3113, #7611 ) ;
#1021 = CARTESIAN_POINT ( 'NONE',  ( -0.09243218875801739700, -0.2191680880665334000, 0.3822041574059010800 ) ) ;
#1022 = VECTOR ( 'NONE', #2418, 1000.000000000000000 ) ;
#1023 = CARTESIAN_POINT ( 'NONE',  ( -0.04413439582682929200, -1.210105081657630200, 0.2975885388489649100 ) ) ;
#1024 = CARTESIAN_POINT ( 'NONE',  ( -0.06020760464785768900, -0.6998363808173609900, -0.3077258192088516700 ) ) ;
#1025 = FILL_AREA_STYLE ('',( #6074 ) ) ;
#1026 = CARTESIAN_POINT ( 'NONE',  ( -1.370000000000000100, 1.294999999999999900, -0.6700000000000002600 ) ) ;
#1027 = CARTESIAN_POINT ( 'NONE',  ( 0.02513243104745637200, -1.223024632209491300, 0.2771991270210189000 ) ) ;
#1028 = SURFACE_SIDE_STYLE ('',( #8008 ) ) ;
#1029 = CIRCLE ( 'NONE', #6713, 0.01999999999999999700 ) ;
#1030 = CARTESIAN_POINT ( 'NONE',  ( 1.208196601125010500, 1.395000000000000000, -0.6700000000000001500 ) ) ;
#1031 = CARTESIAN_POINT ( 'NONE',  ( -1.443225670682024200E-013, 997.3849999999999900, 0.0000000000000000000 ) ) ;
#1032 = SURFACE_STYLE_FILL_AREA ( #5202 ) ;
#1033 = MECHANICAL_DESIGN_GEOMETRIC_PRESENTATION_REPRESENTATION (  '', ( #209 ), #1468 ) ;
#1034 = MECHANICAL_DESIGN_GEOMETRIC_PRESENTATION_REPRESENTATION (  '', ( #210 ), #1469 ) ;
#1035 = AXIS2_PLACEMENT_3D ( 'NONE', #6000, #2177, #6654 ) ;
#1036 = PLANE ( 'NONE',  #3346 ) ;
#1037 = SURFACE_STYLE_USAGE ( .BOTH. , #4836 ) ;
#1038 = DIRECTION ( 'NONE',  ( 1.000000000000000000, 0.0000000000000000000, 0.0000000000000000000 ) ) ;
#1039 = DIRECTION ( 'NONE',  ( -1.000000000000000000, -1.447553700753488400E-016, 0.0000000000000000000 ) ) ;
#1040 = EDGE_LOOP ( 'NONE', ( #198, #6775, #8235, #2076, #547 ) ) ;
#1041 = VERTEX_POINT ( 'NONE', #2855 ) ;
#1042 = CARTESIAN_POINT ( 'NONE',  ( -0.02813258350744129700, -1.178273762625600600, 0.2584972941336545200 ) ) ;
#1043 = STYLED_ITEM ( 'NONE', ( #6981 ), #1477 ) ;
#1044 = EDGE_CURVE ( 'NONE', #5560, #3531, #1403, .T. ) ;
#1045 = CARTESIAN_POINT ( 'NONE',  ( 0.9581966011250107100, 1.395000000000000000, -1.169999999999999900 ) ) ;
#1046 = ORIENTED_EDGE ( 'NONE', *, *, #4667, .T. ) ;
#1047 = CARTESIAN_POINT ( 'NONE',  ( -0.02529458252240660000, -1.223183884379456200, 0.2789380977350282600 ) ) ;
#1048 = DIRECTION ( 'NONE',  ( 0.0000000000000000000, -0.0000000000000000000, -1.000000000000000000 ) ) ;
#1049 = FILL_AREA_STYLE_COLOUR ( '', #3184 ) ;
#1050 = CARTESIAN_POINT ( 'NONE',  ( 1.270000000000000000, 1.294999999999999900, -0.6700000000000002600 ) ) ;
#1051 = CARTESIAN_POINT ( 'NONE',  ( -0.1517076998996377300, 0.2909921522516909500, 0.4111512178519106700 ) ) ;
#1052 = UNCERTAINTY_MEASURE_WITH_UNIT (LENGTH_MEASURE( 1.000000000000000100E-005 ), #2649, 'distance_accuracy_value', 'NONE');
#1053 = ORIENTED_EDGE ( 'NONE', *, *, #3989, .F. ) ;
#1054 = UNCERTAINTY_MEASURE_WITH_UNIT (LENGTH_MEASURE( 1.000000000000000100E-005 ), #3985, 'distance_accuracy_value', 'NONE');
#1055 = SURFACE_STYLE_USAGE ( .BOTH. , #4855 ) ;
#1056 = ADVANCED_FACE ( 'NONE', ( #6508 ), #2497, .T. ) ;
#1057 = DIRECTION ( 'NONE',  ( -1.447553700753488400E-016, 1.000000000000000000, -0.0000000000000000000 ) ) ;
#1058 = FACE_OUTER_BOUND ( 'NONE', #3013, .T. ) ;
#1059 = DIRECTION ( 'NONE',  ( 0.0000000000000000000, 1.000000000000000000, 0.0000000000000000000 ) ) ;
#1060 = ORIENTED_EDGE ( 'NONE', *, *, #1824, .T. ) ;
#1061 = FILL_AREA_STYLE ('',( #6794 ) ) ;
#1062 = PRESENTATION_STYLE_ASSIGNMENT (( #4520 ) ) ;
#1063 = PRESENTATION_STYLE_ASSIGNMENT (( #4797 ) ) ;
#1064 = DIRECTION ( 'NONE',  ( 0.0000000000000000000, -0.0000000000000000000, -1.000000000000000000 ) ) ;
#1065 = EDGE_CURVE ( 'NONE', #4952, #1579, #7407, .T. ) ;
#1066 = FACE_OUTER_BOUND ( 'NONE', #6493, .T. ) ;
#1067 = CARTESIAN_POINT ( 'NONE',  ( -0.03309163369085169100, 0.3965147622558213300, 0.4280576153784626000 ) ) ;
#1068 = ORIENTED_EDGE ( 'NONE', *, *, #6087, .T. ) ;
#1069 = AXIS2_PLACEMENT_3D ( 'NONE', #6492, #2662, #7139 ) ;
#1070 = DIRECTION ( 'NONE',  ( 1.000000000000000000, 1.447553700753488400E-016, 0.0000000000000000000 ) ) ;
#1071 = CARTESIAN_POINT ( 'NONE',  ( 0.02751749980527879600, -1.187448473213238900, 0.2283363398061075700 ) ) ;
#1072 = DIRECTION ( 'NONE',  ( -0.0000000000000000000, -1.000000000000000000, -0.0000000000000000000 ) ) ;
#1073 = ORIENTED_EDGE ( 'NONE', *, *, #1094, .T. ) ;
#1074 = CARTESIAN_POINT ( 'NONE',  ( -0.1304510431445332100, 0.3479051576172290700, -0.4237983857592853000 ) ) ;
#1075 =( LENGTH_UNIT ( ) NAMED_UNIT ( * ) SI_UNIT ( .MILLI., .METRE. ) );
#1076 = FACE_OUTER_BOUND ( 'NONE', #693, .T. ) ;
#1077 = AXIS2_PLACEMENT_3D ( 'NONE', #3386, #4711, #920 ) ;
#1078 = CARTESIAN_POINT ( 'NONE',  ( -0.1224006022260963700, 0.3017080419946015500, -0.3947727199943770700 ) ) ;
#1079 = CARTESIAN_POINT ( 'NONE',  ( 1.244400193985225400, 1.395000000000000000, 0.7285786437626906600 ) ) ;
#1080 = CARTESIAN_POINT ( 'NONE',  ( 0.03003326316415448300, -1.149922847605686600, 0.2556207292921333600 ) ) ;
#1081 = AXIS2_PLACEMENT_3D ( 'NONE', #1322, #94, #4496 ) ;
#1082 = CARTESIAN_POINT ( 'NONE',  ( 2.313301502529483700E-016, -1.223183884379456200, 0.0000000000000000000 ) ) ;
#1083 = CARTESIAN_POINT ( 'NONE',  ( 0.04910263791519668700, -1.205704460288450100, 0.2977276446913761900 ) ) ;
#1084 = CONICAL_SURFACE ( 'NONE', #1362, 0.2999999999999998200, 1.479865287713163700 ) ;
#1085 = VERTEX_POINT ( 'NONE', #1633 ) ;
#1086 = CARTESIAN_POINT ( 'NONE',  ( 0.1274222360458140100, 0.3525217918669448800, 0.4251583462493439000 ) ) ;
#1087 =( NAMED_UNIT ( * ) SI_UNIT ( $, .STERADIAN. ) SOLID_ANGLE_UNIT ( ) );
#1088 = CARTESIAN_POINT ( 'NONE',  ( -0.06059935458454415000, -0.6939929610046623500, -0.2937098273540673100 ) ) ;
#1089 = SURFACE_SIDE_STYLE ('',( #6318 ) ) ;
#1090 =( GEOMETRIC_REPRESENTATION_CONTEXT ( 3 ) GLOBAL_UNCERTAINTY_ASSIGNED_CONTEXT ( ( #4241 ) ) GLOBAL_UNIT_ASSIGNED_CONTEXT ( ( #3645, #8169, #4289 ) ) REPRESENTATION_CONTEXT ( 'NONE', 'WORKASPACE' ) );
#1091 = ORIENTED_EDGE ( 'NONE', *, *, #4825, .T. ) ;
#1092 = CARTESIAN_POINT ( 'NONE',  ( -0.04577085738069056100, -1.157149291725882300, -0.2509541767957842500 ) ) ;
#1093 = AXIS2_PLACEMENT_3D ( 'NONE', #4288, #500, #4939 ) ;
#1094 = EDGE_CURVE ( 'NONE', #6582, #23, #446, .T. ) ;
#1095 =( GEOMETRIC_REPRESENTATION_CONTEXT ( 3 ) GLOBAL_UNCERTAINTY_ASSIGNED_CONTEXT ( ( #6791 ) ) GLOBAL_UNIT_ASSIGNED_CONTEXT ( ( #6167, #2342, #6822 ) ) REPRESENTATION_CONTEXT ( 'NONE', 'WORKASPACE' ) );
#1096 = CARTESIAN_POINT ( 'NONE',  ( -0.1250039847909064900, 0.2666795047951452900, 0.3897247990692573900 ) ) ;
#1097 = CARTESIAN_POINT ( 'NONE',  ( 0.04562005361576936000, -1.161042979093070300, 0.2487831781670238100 ) ) ;
#1098 = ADVANCED_FACE ( 'NONE', ( #5700 ), #824, .F. ) ;
#1099 = DIRECTION ( 'NONE',  ( -1.000000000000000000, -1.275531967630006200E-016, 0.0000000000000000000 ) ) ;
#1100 = VECTOR ( 'NONE', #7809, 999.9999999999998900 ) ;
#1101 = ORIENTED_EDGE ( 'NONE', *, *, #223, .F. ) ;
#1102 = UNCERTAINTY_MEASURE_WITH_UNIT (LENGTH_MEASURE( 1.000000000000000100E-005 ), #6971, 'distance_accuracy_value', 'NONE');
#1103 = FILL_AREA_STYLE_COLOUR ( '', #283 ) ;
#1104 = CARTESIAN_POINT ( 'NONE',  ( -0.1250000000000000600, 0.2666198487095667900, 0.3792098549233096100 ) ) ;
#1105 = AXIS2_PLACEMENT_3D ( 'NONE', #5959, #2140, #6611 ) ;
#1106 = CARTESIAN_POINT ( 'NONE',  ( 0.006771595569208282100, 0.4008714342407249700, -0.4302294545172581900 ) ) ;
#1107 = VERTEX_POINT ( 'NONE', #2932 ) ;
#1108 = DIRECTION ( 'NONE',  ( -1.000000000000000000, -1.444121746138480700E-016, 0.0000000000000000000 ) ) ;
#1109 = CARTESIAN_POINT ( 'NONE',  ( 0.02751749980527877500, -1.187448473213239300, 0.2283363398061076000 ) ) ;
#1110 = AXIS2_PLACEMENT_3D ( 'NONE', #4369, #593, #5031 ) ;
#1111 = ORIENTED_EDGE ( 'NONE', *, *, #5407, .F. ) ;
#1112 = CARTESIAN_POINT ( 'NONE',  ( 1.270000000000000000, 1.353578643762690000, -0.7700000000000002400 ) ) ;
#1113 = DIRECTION ( 'NONE',  ( 0.0000000000000000000, 1.000000000000000000, 0.0000000000000000000 ) ) ;
#1114 = LINE ( 'NONE', #3593, #4476 ) ;
#1115 = ORIENTED_EDGE ( 'NONE', *, *, #4459, .T. ) ;
#1116 = CARTESIAN_POINT ( 'NONE',  ( 0.5000000000000050000, 0.8722442183630783100, 0.0000000000000000000 ) ) ;
#1117 = ORIENTED_EDGE ( 'NONE', *, *, #5225, .T. ) ;
#1118 = EDGE_CURVE ( 'NONE', #6252, #5829, #2297, .T. ) ;
#1119 = FILL_AREA_STYLE_COLOUR ( '', #2322 ) ;
#1120 = CIRCLE ( 'NONE', #1884, 0.5158374504826133100 ) ;
#1121 = AXIS2_PLACEMENT_3D ( 'NONE', #6479, #775, #5197 ) ;
#1122 = CARTESIAN_POINT ( 'NONE',  ( -1.270000000000000000, 1.294999999999999900, -0.6700000000000002600 ) ) ;
#1123 = FILL_AREA_STYLE_COLOUR ( '', #6424 ) ;
#1124 = COLOUR_RGB ( '',1.000000000000000000, 0.8117647058823529400, 0.5019607843137254800 ) ;
#1125 = EDGE_CURVE ( 'NONE', #812, #7505, #3994, .T. ) ;
#1126 = AXIS2_PLACEMENT_3D ( 'NONE', #6750, #2896, #4168 ) ;
#1127 = CARTESIAN_POINT ( 'NONE',  ( 0.1371261188296987200, 0.3017060979684805200, -0.3642923738142994600 ) ) ;
#1128 = CARTESIAN_POINT ( 'NONE',  ( -0.3293303437365921500, -2.845000000000000600, 0.0000000000000000000 ) ) ;
#1129 = ORIENTED_EDGE ( 'NONE', *, *, #8065, .T. ) ;
#1130 = CARTESIAN_POINT ( 'NONE',  ( 0.1259882997301867100, 0.2814707488877965500, -0.3909741636357752500 ) ) ;
#1131 = FILL_AREA_STYLE ('',( #3644 ) ) ;
#1132 = DIRECTION ( 'NONE',  ( 1.000000000000000000, 1.447553700753488400E-016, 0.0000000000000000000 ) ) ;
#1133 = DIRECTION ( 'NONE',  ( -1.447553700753488400E-016, 1.000000000000000000, -0.0000000000000000000 ) ) ;
#1134 = DIRECTION ( 'NONE',  ( -1.000000000000000000, 0.0000000000000000000, 0.0000000000000000000 ) ) ;
#1135 = SURFACE_STYLE_FILL_AREA ( #5005 ) ;
#1136 = DIRECTION ( 'NONE',  ( -1.447553700753488400E-016, 1.000000000000000000, -0.0000000000000000000 ) ) ;
#1137 = ADVANCED_FACE ( 'NONE', ( #5478 ), #4870, .T. ) ;
#1138 = AXIS2_PLACEMENT_3D ( 'NONE', #4882, #1072, #5522 ) ;
#1139 = CARTESIAN_POINT ( 'NONE',  ( -0.1128687574172135000, 0.3590962634738663100, -0.3774216455414604600 ) ) ;
#1140 = ORIENTED_EDGE ( 'NONE', *, *, #1853, .F. ) ;
#1141 = ORIENTED_EDGE ( 'NONE', *, *, #487, .F. ) ;
#1142 = EDGE_CURVE ( 'NONE', #7300, #5521, #5771, .T. ) ;
#1143 = CARTESIAN_POINT ( 'NONE',  ( 1.832000000000000100, -1.954016994374949500, 0.3540000000000000400 ) ) ;
#1144 =( NAMED_UNIT ( * ) SI_UNIT ( $, .STERADIAN. ) SOLID_ANGLE_UNIT ( ) );
#1145 = CARTESIAN_POINT ( 'NONE',  ( 0.02917838675610640000, -1.221599968234500000, -0.2884193327292977100 ) ) ;
#1146 = CARTESIAN_POINT ( 'NONE',  ( 0.05984158151271986400, -0.7052960545516583400, -0.3446300717283436500 ) ) ;
#1147 = EDGE_LOOP ( 'NONE', ( #4891, #3639, #2743 ) ) ;
#1148 =( GEOMETRIC_REPRESENTATION_CONTEXT ( 3 ) GLOBAL_UNCERTAINTY_ASSIGNED_CONTEXT ( ( #4763 ) ) GLOBAL_UNIT_ASSIGNED_CONTEXT ( ( #92, #4495, #725 ) ) REPRESENTATION_CONTEXT ( 'NONE', 'WORKASPACE' ) );
#1149 = FILL_AREA_STYLE ('',( #1123 ) ) ;
#1150 = CIRCLE ( 'NONE', #3608, 0.9099999999999992500 ) ;
#1151 = EDGE_CURVE ( 'NONE', #7699, #3537, #3186, .T. ) ;
#1152 = AXIS2_PLACEMENT_3D ( 'NONE', #3362, #7851, #4001 ) ;
#1153 = SURFACE_STYLE_FILL_AREA ( #7244 ) ;
#1154 = VERTEX_POINT ( 'NONE', #2992 ) ;
#1155 = UNCERTAINTY_MEASURE_WITH_UNIT (LENGTH_MEASURE( 1.000000000000000100E-005 ), #7235, 'distance_accuracy_value', 'NONE');
#1156 = CONICAL_SURFACE ( 'NONE', #7882, 0.4439249933206986800, 0.09093103908173233400 ) ;
#1157 = DIRECTION ( 'NONE',  ( -1.000000000000000000, -1.447553700753488400E-016, 0.0000000000000000000 ) ) ;
#1158 =( LENGTH_UNIT ( ) NAMED_UNIT ( * ) SI_UNIT ( .MILLI., .METRE. ) );
#1159 = SURFACE_SIDE_STYLE ('',( #1179 ) ) ;
#1160 = CARTESIAN_POINT ( 'NONE',  ( 2.518587945522486000E-016, -1.395000000000000000, 0.0000000000000000000 ) ) ;
#1161 = CARTESIAN_POINT ( 'NONE',  ( 0.1056249472622275000, 0.3423797553386924200, 0.3953862927625521600 ) ) ;
#1162 = ORIENTED_EDGE ( 'NONE', *, *, #7153, .T. ) ;
#1163 = CARTESIAN_POINT ( 'NONE',  ( -0.04630770841790388800, -1.150767665139485100, 0.2525584207203315200 ) ) ;
#1164 = VECTOR ( 'NONE', #1359, 1000.000000000000000 ) ;
#1165 = SURFACE_SIDE_STYLE ('',( #394 ) ) ;
#1166 =( LENGTH_UNIT ( ) NAMED_UNIT ( * ) SI_UNIT ( .MILLI., .METRE. ) );
#1167 = EDGE_LOOP ( 'NONE', ( #6462, #6331 ) ) ;
#1168 = COLOUR_RGB ( '',0.1098039215686274500, 0.1098039215686274500, 0.1098039215686274500 ) ;
#1169 = CARTESIAN_POINT ( 'NONE',  ( 0.1170389825352545600, 0.3209933467052051300, 0.3887362750986225200 ) ) ;
#1170 = EDGE_CURVE ( 'NONE', #6081, #4136, #2974, .T. ) ;
#1171 = CARTESIAN_POINT ( 'NONE',  ( -0.4999999999999994400, -2.795000000000000400, 0.0000000000000000000 ) ) ;
#1172 = AXIS2_PLACEMENT_3D ( 'NONE', #6873, #3023, #7533 ) ;
#1173 = FILL_AREA_STYLE ('',( #5584 ) ) ;
#1174 = ORIENTED_EDGE ( 'NONE', *, *, #2118, .T. ) ;
#1175 = ADVANCED_FACE ( 'NONE', ( #1505 ), #4079, .T. ) ;
#1176 = DIRECTION ( 'NONE',  ( -1.000000000000000000, 0.0000000000000000000, 0.0000000000000000000 ) ) ;
#1177 = CARTESIAN_POINT ( 'NONE',  ( 0.1391632388522669500, 0.3435858471740339000, 0.4216292830643275600 ) ) ;
#1178 = DIRECTION ( 'NONE',  ( 1.084202172485503800E-015, 0.0000000000000000000, -1.000000000000000000 ) ) ;
#1179 = SURFACE_STYLE_FILL_AREA ( #4965 ) ;
#1180 = ORIENTED_EDGE ( 'NONE', *, *, #6066, .F. ) ;
#1181 = AXIS2_PLACEMENT_3D ( 'NONE', #4195, #2355, #6834 ) ;
#1182 = DIRECTION ( 'NONE',  ( 0.0000000000000000000, -1.000000000000000000, 2.168404344971008100E-015 ) ) ;
#1183 = DIRECTION ( 'NONE',  ( -1.000000000000000000, 0.0000000000000000000, -0.0000000000000000000 ) ) ;
#1184 = CARTESIAN_POINT ( 'NONE',  ( 3.991483021557144700E-016, -2.382506345545577700, 0.0000000000000000000 ) ) ;
#1185 = MECHANICAL_DESIGN_GEOMETRIC_PRESENTATION_REPRESENTATION (  '', ( #351 ), #1619 ) ;
#1186 = CARTESIAN_POINT ( 'NONE',  ( -0.07510442366010824900, -0.6993505378357934800, -0.2884536770729558300 ) ) ;
#1187 = CARTESIAN_POINT ( 'NONE',  ( 0.02751749980527879600, -1.187448473213238900, -0.2283363398061075700 ) ) ;
#1188 = SURFACE_STYLE_FILL_AREA ( #2203 ) ;
#1189 = ORIENTED_EDGE ( 'NONE', *, *, #5497, .F. ) ;
#1190 = CARTESIAN_POINT ( 'NONE',  ( -9.265898622708170100E-017, 1.015000000000000300, 0.0000000000000000000 ) ) ;
#1191 = SURFACE_SIDE_STYLE ('',( #1135 ) ) ;
#1192 = CARTESIAN_POINT ( 'NONE',  ( -0.04575302091745676900, 0.4203521774293508800, 0.3939399273269178500 ) ) ;
#1193 = SURFACE_SIDE_STYLE ('',( #6740 ) ) ;
#1194 = EDGE_CURVE ( 'NONE', #6876, #6182, #2391, .T. ) ;
#1195 = B_SPLINE_CURVE_WITH_KNOTS ( 'NONE', 3,
 ( #720, #4492, #3236, #5148 ),
 .UNSPECIFIED., .F., .F.,
 ( 4, 4 ),
 ( 0.0000000000000000000, 2.958413376639037400E-006 ),
 .UNSPECIFIED. ) ;
#1196 = ORIENTED_EDGE ( 'NONE', *, *, #2713, .T. ) ;
#1197 = PRESENTATION_LAYER_ASSIGNMENT (  '', '', ( #808 ) ) ;
#1198 = UNCERTAINTY_MEASURE_WITH_UNIT (LENGTH_MEASURE( 1.000000000000000100E-005 ), #4026, 'distance_accuracy_value', 'NONE');
#1199 = DIRECTION ( 'NONE',  ( 1.000000000000000000, 0.0000000000000000000, 0.0000000000000000000 ) ) ;
#1200 = FILL_AREA_STYLE_COLOUR ( '', #156 ) ;
#1201 = DIRECTION ( 'NONE',  ( 0.7087319363897500700, 0.7054778822480796100, 8.679462973532130900E-017 ) ) ;
#1202 = COLOUR_RGB ( '',0.1098039215686274500, 0.1098039215686274500, 0.1098039215686274500 ) ;
#1203 = CARTESIAN_POINT ( 'NONE',  ( -1.476660268557142200E-016, 1.395000000000000000, 0.0000000000000000000 ) ) ;
#1204 = CIRCLE ( 'NONE', #1855, 0.05000000000000002400 ) ;
#1205 = ORIENTED_EDGE ( 'NONE', *, *, #1336, .T. ) ;
#1206 = ORIENTED_EDGE ( 'NONE', *, *, #4050, .F. ) ;
#1207 = CARTESIAN_POINT ( 'NONE',  ( -0.07411116470159756500, 0.3812232247319026200, 0.4409209925912039900 ) ) ;
#1208 = FACE_OUTER_BOUND ( 'NONE', #6652, .T. ) ;
#1209 = CARTESIAN_POINT ( 'NONE',  ( -0.1266854386894154000, 0.2949091907903587100, 0.3676260228884734000 ) ) ;
#1210 =( LENGTH_UNIT ( ) NAMED_UNIT ( * ) SI_UNIT ( .MILLI., .METRE. ) );
#1211 =( NAMED_UNIT ( * ) PLANE_ANGLE_UNIT ( ) SI_UNIT ( $, .RADIAN. ) );
#1212 = CARTESIAN_POINT ( 'NONE',  ( -1.270000000000000900, -1.353578643762690000, -0.7700000000000001300 ) ) ;
#1213 = SPHERICAL_SURFACE ( 'NONE', #2527, 0.1000000000000000100 ) ;
#1214 = ORIENTED_EDGE ( 'NONE', *, *, #136, .T. ) ;
#1215 = FILL_AREA_STYLE ('',( #7606 ) ) ;
#1216 = FILL_AREA_STYLE ('',( #7607 ) ) ;
#1217 = CARTESIAN_POINT ( 'NONE',  ( 1.208196601125010500, -1.395000000000000000, -0.6700000000000002600 ) ) ;
#1218 = LINE ( 'NONE', #8228, #6111 ) ;
#1219 = ADVANCED_FACE ( 'NONE', ( #3879 ), #8218, .T. ) ;
#1220 = CARTESIAN_POINT ( 'NONE',  ( -0.07414175358417569900, -0.4919918495344892100, -0.3336163795114314200 ) ) ;
#1221 = SURFACE_STYLE_USAGE ( .BOTH. , #5035 ) ;
#1222 = FACE_OUTER_BOUND ( 'NONE', #182, .T. ) ;
#1223 = EDGE_CURVE ( 'NONE', #1154, #7522, #1594, .T. ) ;
#1224 = CARTESIAN_POINT ( 'NONE',  ( 0.1173041908704838300, 0.3531300969980246700, -0.3760263650921234500 ) ) ;
#1225 = AXIS2_PLACEMENT_3D ( 'NONE', #610, #5046, #1231 ) ;
#1226 = PRESENTATION_STYLE_ASSIGNMENT (( #5323 ) ) ;
#1227 = CARTESIAN_POINT ( 'NONE',  ( -0.3739249933206986200, 0.3543379074933979400, 0.0000000000000000000 ) ) ;
#1228 = FACE_OUTER_BOUND ( 'NONE', #7718, .T. ) ;
#1229 = SURFACE_SIDE_STYLE ('',( #4548 ) ) ;
#1230 = CARTESIAN_POINT ( 'NONE',  ( -1.742557280900009200, 1.294999999999999900, 0.3987213595499951000 ) ) ;
#1231 = DIRECTION ( 'NONE',  ( 0.0000000000000000000, 0.0000000000000000000, 1.000000000000000000 ) ) ;
#1232 = SURFACE_STYLE_USAGE ( .BOTH. , #5048 ) ;
#1233 = EDGE_LOOP ( 'NONE', ( #6707, #7380, #5879, #2009 ) ) ;
#1234 = EDGE_LOOP ( 'NONE', ( #5917, #7805, #3139, #2224 ) ) ;
#1235 = EDGE_CURVE ( 'NONE', #6081, #1935, #4968, .T. ) ;
#1236 = MECHANICAL_DESIGN_GEOMETRIC_PRESENTATION_REPRESENTATION (  '', ( #398 ), #1662 ) ;
#1237 = DIRECTION ( 'NONE',  ( 0.0000000000000000000, 1.000000000000000000, -0.0000000000000000000 ) ) ;
#1238 = DIRECTION ( 'NONE',  ( -1.447553700753488400E-016, 1.000000000000000000, -0.0000000000000000000 ) ) ;
#1239 = CARTESIAN_POINT ( 'NONE',  ( 0.1137965753899380900, 0.3594806053022916400, -0.4292210876570468600 ) ) ;
#1240 = PRESENTATION_STYLE_ASSIGNMENT (( #5984 ) ) ;
#1241 = CARTESIAN_POINT ( 'NONE',  ( -1.433233657534537400E-016, 1.395000000000000000, 0.0000000000000000000 ) ) ;
#1242 = DIRECTION ( 'NONE',  ( 1.000000000000000000, 0.0000000000000000000, 0.0000000000000000000 ) ) ;
#1243 = ORIENTED_EDGE ( 'NONE', *, *, #3775, .F. ) ;
#1244 = DIRECTION ( 'NONE',  ( -1.000000000000000000, -2.752306126468202000E-016, 0.0000000000000000000 ) ) ;
#1245 = CARTESIAN_POINT ( 'NONE',  ( -0.1057873211418421200, 0.3678040412519849000, 0.4312432606611588700 ) ) ;
#1246 = CARTESIAN_POINT ( 'NONE',  ( 0.1158236843077577600, 0.3543379074933975500, 0.3765126485472822800 ) ) ;
#1247 = CIRCLE ( 'NONE', #1339, 0.3938423657390879900 ) ;
#1248 = AXIS2_PLACEMENT_3D ( 'NONE', #341, #4769, #973 ) ;
#1249 = AXIS2_PLACEMENT_3D ( 'NONE', #318, #4747, #954 ) ;
#1250 = EDGE_CURVE ( 'NONE', #4346, #5767, #6700, .T. ) ;
#1251 = CARTESIAN_POINT ( 'NONE',  ( 0.05027215609988661800, -1.152323136463837100, -0.02052025754346469700 ) ) ;
#1252 = CARTESIAN_POINT ( 'NONE',  ( -0.09189318308635018000, -0.2272080036503695300, 0.3433401040042009000 ) ) ;
#1253 = VERTEX_POINT ( 'NONE', #4998 ) ;
#1254 = AXIS2_PLACEMENT_3D ( 'NONE', #7818, #5905, #4618 ) ;
#1255 = FILL_AREA_STYLE ('',( #638 ) ) ;
#1256 = ORIENTED_EDGE ( 'NONE', *, *, #3202, .F. ) ;
#1257 = UNCERTAINTY_MEASURE_WITH_UNIT (LENGTH_MEASURE( 1.000000000000000100E-005 ), #5699, 'distance_accuracy_value', 'NONE');
#1258 = CARTESIAN_POINT ( 'NONE',  ( 0.1084458459607381400, 0.01969480127398114500, 0.3614336424822509600 ) ) ;
#1259 = CARTESIAN_POINT ( 'NONE',  ( 0.1249999999999998600, 0.2666198487095668400, -0.3792098549233091100 ) ) ;
#1260 = SURFACE_STYLE_FILL_AREA ( #3898 ) ;
#1261 = ADVANCED_FACE ( 'NONE', ( #4764 ), #5690, .F. ) ;
#1262 = EDGE_CURVE ( 'NONE', #1784, #4481, #7605, .T. ) ;
#1263 = DIRECTION ( 'NONE',  ( 1.447553700753488400E-016, -1.000000000000000000, 0.0000000000000000000 ) ) ;
#1264 = LINE ( 'NONE', #7330, #7883 ) ;
#1265 = STYLED_ITEM ( 'NONE', ( #7110 ), #8254 ) ;
#1266 = PRESENTATION_LAYER_ASSIGNMENT (  '', '', ( #866 ) ) ;
#1267 = CARTESIAN_POINT ( 'NONE',  ( 0.03003326316416010300, -1.149922847605602700, 0.2556207292921418000 ) ) ;
#1268 = ORIENTED_EDGE ( 'NONE', *, *, #1900, .F. ) ;
#1269 =( NAMED_UNIT ( * ) SI_UNIT ( $, .STERADIAN. ) SOLID_ANGLE_UNIT ( ) );
#1270 = CARTESIAN_POINT ( 'NONE',  ( -1.270000000000000000, -1.395000000000000000, 0.6700000000000002600 ) ) ;
#1271 = CARTESIAN_POINT ( 'NONE',  ( 0.08701642535328513200, 0.3807408270391838300, -0.4354189624173530600 ) ) ;
#1272 = CARTESIAN_POINT ( 'NONE',  ( -0.05004715788567377200, -1.152815766570909600, -0.03341228016214307200 ) ) ;
#1273 = CARTESIAN_POINT ( 'NONE',  ( 0.02878729518101595300, -1.168507953350745900, -0.2300327145526185300 ) ) ;
#1274 = CARTESIAN_POINT ( 'NONE',  ( 0.07211278296297782300, 0.3989438091790684600, 0.3872681847196421900 ) ) ;
#1275 = ORIENTED_EDGE ( 'NONE', *, *, #4487, .F. ) ;
#1276 = MECHANICAL_DESIGN_GEOMETRIC_PRESENTATION_REPRESENTATION (  '', ( #429 ), #1697 ) ;
#1277 = PRESENTATION_STYLE_ASSIGNMENT (( #8187 ) ) ;
#1278 = CARTESIAN_POINT ( 'NONE',  ( -0.1217036414218973800, 0.3543379074932627700, -0.3956287701370955200 ) ) ;
#1279 = CARTESIAN_POINT ( 'NONE',  ( 0.1245474411000188400, 0.2941907802027475800, 0.4126989039723217800 ) ) ;
#1280 = CARTESIAN_POINT ( 'NONE',  ( 0.01732417645917964600, 0.4191215144211895000, -0.3935438644836477000 ) ) ;
#1281 = DIRECTION ( 'NONE',  ( -1.447553700753488400E-016, 1.000000000000000000, -0.0000000000000000000 ) ) ;
#1282 = CONICAL_SURFACE ( 'NONE', #519, 0.2549525735447551500, 0.09093103908173244500 ) ;
#1283 = ORIENTED_EDGE ( 'NONE', *, *, #7568, .T. ) ;
#1284 = EDGE_CURVE ( 'NONE', #157, #2852, #4162, .T. ) ;
#1285 = AXIS2_PLACEMENT_3D ( 'NONE', #7054, #3823, #1325 ) ;
#1286 = CARTESIAN_POINT ( 'NONE',  ( 0.02994456013349171300, -1.151245959617459300, 0.2721492054816726000 ) ) ;
#1287 = CARTESIAN_POINT ( 'NONE',  ( 0.9581966011250104800, 1.294999999999999900, 1.270000000000000000 ) ) ;
#1288 =( NAMED_UNIT ( * ) PLANE_ANGLE_UNIT ( ) SI_UNIT ( $, .RADIAN. ) );
#1289 = VERTEX_POINT ( 'NONE', #6973 ) ;
#1290 = VECTOR ( 'NONE', #1743, 1000.000000000000000 ) ;
#1291 = CARTESIAN_POINT ( 'NONE',  ( 0.02625020742019624300, -1.206351657970315500, -0.09222205889841464400 ) ) ;
#1292 = CARTESIAN_POINT ( 'NONE',  ( 0.07599501632822158700, 0.3745991186151964600, -0.4372719807931751400 ) ) ;
#1293 = STYLED_ITEM ( 'NONE', ( #6104 ), #649 ) ;
#1294 =( NAMED_UNIT ( * ) PLANE_ANGLE_UNIT ( ) SI_UNIT ( $, .RADIAN. ) );
#1295 = CIRCLE ( 'NONE', #7583, 0.1000000000000000500 ) ;
#1296 = DIRECTION ( 'NONE',  ( -1.447553700753488400E-016, 1.000000000000000000, -0.0000000000000000000 ) ) ;
#1297 = VERTEX_POINT ( 'NONE', #6355 ) ;
#1298 = STYLED_ITEM ( 'NONE', ( #3074 ), #4588 ) ;
#1299 = CARTESIAN_POINT ( 'NONE',  ( -0.04509370141856984500, -1.161769410839485200, 0.2517611244628109600 ) ) ;
#1300 = CARTESIAN_POINT ( 'NONE',  ( 0.02839748425652172800, -1.174322450472941300, -0.07650366823269212600 ) ) ;
#1301 = CARTESIAN_POINT ( 'NONE',  ( -0.09744885037487344100, 0.3792701775485760000, 0.3818731521765201800 ) ) ;
#1302 = ADVANCED_FACE ( 'NONE', ( #7400 ), #8142, .T. ) ;
#1303 = PRESENTATION_STYLE_ASSIGNMENT (( #7797 ) ) ;
#1304 = ADVANCED_FACE ( 'NONE', ( #7210 ), #5227, .T. ) ;
#1305 = VECTOR ( 'NONE', #3784, 1000.000000000000000 ) ;
#1306 = PRESENTATION_STYLE_ASSIGNMENT (( #1037 ) ) ;
#1307 = EDGE_LOOP ( 'NONE', ( #4786, #1593, #3728, #3603 ) ) ;
#1308 = DIRECTION ( 'NONE',  ( 0.0000000000000000000, -0.0000000000000000000, -1.000000000000000000 ) ) ;
#1309 = UNCERTAINTY_MEASURE_WITH_UNIT (LENGTH_MEASURE( 1.000000000000000100E-005 ), #5025, 'distance_accuracy_value', 'NONE');
#1310 = ORIENTED_EDGE ( 'NONE', *, *, #162, .F. ) ;
#1311 = CARTESIAN_POINT ( 'NONE',  ( 0.08697063665170977300, 0.3662246223616866200, 0.3883766762210700800 ) ) ;
#1312 = UNCERTAINTY_MEASURE_WITH_UNIT (LENGTH_MEASURE( 1.000000000000000100E-005 ), #1210, 'distance_accuracy_value', 'NONE');
#1313 = CARTESIAN_POINT ( 'NONE',  ( -1.370000000000000100, 1.395000000000000000, 0.0000000000000000000 ) ) ;
#1314 = CYLINDRICAL_SURFACE ( 'NONE', #6009, 0.1000000000000000500 ) ;
#1315 = AXIS2_PLACEMENT_3D ( 'NONE', #6223, #3032, #5617 ) ;
#1316 = TOROIDAL_SURFACE ( 'NONE', #6781, 0.8799999999999992300, 0.02999999999999999900 ) ;
#1317 = EDGE_CURVE ( 'NONE', #3531, #5801, #1678, .T. ) ;
#1318 = MECHANICAL_DESIGN_GEOMETRIC_PRESENTATION_REPRESENTATION (  '', ( #465 ), #1736 ) ;
#1319 = VERTEX_POINT ( 'NONE', #1426 ) ;
#1320 = PRESENTATION_LAYER_ASSIGNMENT (  '', '', ( #63 ) ) ;
#1321 = ORIENTED_EDGE ( 'NONE', *, *, #3586, .T. ) ;
#1322 = CARTESIAN_POINT ( 'NONE',  ( 0.9581966011250104800, 1.294999999999999900, 1.169999999999999900 ) ) ;
#1323 = DIRECTION ( 'NONE',  ( 0.0000000000000000000, 0.0000000000000000000, -1.000000000000000000 ) ) ;
#1324 = CARTESIAN_POINT ( 'NONE',  ( 4.588589737599974400E-016, -2.795000000000000400, 0.0000000000000000000 ) ) ;
#1325 = DIRECTION ( 'NONE',  ( -1.000000000000000000, 0.0000000000000000000, 0.0000000000000000000 ) ) ;
#1326 = CARTESIAN_POINT ( 'NONE',  ( -0.01698699319169541500, 0.3998653852408294900, -0.3612024538219106300 ) ) ;
#1327 = CYLINDRICAL_SURFACE ( 'NONE', #2207, 0.5999999999999998700 ) ;
#1328 =( NAMED_UNIT ( * ) SI_UNIT ( $, .STERADIAN. ) SOLID_ANGLE_UNIT ( ) );
#1329 = DIRECTION ( 'NONE',  ( -1.447553700753488400E-016, 1.000000000000000000, -0.0000000000000000000 ) ) ;
#1330 = CARTESIAN_POINT ( 'NONE',  ( 0.02925158475767564500, -1.161582517869795400, 0.1536929410636203900 ) ) ;
#1331 = COLOUR_RGB ( '',0.1098039215686274500, 0.1098039215686274500, 0.1098039215686274500 ) ;
#1332 = SURFACE_SIDE_STYLE ('',( #5152 ) ) ;
#1333 = ORIENTED_EDGE ( 'NONE', *, *, #881, .F. ) ;
#1334 = CARTESIAN_POINT ( 'NONE',  ( -0.02513243104744599200, -1.223024632209640700, 0.2771991270210095200 ) ) ;
#1335 = CARTESIAN_POINT ( 'NONE',  ( 0.08502834873755678300, 0.3681057958586377900, 0.4152054265852254100 ) ) ;
#1336 = EDGE_CURVE ( 'NONE', #7898, #2718, #17, .T. ) ;
#1337 = CARTESIAN_POINT ( 'NONE',  ( -0.003401734235262663500, 0.4002344007844622600, 0.4302496584017315700 ) ) ;
#1338 = CARTESIAN_POINT ( 'NONE',  ( -0.02839748425652139500, -1.174322450472941300, 0.07650366823268994800 ) ) ;
#1339 = AXIS2_PLACEMENT_3D ( 'NONE', #325, #4754, #961 ) ;
#1340 = ORIENTED_EDGE ( 'NONE', *, *, #7353, .T. ) ;
#1341 = ORIENTED_EDGE ( 'NONE', *, *, #6518, .F. ) ;
#1342 = DIRECTION ( 'NONE',  ( 0.0000000000000000000, 1.000000000000000000, 0.0000000000000000000 ) ) ;
#1343 = CIRCLE ( 'NONE', #338, 0.05000000000000002400 ) ;
#1344 =( NAMED_UNIT ( * ) SI_UNIT ( $, .STERADIAN. ) SOLID_ANGLE_UNIT ( ) );
#1345 = ADVANCED_FACE ( 'NONE', ( #6600 ), #3382, .F. ) ;
#1346 = ADVANCED_FACE ( 'NONE', ( #1497 ), #5989, .T. ) ;
#1347 = CARTESIAN_POINT ( 'NONE',  ( -0.3939249933206988000, 1.395000000000000000, 0.0000000000000000000 ) ) ;
#1348 = CARTESIAN_POINT ( 'NONE',  ( 0.02749009506091091800, -1.187857247819718200, -0.2329209411667693100 ) ) ;
#1349 = AXIS2_PLACEMENT_3D ( 'NONE', #974, #5416, #1608 ) ;
#1350 = ORIENTED_EDGE ( 'NONE', *, *, #3482, .T. ) ;
#1351 = DIRECTION ( 'NONE',  ( -1.000000000000000000, -1.668003342285392800E-016, 0.0000000000000000000 ) ) ;
#1352 = VECTOR ( 'NONE', #6530, 1000.000000000000000 ) ;
#1353 = CARTESIAN_POINT ( 'NONE',  ( -0.08950239281696720200, 0.3637608757300500000, -0.4396618211660886000 ) ) ;
#1354 = CARTESIAN_POINT ( 'NONE',  ( -0.02795555445737168600, -1.180914363074420800, -0.2549758564700911900 ) ) ;
#1355 = CARTESIAN_POINT ( 'NONE',  ( 0.8499999999999992000, 1.395000000000000500, 0.0000000000000000000 ) ) ;
#1356 = B_SPLINE_CURVE_WITH_KNOTS ( 'NONE', 3,
 ( #581, #4958, #6964, #3123, #7620, #3759 ),
 .UNSPECIFIED., .F., .F.,
 ( 4, 2, 4 ),
 ( 2.397071183994485800E-005, 0.0001626087660031072300, 0.0003012468201662696100 ),
 .UNSPECIFIED. ) ;
#1357 = FACE_OUTER_BOUND ( 'NONE', #6137, .T. ) ;
#1358 = ORIENTED_EDGE ( 'NONE', *, *, #4693, .F. ) ;
#1359 = DIRECTION ( 'NONE',  ( 1.000000000000000000, -0.0000000000000000000, 1.084202172485506600E-015 ) ) ;
#1360 = COLOUR_RGB ( '',0.1098039215686274500, 0.1098039215686274500, 0.1098039215686274500 ) ;
#1361 = PRESENTATION_STYLE_ASSIGNMENT (( #3064 ) ) ;
#1362 = AXIS2_PLACEMENT_3D ( 'NONE', #644, #6354, #675 ) ;
#1363 = DIRECTION ( 'NONE',  ( 1.000000000000000000, 0.0000000000000000000, 1.224646799147352000E-016 ) ) ;
#1364 = EDGE_CURVE ( 'NONE', #1902, #2742, #4248, .T. ) ;
#1365 = PRESENTATION_LAYER_ASSIGNMENT (  '', '', ( #946 ) ) ;
#1366 = CARTESIAN_POINT ( 'NONE',  ( -0.07866355184313511600, 0.3725052436901373200, 0.3897917298938599600 ) ) ;
#1367 = CARTESIAN_POINT ( 'NONE',  ( -0.02925158475767536400, -1.161582517869791200, -0.1536929410636205800 ) ) ;
#1368 = COLOUR_RGB ( '',1.000000000000000000, 0.8117647058823529400, 0.5019607843137254800 ) ;
#1369 =( NAMED_UNIT ( * ) SI_UNIT ( $, .STERADIAN. ) SOLID_ANGLE_UNIT ( ) );
#1370 = ORIENTED_EDGE ( 'NONE', *, *, #1418, .T. ) ;
#1371 = UNCERTAINTY_MEASURE_WITH_UNIT (LENGTH_MEASURE( 1.000000000000000100E-005 ), #1974, 'distance_accuracy_value', 'NONE');
#1372 = DIRECTION ( 'NONE',  ( 1.447553700753488400E-016, -1.000000000000000000, 0.0000000000000000000 ) ) ;
#1373 = CARTESIAN_POINT ( 'NONE',  ( -0.04989976583502988400, -1.152583780759946400, 0.2721492054816724300 ) ) ;
#1374 = COLOUR_RGB ( '',1.000000000000000000, 0.8117647058823529400, 0.5019607843137254800 ) ;
#1375 = CARTESIAN_POINT ( 'NONE',  ( 0.1249999999999997400, 0.2666198487095638400, -0.3792098549233096100 ) ) ;
#1376 = ORIENTED_EDGE ( 'NONE', *, *, #5407, .T. ) ;
#1377 = CARTESIAN_POINT ( 'NONE',  ( 0.1069180516808264200, 0.3402937159746543500, -0.3947436973228082300 ) ) ;
#1378 = CARTESIAN_POINT ( 'NONE',  ( 0.0000000000000000000, -1.294999999999999900, -1.170000000000000200 ) ) ;
#1379 = LINE ( 'NONE', #3060, #2865 ) ;
#1380 = CARTESIAN_POINT ( 'NONE',  ( 0.1049476582995787800, 0.3434191609326430700, -0.3956286048806626500 ) ) ;
#1381 = LINE ( 'NONE', #7494, #6689 ) ;
#1382 = CARTESIAN_POINT ( 'NONE',  ( -0.1257847930699634000, 0.2783259779124367900, -0.3790234137491690400 ) ) ;
#1383 = VERTEX_POINT ( 'NONE', #5970 ) ;
#1384 = DIRECTION ( 'NONE',  ( -1.447553700753488400E-016, 1.000000000000000000, -0.0000000000000000000 ) ) ;
#1385 = CARTESIAN_POINT ( 'NONE',  ( -0.9581966011250111500, -1.294999999999999900, -1.270000000000000000 ) ) ;
#1386 = CARTESIAN_POINT ( 'NONE',  ( -0.1044759118374348800, 0.3442249074341065000, 0.3794649809902087000 ) ) ;
#1387 = EDGE_CURVE ( 'NONE', #6857, #7678, #7499, .T. ) ;
#1388 = CARTESIAN_POINT ( 'NONE',  ( -0.02513773585898713300, -1.222945504588554200, -0.2763272670030129100 ) ) ;
#1389 = CARTESIAN_POINT ( 'NONE',  ( -0.03925233817894632800, 0.4002681801711558400, -0.3939134242445027600 ) ) ;
#1390 = ADVANCED_FACE ( 'NONE', ( #2584 ), #3631, .T. ) ;
#1391 = ADVANCED_FACE ( 'NONE', ( #7302, #905 ), #1036, .T. ) ;
#1392 = STYLED_ITEM ( 'NONE', ( #1962 ), #2607 ) ;
#1393 = DIRECTION ( 'NONE',  ( 0.8944271909999153000, 0.0000000000000000000, 0.4472135954999587600 ) ) ;
#1394 = VERTEX_POINT ( 'NONE', #6622 ) ;
#1395 = DIRECTION ( 'NONE',  ( -0.4472135954999579300, 0.0000000000000000000, 0.8944271909999158600 ) ) ;
#1396 = CARTESIAN_POINT ( 'NONE',  ( -0.1248962915426118800, 0.2902756521826465000, 0.4125906969191787100 ) ) ;
#1397 = CARTESIAN_POINT ( 'NONE',  ( -0.02738726848234673500, -1.189391029475325600, -0.2501286447246721700 ) ) ;
#1398 = CONTEXT_DEPENDENT_SHAPE_REPRESENTATION ( #7979, #3525 ) ;
#1399 = PRESENTATION_STYLE_ASSIGNMENT (( #5477 ) ) ;
#1400 = CIRCLE ( 'NONE', #6114, 0.01999999999999999700 ) ;
#1401 = EDGE_LOOP ( 'NONE', ( #3819, #7105, #4330, #5463 ) ) ;
#1402 = EDGE_CURVE ( 'NONE', #5685, #7113, #3465, .T. ) ;
#1403 = LINE ( 'NONE', #4130, #8014 ) ;
#1404 = AXIS2_PLACEMENT_3D ( 'NONE', #603, #4874, #1070 ) ;
#1405 = CARTESIAN_POINT ( 'NONE',  ( 0.1249999999999997400, 0.2666198487095638400, -0.3792098549233094400 ) ) ;
#1406 = CARTESIAN_POINT ( 'NONE',  ( -1.445391450605552900E-016, 1.373398854608770100, 0.0000000000000000000 ) ) ;
#1407 = PRESENTATION_STYLE_ASSIGNMENT (( #5941 ) ) ;
#1408 = SURFACE_SIDE_STYLE ('',( #3301 ) ) ;
#1409 = CONICAL_SURFACE ( 'NONE', #2956, 0.4999999999999998900, 0.7853981633974477200 ) ;
#1410 = VERTEX_POINT ( 'NONE', #1693 ) ;
#1411 = CARTESIAN_POINT ( 'NONE',  ( -1.270000000000000000, 1.294999999999999900, 0.6700000000000002600 ) ) ;
#1412 = PRODUCT_DEFINITION_SHAPE ( 'NONE', 'NONE',  #8294 ) ;
#1413 = PRESENTATION_STYLE_ASSIGNMENT (( #3230 ) ) ;
#1414 = CARTESIAN_POINT ( 'NONE',  ( 0.02994456013349171300, -1.151245959617459300, -0.2721492054816726000 ) ) ;
#1415 = AXIS2_PLACEMENT_3D ( 'NONE', #3258, #7097, #3926 ) ;
#1416 = DIRECTION ( 'NONE',  ( -1.000000000000000000, -1.447553700753488400E-016, 0.0000000000000000000 ) ) ;
#1417 = CIRCLE ( 'NONE', #582, 0.05000000000000002400 ) ;
#1418 = EDGE_CURVE ( 'NONE', #2300, #4820, #1777, .T. ) ;
#1419 = ORIENTED_EDGE ( 'NONE', *, *, #4198, .F. ) ;
#1420 = DIRECTION ( 'NONE',  ( -0.4472135954999580900, 0.0000000000000000000, 0.8944271909999158600 ) ) ;
#1421 = DIRECTION ( 'NONE',  ( 1.000000000000000000, 0.0000000000000000000, 0.0000000000000000000 ) ) ;
#1422 = VERTEX_POINT ( 'NONE', #5505 ) ;
#1423 = PRESENTATION_LAYER_ASSIGNMENT (  '', '', ( #991 ) ) ;
#1424 = UNCERTAINTY_MEASURE_WITH_UNIT (LENGTH_MEASURE( 1.000000000000000100E-005 ), #5975, 'distance_accuracy_value', 'NONE');
#1425 = CARTESIAN_POINT ( 'NONE',  ( -0.1274216735989316100, 0.3525217918728549300, -0.4251585148178475000 ) ) ;
#1426 = CARTESIAN_POINT ( 'NONE',  ( -1.270000000000000000, -1.395000000000000000, -0.6700000000000002600 ) ) ;
#1427 = DIRECTION ( 'NONE',  ( -1.000000000000000000, 0.0000000000000000000, 1.084202172485506600E-015 ) ) ;
#1428 = FACE_OUTER_BOUND ( 'NONE', #2027, .T. ) ;
#1429 = FILL_AREA_STYLE ('',( #171 ) ) ;
#1430 = CARTESIAN_POINT ( 'NONE',  ( -0.05800982339509618700, -0.7326189222147692100, -0.3163088542898299100 ) ) ;
#1431 = VERTEX_POINT ( 'NONE', #7470 ) ;
#1432 = CARTESIAN_POINT ( 'NONE',  ( 3.991483021557144700E-016, -2.382506345545577700, 0.0000000000000000000 ) ) ;
#1433 = DIRECTION ( 'NONE',  ( -0.4472135954999583200, -4.848699518061082200E-016, -0.8944271909999156300 ) ) ;
#1434 = CARTESIAN_POINT ( 'NONE',  ( -0.1249379995298360300, 0.2656950373902949300, -0.4025597304062657500 ) ) ;
#1435 = FACE_OUTER_BOUND ( 'NONE', #3132, .T. ) ;
#1436 = EDGE_CURVE ( 'NONE', #652, #2618, #715, .T. ) ;
#1437 = TOROIDAL_SURFACE ( 'NONE', #1952, 0.6399999999999993500, 0.02999999999999999900 ) ;
#1438 = AXIS2_PLACEMENT_3D ( 'NONE', #1791, #6254, #2443 ) ;
#1439 = MECHANICAL_DESIGN_GEOMETRIC_PRESENTATION_REPRESENTATION (  '', ( #179 ), #1856 ) ;
#1440 = ADVANCED_FACE ( 'NONE', ( #119 ), #988, .T. ) ;
#1441 = ADVANCED_FACE ( 'NONE', ( #6075 ), #2397, .F. ) ;
#1442 = CARTESIAN_POINT ( 'NONE',  ( -0.03902835300765011800, -1.214358437060419200, -0.2961696417105038100 ) ) ;
#1443 = FACE_OUTER_BOUND ( 'NONE', #205, .T. ) ;
#1444 = SURFACE_SIDE_STYLE ('',( #321 ) ) ;
#1445 = CARTESIAN_POINT ( 'NONE',  ( 2.313301502529483700E-016, -1.223183884379456200, 0.0000000000000000000 ) ) ;
#1446 = CARTESIAN_POINT ( 'NONE',  ( 0.01569313465738847100, 0.3992797190863091600, -0.4135245141584091800 ) ) ;
#1447 = VERTEX_POINT ( 'NONE', #1747 ) ;
#1448 = ORIENTED_EDGE ( 'NONE', *, *, #3401, .T. ) ;
#1449 = DIRECTION ( 'NONE',  ( -1.000000000000000000, 0.0000000000000000000, 1.084202172485506600E-015 ) ) ;
#1450 = CARTESIAN_POINT ( 'NONE',  ( -0.02994456013349123700, -1.151245959617461600, 0.2721492054816738200 ) ) ;
#1451 = EDGE_LOOP ( 'NONE', ( #3304, #5452, #7350, #1809, #3966 ) ) ;
#1452 =( NAMED_UNIT ( * ) SI_UNIT ( $, .STERADIAN. ) SOLID_ANGLE_UNIT ( ) );
#1453 = SURFACE_SIDE_STYLE ('',( #917 ) ) ;
#1454 = ORIENTED_EDGE ( 'NONE', *, *, #6626, .F. ) ;
#1455 = EDGE_CURVE ( 'NONE', #1597, #4813, #2087, .T. ) ;
#1456 = DIRECTION ( 'NONE',  ( -1.000000000000000000, -1.447553700753488400E-016, 0.0000000000000000000 ) ) ;
#1457 = DIRECTION ( 'NONE',  ( -1.447553700753488400E-016, 1.000000000000000000, -0.0000000000000000000 ) ) ;
#1458 = CARTESIAN_POINT ( 'NONE',  ( 0.1187129824162341800, 0.3224212513724884500, 0.3732063447753026200 ) ) ;
#1459 = PRESENTATION_LAYER_ASSIGNMENT (  '', '', ( #608 ) ) ;
#1460 = CIRCLE ( 'NONE', #1756, 0.1000000000000000300 ) ;
#1461 = CIRCLE ( 'NONE', #4421, 0.8999999999999993600 ) ;
#1462 = ORIENTED_EDGE ( 'NONE', *, *, #6735, .F. ) ;
#1463 = DIRECTION ( 'NONE',  ( 1.447553700753488400E-016, -1.000000000000000000, 0.0000000000000000000 ) ) ;
#1464 = DIRECTION ( 'NONE',  ( -1.447553700753488400E-016, 1.000000000000000000, -0.0000000000000000000 ) ) ;
#1465 = CARTESIAN_POINT ( 'NONE',  ( -0.5999999999999997600, -0.1631138830084183100, 0.0000000000000000000 ) ) ;
#1466 =( LENGTH_UNIT ( ) NAMED_UNIT ( * ) SI_UNIT ( .MILLI., .METRE. ) );
#1467 = VECTOR ( 'NONE', #1201, 1000.000000000000000 ) ;
#1468 =( GEOMETRIC_REPRESENTATION_CONTEXT ( 3 ) GLOBAL_UNCERTAINTY_ASSIGNED_CONTEXT ( ( #7623 ) ) GLOBAL_UNIT_ASSIGNED_CONTEXT ( ( #2678, #7160, #3319 ) ) REPRESENTATION_CONTEXT ( 'NONE', 'WORKASPACE' ) );
#1469 =( GEOMETRIC_REPRESENTATION_CONTEXT ( 3 ) GLOBAL_UNCERTAINTY_ASSIGNED_CONTEXT ( ( #1198 ) ) GLOBAL_UNIT_ASSIGNED_CONTEXT ( ( #4026, #238, #4655 ) ) REPRESENTATION_CONTEXT ( 'NONE', 'WORKASPACE' ) );
#1470 = CARTESIAN_POINT ( 'NONE',  ( -0.9581966011250112600, -1.395000000000000000, 1.169999999999999900 ) ) ;
#1471 = AXIS2_PLACEMENT_3D ( 'NONE', #3399, #7253, #7279 ) ;
#1472 = B_SPLINE_CURVE_WITH_KNOTS ( 'NONE', 3,
 ( #2214, #938, #962, #5402, #1595, #6058, #2238, #6717, #2868, #7369, #3501, #8007, #4141, #357, #4783, #985 ),
 .UNSPECIFIED., .F., .F.,
 ( 4, 3, 3, 3, 3, 4 ),
 ( 0.0000000000000000000, 4.247653787887827100E-006, 1.097839478581461300E-005, 1.790370200591881700E-005, 2.508095280120878500E-005, 3.241552983123348000E-005 ),
 .UNSPECIFIED. ) ;
#1473 = ORIENTED_EDGE ( 'NONE', *, *, #5763, .F. ) ;
#1474 = SURFACE_SIDE_STYLE ('',( #8015 ) ) ;
#1475 = FILL_AREA_STYLE_COLOUR ( '', #7770 ) ;
#1476 = FILL_AREA_STYLE_COLOUR ( '', #5668 ) ;
#1477 = ADVANCED_FACE ( 'NONE', ( #3760 ), #3165, .F. ) ;
#1478 = ORIENTED_EDGE ( 'NONE', *, *, #3699, .F. ) ;
#1479 = PRESENTATION_LAYER_ASSIGNMENT (  '', '', ( #1043 ) ) ;
#1480 = CARTESIAN_POINT ( 'NONE',  ( -0.9581966011250113700, -1.294999999999999900, -1.169999999999999900 ) ) ;
#1481 = LINE ( 'NONE', #662, #7195 ) ;
#1482 = CARTESIAN_POINT ( 'NONE',  ( 0.1449552057015383900, 0.2652820275670788600, 0.3897197719169303600 ) ) ;
#1483 = EDGE_CURVE ( 'NONE', #4144, #6052, #8086, .T. ) ;
#1484 = AXIS2_PLACEMENT_3D ( 'NONE', #4997, #1182, #5653 ) ;
#1485 = CARTESIAN_POINT ( 'NONE',  ( -0.001001183866037064900, 0.4011560209568458300, 0.4142752379088837600 ) ) ;
#1486 = DIRECTION ( 'NONE',  ( -1.447553700753488400E-016, 1.000000000000000000, -0.0000000000000000000 ) ) ;
#1487 = CARTESIAN_POINT ( 'NONE',  ( -0.1449552057015386900, 0.2652820275670818000, 0.3792098549233096100 ) ) ;
#1488 = SURFACE_STYLE_FILL_AREA ( #1216 ) ;
#1489 = ORIENTED_EDGE ( 'NONE', *, *, #4817, .F. ) ;
#1490 = CIRCLE ( 'NONE', #5303, 0.1000000000000000500 ) ;
#1491 = CARTESIAN_POINT ( 'NONE',  ( -1.270000000000001100, 1.353578643762690000, 0.7699999999999999100 ) ) ;
#1492 = DIRECTION ( 'NONE',  ( -1.000000000000000000, -1.376153063234101000E-016, 8.881784197001252300E-016 ) ) ;
#1493 = DIRECTION ( 'NONE',  ( -1.000000000000000000, 0.0000000000000000000, 0.0000000000000000000 ) ) ;
#1494 = DIRECTION ( 'NONE',  ( 1.000000000000000000, 0.0000000000000000000, 0.0000000000000000000 ) ) ;
#1495 = TOROIDAL_SURFACE ( 'NONE', #2220, 0.2818987432021535800, 0.02000000000000000000 ) ;
#1496 = ORIENTED_EDGE ( 'NONE', *, *, #6670, .T. ) ;
#1497 = FACE_OUTER_BOUND ( 'NONE', #4613, .T. ) ;
#1498 = CARTESIAN_POINT ( 'NONE',  ( 0.1180253205482357900, 0.3525217918726916700, 0.3757417101686157900 ) ) ;
#1499 = DIRECTION ( 'NONE',  ( -1.447553700753488400E-016, 1.000000000000000000, -0.0000000000000000000 ) ) ;
#1500 = COLOUR_RGB ( '',1.000000000000000000, 0.8117647058823529400, 0.5019607843137254800 ) ;
#1501 = SURFACE_STYLE_FILL_AREA ( #1684 ) ;
#1502 = ORIENTED_EDGE ( 'NONE', *, *, #3806, .F. ) ;
#1503 = CARTESIAN_POINT ( 'NONE',  ( 5.354393754902066400E-017, 0.005000000000000013100, 0.0000000000000000000 ) ) ;
#1504 = DIRECTION ( 'NONE',  ( -1.447553700753488400E-016, 1.000000000000000000, -0.0000000000000000000 ) ) ;
#1505 = FACE_OUTER_BOUND ( 'NONE', #6249, .T. ) ;
#1506 = EDGE_CURVE ( 'NONE', #6876, #3416, #3028, .T. ) ;
#1507 = AXIS2_PLACEMENT_3D ( 'NONE', #3934, #152, #4558 ) ;
#1508 = FACE_OUTER_BOUND ( 'NONE', #5320, .T. ) ;
#1509 = ORIENTED_EDGE ( 'NONE', *, *, #1170, .F. ) ;
#1510 = CARTESIAN_POINT ( 'NONE',  ( -0.02518493701619163600, -1.223104437731150200, -0.2780731727062196700 ) ) ;
#1511 = FILL_AREA_STYLE_COLOUR ( '', #3666 ) ;
#1512 = SURFACE_STYLE_USAGE ( .BOTH. , #5310 ) ;
#1513 = CONICAL_SURFACE ( 'NONE', #987, 0.4439249933206986800, 0.09093103908173233400 ) ;
#1514 = LINE ( 'NONE', #7739, #8116 ) ;
#1515 = PRESENTATION_STYLE_ASSIGNMENT (( #666 ) ) ;
#1516 = COLOUR_RGB ( '',0.1098039215686274500, 0.1098039215686274500, 0.1098039215686274500 ) ;
#1517 = MECHANICAL_DESIGN_GEOMETRIC_PRESENTATION_REPRESENTATION (  '', ( #667 ), #1936 ) ;
#1518 = EDGE_LOOP ( 'NONE', ( #4910, #2620, #4757, #5949 ) ) ;
#1519 = ORIENTED_EDGE ( 'NONE', *, *, #3401, .F. ) ;
#1520 = AXIS2_PLACEMENT_3D ( 'NONE', #3904, #121, #4526 ) ;
#1521 = CARTESIAN_POINT ( 'NONE',  ( -1.270000000000000200, 1.294999999999999700, 0.7700000000000012400 ) ) ;
#1522 = DIRECTION ( 'NONE',  ( 1.000000000000000000, 1.191430958775280700E-016, 0.0000000000000000000 ) ) ;
#1523 = SURFACE_SIDE_STYLE ('',( #4408 ) ) ;
#1524 = CARTESIAN_POINT ( 'NONE',  ( -15.24000000000000000, 0.0000000000000000000, 0.0000000000000000000 ) ) ;
#1525 = FACE_OUTER_BOUND ( 'NONE', #2774, .T. ) ;
#1526 = CARTESIAN_POINT ( 'NONE',  ( 0.02767976143226215000, -1.185028146578315900, 0.2471251744671947000 ) ) ;
#1527 = ORIENTED_EDGE ( 'NONE', *, *, #1553, .F. ) ;
#1528 = SURFACE_STYLE_USAGE ( .BOTH. , #5962 ) ;
#1529 = VERTEX_POINT ( 'NONE', #6871 ) ;
#1530 = B_SPLINE_CURVE_WITH_KNOTS ( 'NONE', 3,
 ( #2295, #6113, #7421, #3554, #8062, #4189, #406, #4840, #1042, #5486, #1673, #6142, #2323, #6796, #2945, #7451 ),
 .UNSPECIFIED., .F., .F.,
 ( 4, 3, 3, 3, 3, 4 ),
 ( 0.0000000000000000000, 8.485306052686245200E-006, 2.192734812241229400E-005, 3.563410791424248800E-005, 4.958064880819453100E-005, 6.351100452191090400E-005 ),
 .UNSPECIFIED. ) ;
#1531 = CARTESIAN_POINT ( 'NONE',  ( 0.04601138224001834900, -1.166829375397006000, -0.2417714373386533100 ) ) ;
#1532 = STYLED_ITEM ( 'NONE', ( #2194 ), #1219 ) ;
#1533 = FACE_OUTER_BOUND ( 'NONE', #3878, .T. ) ;
#1534 = STYLED_ITEM ( 'NONE', ( #1783 ), #5181 ) ;
#1535 = EDGE_CURVE ( 'NONE', #2849, #7234, #1569, .T. ) ;
#1536 = STYLED_ITEM ( 'NONE', ( #8040 ), #7051 ) ;
#1537 = DIRECTION ( 'NONE',  ( 1.000000000000000000, 0.0000000000000000000, -1.776356839400250500E-015 ) ) ;
#1538 = DIRECTION ( 'NONE',  ( 1.447553700753488400E-016, -1.000000000000000000, 0.0000000000000000000 ) ) ;
#1539 = CARTESIAN_POINT ( 'NONE',  ( 0.6099999999999996500, -1.365000000000000000, 7.470345474798846700E-017 ) ) ;
#1540 = CARTESIAN_POINT ( 'NONE',  ( 0.1248607912308389900, 0.2645433830776195400, -0.4185491471247362900 ) ) ;
#1541 = DIRECTION ( 'NONE',  ( -1.000000000000000000, -2.752306126468202000E-016, 0.0000000000000000000 ) ) ;
#1542 = LINE ( 'NONE', #4622, #8150 ) ;
#1543 = MECHANICAL_DESIGN_GEOMETRIC_PRESENTATION_REPRESENTATION (  '', ( #7281 ), #1963 ) ;
#1544 = CIRCLE ( 'NONE', #5954, 0.5853553390593273500 ) ;
#1545 = ORIENTED_EDGE ( 'NONE', *, *, #5072, .F. ) ;
#1546 = AXIS2_PLACEMENT_3D ( 'NONE', #2772, #7259, #3411 ) ;
#1547 = CARTESIAN_POINT ( 'NONE',  ( -0.1371271796319699400, 0.3017080774904097300, 0.3642922621716731000 ) ) ;
#1548 = DIRECTION ( 'NONE',  ( 1.447553700753488400E-016, -1.000000000000000000, 0.0000000000000000000 ) ) ;
#1549 = CARTESIAN_POINT ( 'NONE',  ( 0.05041738526498321800, -1.152035013410733300, 6.402725263619793400E-005 ) ) ;
#1550 = APPLICATION_PROTOCOL_DEFINITION ( 'draft international standard', 'automotive_design', 1998, #5345 ) ;
#1551 = VERTEX_POINT ( 'NONE', #6984 ) ;
#1552 = CARTESIAN_POINT ( 'NONE',  ( -1.370000000000000100, -1.294999999999999700, 0.6700000000000002600 ) ) ;
#1553 = EDGE_CURVE ( 'NONE', #6553, #6252, #112, .T. ) ;
#1554 = DIRECTION ( 'NONE',  ( 0.3162277660168380000, 0.9486832980505137700, 3.872673214540389200E-017 ) ) ;
#1555 = AXIS2_PLACEMENT_3D ( 'NONE', #4570, #803, #5226 ) ;
#1556 = CARTESIAN_POINT ( 'NONE',  ( 0.02916825541113855400, -1.162825474942541500, -0.2549967015353986100 ) ) ;
#1557 = DIRECTION ( 'NONE',  ( -0.8538019137690956400, -0.5205980138688868200, 0.0000000000000000000 ) ) ;
#1558 = SURFACE_STYLE_FILL_AREA ( #2299 ) ;
#1559 = ORIENTED_EDGE ( 'NONE', *, *, #544, .F. ) ;
#1560 = FILL_AREA_STYLE_COLOUR ( '', #5295 ) ;
#1561 = CIRCLE ( 'NONE', #2779, 0.8262454205064518900 ) ;
#1562 = DIRECTION ( 'NONE',  ( 1.447553700753488400E-016, -1.000000000000000000, 0.0000000000000000000 ) ) ;
#1563 = EDGE_CURVE ( 'NONE', #2852, #157, #4652, .T. ) ;
#1564 = DIRECTION ( 'NONE',  ( -0.0000000000000000000, -1.000000000000000000, -0.0000000000000000000 ) ) ;
#1565 = CARTESIAN_POINT ( 'NONE',  ( -0.1250000000000000600, 0.2666198487095667900, 0.3792098549233096100 ) ) ;
#1566 =( NAMED_UNIT ( * ) PLANE_ANGLE_UNIT ( ) SI_UNIT ( $, .RADIAN. ) );
#1567 = ORIENTED_EDGE ( 'NONE', *, *, #6115, .T. ) ;
#1568 = AXIS2_PLACEMENT_3D ( 'NONE', #4868, #1064, #5513 ) ;
#1569 = B_SPLINE_CURVE_WITH_KNOTS ( 'NONE', 3,
 ( #6902, #598, #5034, #1220, #5698, #1868, #6333 ),
 .UNSPECIFIED., .F., .F.,
 ( 4, 3, 4 ),
 ( 2.177912619128748600E-019, 0.0007348310567757124100, 0.001497211650736156800 ),
 .UNSPECIFIED. ) ;
#1570 = UNCERTAINTY_MEASURE_WITH_UNIT (LENGTH_MEASURE( 1.000000000000000100E-005 ), #2642, 'distance_accuracy_value', 'NONE');
#1571 = CARTESIAN_POINT ( 'NONE',  ( -0.4500000000000036700, 0.8878219273820057200, 0.0000000000000000000 ) ) ;
#1572 =( NAMED_UNIT ( * ) SI_UNIT ( $, .STERADIAN. ) SOLID_ANGLE_UNIT ( ) );
#1573 = ORIENTED_EDGE ( 'NONE', *, *, #5850, .F. ) ;
#1574 = DIRECTION ( 'NONE',  ( -1.447553700753488400E-016, 1.000000000000000000, -0.0000000000000000000 ) ) ;
#1575 = COLOUR_RGB ( '',1.000000000000000000, 0.8117647058823529400, 0.5019607843137254800 ) ;
#1576 = EDGE_CURVE ( 'NONE', #7120, #6619, #6372, .T. ) ;
#1577 = SURFACE_STYLE_FILL_AREA ( #3392 ) ;
#1578 = DIRECTION ( 'NONE',  ( -0.4472135954999580400, 0.0000000000000000000, 0.8944271909999157400 ) ) ;
#1579 = VERTEX_POINT ( 'NONE', #7661 ) ;
#1580 = FILL_AREA_STYLE_COLOUR ( '', #6436 ) ;
#1581 = SURFACE_STYLE_USAGE ( .BOTH. , #5379 ) ;
#1582 =( NAMED_UNIT ( * ) PLANE_ANGLE_UNIT ( ) SI_UNIT ( $, .RADIAN. ) );
#1583 = AXIS2_PLACEMENT_3D ( 'NONE', #7758, #3902, #120 ) ;
#1584 = FILL_AREA_STYLE ('',( #1560 ) ) ;
#1585 = VECTOR ( 'NONE', #449, 1000.000000000000100 ) ;
#1586 = ORIENTED_EDGE ( 'NONE', *, *, #1483, .T. ) ;
#1587 = CARTESIAN_POINT ( 'NONE',  ( -0.02513773585898711500, -1.222945504588554400, 0.2763272670030122400 ) ) ;
#1588 = CARTESIAN_POINT ( 'NONE',  ( 0.08305999482976636500, -0.7318447519065445200, 0.3349989644292454300 ) ) ;
#1589 = EDGE_CURVE ( 'NONE', #2707, #2641, #1490, .T. ) ;
#1590 = PRESENTATION_LAYER_ASSIGNMENT (  '', '', ( #758 ) ) ;
#1591 = CARTESIAN_POINT ( 'NONE',  ( -7.199432022583334800E-017, 0.8722442183630781900, 0.0000000000000000000 ) ) ;
#1592 = CARTESIAN_POINT ( 'NONE',  ( 2.975399468465863700E-018, 0.3543379074933980500, 0.0000000000000000000 ) ) ;
#1593 = ORIENTED_EDGE ( 'NONE', *, *, #1018, .T. ) ;
#1594 = CIRCLE ( 'NONE', #4073, 0.01999999999999999700 ) ;
#1595 = CARTESIAN_POINT ( 'NONE',  ( -0.04575581247760805000, -1.157046485537193600, 0.2511402095542421000 ) ) ;
#1596 = FACE_BOUND ( 'NONE', #7187, .T. ) ;
#1597 = VERTEX_POINT ( 'NONE', #653 ) ;
#1598 = CIRCLE ( 'NONE', #403, 0.02999999999999997100 ) ;
#1599 = FILL_AREA_STYLE ('',( #4023 ) ) ;
#1600 = PRESENTATION_STYLE_ASSIGNMENT (( #5885 ) ) ;
#1601 = CYLINDRICAL_SURFACE ( 'NONE', #2892, 0.1000000000000000500 ) ;
#1602 = CARTESIAN_POINT ( 'NONE',  ( 0.9581966011250104800, 1.294999999999999900, 1.169999999999999900 ) ) ;
#1603 =( NAMED_UNIT ( * ) PLANE_ANGLE_UNIT ( ) SI_UNIT ( $, .RADIAN. ) );
#1604 = ORIENTED_EDGE ( 'NONE', *, *, #4437, .F. ) ;
#1605 = EDGE_CURVE ( 'NONE', #7699, #651, #7899, .T. ) ;
#1606 = CARTESIAN_POINT ( 'NONE',  ( 1.047289553116290300E-015, -6.859999999999995900, 0.0000000000000000000 ) ) ;
#1607 = DIRECTION ( 'NONE',  ( -0.0000000000000000000, -1.000000000000000000, -0.0000000000000000000 ) ) ;
#1608 = DIRECTION ( 'NONE',  ( 1.000000000000000000, 1.191430958775280700E-016, 0.0000000000000000000 ) ) ;
#1609 = CIRCLE ( 'NONE', #8024, 0.8499999999999993100 ) ;
#1610 = CIRCLE ( 'NONE', #4062, 0.4439249933206987400 ) ;
#1611 = CARTESIAN_POINT ( 'NONE',  ( -4.923237520447700400E-017, 0.7150000000000000800, 0.0000000000000000000 ) ) ;
#1612 = VERTEX_POINT ( 'NONE', #5088 ) ;
#1613 = CARTESIAN_POINT ( 'NONE',  ( 0.03709593082621726700, 0.4001974798933239400, -0.4481742220839079500 ) ) ;
#1614 = ORIENTED_EDGE ( 'NONE', *, *, #4902, .T. ) ;
#1615 =( NAMED_UNIT ( * ) PLANE_ANGLE_UNIT ( ) SI_UNIT ( $, .RADIAN. ) );
#1616 = SURFACE_STYLE_FILL_AREA ( #6709 ) ;
#1617 = AXIS2_PLACEMENT_3D ( 'NONE', #1128, #5593, #1766 ) ;
#1618 = AXIS2_PLACEMENT_3D ( 'NONE', #7743, #3886, #106 ) ;
#1619 =( GEOMETRIC_REPRESENTATION_CONTEXT ( 3 ) GLOBAL_UNCERTAINTY_ASSIGNED_CONTEXT ( ( #7372 ) ) GLOBAL_UNIT_ASSIGNED_CONTEXT ( ( #456, #4897, #1087 ) ) REPRESENTATION_CONTEXT ( 'NONE', 'WORKASPACE' ) );
#1620 = ORIENTED_EDGE ( 'NONE', *, *, #3376, .T. ) ;
#1621 = FILL_AREA_STYLE ('',( #353 ) ) ;
#1622 = DIRECTION ( 'NONE',  ( -1.000000000000000000, -2.409338161078900700E-016, 0.0000000000000000000 ) ) ;
#1623 = DIRECTION ( 'NONE',  ( 1.447553700753488400E-016, -1.000000000000000000, 0.0000000000000000000 ) ) ;
#1624 =( BOUNDED_SURFACE ( )  B_SPLINE_SURFACE ( 3, 2, ( 
 ( #6292, #4362, #586 ),
 ( #5020, #1209, #5682 ),
 ( #1859, #6320, #2499 ),
 ( #6970, #3129, #7628 ) ),
 .UNSPECIFIED., .F., .F., .T. ) 
 B_SPLINE_SURFACE_WITH_KNOTS ( ( 4, 4 ),
 ( 3, 3 ),
 ( 0.0000000000000000000, 9.020840259616860300E-005 ),
 ( 0.0000000000000000000, 1.000000000000000000 ),
 .UNSPECIFIED. ) 
 GEOMETRIC_REPRESENTATION_ITEM ( )  RATIONAL_B_SPLINE_SURFACE ( (
 ( 1.000000000000000000, 0.8248820918441176500, 1.000000000000000000),
 ( 1.000000000000000000, 0.8217178766811879000, 1.000000000000000000),
 ( 1.000000000000000000, 0.8029437608245945100, 1.000000000000000000),
 ( 1.000000000000000000, 0.7769974644328726500, 1.000000000000000000) ) ) 
 REPRESENTATION_ITEM ( '' )  SURFACE ( )  );
#1625 = MECHANICAL_DESIGN_GEOMETRIC_PRESENTATION_REPRESENTATION (  '', ( #7803 ), #2064 ) ;
#1626 = SURFACE_SIDE_STYLE ('',( #3227 ) ) ;
#1627 = EDGE_CURVE ( 'NONE', #2000, #1041, #6895, .T. ) ;
#1628 = CARTESIAN_POINT ( 'NONE',  ( -0.1274216735989316100, 0.3525217918728549300, 0.4251585148178475000 ) ) ;
#1629 = DIRECTION ( 'NONE',  ( -1.000000000000000000, -1.668003342285392800E-016, 0.0000000000000000000 ) ) ;
#1630 = MECHANICAL_DESIGN_GEOMETRIC_PRESENTATION_REPRESENTATION (  '', ( #808 ), #2069 ) ;
#1631 =( NAMED_UNIT ( * ) PLANE_ANGLE_UNIT ( ) SI_UNIT ( $, .RADIAN. ) );
#1632 =( NAMED_UNIT ( * ) SI_UNIT ( $, .STERADIAN. ) SOLID_ANGLE_UNIT ( ) );
#1633 = CARTESIAN_POINT ( 'NONE',  ( 0.4439249933206987400, 0.3543379074933978900, 5.436513221317039400E-017 ) ) ;
#1634 = CARTESIAN_POINT ( 'NONE',  ( -0.1040230453209566900, 0.3448832097151149900, -0.3798908349956318700 ) ) ;
#1635 = ORIENTED_EDGE ( 'NONE', *, *, #7777, .T. ) ;
#1636 = ORIENTED_EDGE ( 'NONE', *, *, #3254, .T. ) ;
#1637 = FILL_AREA_STYLE ('',( #5446 ) ) ;
#1638 = CARTESIAN_POINT ( 'NONE',  ( -0.1546666456083098400, 0.3037474859021931900, -0.4112769338053835500 ) ) ;
#1639 = SURFACE_STYLE_USAGE ( .BOTH. , #5448 ) ;
#1640 =( NAMED_UNIT ( * ) SI_UNIT ( $, .STERADIAN. ) SOLID_ANGLE_UNIT ( ) );
#1641 = EDGE_LOOP ( 'NONE', ( #4324, #863, #4082, #4532 ) ) ;
#1642 = EDGE_LOOP ( 'NONE', ( #8131, #4458, #1750, #3339, #3192, #1966 ) ) ;
#1643 = CARTESIAN_POINT ( 'NONE',  ( 0.1175578686517028000, -0.2361828566321511600, 0.3725520193605270100 ) ) ;
#1644 = CARTESIAN_POINT ( 'NONE',  ( -7.509803548050487700E-017, 0.8936853245068846500, 0.0000000000000000000 ) ) ;
#1645 = DIRECTION ( 'NONE',  ( -1.447553700753488400E-016, 1.000000000000000000, -0.0000000000000000000 ) ) ;
#1646 = ORIENTED_EDGE ( 'NONE', *, *, #2683, .T. ) ;
#1647 = EDGE_CURVE ( 'NONE', #1154, #2300, #6169, .T. ) ;
#1648 = AXIS2_PLACEMENT_3D ( 'NONE', #4356, #579, #5015 ) ;
#1649 = LINE ( 'NONE', #5676, #1467 ) ;
#1650 = CARTESIAN_POINT ( 'NONE',  ( 1.270000000000000000, -1.294999999999999900, 0.6700000000000002600 ) ) ;
#1651 = SURFACE_STYLE_FILL_AREA ( #1215 ) ;
#1652 = ORIENTED_EDGE ( 'NONE', *, *, #4359, .F. ) ;
#1653 = CARTESIAN_POINT ( 'NONE',  ( -0.08300968194200383800, -0.7357752454342063600, 0.3356694794843098600 ) ) ;
#1654 = CARTESIAN_POINT ( 'NONE',  ( -0.03902835300765011800, -1.214358437060419200, 0.2961696417105038100 ) ) ;
#1655 = CARTESIAN_POINT ( 'NONE',  ( -0.02994456013349137600, -1.151245959617459300, -0.2721492054816726500 ) ) ;
#1656 = SURFACE_STYLE_USAGE ( .BOTH. , #5472 ) ;
#1657 = EDGE_CURVE ( 'NONE', #7530, #6044, #4444, .T. ) ;
#1658 = CARTESIAN_POINT ( 'NONE',  ( 0.07510442366010837400, -0.6993505378357950400, 0.2884536770729557700 ) ) ;
#1659 = FILL_AREA_STYLE_COLOUR ( '', #7504 ) ;
#1660 =( LENGTH_UNIT ( ) NAMED_UNIT ( * ) SI_UNIT ( .MILLI., .METRE. ) );
#1661 = UNCERTAINTY_MEASURE_WITH_UNIT (LENGTH_MEASURE( 1.000000000000000100E-005 ), #6702, 'distance_accuracy_value', 'NONE');
#1662 =( GEOMETRIC_REPRESENTATION_CONTEXT ( 3 ) GLOBAL_UNCERTAINTY_ASSIGNED_CONTEXT ( ( #3255 ) ) GLOBAL_UNIT_ASSIGNED_CONTEXT ( ( #7619, #3755, #8273 ) ) REPRESENTATION_CONTEXT ( 'NONE', 'WORKASPACE' ) );
#1663 = B_SPLINE_CURVE_WITH_KNOTS ( 'NONE', 3,
 ( #7768, #769, #5862, #2029, #6505, #2670, #7149 ),
 .UNSPECIFIED., .F., .F.,
 ( 4, 3, 4 ),
 ( 0.0000000000000000000, 5.162259320004122700E-005, 8.969088472873567000E-005 ),
 .UNSPECIFIED. ) ;
#1664 = CARTESIAN_POINT ( 'NONE',  ( 2.518587945522486000E-016, -1.365000000000000000, 0.0000000000000000000 ) ) ;
#1665 = CARTESIAN_POINT ( 'NONE',  ( -0.02839975818303075800, -1.174288532133782600, -0.07608303325060077100 ) ) ;
#1666 = CYLINDRICAL_SURFACE ( 'NONE', #3127, 0.1000000000000000500 ) ;
#1667 = ORIENTED_EDGE ( 'NONE', *, *, #2877, .F. ) ;
#1668 = SURFACE_SIDE_STYLE ('',( #2380 ) ) ;
#1669 =( NAMED_UNIT ( * ) PLANE_ANGLE_UNIT ( ) SI_UNIT ( $, .RADIAN. ) );
#1670 = CIRCLE ( 'NONE', #4725, 0.02000000000000001800 ) ;
#1671 = VERTEX_POINT ( 'NONE', #1950 ) ;
#1672 = STYLED_ITEM ( 'NONE', ( #8225 ), #1056 ) ;
#1673 = CARTESIAN_POINT ( 'NONE',  ( -0.02779278183087189800, -1.183342311879557600, 0.2509068593105324200 ) ) ;
#1674 = EDGE_CURVE ( 'NONE', #5458, #1422, #7690, .T. ) ;
#1675 = PRESENTATION_LAYER_ASSIGNMENT (  '', '', ( #856 ) ) ;
#1676 = ORIENTED_EDGE ( 'NONE', *, *, #3775, .T. ) ;
#1677 = ADVANCED_FACE ( 'NONE', ( #1076 ), #1979, .T. ) ;
#1678 = CIRCLE ( 'NONE', #3055, 0.1000000000000000500 ) ;
#1679 = SURFACE_STYLE_FILL_AREA ( #6264 ) ;
#1680 = EDGE_CURVE ( 'NONE', #2267, #723, #3910, .T. ) ;
#1681 = CARTESIAN_POINT ( 'NONE',  ( -7.199432022583334800E-017, 0.8722442183630781900, 0.0000000000000000000 ) ) ;
#1682 = VERTEX_POINT ( 'NONE', #4985 ) ;
#1683 = PRESENTATION_LAYER_ASSIGNMENT (  '', '', ( #1265 ) ) ;
#1684 = FILL_AREA_STYLE ('',( #1049 ) ) ;
#1685 = FILL_AREA_STYLE ('',( #6787 ) ) ;
#1686 = CARTESIAN_POINT ( 'NONE',  ( -0.1451101647447003700, 0.3196741126926652700, 0.4163025712021009600 ) ) ;
#1687 = MECHANICAL_DESIGN_GEOMETRIC_PRESENTATION_REPRESENTATION (  '', ( #866 ), #2135 ) ;
#1688 =( NAMED_UNIT ( * ) PLANE_ANGLE_UNIT ( ) SI_UNIT ( $, .RADIAN. ) );
#1689 = SURFACE_STYLE_USAGE ( .BOTH. , #4261 ) ;
#1690 = CARTESIAN_POINT ( 'NONE',  ( 0.02733480295340627900, -1.222697491360204200, 0.2856168812565667000 ) ) ;
#1691 = FACE_OUTER_BOUND ( 'NONE', #5858, .T. ) ;
#1692 = EDGE_LOOP ( 'NONE', ( #2496, #8068, #3556, #7820 ) ) ;
#1693 = CARTESIAN_POINT ( 'NONE',  ( 2.518587945522486000E-016, -1.395000000000000000, 0.6399999999999993500 ) ) ;
#1694 = CARTESIAN_POINT ( 'NONE',  ( -0.1250656858299104600, 0.2675996315862999000, -0.3655387589310537500 ) ) ;
#1695 = SURFACE_STYLE_FILL_AREA ( #1429 ) ;
#1696 = SURFACE_STYLE_USAGE ( .BOTH. , #5509 ) ;
#1697 =( GEOMETRIC_REPRESENTATION_CONTEXT ( 3 ) GLOBAL_UNCERTAINTY_ASSIGNED_CONTEXT ( ( #2080 ) ) GLOBAL_UNIT_ASSIGNED_CONTEXT ( ( #8146, #4262, #478 ) ) REPRESENTATION_CONTEXT ( 'NONE', 'WORKASPACE' ) );
#1698 = ORIENTED_EDGE ( 'NONE', *, *, #2195, .T. ) ;
#1699 = ORIENTED_EDGE ( 'NONE', *, *, #7423, .T. ) ;
#1700 = CARTESIAN_POINT ( 'NONE',  ( -0.05723132828942625900, 0.3871995584322124300, 0.4236181109623453600 ) ) ;
#1701 = EDGE_CURVE ( 'NONE', #1984, #8188, #3642, .T. ) ;
#1702 = UNCERTAINTY_MEASURE_WITH_UNIT (LENGTH_MEASURE( 1.000000000000000100E-005 ), #4155, 'distance_accuracy_value', 'NONE');
#1703 = EDGE_LOOP ( 'NONE', ( #2870, #5746, #2897, #8004 ) ) ;
#1704 = ORIENTED_EDGE ( 'NONE', *, *, #6579, .T. ) ;
#1705 = AXIS2_PLACEMENT_3D ( 'NONE', #2664, #7144, #6470 ) ;
#1706 = FILL_AREA_STYLE ('',( #2950 ) ) ;
#1707 = COLOUR_RGB ( '',1.000000000000000000, 0.8117647058823529400, 0.5019607843137254800 ) ;
#1708 = CARTESIAN_POINT ( 'NONE',  ( -0.1451101359897605800, 0.3196742377065204800, -0.4163025936544768000 ) ) ;
#1709 =( NAMED_UNIT ( * ) SI_UNIT ( $, .STERADIAN. ) SOLID_ANGLE_UNIT ( ) );
#1710 = TOROIDAL_SURFACE ( 'NONE', #6222, 0.6399999999999993500, 0.02999999999999999900 ) ;
#1711 = CARTESIAN_POINT ( 'NONE',  ( -0.1135834303514697100, 0.3297828523459351300, -0.4015320659583352900 ) ) ;
#1712 = FILL_AREA_STYLE ('',( #1659 ) ) ;
#1713 = CARTESIAN_POINT ( 'NONE',  ( 1.270000000000001100, 1.294999999999999700, 0.7699999999999979100 ) ) ;
#1714 = CARTESIAN_POINT ( 'NONE',  ( 0.04630770841790039100, -1.150767665139484900, 0.2525584207203323000 ) ) ;
#1715 = CARTESIAN_POINT ( 'NONE',  ( 1.244400193985225400, 1.394999999999999800, -0.7285786437626907700 ) ) ;
#1716 = DIRECTION ( 'NONE',  ( -1.000000000000000000, 0.0000000000000000000, 0.0000000000000000000 ) ) ;
#1717 = CARTESIAN_POINT ( 'NONE',  ( 0.3939249933206985800, 0.8795106857790896400, 4.824189821743360500E-017 ) ) ;
#1718 = CARTESIAN_POINT ( 'NONE',  ( 0.04955977419589184500, -1.205290237872890200, 0.2977002210804753900 ) ) ;
#1719 = ADVANCED_FACE ( 'NONE', ( #5350 ), #3056, .T. ) ;
#1720 = AXIS2_PLACEMENT_3D ( 'NONE', #4691, #2152, #6650 ) ;
#1721 = AXIS2_PLACEMENT_3D ( 'NONE', #397, #7439, #3567 ) ;
#1722 = CARTESIAN_POINT ( 'NONE',  ( 0.1450627261441426200, 0.3267110947112218900, 0.4174144868802118200 ) ) ;
#1723 = DIRECTION ( 'NONE',  ( 1.084202172485507800E-015, 0.0000000000000000000, -1.000000000000000000 ) ) ;
#1724 = CARTESIAN_POINT ( 'NONE',  ( -0.04630770841790538000, -1.150767665139401200, -0.2525584207203404000 ) ) ;
#1725 = LINE ( 'NONE', #796, #4907 ) ;
#1726 =( LENGTH_UNIT ( ) NAMED_UNIT ( * ) SI_UNIT ( .MILLI., .METRE. ) );
#1727 = ORIENTED_EDGE ( 'NONE', *, *, #1563, .T. ) ;
#1728 = EDGE_LOOP ( 'NONE', ( #2191, #7771, #7652, #916 ) ) ;
#1729 = CARTESIAN_POINT ( 'NONE',  ( -0.04562005361576904100, -1.161042979093070500, -0.2487831781670236900 ) ) ;
#1730 = PRESENTATION_STYLE_ASSIGNMENT (( #8212 ) ) ;
#1731 = CARTESIAN_POINT ( 'NONE',  ( -0.1250013331169531100, 0.2666397337466446800, 0.3897214476344223500 ) ) ;
#1732 = MECHANICAL_DESIGN_GEOMETRIC_PRESENTATION_REPRESENTATION (  '', ( #899 ), #2172 ) ;
#1733 = CARTESIAN_POINT ( 'NONE',  ( 0.04577085738069089400, -1.157149291725882100, 0.2509541767957842500 ) ) ;
#1734 = EDGE_CURVE ( 'NONE', #8286, #8090, #7987, .T. ) ;
#1735 = ORIENTED_EDGE ( 'NONE', *, *, #2713, .F. ) ;
#1736 =( GEOMETRIC_REPRESENTATION_CONTEXT ( 3 ) GLOBAL_UNCERTAINTY_ASSIGNED_CONTEXT ( ( #6429 ) ) GLOBAL_UNIT_ASSIGNED_CONTEXT ( ( #703, #5133, #1328 ) ) REPRESENTATION_CONTEXT ( 'NONE', 'WORKASPACE' ) );
#1737 = MECHANICAL_DESIGN_GEOMETRIC_PRESENTATION_REPRESENTATION (  '', ( #63 ), #2178 ) ;
#1738 = EDGE_LOOP ( 'NONE', ( #6444, #3579, #7207, #5955 ) ) ;
#1739 = CARTESIAN_POINT ( 'NONE',  ( -0.1259884179118129800, 0.2814717267002596100, 0.3804568316824176700 ) ) ;
#1740 = CARTESIAN_POINT ( 'NONE',  ( 0.03423523205710924500, 0.3955102401299972500, -0.4275961165522069700 ) ) ;
#1741 = CARTESIAN_POINT ( 'NONE',  ( -1.047639320225002900, 1.294999999999999700, 1.214721359549995900 ) ) ;
#1742 = COLOUR_RGB ( '',0.1098039215686274500, 0.1098039215686274500, 0.1098039215686274500 ) ;
#1743 = DIRECTION ( 'NONE',  ( -1.447553700753488400E-016, 1.000000000000000000, -0.0000000000000000000 ) ) ;
#1744 = EDGE_LOOP ( 'NONE', ( #5207, #8011, #1866, #6954 ) ) ;
#1745 = FILL_AREA_STYLE_COLOUR ( '', #4551 ) ;
#1746 = ORIENTED_EDGE ( 'NONE', *, *, #6541, .T. ) ;
#1747 = CARTESIAN_POINT ( 'NONE',  ( 0.9581966011250104800, -1.294999999999999900, 1.270000000000000000 ) ) ;
#1748 = DIRECTION ( 'NONE',  ( -1.447553700753488400E-016, 1.000000000000000000, -0.0000000000000000000 ) ) ;
#1749 = DIRECTION ( 'NONE',  ( -1.000000000000000000, 0.0000000000000000000, 0.0000000000000000000 ) ) ;
#1750 = ORIENTED_EDGE ( 'NONE', *, *, #6087, .F. ) ;
#1751 = FILL_AREA_STYLE ('',( #1119 ) ) ;
#1752 = CARTESIAN_POINT ( 'NONE',  ( 4.660967422637649700E-016, -2.845000000000000600, 0.0000000000000000000 ) ) ;
#1753 = EDGE_CURVE ( 'NONE', #2641, #6099, #1379, .T. ) ;
#1754 = DIRECTION ( 'NONE',  ( 0.0000000000000000000, 1.000000000000000000, -1.084202172485503800E-015 ) ) ;
#1755 = ORIENTED_EDGE ( 'NONE', *, *, #5817, .T. ) ;
#1756 = AXIS2_PLACEMENT_3D ( 'NONE', #2237, #6716, #2867 ) ;
#1757 = CARTESIAN_POINT ( 'NONE',  ( 5.354393754902066400E-017, 0.005000000000000013100, 0.0000000000000000000 ) ) ;
#1758 = PRESENTATION_STYLE_ASSIGNMENT (( #4981 ) ) ;
#1759 = ADVANCED_FACE ( 'NONE', ( #6262 ), #3961, .T. ) ;
#1760 = DIRECTION ( 'NONE',  ( -1.224646799147353200E-016, -1.772742006221665100E-032, 1.000000000000000000 ) ) ;
#1761 = CIRCLE ( 'NONE', #3832, 0.2800826275816102900 ) ;
#1762 = UNCERTAINTY_MEASURE_WITH_UNIT (LENGTH_MEASURE( 1.000000000000000100E-005 ), #3148, 'distance_accuracy_value', 'NONE');
#1763 = CIRCLE ( 'NONE', #3296, 0.05000000000000002400 ) ;
#1764 = ORIENTED_EDGE ( 'NONE', *, *, #6900, .F. ) ;
#1765 = CARTESIAN_POINT ( 'NONE',  ( 0.1378435408756127900, 0.2670981431876220900, -0.3606053945049981200 ) ) ;
#1766 = DIRECTION ( 'NONE',  ( -1.000000000000000000, 0.0000000000000000000, 0.0000000000000000000 ) ) ;
#1767 = AXIS2_PLACEMENT_3D ( 'NONE', #7356, #3489, #7996 ) ;
#1768 = CARTESIAN_POINT ( 'NONE',  ( 0.1250026613351269400, 0.2666596189976177500, -0.3897231248518005500 ) ) ;
#1769 = SURFACE_STYLE_USAGE ( .BOTH. , #5598 ) ;
#1770 = CARTESIAN_POINT ( 'NONE',  ( 1.270000000000000000, 1.395000000000000000, 0.6700000000000002600 ) ) ;
#1771 = DIRECTION ( 'NONE',  ( -1.447553700753488400E-016, 1.000000000000000000, -0.0000000000000000000 ) ) ;
#1772 = AXIS2_PLACEMENT_3D ( 'NONE', #7367, #3499, #8005 ) ;
#1773 = CARTESIAN_POINT ( 'NONE',  ( 2.975399468465839800E-018, 0.3543379074933982700, 0.0000000000000000000 ) ) ;
#1774 = CARTESIAN_POINT ( 'NONE',  ( 0.3939249933206986400, 0.3543379074933976600, 4.824189821743360500E-017 ) ) ;
#1775 = CARTESIAN_POINT ( 'NONE',  ( 0.1217074279400161000, 0.02017754323096197100, -0.3426698175346753500 ) ) ;
#1776 = ORIENTED_EDGE ( 'NONE', *, *, #7558, .F. ) ;
#1777 = CIRCLE ( 'NONE', #3750, 0.01999999999999998000 ) ;
#1778 = DIRECTION ( 'NONE',  ( 0.4472135954999579300, 0.0000000000000000000, 0.8944271909999158600 ) ) ;
#1779 = DIRECTION ( 'NONE',  ( 0.0000000000000000000, 0.0000000000000000000, -1.000000000000000000 ) ) ;
#1780 = CARTESIAN_POINT ( 'NONE',  ( -0.1267463336077951600, 0.2926685074281240600, -0.3813914973680445600 ) ) ;
#1781 = CARTESIAN_POINT ( 'NONE',  ( 0.02733480295340627900, -1.222697491360204200, -0.2856168812565667000 ) ) ;
#1782 = MECHANICAL_DESIGN_GEOMETRIC_PRESENTATION_REPRESENTATION (  '', ( #7959 ), #2218 ) ;
#1783 = PRESENTATION_STYLE_ASSIGNMENT (( #1769 ) ) ;
#1784 = VERTEX_POINT ( 'NONE', #4411 ) ;
#1785 = CARTESIAN_POINT ( 'NONE',  ( 0.04766718213785989300, -1.235051256741154500, -0.2952605299453507900 ) ) ;
#1786 = AXIS2_PLACEMENT_3D ( 'NONE', #4478, #704, #5134 ) ;
#1787 = EDGE_CURVE ( 'NONE', #848, #7530, #5453, .T. ) ;
#1788 = MECHANICAL_DESIGN_GEOMETRIC_PRESENTATION_REPRESENTATION (  '', ( #946 ), #2223 ) ;
#1789 = CARTESIAN_POINT ( 'NONE',  ( -0.1345165463631138300, 0.01056098416514961200, -0.3902488968370565500 ) ) ;
#1790 = SURFACE_STYLE_USAGE ( .BOTH. , #5619 ) ;
#1791 = CARTESIAN_POINT ( 'NONE',  ( 0.6399999999999993500, 0.03500000000000018400, 7.837739514543053000E-017 ) ) ;
#1792 = ORIENTED_EDGE ( 'NONE', *, *, #4198, .T. ) ;
#1793 = CIRCLE ( 'NONE', #6980, 0.1000000000000000500 ) ;
#1794 = CARTESIAN_POINT ( 'NONE',  ( -0.9581966011250113700, 1.294999999999999900, 1.169999999999999900 ) ) ;
#1795 = DIRECTION ( 'NONE',  ( -1.447553700753488400E-016, 1.000000000000000000, -0.0000000000000000000 ) ) ;
#1796 = PRESENTATION_LAYER_ASSIGNMENT (  '', '', ( #530 ) ) ;
#1797 =( NAMED_UNIT ( * ) SI_UNIT ( $, .STERADIAN. ) SOLID_ANGLE_UNIT ( ) );
#1798 =( LENGTH_UNIT ( ) NAMED_UNIT ( * ) SI_UNIT ( .MILLI., .METRE. ) );
#1799 = DIRECTION ( 'NONE',  ( 0.0000000000000000000, 0.0000000000000000000, 1.000000000000000000 ) ) ;
#1800 = VERTEX_POINT ( 'NONE', #1850 ) ;
#1801 = CARTESIAN_POINT ( 'NONE',  ( 0.1165733939659211700, 0.3537333690302068000, 0.3762820211431191500 ) ) ;
#1802 = FILL_AREA_STYLE ('',( #5634 ) ) ;
#1803 = CARTESIAN_POINT ( 'NONE',  ( 0.8499999999999993100, 0.6950000000000000600, 1.071565949253933200E-016 ) ) ;
#1804 = ADVANCED_FACE ( 'NONE', ( #2268 ), #8078, .T. ) ;
#1805 = CIRCLE ( 'NONE', #7596, 0.2550000000000012300 ) ;
#1806 = TOROIDAL_SURFACE ( 'NONE', #4473, 0.8499999999999993100, 0.05000000000000000300 ) ;
#1807 = EDGE_LOOP ( 'NONE', ( #2008, #7497, #7563, #6416 ) ) ;
#1808 =( LENGTH_UNIT ( ) NAMED_UNIT ( * ) SI_UNIT ( .MILLI., .METRE. ) );
#1809 = ORIENTED_EDGE ( 'NONE', *, *, #1262, .T. ) ;
#1810 = EDGE_CURVE ( 'NONE', #3185, #1015, #1481, .T. ) ;
#1811 = DIRECTION ( 'NONE',  ( 1.000000000000000000, 1.417260604930826400E-016, 0.0000000000000000000 ) ) ;
#1812 =( NAMED_UNIT ( * ) SI_UNIT ( $, .STERADIAN. ) SOLID_ANGLE_UNIT ( ) );
#1813 = PRESENTATION_STYLE_ASSIGNMENT (( #7249 ) ) ;
#1814 = PRESENTATION_LAYER_ASSIGNMENT (  '', '', ( #1392 ) ) ;
#1815 = CIRCLE ( 'NONE', #8250, 0.1000000000000000300 ) ;
#1816 = CARTESIAN_POINT ( 'NONE',  ( 0.1201474999041709100, 0.3104903820164148200, 0.3862503779425873200 ) ) ;
#1817 = PRESENTATION_STYLE_ASSIGNMENT (( #3120 ) ) ;
#1818 = B_SPLINE_CURVE_WITH_KNOTS ( 'NONE', 3,
 ( #7813, #2045, #786, #2402, #6875, #3026, #7536, #3654, #8184, #4299, #514, #4951, #1145, #5612, #1781, #6245, #2433, #6906, #3053 ),
 .UNSPECIFIED., .F., .F.,
 ( 4, 3, 3, 3, 3, 3, 4 ),
 ( -9.262044623023593200E-007, 0.0000000000000000000, 9.896863988356346200E-006, 2.042547534028217900E-005, 2.796392413456519800E-005, 3.319237422321073200E-005, 3.846986150140898900E-005 ),
 .UNSPECIFIED. ) ;
#1819 = B_SPLINE_CURVE_WITH_KNOTS ( 'NONE', 3,
 ( #563, #4342, #1186, #5658, #1834, #6298, #2478 ),
 .UNSPECIFIED., .F., .F.,
 ( 4, 3, 4 ),
 ( 8.216586644078460900E-017, 0.0006806336454097807800, 0.001424922211873024500 ),
 .UNSPECIFIED. ) ;
#1820 = VERTEX_POINT ( 'NONE', #1929 ) ;
#1821 = DIRECTION ( 'NONE',  ( -0.7071067811865472400, 0.7071067811865479100, 0.0000000000000000000 ) ) ;
#1822 = SURFACE_STYLE_USAGE ( .BOTH. , #5647 ) ;
#1823 = FILL_AREA_STYLE ('',( #5649 ) ) ;
#1824 = EDGE_CURVE ( 'NONE', #4368, #652, #6265, .T. ) ;
#1825 = FACE_OUTER_BOUND ( 'NONE', #5186, .T. ) ;
#1826 = CARTESIAN_POINT ( 'NONE',  ( 0.1146542273757932400, 0.3356676672903475300, 0.4026721302484305200 ) ) ;
#1827 = AXIS2_PLACEMENT_3D ( 'NONE', #1757, #6224, #2410 ) ;
#1828 = CARTESIAN_POINT ( 'NONE',  ( 0.1518986748799413000, 0.2634659119465356200, 0.4083876577056689300 ) ) ;
#1829 = COLOUR_RGB ( '',0.1098039215686274500, 0.1098039215686274500, 0.1098039215686274500 ) ;
#1830 = ORIENTED_EDGE ( 'NONE', *, *, #2946, .F. ) ;
#1831 = DIRECTION ( 'NONE',  ( 1.447553700753488400E-016, -1.000000000000000000, 0.0000000000000000000 ) ) ;
#1832 = DIRECTION ( 'NONE',  ( -1.000000000000000000, 0.0000000000000000000, 0.0000000000000000000 ) ) ;
#1833 = CARTESIAN_POINT ( 'NONE',  ( -1.244400193985226300, -1.394999999999999800, -0.7285786437626906600 ) ) ;
#1834 = CARTESIAN_POINT ( 'NONE',  ( -0.1056392930043149300, -0.2267241590923741200, -0.3244054615139409500 ) ) ;
#1835 = DIRECTION ( 'NONE',  ( 0.5679770921754956300, 0.8230443625734085200, 6.955713279217422300E-017 ) ) ;
#1836 = CARTESIAN_POINT ( 'NONE',  ( 0.5853553390593279100, -2.709644660940672800, 7.168535423428189300E-017 ) ) ;
#1837 = STYLED_ITEM ( 'NONE', ( #8114 ), #827 ) ;
#1838 = ORIENTED_EDGE ( 'NONE', *, *, #7742, .F. ) ;
#1839 = ORIENTED_EDGE ( 'NONE', *, *, #7692, .F. ) ;
#1840 = STYLED_ITEM ( 'NONE', ( #4264 ), #5016 ) ;
#1841 = EDGE_CURVE ( 'NONE', #2805, #2084, #3153, .T. ) ;
#1842 = DIRECTION ( 'NONE',  ( -1.000000000000000000, 0.0000000000000000000, 0.0000000000000000000 ) ) ;
#1843 =( LENGTH_UNIT ( ) NAMED_UNIT ( * ) SI_UNIT ( .MILLI., .METRE. ) );
#1844 = MECHANICAL_DESIGN_GEOMETRIC_PRESENTATION_REPRESENTATION (  '', ( #991 ), #2266 ) ;
#1845 = CARTESIAN_POINT ( 'NONE',  ( -7.304618040577853400E-017, 0.8795106857790895300, 0.0000000000000000000 ) ) ;
#1846 = CARTESIAN_POINT ( 'NONE',  ( -0.04137015110335322300, 0.4003421960845922100, 0.4139406614928158300 ) ) ;
#1847 =( LENGTH_UNIT ( ) NAMED_UNIT ( * ) SI_UNIT ( .MILLI., .METRE. ) );
#1848 = PRESENTATION_STYLE_ASSIGNMENT (( #4018 ) ) ;
#1849 = ORIENTED_EDGE ( 'NONE', *, *, #6097, .F. ) ;
#1850 = CARTESIAN_POINT ( 'NONE',  ( -0.8262454205064520000, 1.395000000000000000, 1.011858809533385200E-016 ) ) ;
#1851 = DIRECTION ( 'NONE',  ( -1.447553700753488400E-016, 1.000000000000000000, -0.0000000000000000000 ) ) ;
#1852 = ADVANCED_FACE ( 'NONE', ( #4844 ), #7481, .T. ) ;
#1853 = EDGE_CURVE ( 'NONE', #142, #652, #4053, .T. ) ;
#1854 = DIRECTION ( 'NONE',  ( 0.4472135954999580400, 0.0000000000000000000, -0.8944271909999157400 ) ) ;
#1855 = AXIS2_PLACEMENT_3D ( 'NONE', #551, #4987, #1176 ) ;
#1856 =( GEOMETRIC_REPRESENTATION_CONTEXT ( 3 ) GLOBAL_UNCERTAINTY_ASSIGNED_CONTEXT ( ( #5383 ) ) GLOBAL_UNIT_ASSIGNED_CONTEXT ( ( #4049, #265, #4688 ) ) REPRESENTATION_CONTEXT ( 'NONE', 'WORKASPACE' ) );
#1857 = ORIENTED_EDGE ( 'NONE', *, *, #1284, .T. ) ;
#1858 = CARTESIAN_POINT ( 'NONE',  ( -0.1391761131225884300, 0.3435766958594469500, 0.4216278753997461100 ) ) ;
#1859 = CARTESIAN_POINT ( 'NONE',  ( -0.1326127713826311900, 0.3273553608893385300, 0.3687542307016615800 ) ) ;
#1860 = DIRECTION ( 'NONE',  ( -1.000000000000000000, 0.0000000000000000000, -0.0000000000000000000 ) ) ;
#1861 = FILL_AREA_STYLE ('',( #7602 ) ) ;
#1862 =( NAMED_UNIT ( * ) SI_UNIT ( $, .STERADIAN. ) SOLID_ANGLE_UNIT ( ) );
#1863 = SURFACE_STYLE_USAGE ( .BOTH. , #5691 ) ;
#1864 = SURFACE_STYLE_USAGE ( .BOTH. , #5692 ) ;
#1865 = FACE_OUTER_BOUND ( 'NONE', #5418, .T. ) ;
#1866 = ORIENTED_EDGE ( 'NONE', *, *, #3606, .T. ) ;
#1867 = SURFACE_STYLE_FILL_AREA ( #2544 ) ;
#1868 = CARTESIAN_POINT ( 'NONE',  ( -0.1080452793444637200, 0.01371987011832681900, -0.3714225193453403200 ) ) ;
#1869 =( NAMED_UNIT ( * ) PLANE_ANGLE_UNIT ( ) SI_UNIT ( $, .RADIAN. ) );
#1870 = SURFACE_SIDE_STYLE ('',( #6210 ) ) ;
#1871 = CARTESIAN_POINT ( 'NONE',  ( 0.6099999999999993200, 1.395000000000000000, 7.470345474798846700E-017 ) ) ;
#1872 = ORIENTED_EDGE ( 'NONE', *, *, #8087, .T. ) ;
#1873 = DIRECTION ( 'NONE',  ( -1.000000000000000000, 0.0000000000000000000, 0.0000000000000000000 ) ) ;
#1874 = EDGE_CURVE ( 'NONE', #3537, #7699, #5777, .T. ) ;
#1875 =( LENGTH_UNIT ( ) NAMED_UNIT ( * ) SI_UNIT ( .MILLI., .METRE. ) );
#1876 = MECHANICAL_DESIGN_GEOMETRIC_PRESENTATION_REPRESENTATION (  '', ( #608 ), #2303 ) ;
#1877 = UNCERTAINTY_MEASURE_WITH_UNIT (LENGTH_MEASURE( 1.000000000000000100E-005 ), #355, 'distance_accuracy_value', 'NONE');
#1878 = SURFACE_SIDE_STYLE ('',( #6573 ) ) ;
#1879 = ORIENTED_EDGE ( 'NONE', *, *, #3264, .F. ) ;
#1880 =( NAMED_UNIT ( * ) PLANE_ANGLE_UNIT ( ) SI_UNIT ( $, .RADIAN. ) );
#1881 = SURFACE_SIDE_STYLE ('',( #5652 ) ) ;
#1882 = DIRECTION ( 'NONE',  ( 1.447553700753488400E-016, -1.000000000000000000, 0.0000000000000000000 ) ) ;
#1883 = ORIENTED_EDGE ( 'NONE', *, *, #6646, .F. ) ;
#1884 = AXIS2_PLACEMENT_3D ( 'NONE', #2065, #6544, #2705 ) ;
#1885 = PRESENTATION_LAYER_ASSIGNMENT (  '', '', ( #2318 ) ) ;
#1886 = CARTESIAN_POINT ( 'NONE',  ( -0.4792893218813443200, -2.795000000000000800, 0.0000000000000000000 ) ) ;
#1887 = DIRECTION ( 'NONE',  ( 0.0000000000000000000, 0.0000000000000000000, 1.000000000000000000 ) ) ;
#1888 = CARTESIAN_POINT ( 'NONE',  ( -0.04784238332212900600, -1.168868921937331400, 0.2301144326776780600 ) ) ;
#1889 = STYLED_ITEM ( 'NONE', ( #6394 ), #4457 ) ;
#1890 = CARTESIAN_POINT ( 'NONE',  ( -0.07722213017209902900, 0.3864272257386601200, 0.4372811101695961400 ) ) ;
#1891 = CARTESIAN_POINT ( 'NONE',  ( -0.04784238332212900600, -1.168868921937331400, 0.2301144326776780600 ) ) ;
#1892 = ADVANCED_FACE ( 'NONE', ( #2364 ), #3263, .T. ) ;
#1893 = ORIENTED_EDGE ( 'NONE', *, *, #5679, .F. ) ;
#1894 = CARTESIAN_POINT ( 'NONE',  ( 0.05041738696757706200, -1.152035009858910700, -3.621884594992799600E-017 ) ) ;
#1895 = CARTESIAN_POINT ( 'NONE',  ( -0.1250000000000000600, 0.2666198487095667900, 0.3792098549233096100 ) ) ;
#1896 = CARTESIAN_POINT ( 'NONE',  ( 0.1165697312117294900, 0.3537363802476604100, -0.3762831478879633500 ) ) ;
#1897 = CARTESIAN_POINT ( 'NONE',  ( -0.1158231730575406500, 0.3543379074932666600, 0.3765128058188664800 ) ) ;
#1898 = MECHANICAL_DESIGN_GEOMETRIC_PRESENTATION_REPRESENTATION (  '', ( #1043 ), #2324 ) ;
#1899 = SURFACE_STYLE_FILL_AREA ( #4619 ) ;
#1900 = EDGE_CURVE ( 'NONE', #8291, #2332, #4946, .T. ) ;
#1901 = PRESENTATION_STYLE_ASSIGNMENT (( #2754 ) ) ;
#1902 = VERTEX_POINT ( 'NONE', #761 ) ;
#1903 = AXIS2_PLACEMENT_3D ( 'NONE', #2449, #6922, #3067 ) ;
#1904 = DIRECTION ( 'NONE',  ( 0.0000000000000000000, 0.0000000000000000000, 1.000000000000000000 ) ) ;
#1905 = CARTESIAN_POINT ( 'NONE',  ( 1.742557280900008500, -1.294999999999999900, 0.3987213595499958200 ) ) ;
#1906 = CARTESIAN_POINT ( 'NONE',  ( 0.1266853402121632900, 0.2949342829126024900, -0.3676285765620863600 ) ) ;
#1907 = CARTESIAN_POINT ( 'NONE',  ( -0.5853553390593269100, -2.709644660940672800, 0.0000000000000000000 ) ) ;
#1908 = ORIENTED_EDGE ( 'NONE', *, *, #4302, .F. ) ;
#1909 = ORIENTED_EDGE ( 'NONE', *, *, #1125, .T. ) ;
#1910 = DIRECTION ( 'NONE',  ( 0.8944271909999156300, 0.0000000000000000000, -0.4472135954999583700 ) ) ;
#1911 = FACE_OUTER_BOUND ( 'NONE', #4856, .T. ) ;
#1912 = DIRECTION ( 'NONE',  ( -1.447553700753488400E-016, 1.000000000000000000, -0.0000000000000000000 ) ) ;
#1913 = CARTESIAN_POINT ( 'NONE',  ( 0.04642156875212423400, 0.4004903166935634400, -0.4419802550800343000 ) ) ;
#1914 = CARTESIAN_POINT ( 'NONE',  ( -0.04871562132026853500, -1.157692601890377300, -0.1101532950305008600 ) ) ;
#1915 = VERTEX_POINT ( 'NONE', #5212 ) ;
#1916 = DIRECTION ( 'NONE',  ( -1.447553700753488400E-016, 1.000000000000000000, -0.0000000000000000000 ) ) ;
#1917 = ORIENTED_EDGE ( 'NONE', *, *, #8249, .T. ) ;
#1918 = CARTESIAN_POINT ( 'NONE',  ( 0.04604371281273743300, 0.4128604579677566700, 0.3914874701880270400 ) ) ;
#1919 = FACE_OUTER_BOUND ( 'NONE', #7635, .T. ) ;
#1920 = DIRECTION ( 'NONE',  ( 0.8375188640834799700, -0.5464084116339329400, 0.0000000000000000000 ) ) ;
#1921 = PRESENTATION_STYLE_ASSIGNMENT (( #7543 ) ) ;
#1922 = UNCERTAINTY_MEASURE_WITH_UNIT (LENGTH_MEASURE( 1.000000000000000100E-005 ), #3511, 'distance_accuracy_value', 'NONE');
#1923 = EDGE_CURVE ( 'NONE', #7114, #7878, #1818, .T. ) ;
#1924 = CARTESIAN_POINT ( 'NONE',  ( 0.1210356286896722700, 0.3073357932227794900, 0.4136796092322143600 ) ) ;
#1925 = B_SPLINE_CURVE_WITH_KNOTS ( 'NONE', 3,
 ( #5393, #8050, #1027, #5476 ),
 .UNSPECIFIED., .F., .F.,
 ( 4, 4 ),
 ( 0.0000000000000000000, 2.626378288017944800E-006 ),
 .UNSPECIFIED. ) ;
#1926 = CARTESIAN_POINT ( 'NONE',  ( 0.03540558054183588800, 0.4157622091886242200, -0.3924261126624273300 ) ) ;
#1927 = FILL_AREA_STYLE_COLOUR ( '', #200 ) ;
#1928 = AXIS2_PLACEMENT_3D ( 'NONE', #1406, #5880, #2047 ) ;
#1929 = CARTESIAN_POINT ( 'NONE',  ( 0.5158374504826130900, 1.009174638727795300, 6.317186826138635500E-017 ) ) ;
#1930 = DIRECTION ( 'NONE',  ( -0.4472135954999579800, 0.0000000000000000000, -0.8944271909999159700 ) ) ;
#1931 = ADVANCED_FACE ( 'NONE', ( #102 ), #6059, .T. ) ;
#1932 = ADVANCED_FACE ( 'NONE', ( #7581 ), #7162, .T. ) ;
#1933 = CARTESIAN_POINT ( 'NONE',  ( -1.270000000000000000, 1.395000000000000000, 0.6700000000000002600 ) ) ;
#1934 = VERTEX_POINT ( 'NONE', #3082 ) ;
#1935 = VERTEX_POINT ( 'NONE', #6336 ) ;
#1936 =( GEOMETRIC_REPRESENTATION_CONTEXT ( 3 ) GLOBAL_UNCERTAINTY_ASSIGNED_CONTEXT ( ( #3414 ) ) GLOBAL_UNIT_ASSIGNED_CONTEXT ( ( #235, #6089, #3555 ) ) REPRESENTATION_CONTEXT ( 'NONE', 'WORKASPACE' ) );
#1937 = CARTESIAN_POINT ( 'NONE',  ( 0.02541776724457455200, -1.218768500858521400, -0.2303033564627409200 ) ) ;
#1938 = AXIS2_PLACEMENT_3D ( 'NONE', #1373, #5853, #2022 ) ;
#1939 = CARTESIAN_POINT ( 'NONE',  ( 0.06474188712309260400, 0.3831853566218939600, -0.4353438836609454500 ) ) ;
#1940 = CARTESIAN_POINT ( 'NONE',  ( 2.284470036375957900E-016, -1.203266511961066800, 0.0000000000000000000 ) ) ;
#1941 = CARTESIAN_POINT ( 'NONE',  ( 0.3293303437365930900, -2.795000000000000800, 4.033133513191157700E-017 ) ) ;
#1942 = ORIENTED_EDGE ( 'NONE', *, *, #136, .F. ) ;
#1943 = CARTESIAN_POINT ( 'NONE',  ( -0.02846945051321345100, -1.173248987503749300, 0.2703796362847965000 ) ) ;
#1944 = CARTESIAN_POINT ( 'NONE',  ( 0.04925779255430080100, -1.155742883066885900, -0.07809320752418007200 ) ) ;
#1945 = CARTESIAN_POINT ( 'NONE',  ( -0.1158231730575406500, 0.3543379074932666600, 0.3765128058188664800 ) ) ;
#1946 = AXIS2_PLACEMENT_3D ( 'NONE', #2389, #4940, #1132 ) ;
#1947 = PRESENTATION_LAYER_ASSIGNMENT (  '', '', ( #1534 ) ) ;
#1948 = DIRECTION ( 'NONE',  ( 1.000000000000000000, 0.0000000000000000000, -1.084202172485506600E-015 ) ) ;
#1949 = EDGE_CURVE ( 'NONE', #1041, #3925, #5656, .T. ) ;
#1950 = CARTESIAN_POINT ( 'NONE',  ( -0.3998154356757371300, 0.8936853245068845400, 0.0000000000000000000 ) ) ;
#1951 = ORIENTED_EDGE ( 'NONE', *, *, #2919, .F. ) ;
#1952 = AXIS2_PLACEMENT_3D ( 'NONE', #4865, #7474, #3602 ) ;
#1953 = CARTESIAN_POINT ( 'NONE',  ( 0.07599501632822158700, 0.3745991186151964600, 0.3902572253274034800 ) ) ;
#1954 = CARTESIAN_POINT ( 'NONE',  ( 0.8799999999999992300, 0.7150000000000001900, 0.0000000000000000000 ) ) ;
#1955 = DIRECTION ( 'NONE',  ( 0.0000000000000000000, 0.0000000000000000000, -1.000000000000000000 ) ) ;
#1956 = COLOUR_RGB ( '',0.1098039215686274500, 0.1098039215686274500, 0.1098039215686274500 ) ;
#1957 = VERTEX_POINT ( 'NONE', #7643 ) ;
#1958 = FILL_AREA_STYLE ('',( #5768 ) ) ;
#1959 = CARTESIAN_POINT ( 'NONE',  ( 2.518587945522486000E-016, -1.365000000000000000, 0.0000000000000000000 ) ) ;
#1960 = PRESENTATION_STYLE_ASSIGNMENT (( #7200 ) ) ;
#1961 = CARTESIAN_POINT ( 'NONE',  ( 0.02938698221212825800, -1.159562902564538900, -0.2705623892716492700 ) ) ;
#1962 = PRESENTATION_STYLE_ASSIGNMENT (( #7545 ) ) ;
#1963 =( GEOMETRIC_REPRESENTATION_CONTEXT ( 3 ) GLOBAL_UNCERTAINTY_ASSIGNED_CONTEXT ( ( #4147 ) ) GLOBAL_UNIT_ASSIGNED_CONTEXT ( ( #28, #4435, #658 ) ) REPRESENTATION_CONTEXT ( 'NONE', 'WORKASPACE' ) );
#1964 = AXIS2_PLACEMENT_3D ( 'NONE', #7903, #4042, #254 ) ;
#1965 = PRESENTATION_STYLE_ASSIGNMENT (( #980 ) ) ;
#1966 = ORIENTED_EDGE ( 'NONE', *, *, #5711, .T. ) ;
#1967 = CARTESIAN_POINT ( 'NONE',  ( -0.03068726934371115300, 0.3972158409712646100, -0.3619532547564144300 ) ) ;
#1968 = DIRECTION ( 'NONE',  ( 1.447553700753488400E-016, -1.000000000000000000, 0.0000000000000000000 ) ) ;
#1969 = FACE_OUTER_BOUND ( 'NONE', #380, .T. ) ;
#1970 = B_SPLINE_CURVE_WITH_KNOTS ( 'NONE', 3,
 ( #1414, #2666, #7182, #3337, #7822, #3965, #184 ),
 .UNSPECIFIED., .F., .F.,
 ( 4, 3, 4 ),
 ( 0.0000000000000000000, 0.0006807279421530579400, 0.001425077999558051900 ),
 .UNSPECIFIED. ) ;
#1971 = DIRECTION ( 'NONE',  ( -1.447553700753488400E-016, 1.000000000000000000, -0.0000000000000000000 ) ) ;
#1972 = CARTESIAN_POINT ( 'NONE',  ( 0.02774508302495248800, -1.184053796736254100, 0.1902634615680551300 ) ) ;
#1973 = EDGE_CURVE ( 'NONE', #7371, #7015, #5874, .T. ) ;
#1974 =( LENGTH_UNIT ( ) NAMED_UNIT ( * ) SI_UNIT ( .MILLI., .METRE. ) );
#1975 = ADVANCED_FACE ( 'NONE', ( #2466 ), #5251, .F. ) ;
#1976 = VERTEX_POINT ( 'NONE', #1897 ) ;
#1977 = ADVANCED_FACE ( 'NONE', ( #5047 ), #2566, .F. ) ;
#1978 = AXIS2_PLACEMENT_3D ( 'NONE', #6542, #2703, #7188 ) ;
#1979 = CYLINDRICAL_SURFACE ( 'NONE', #1315, 0.1000000000000000500 ) ;
#1980 = CARTESIAN_POINT ( 'NONE',  ( -0.02513773585898711500, -1.222945504588554400, 0.2763272670030122400 ) ) ;
#1981 = CARTESIAN_POINT ( 'NONE',  ( 0.06187426442827006400, 0.3848710090439423400, 0.4224975079949348500 ) ) ;
#1982 = CARTESIAN_POINT ( 'NONE',  ( -0.01698699319169541500, 0.3998653852408294900, 0.4301469589329103800 ) ) ;
#1983 = CARTESIAN_POINT ( 'NONE',  ( -0.04925779255430060000, -1.155742883066885700, 0.07809320752417790700 ) ) ;
#1984 = VERTEX_POINT ( 'NONE', #5119 ) ;
#1985 = EDGE_CURVE ( 'NONE', #6586, #7947, #7880, .T. ) ;
#1986 = AXIS2_PLACEMENT_3D ( 'NONE', #3578, #383, #4209 ) ;
#1987 = DIRECTION ( 'NONE',  ( 0.0000000000000000000, 1.000000000000000000, 0.0000000000000000000 ) ) ;
#1988 = CARTESIAN_POINT ( 'NONE',  ( 2.975399468465887600E-018, 0.3543379074933978300, 0.0000000000000000000 ) ) ;
#1989 = ORIENTED_EDGE ( 'NONE', *, *, #1701, .F. ) ;
#1990 = FILL_AREA_STYLE_COLOUR ( '', #2206 ) ;
#1991 = FACE_OUTER_BOUND ( 'NONE', #2122, .T. ) ;
#1992 = EDGE_LOOP ( 'NONE', ( #5262, #7143, #3314, #7203 ) ) ;
#1993 = CARTESIAN_POINT ( 'NONE',  ( 0.1049099009001221300, 0.3435871649161380500, -0.3790075054501380000 ) ) ;
#1994 = CARTESIAN_POINT ( 'NONE',  ( -0.09897661204258267900, 0.3530595351822681800, -0.4417628769645266500 ) ) ;
#1995 = ITEM_DEFINED_TRANSFORMATION ( 'NONE', 'NONE', #1546,  #5104 ) ;
#1996 = COLOUR_RGB ( '',1.000000000000000000, 0.8117647058823529400, 0.5019607843137254800 ) ;
#1997 = CARTESIAN_POINT ( 'NONE',  ( -0.02835339474166083700, -1.174980098427801200, -0.2616015655475023000 ) ) ;
#1998 = PRESENTATION_STYLE_ASSIGNMENT (( #2784 ) ) ;
#1999 = DIRECTION ( 'NONE',  ( -1.000000000000000000, -1.447553700753488400E-016, 0.0000000000000000000 ) ) ;
#2000 = VERTEX_POINT ( 'NONE', #89 ) ;
#2001 = AXIS2_PLACEMENT_3D ( 'NONE', #5109, #1296, #5779 ) ;
#2002 = EDGE_CURVE ( 'NONE', #6619, #5300, #1195, .T. ) ;
#2003 = CARTESIAN_POINT ( 'NONE',  ( -0.1062900834111930200, 0.3413262108683672300, 0.3950903511811439900 ) ) ;
#2004 = SURFACE_SIDE_STYLE ('',( #690 ) ) ;
#2005 = TOROIDAL_SURFACE ( 'NONE', #6112, 0.3049999999999997200, 0.05000000000000000300 ) ;
#2006 = FACE_BOUND ( 'NONE', #8186, .T. ) ;
#2007 = SURFACE_SIDE_STYLE ('',( #7418 ) ) ;
#2008 = ORIENTED_EDGE ( 'NONE', *, *, #8161, .T. ) ;
#2009 = ORIENTED_EDGE ( 'NONE', *, *, #4389, .T. ) ;
#2010 = CARTESIAN_POINT ( 'NONE',  ( -0.08950239281696720200, 0.3637608757300500000, 0.3878673849544900200 ) ) ;
#2011 = CARTESIAN_POINT ( 'NONE',  ( -0.02774508302495207200, -1.184053796736255000, -0.1902634615680541500 ) ) ;
#2012 = DIRECTION ( 'NONE',  ( -1.447553700753488400E-016, 1.000000000000000000, -0.0000000000000000000 ) ) ;
#2013 = SURFACE_STYLE_FILL_AREA ( #1706 ) ;
#2014 = AXIS2_PLACEMENT_3D ( 'NONE', #5095, #1342, #5828 ) ;
#2015 = SURFACE_STYLE_FILL_AREA ( #1861 ) ;
#2016 = EDGE_CURVE ( 'NONE', #6586, #4427, #6773, .T. ) ;
#2017 = MECHANICAL_DESIGN_GEOMETRIC_PRESENTATION_REPRESENTATION (  '', ( #758 ), #2446 ) ;
#2018 = ORIENTED_EDGE ( 'NONE', *, *, #6338, .T. ) ;
#2019 = MECHANICAL_DESIGN_GEOMETRIC_PRESENTATION_REPRESENTATION (  '', ( #8195 ), #2447 ) ;
#2020 = FILL_AREA_STYLE ('',( #4524 ) ) ;
#2021 = ORIENTED_EDGE ( 'NONE', *, *, #3653, .T. ) ;
#2022 = DIRECTION ( 'NONE',  ( 0.0000000000000000000, 0.08015153732955067300, -0.9967826899900047400 ) ) ;
#2023 = LINE ( 'NONE', #7220, #3691 ) ;
#2024 = ADVANCED_FACE ( 'NONE', ( #6148 ), #5545, .T. ) ;
#2025 = ADVANCED_FACE ( 'NONE', ( #7062 ), #6546, .T. ) ;
#2026 = LINE ( 'NONE', #3397, #333 ) ;
#2027 = EDGE_LOOP ( 'NONE', ( #628, #4160, #7873, #6731 ) ) ;
#2028 = CARTESIAN_POINT ( 'NONE',  ( -0.1250000000000000600, 0.2666198487095667900, -0.3787964849737373000 ) ) ;
#2029 = CARTESIAN_POINT ( 'NONE',  ( -0.1325619045327508200, 0.3179826531446582900, -0.3675164792730561400 ) ) ;
#2030 = FACE_OUTER_BOUND ( 'NONE', #6173, .T. ) ;
#2031 = CARTESIAN_POINT ( 'NONE',  ( -0.1165691583830020100, 0.3537371343092569600, 0.3762833252112624000 ) ) ;
#2032 = CARTESIAN_POINT ( 'NONE',  ( 0.1249999999999997400, 0.2666198487095638400, 0.3792098549233096100 ) ) ;
#2033 = FACE_OUTER_BOUND ( 'NONE', #7488, .T. ) ;
#2034 = UNCERTAINTY_MEASURE_WITH_UNIT (LENGTH_MEASURE( 1.000000000000000100E-005 ), #6746, 'distance_accuracy_value', 'NONE');
#2035 = CARTESIAN_POINT ( 'NONE',  ( -0.09088257391831579300, 0.3945065633849653100, -0.3841850530455716000 ) ) ;
#2036 = SURFACE_SIDE_STYLE ('',( #6823 ) ) ;
#2037 = ORIENTED_EDGE ( 'NONE', *, *, #7223, .F. ) ;
#2038 = EDGE_CURVE ( 'NONE', #3407, #577, #5336, .T. ) ;
#2039 = CARTESIAN_POINT ( 'NONE',  ( -0.1257847930699634000, 0.2783259779124367900, 0.4123259990056520300 ) ) ;
#2040 = CARTESIAN_POINT ( 'NONE',  ( 1.244400193985225400, -1.394999999999999800, 0.7285786437626906600 ) ) ;
#2041 = CARTESIAN_POINT ( 'NONE',  ( -0.02878729518101544300, -1.168507953350748800, -0.2300327145526031000 ) ) ;
#2042 = COLOUR_RGB ( '',0.1098039215686274500, 0.1098039215686274500, 0.1098039215686274500 ) ;
#2043 = ORIENTED_EDGE ( 'NONE', *, *, #280, .T. ) ;
#2044 = VERTEX_POINT ( 'NONE', #2656 ) ;
#2045 = CARTESIAN_POINT ( 'NONE',  ( 0.04955977419589149800, -1.205290237872889800, -0.2977002210804753900 ) ) ;
#2046 = CARTESIAN_POINT ( 'NONE',  ( 0.1378435408756127900, 0.2670981431876220900, -0.3606053945049981200 ) ) ;
#2047 = DIRECTION ( 'NONE',  ( -1.000000000000000000, -2.761970602221055800E-016, 0.0000000000000000000 ) ) ;
#2048 =( LENGTH_UNIT ( ) NAMED_UNIT ( * ) SI_UNIT ( .MILLI., .METRE. ) );
#2049 = AXIS2_PLACEMENT_3D ( 'NONE', #7546, #3671, #8200 ) ;
#2050 = TOROIDAL_SURFACE ( 'NONE', #1254, 0.4239249933206987700, 0.02000000000000000000 ) ;
#2051 = ORIENTED_EDGE ( 'NONE', *, *, #1418, .F. ) ;
#2052 = DIRECTION ( 'NONE',  ( 0.0000000000000000000, 0.0000000000000000000, 1.000000000000000000 ) ) ;
#2053 = STYLED_ITEM ( 'NONE', ( #4982 ), #4333 ) ;
#2054 = SURFACE_STYLE_FILL_AREA ( #4093 ) ;
#2055 = DIRECTION ( 'NONE',  ( -1.447553700753488400E-016, 1.000000000000000000, -0.0000000000000000000 ) ) ;
#2056 = DIRECTION ( 'NONE',  ( -1.447553700753488400E-016, 1.000000000000000000, -0.0000000000000000000 ) ) ;
#2057 = CARTESIAN_POINT ( 'NONE',  ( 0.6399999999999993500, 0.6550000000000002500, 0.0000000000000000000 ) ) ;
#2058 = DIRECTION ( 'NONE',  ( -1.000000000000000000, -1.447553700753488400E-016, 0.0000000000000000000 ) ) ;
#2059 = EDGE_LOOP ( 'NONE', ( #6506, #3742, #7177, #3486 ) ) ;
#2060 = FILL_AREA_STYLE_COLOUR ( '', #5254 ) ;
#2061 = SURFACE_SIDE_STYLE ('',( #2287 ) ) ;
#2062 = ADVANCED_FACE ( 'NONE', ( #2169 ), #7972, .T. ) ;
#2063 = ADVANCED_FACE ( 'NONE', ( #4736 ), #1156, .T. ) ;
#2064 =( GEOMETRIC_REPRESENTATION_CONTEXT ( 3 ) GLOBAL_UNCERTAINTY_ASSIGNED_CONTEXT ( ( #2180 ) ) GLOBAL_UNIT_ASSIGNED_CONTEXT ( ( #2321, #6792, #2938 ) ) REPRESENTATION_CONTEXT ( 'NONE', 'WORKASPACE' ) );
#2065 = CARTESIAN_POINT ( 'NONE',  ( -9.181573390030106200E-017, 1.009174638727795300, 0.0000000000000000000 ) ) ;
#2066 = DIRECTION ( 'NONE',  ( 0.0000000000000000000, 2.168404344971007700E-015, 1.000000000000000000 ) ) ;
#2067 = SURFACE_STYLE_USAGE ( .BOTH. , #5897 ) ;
#2068 = EDGE_CURVE ( 'NONE', #3676, #6876, #6465, .T. ) ;
#2069 =( GEOMETRIC_REPRESENTATION_CONTEXT ( 3 ) GLOBAL_UNCERTAINTY_ASSIGNED_CONTEXT ( ( #3193 ) ) GLOBAL_UNIT_ASSIGNED_CONTEXT ( ( #3490, #7998, #4134 ) ) REPRESENTATION_CONTEXT ( 'NONE', 'WORKASPACE' ) );
#2070 = CARTESIAN_POINT ( 'NONE',  ( -0.08300968194200358800, -0.7357752454342096900, -0.3356694794843095900 ) ) ;
#2071 = CARTESIAN_POINT ( 'NONE',  ( -0.9581966011250111500, -1.294999999999999900, -1.169999999999999900 ) ) ;
#2072 = CARTESIAN_POINT ( 'NONE',  ( -2.103352214621881800E-015, -1.294999999999999900, -0.6699999999999989300 ) ) ;
#2073 = ORIENTED_EDGE ( 'NONE', *, *, #7753, .F. ) ;
#2074 = CIRCLE ( 'NONE', #1978, 0.01999999999999997300 ) ;
#2075 = DIRECTION ( 'NONE',  ( 1.447553700753488400E-016, -1.000000000000000000, 0.0000000000000000000 ) ) ;
#2076 = ORIENTED_EDGE ( 'NONE', *, *, #5875, .F. ) ;
#2077 = CARTESIAN_POINT ( 'NONE',  ( -0.5000000000000052200, 0.8722442183630780800, 6.123233995736828900E-017 ) ) ;
#2078 =( LENGTH_UNIT ( ) NAMED_UNIT ( * ) SI_UNIT ( .MILLI., .METRE. ) );
#2079 = COLOUR_RGB ( '',0.1098039215686274500, 0.1098039215686274500, 0.1098039215686274500 ) ;
#2080 = UNCERTAINTY_MEASURE_WITH_UNIT (LENGTH_MEASURE( 1.000000000000000100E-005 ), #8146, 'distance_accuracy_value', 'NONE');
#2081 = CARTESIAN_POINT ( 'NONE',  ( -0.04413439582682934100, -1.210105081657630000, -0.2975885388489649100 ) ) ;
#2082 = UNCERTAINTY_MEASURE_WITH_UNIT (LENGTH_MEASURE( 1.000000000000000100E-005 ), #3533, 'distance_accuracy_value', 'NONE');
#2083 =( LENGTH_UNIT ( ) NAMED_UNIT ( * ) SI_UNIT ( .MILLI., .METRE. ) );
#2084 = VERTEX_POINT ( 'NONE', #4012 ) ;
#2085 = DIRECTION ( 'NONE',  ( -1.000000000000000000, 0.0000000000000000000, 0.0000000000000000000 ) ) ;
#2086 = CARTESIAN_POINT ( 'NONE',  ( -0.01441295789296660900, 0.4003064391687142200, -0.4139250568611959100 ) ) ;
#2087 = CIRCLE ( 'NONE', #219, 0.3293303437365926500 ) ;
#2088 = CARTESIAN_POINT ( 'NONE',  ( 2.284470036375957900E-016, -1.203266511961066800, 0.0000000000000000000 ) ) ;
#2089 = CARTESIAN_POINT ( 'NONE',  ( -0.04630770841790525500, -1.150767665139403200, 0.2525584207203402400 ) ) ;
#2090 = UNCERTAINTY_MEASURE_WITH_UNIT (LENGTH_MEASURE( 1.000000000000000100E-005 ), #1075, 'distance_accuracy_value', 'NONE');
#2091 = EDGE_CURVE ( 'NONE', #1957, #2750, #2850, .T. ) ;
#2092 = FILL_AREA_STYLE_COLOUR ( '', #3174 ) ;
#2093 = STYLED_ITEM ( 'NONE', ( #4633 ), #2687 ) ;
#2094 = DIRECTION ( 'NONE',  ( 0.0000000000000000000, 0.0000000000000000000, 1.000000000000000000 ) ) ;
#2095 = CONICAL_SURFACE ( 'NONE', #5351, 2250.000000000034100, 1.152571997215673200 ) ;
#2096 = ORIENTED_EDGE ( 'NONE', *, *, #1824, .F. ) ;
#2097 =( LENGTH_UNIT ( ) NAMED_UNIT ( * ) SI_UNIT ( .MILLI., .METRE. ) );
#2098 = DIRECTION ( 'NONE',  ( -1.447553700753488400E-016, 1.000000000000000000, -0.0000000000000000000 ) ) ;
#2099 = CARTESIAN_POINT ( 'NONE',  ( 0.1069180516808254900, 0.3402937159746559600, 0.3947436973228089000 ) ) ;
#2100 = FACE_BOUND ( 'NONE', #3311, .T. ) ;
#2101 = VERTEX_POINT ( 'NONE', #7228 ) ;
#2102 = EDGE_CURVE ( 'NONE', #3097, #2261, #3534, .T. ) ;
#2103 = COLOUR_RGB ( '',0.1098039215686274500, 0.1098039215686274500, 0.1098039215686274500 ) ;
#2104 = STYLED_ITEM ( 'NONE', ( #7835 ), #3890 ) ;
#2105 = FILL_AREA_STYLE ('',( #7204 ) ) ;
#2106 = ADVANCED_FACE ( 'NONE', ( #7773 ), #4055, .T. ) ;
#2107 = FILL_AREA_STYLE_COLOUR ( '', #3522 ) ;
#2108 =( NAMED_UNIT ( * ) SI_UNIT ( $, .STERADIAN. ) SOLID_ANGLE_UNIT ( ) );
#2109 = FACE_OUTER_BOUND ( 'NONE', #1234, .T. ) ;
#2110 = ORIENTED_EDGE ( 'NONE', *, *, #7558, .T. ) ;
#2111 =( LENGTH_UNIT ( ) NAMED_UNIT ( * ) SI_UNIT ( .MILLI., .METRE. ) );
#2112 = CYLINDRICAL_SURFACE ( 'NONE', #906, 0.9099999999999992500 ) ;
#2113 = PRESENTATION_LAYER_ASSIGNMENT (  '', '', ( #1672 ) ) ;
#2114 = LINE ( 'NONE', #5678, #415 ) ;
#2115 = FILL_AREA_STYLE ('',( #4567 ) ) ;
#2116 = FACE_OUTER_BOUND ( 'NONE', #3096, .T. ) ;
#2117 = PRESENTATION_LAYER_ASSIGNMENT (  '', '', ( #853 ) ) ;
#2118 = EDGE_CURVE ( 'NONE', #274, #5261, #688, .T. ) ;
#2119 = ORIENTED_EDGE ( 'NONE', *, *, #6554, .F. ) ;
#2120 = CARTESIAN_POINT ( 'NONE',  ( 2.234677677640098700E-016, -1.168868921937331600, 0.0000000000000000000 ) ) ;
#2121 = FILL_AREA_STYLE_COLOUR ( '', #1374 ) ;
#2122 = EDGE_LOOP ( 'NONE', ( #5285, #7478, #4648, #422 ) ) ;
#2123 = MECHANICAL_DESIGN_GEOMETRIC_PRESENTATION_REPRESENTATION (  '', ( #856 ), #2540 ) ;
#2124 = SPHERICAL_SURFACE ( 'NONE', #3434, 0.1000000000000000100 ) ;
#2125 = DIRECTION ( 'NONE',  ( 0.0000000000000000000, 0.0000000000000000000, -1.000000000000000000 ) ) ;
#2126 = DIRECTION ( 'NONE',  ( 0.0000000000000000000, -0.07216114247526471400, 0.9973929864986340600 ) ) ;
#2127 = SURFACE_STYLE_FILL_AREA ( #6397 ) ;
#2128 = CARTESIAN_POINT ( 'NONE',  ( 2.518587945522486000E-016, -1.365000000000000000, 0.6099999999999994300 ) ) ;
#2129 = ORIENTED_EDGE ( 'NONE', *, *, #7981, .T. ) ;
#2130 = CARTESIAN_POINT ( 'NONE',  ( 0.02878892823778206700, 0.3969204783163031700, 0.4125780818979035700 ) ) ;
#2131 = CARTESIAN_POINT ( 'NONE',  ( 0.02529458252240693000, -1.223183884379456200, 0.2789380977350282600 ) ) ;
#2132 = DIRECTION ( 'NONE',  ( 0.0000000000000000000, -0.07180449027747236300, 0.9974187261005241800 ) ) ;
#2133 = EDGE_CURVE ( 'NONE', #7015, #4481, #2365, .T. ) ;
#2134 = MECHANICAL_DESIGN_GEOMETRIC_PRESENTATION_REPRESENTATION (  '', ( #1265 ), #2550 ) ;
#2135 =( GEOMETRIC_REPRESENTATION_CONTEXT ( 3 ) GLOBAL_UNCERTAINTY_ASSIGNED_CONTEXT ( ( #7779 ) ) GLOBAL_UNIT_ASSIGNED_CONTEXT ( ( #5423, #1615, #6078 ) ) REPRESENTATION_CONTEXT ( 'NONE', 'WORKASPACE' ) );
#2136 = CIRCLE ( 'NONE', #1827, 0.6638742588672275100 ) ;
#2137 = CARTESIAN_POINT ( 'NONE',  ( -1.244400193985226500, 1.394999999999999800, 0.7285786437626905500 ) ) ;
#2138 = CARTESIAN_POINT ( 'NONE',  ( -1.270000000000000900, -1.353578643762690400, 0.7699999999999999100 ) ) ;
#2139 = CARTESIAN_POINT ( 'NONE',  ( -0.02994456013349137600, -1.151245959617459300, 0.2721492054816726500 ) ) ;
#2140 = DIRECTION ( 'NONE',  ( 0.0000000000000000000, 0.0000000000000000000, 1.000000000000000000 ) ) ;
#2141 = CARTESIAN_POINT ( 'NONE',  ( 0.4500000000000050100, 0.8722442183630783100, 5.510910596163151200E-017 ) ) ;
#2142 = FILL_AREA_STYLE_COLOUR ( '', #1829 ) ;
#2143 = LINE ( 'NONE', #3248, #3601 ) ;
#2144 = UNCERTAINTY_MEASURE_WITH_UNIT (LENGTH_MEASURE( 1.000000000000000100E-005 ), #73, 'distance_accuracy_value', 'NONE');
#2145 = DIRECTION ( 'NONE',  ( -1.000000000000000000, 0.0000000000000000000, 0.0000000000000000000 ) ) ;
#2146 = AXIS2_PLACEMENT_3D ( 'NONE', #7526, #3648, #8174 ) ;
#2147 = DIRECTION ( 'NONE',  ( 1.000000000000000000, 0.0000000000000000000, 0.0000000000000000000 ) ) ;
#2148 = ORIENTED_EDGE ( 'NONE', *, *, #635, .T. ) ;
#2149 = ORIENTED_EDGE ( 'NONE', *, *, #1223, .F. ) ;
#2150 = DIRECTION ( 'NONE',  ( -1.447553700753488400E-016, 1.000000000000000000, -0.0000000000000000000 ) ) ;
#2151 = CARTESIAN_POINT ( 'NONE',  ( -0.9581966011250113700, -1.954016994374949500, 1.169999999999999900 ) ) ;
#2152 = DIRECTION ( 'NONE',  ( -1.447553700753488400E-016, 1.000000000000000000, -0.0000000000000000000 ) ) ;
#2153 = CARTESIAN_POINT ( 'NONE',  ( -0.9581966011250114800, 1.294999999999999900, -1.169999999999999900 ) ) ;
#2154 = CYLINDRICAL_SURFACE ( 'NONE', #5968, 0.9099999999999992500 ) ;
#2155 = EDGE_LOOP ( 'NONE', ( #5280, #2559, #951, #3999 ) ) ;
#2156 = EDGE_CURVE ( 'NONE', #2750, #4695, #5555, .T. ) ;
#2157 = FILL_AREA_STYLE ('',( #1511 ) ) ;
#2158 =( NAMED_UNIT ( * ) PLANE_ANGLE_UNIT ( ) SI_UNIT ( $, .RADIAN. ) );
#2159 = PRESENTATION_STYLE_ASSIGNMENT (( #7417 ) ) ;
#2160 = ORIENTED_EDGE ( 'NONE', *, *, #2549, .F. ) ;
#2161 = CARTESIAN_POINT ( 'NONE',  ( -1.370000000000000300, 1.395000000000000000, -0.6700000000000004800 ) ) ;
#2162 =( LENGTH_UNIT ( ) NAMED_UNIT ( * ) SI_UNIT ( .MILLI., .METRE. ) );
#2163 = DIRECTION ( 'NONE',  ( 1.000000000000000000, 0.0000000000000000000, 0.0000000000000000000 ) ) ;
#2164 = MECHANICAL_DESIGN_GEOMETRIC_PRESENTATION_REPRESENTATION (  '', ( #1293 ), #2580 ) ;
#2165 = CARTESIAN_POINT ( 'NONE',  ( 0.02795555445737201200, -1.180914363074420800, 0.2549758564700912400 ) ) ;
#2166 = FACE_OUTER_BOUND ( 'NONE', #7424, .T. ) ;
#2167 = ORIENTED_EDGE ( 'NONE', *, *, #4211, .T. ) ;
#2168 = CARTESIAN_POINT ( 'NONE',  ( 0.04570075268139004600, -1.164291846224488700, -0.2456619644951616700 ) ) ;
#2169 = FACE_OUTER_BOUND ( 'NONE', #2240, .T. ) ;
#2170 = FACE_OUTER_BOUND ( 'NONE', #871, .T. ) ;
#2171 = EDGE_LOOP ( 'NONE', ( #4932, #7720, #6480, #443, #1321 ) ) ;
#2172 =( GEOMETRIC_REPRESENTATION_CONTEXT ( 3 ) GLOBAL_UNCERTAINTY_ASSIGNED_CONTEXT ( ( #2437 ) ) GLOBAL_UNIT_ASSIGNED_CONTEXT ( ( #3723, #8252, #4355 ) ) REPRESENTATION_CONTEXT ( 'NONE', 'WORKASPACE' ) );
#2173 = CARTESIAN_POINT ( 'NONE',  ( 0.1345165463631135500, 0.01056098416514679100, 0.3902488968370563800 ) ) ;
#2174 = EDGE_CURVE ( 'NONE', #2084, #8286, #604, .T. ) ;
#2175 = VECTOR ( 'NONE', #505, 1000.000000000000000 ) ;
#2176 = STYLED_ITEM ( 'NONE', ( #1303 ), #7733 ) ;
#2177 = DIRECTION ( 'NONE',  ( 1.224646799147353200E-016, 1.772742006221665100E-032, 1.000000000000000000 ) ) ;
#2178 =( GEOMETRIC_REPRESENTATION_CONTEXT ( 3 ) GLOBAL_UNCERTAINTY_ASSIGNED_CONTEXT ( ( #2181 ) ) GLOBAL_UNIT_ASSIGNED_CONTEXT ( ( #8173, #4292, #504 ) ) REPRESENTATION_CONTEXT ( 'NONE', 'WORKASPACE' ) );
#2179 = ORIENTED_EDGE ( 'NONE', *, *, #7043, .F. ) ;
#2180 = UNCERTAINTY_MEASURE_WITH_UNIT (LENGTH_MEASURE( 1.000000000000000100E-005 ), #2321, 'distance_accuracy_value', 'NONE');
#2181 = UNCERTAINTY_MEASURE_WITH_UNIT (LENGTH_MEASURE( 1.000000000000000100E-005 ), #8173, 'distance_accuracy_value', 'NONE');
#2182 = CARTESIAN_POINT ( 'NONE',  ( -0.1378435408756131200, 0.2670981431876250400, 0.3606053945049982300 ) ) ;
#2183 = DIRECTION ( 'NONE',  ( -1.000000000000000000, 0.0000000000000000000, -1.084202172485506600E-015 ) ) ;
#2184 = CARTESIAN_POINT ( 'NONE',  ( 0.05004715788567410500, -1.152815766570909600, 0.03341228016214308600 ) ) ;
#2185 = APPLICATION_CONTEXT ( 'automotive_design' ) ;
#2186 = PRESENTATION_STYLE_ASSIGNMENT (( #1055 ) ) ;
#2187 = ORIENTED_EDGE ( 'NONE', *, *, #4278, .T. ) ;
#2188 = CARTESIAN_POINT ( 'NONE',  ( -0.6399999999999993500, -0.1614911064067356400, 7.837739514543053000E-017 ) ) ;
#2189 = PLANE ( 'NONE',  #7168 ) ;
#2190 = LINE ( 'NONE', #6442, #494 ) ;
#2191 = ORIENTED_EDGE ( 'NONE', *, *, #1841, .T. ) ;
#2192 = CARTESIAN_POINT ( 'NONE',  ( 0.04630770841790492900, -1.150767665139444700, -0.2525584207203381800 ) ) ;
#2193 = CARTESIAN_POINT ( 'NONE',  ( -0.08305999482976626800, -0.7318447519065430800, 0.3349989644292455400 ) ) ;
#2194 = PRESENTATION_STYLE_ASSIGNMENT (( #8202 ) ) ;
#2195 = EDGE_CURVE ( 'NONE', #3557, #3676, #7289, .T. ) ;
#2196 = STYLED_ITEM ( 'NONE', ( #8061 ), #3049 ) ;
#2197 = SURFACE_SIDE_STYLE ('',( #2719 ) ) ;
#2198 = CONTEXT_DEPENDENT_SHAPE_REPRESENTATION ( #4732, #5002 ) ;
#2199 = LINE ( 'NONE', #978, #7511 ) ;
#2200 = CARTESIAN_POINT ( 'NONE',  ( -0.02541776303030091400, -1.218768563719457900, -0.2303040490898776400 ) ) ;
#2201 = CARTESIAN_POINT ( 'NONE',  ( -0.8799999999999992300, 0.7149999999999999700, 1.077689183249670000E-016 ) ) ;
#2202 = ORIENTED_EDGE ( 'NONE', *, *, #3057, .T. ) ;
#2203 = FILL_AREA_STYLE ('',( #932 ) ) ;
#2204 = CARTESIAN_POINT ( 'NONE',  ( -5.357503630673745900E-017, 0.7450000000000000000, 0.0000000000000000000 ) ) ;
#2205 = FACE_OUTER_BOUND ( 'NONE', #2923, .T. ) ;
#2206 = COLOUR_RGB ( '',1.000000000000000000, 0.8117647058823529400, 0.5019607843137254800 ) ;
#2207 = AXIS2_PLACEMENT_3D ( 'NONE', #7498, #7444, #950 ) ;
#2208 = VERTEX_POINT ( 'NONE', #1163 ) ;
#2209 = ORIENTED_EDGE ( 'NONE', *, *, #4008, .T. ) ;
#2210 = AXIS2_PLACEMENT_3D ( 'NONE', #4780, #983, #5426 ) ;
#2211 = CARTESIAN_POINT ( 'NONE',  ( 3.238291957217206500E-018, 0.3525217918728552100, 0.0000000000000000000 ) ) ;
#2212 = DIRECTION ( 'NONE',  ( -1.000000000000000000, 0.0000000000000000000, 0.0000000000000000000 ) ) ;
#2213 = SHAPE_REPRESENTATION ( '311-11-101-41-001000', ( #5104 ), #5529 ) ;
#2214 = CARTESIAN_POINT ( 'NONE',  ( -0.04630770841790388800, -1.150767665139485100, 0.2525584207203315200 ) ) ;
#2215 = DIRECTION ( 'NONE',  ( -0.5383974589983021600, 0.8262549109320608300, 0.1656230609088721300 ) ) ;
#2216 = VERTEX_POINT ( 'NONE', #1803 ) ;
#2217 = EDGE_LOOP ( 'NONE', ( #1243, #148, #127, #3945 ) ) ;
#2218 =( GEOMETRIC_REPRESENTATION_CONTEXT ( 3 ) GLOBAL_UNCERTAINTY_ASSIGNED_CONTEXT ( ( #6645 ) ) GLOBAL_UNIT_ASSIGNED_CONTEXT ( ( #2704, #7189, #3344 ) ) REPRESENTATION_CONTEXT ( 'NONE', 'WORKASPACE' ) );
#2219 = CIRCLE ( 'NONE', #4765, 0.1000000000000000500 ) ;
#2220 = AXIS2_PLACEMENT_3D ( 'NONE', #1940, #5108, #2582 ) ;
#2221 = EDGE_CURVE ( 'NONE', #7934, #5365, #7412, .T. ) ;
#2222 =( NAMED_UNIT ( * ) PLANE_ANGLE_UNIT ( ) SI_UNIT ( $, .RADIAN. ) );
#2223 =( GEOMETRIC_REPRESENTATION_CONTEXT ( 3 ) GLOBAL_UNCERTAINTY_ASSIGNED_CONTEXT ( ( #873 ) ) GLOBAL_UNIT_ASSIGNED_CONTEXT ( ( #2514, #6987, #3140 ) ) REPRESENTATION_CONTEXT ( 'NONE', 'WORKASPACE' ) );
#2224 = ORIENTED_EDGE ( 'NONE', *, *, #3081, .F. ) ;
#2225 = SURFACE_STYLE_USAGE ( .BOTH. , #6042 ) ;
#2226 = SURFACE_STYLE_FILL_AREA ( #4221 ) ;
#2227 = CARTESIAN_POINT ( 'NONE',  ( 0.6499999999999996900, -0.004999999999999931600, 7.960204194457790500E-017 ) ) ;
#2228 = CARTESIAN_POINT ( 'NONE',  ( 0.04978749811896360900, -1.205082627581610000, 0.2976813273944592400 ) ) ;
#2229 = CONICAL_SURFACE ( 'NONE', #6391, 10967.01784461921100, 1.479865287713162600 ) ;
#2230 = DIRECTION ( 'NONE',  ( -0.0000000000000000000, -1.000000000000000000, 0.0000000000000000000 ) ) ;
#2231 = B_SPLINE_CURVE_WITH_KNOTS ( 'NONE', 3,
 ( #7142, #6494, #7790, #3938 ),
 .UNSPECIFIED., .F., .F.,
 ( 4, 4 ),
 ( 0.0000000000000000000, 1.000000000000000000 ),
 .UNSPECIFIED. ) ;
#2232 = CARTESIAN_POINT ( 'NONE',  ( 0.1518986748799414900, 0.2634659119465386200, -0.4083876577056688700 ) ) ;
#2233 = DIRECTION ( 'NONE',  ( -1.000000000000000000, 0.0000000000000000000, 0.0000000000000000000 ) ) ;
#2234 = CYLINDRICAL_SURFACE ( 'NONE', #726, 0.1000000000000001000 ) ;
#2235 = DIRECTION ( 'NONE',  ( -1.000000000000000000, -1.376153063234101000E-016, 0.0000000000000000000 ) ) ;
#2236 = VERTEX_POINT ( 'NONE', #6301 ) ;
#2237 = CARTESIAN_POINT ( 'NONE',  ( -0.9581966011250112600, -1.294999999999999900, -1.170000000000000200 ) ) ;
#2238 = CARTESIAN_POINT ( 'NONE',  ( -0.04564656084610380100, -1.160862816988803800, 0.2487642354411919400 ) ) ;
#2239 = UNCERTAINTY_MEASURE_WITH_UNIT (LENGTH_MEASURE( 1.000000000000000100E-005 ), #997, 'distance_accuracy_value', 'NONE');
#2240 = EDGE_LOOP ( 'NONE', ( #2994, #1764, #864 ) ) ;
#2241 = ORIENTED_EDGE ( 'NONE', *, *, #5307, .T. ) ;
#2242 = DIRECTION ( 'NONE',  ( -1.000000000000000000, 0.0000000000000000000, 0.0000000000000000000 ) ) ;
#2243 = EDGE_CURVE ( 'NONE', #5762, #3523, #480, .T. ) ;
#2244 = VERTEX_POINT ( 'NONE', #1836 ) ;
#2245 = MECHANICAL_DESIGN_GEOMETRIC_PRESENTATION_REPRESENTATION (  '', ( #1392 ), #2677 ) ;
#2246 = DIRECTION ( 'NONE',  ( 0.8944271909999156300, 0.0000000000000000000, 0.4472135954999583700 ) ) ;
#2247 = VECTOR ( 'NONE', #3937, 1000.000000000000000 ) ;
#2248 = ORIENTED_EDGE ( 'NONE', *, *, #2275, .T. ) ;
#2249 = FILL_AREA_STYLE_COLOUR ( '', #6199 ) ;
#2250 = DIRECTION ( 'NONE',  ( -1.000000000000000000, 0.0000000000000000000, 0.0000000000000000000 ) ) ;
#2251 = EDGE_CURVE ( 'NONE', #3038, #1422, #5927, .T. ) ;
#2252 = CARTESIAN_POINT ( 'NONE',  ( 0.8999999999999992500, 1.345000000000000400, 1.102182119232617000E-016 ) ) ;
#2253 = CARTESIAN_POINT ( 'NONE',  ( -0.03453652562336116000, 0.4003526327454080000, -0.4299660685668724700 ) ) ;
#2254 = COLOUR_RGB ( '',0.1098039215686274500, 0.1098039215686274500, 0.1098039215686274500 ) ;
#2255 = ORIENTED_EDGE ( 'NONE', *, *, #1483, .F. ) ;
#2256 = STYLED_ITEM ( 'NONE', ( #1921 ), #3845 ) ;
#2257 = DIRECTION ( 'NONE',  ( 0.0000000000000000000, -1.000000000000000000, -0.0000000000000000000 ) ) ;
#2258 = DIRECTION ( 'NONE',  ( -1.000000000000000000, 0.0000000000000000000, 0.0000000000000000000 ) ) ;
#2259 = SURFACE_STYLE_USAGE ( .BOTH. , #6083 ) ;
#2260 = CONICAL_SURFACE ( 'NONE', #4671, 0.2549999999999994500, 0.8329812666744389500 ) ;
#2261 = VERTEX_POINT ( 'NONE', #6978 ) ;
#2262 = CARTESIAN_POINT ( 'NONE',  ( -0.1271357273471913400, 0.3526718729516830600, -0.4252585001822685700 ) ) ;
#2263 = PRESENTATION_LAYER_ASSIGNMENT (  '', '', ( #1837 ) ) ;
#2264 = PRESENTATION_LAYER_ASSIGNMENT (  '', '', ( #1840 ) ) ;
#2265 = EDGE_CURVE ( 'NONE', #986, #602, #3637, .T. ) ;
#2266 =( GEOMETRIC_REPRESENTATION_CONTEXT ( 3 ) GLOBAL_UNCERTAINTY_ASSIGNED_CONTEXT ( ( #2082 ) ) GLOBAL_UNIT_ASSIGNED_CONTEXT ( ( #3533, #8042, #4173 ) ) REPRESENTATION_CONTEXT ( 'NONE', 'WORKASPACE' ) );
#2267 = VERTEX_POINT ( 'NONE', #3133 ) ;
#2268 = FACE_OUTER_BOUND ( 'NONE', #8265, .T. ) ;
#2269 = FILL_AREA_STYLE_COLOUR ( '', #1742 ) ;
#2270 = FILL_AREA_STYLE ('',( #7989 ) ) ;
#2271 = FACE_OUTER_BOUND ( 'NONE', #2059, .T. ) ;
#2272 = ORIENTED_EDGE ( 'NONE', *, *, #5615, .F. ) ;
#2273 = DIRECTION ( 'NONE',  ( -1.000000000000000000, 0.0000000000000000000, 0.0000000000000000000 ) ) ;
#2274 = DIRECTION ( 'NONE',  ( -1.447553700753488400E-016, 1.000000000000000000, -0.0000000000000000000 ) ) ;
#2275 = EDGE_CURVE ( 'NONE', #5196, #6752, #4306, .T. ) ;
#2276 = CARTESIAN_POINT ( 'NONE',  ( -0.1049532641386131100, 0.3434097392630591200, -0.3956287701371155600 ) ) ;
#2277 = STYLED_ITEM ( 'NONE', ( #2714 ), #8110 ) ;
#2278 = SURFACE_STYLE_USAGE ( .BOTH. , #6098 ) ;
#2279 = CARTESIAN_POINT ( 'NONE',  ( -0.1248607912308422500, 0.2645433830776196000, -0.4185491471247259100 ) ) ;
#2280 =( NAMED_UNIT ( * ) PLANE_ANGLE_UNIT ( ) SI_UNIT ( $, .RADIAN. ) );
#2281 = AXIS2_PLACEMENT_3D ( 'NONE', #923, #5354, #1557 ) ;
#2282 =( BOUNDED_SURFACE ( )  B_SPLINE_SURFACE ( 3, 2, ( 
 ( #1714, #1080, #2359 ),
 ( #6841, #2993, #7493 ),
 ( #3614, #8141, #4259 ),
 ( #473, #4915, #1109 ) ),
 .UNSPECIFIED., .F., .F., .T. ) 
 B_SPLINE_SURFACE_WITH_KNOTS ( ( 4, 4 ),
 ( 3, 3 ),
 ( 2.670528645085746900E-005, 8.971031877611008900E-005 ),
 ( 0.0000000000000000000, 1.000000000000000000 ),
 .UNSPECIFIED. ) 
 GEOMETRIC_REPRESENTATION_ITEM ( )  RATIONAL_B_SPLINE_SURFACE ( (
 ( 1.000000000000000000, 0.7698294312092888200, 1.000000000000000000),
 ( 1.000000000000000000, 0.7775621934751992800, 1.000000000000000000),
 ( 1.000000000000000000, 0.7621724503005895500, 1.000000000000000000),
 ( 1.000000000000000000, 0.7239379160847963000, 1.000000000000000000) ) ) 
 REPRESENTATION_ITEM ( '' )  SURFACE ( )  );
#2283 = DIRECTION ( 'NONE',  ( -1.000000000000000000, 0.0000000000000000000, 0.0000000000000000000 ) ) ;
#2284 = CARTESIAN_POINT ( 'NONE',  ( -0.02751749980527845200, -1.187448473213238900, -0.2283363398061075400 ) ) ;
#2285 = PRESENTATION_STYLE_ASSIGNMENT (( #5024 ) ) ;
#2286 = ORIENTED_EDGE ( 'NONE', *, *, #5327, .F. ) ;
#2287 = SURFACE_STYLE_FILL_AREA ( #5894 ) ;
#2288 = CARTESIAN_POINT ( 'NONE',  ( 0.05984158151271983000, -0.7052960545516587800, 0.3446300717283436500 ) ) ;
#2289 = DIRECTION ( 'NONE',  ( 0.06667680617038809800, 0.9945644753231797100, 0.07997317015127580800 ) ) ;
#2290 = DIRECTION ( 'NONE',  ( 1.000000000000000000, 2.711756665054889700E-016, 0.0000000000000000000 ) ) ;
#2291 = DIRECTION ( 'NONE',  ( -1.447553700753488400E-016, 1.000000000000000000, -0.0000000000000000000 ) ) ;
#2292 = VECTOR ( 'NONE', #5533, 1000.000000000000000 ) ;
#2293 = VECTOR ( 'NONE', #4827, 1000.000000000000000 ) ;
#2294 = ORIENTED_EDGE ( 'NONE', *, *, #4050, .T. ) ;
#2295 = CARTESIAN_POINT ( 'NONE',  ( -0.02994456013349137600, -1.151245959617459300, 0.2721492054816726500 ) ) ;
#2296 = FILL_AREA_STYLE ('',( #2142 ) ) ;
#2297 = LINE ( 'NONE', #3566, #7217 ) ;
#2298 = VECTOR ( 'NONE', #4636, 1000.000000000000000 ) ;
#2299 = FILL_AREA_STYLE ('',( #2269 ) ) ;
#2300 = VERTEX_POINT ( 'NONE', #1891 ) ;
#2301 = EDGE_CURVE ( 'NONE', #8034, #1447, #6869, .T. ) ;
#2302 = PRESENTATION_STYLE_ASSIGNMENT (( #6481 ) ) ;
#2303 =( GEOMETRIC_REPRESENTATION_CONTEXT ( 3 ) GLOBAL_UNCERTAINTY_ASSIGNED_CONTEXT ( ( #1257 ) ) GLOBAL_UNIT_ASSIGNED_CONTEXT ( ( #5699, #1869, #6334 ) ) REPRESENTATION_CONTEXT ( 'NONE', 'WORKASPACE' ) );
#2304 = CARTESIAN_POINT ( 'NONE',  ( -0.05800982339509644400, -0.7326189222147653200, 0.3163088542898302400 ) ) ;
#2305 = CARTESIAN_POINT ( 'NONE',  ( -0.03397201354942366200, -1.218260360858893300, 0.2931727449421187000 ) ) ;
#2306 = CARTESIAN_POINT ( 'NONE',  ( 2.205846211486573600E-016, -1.148951549518942000, 0.0000000000000000000 ) ) ;
#2307 =( NAMED_UNIT ( * ) PLANE_ANGLE_UNIT ( ) SI_UNIT ( $, .RADIAN. ) );
#2308 = CIRCLE ( 'NONE', #99, 0.4438423657390882000 ) ;
#2309 = CARTESIAN_POINT ( 'NONE',  ( 0.1056392930043148400, -0.2267241590923767300, 0.3244054615139409000 ) ) ;
#2310 = EDGE_LOOP ( 'NONE', ( #4463, #4944, #4962, #8124 ) ) ;
#2311 = FILL_AREA_STYLE_COLOUR ( '', #5473 ) ;
#2312 = DIRECTION ( 'NONE',  ( -1.000000000000000000, -1.447553700753488400E-016, 0.0000000000000000000 ) ) ;
#2313 =( NAMED_UNIT ( * ) SI_UNIT ( $, .STERADIAN. ) SOLID_ANGLE_UNIT ( ) );
#2314 = VERTEX_POINT ( 'NONE', #6359 ) ;
#2315 = DIRECTION ( 'NONE',  ( 0.0000000000000000000, 0.0000000000000000000, 1.000000000000000000 ) ) ;
#2316 = CARTESIAN_POINT ( 'NONE',  ( -0.02864497759686466000, -1.170630790684147300, 0.03845175828587042700 ) ) ;
#2317 = AXIS2_PLACEMENT_3D ( 'NONE', #3948, #168, #4571 ) ;
#2318 = STYLED_ITEM ( 'NONE', ( #7169 ), #6467 ) ;
#2319 = PRESENTATION_LAYER_ASSIGNMENT (  '', '', ( #1889 ) ) ;
#2320 = ORIENTED_EDGE ( 'NONE', *, *, #1563, .F. ) ;
#2321 =( LENGTH_UNIT ( ) NAMED_UNIT ( * ) SI_UNIT ( .MILLI., .METRE. ) );
#2322 = COLOUR_RGB ( '',0.1098039215686274500, 0.1098039215686274500, 0.1098039215686274500 ) ;
#2323 = CARTESIAN_POINT ( 'NONE',  ( -0.02758944177094607400, -1.186375372573789100, 0.2421030037225062300 ) ) ;
#2324 =( GEOMETRIC_REPRESENTATION_CONTEXT ( 3 ) GLOBAL_UNCERTAINTY_ASSIGNED_CONTEXT ( ( #4504 ) ) GLOBAL_UNIT_ASSIGNED_CONTEXT ( ( #1808, #6275, #2457 ) ) REPRESENTATION_CONTEXT ( 'NONE', 'WORKASPACE' ) );
#2325 = EDGE_CURVE ( 'NONE', #268, #1976, #2842, .T. ) ;
#2326 = AXIS2_PLACEMENT_3D ( 'NONE', #2473, #6947, #3103 ) ;
#2327 =( BOUNDED_SURFACE ( )  B_SPLINE_SURFACE ( 3, 2, ( 
 ( #4949, #483, #5610 ),
 ( #1780, #6244, #2432 ),
 ( #6905, #3051, #7559 ),
 ( #3690, #8213, #4325 ) ),
 .UNSPECIFIED., .F., .F., .F. ) 
 B_SPLINE_SURFACE_WITH_KNOTS ( ( 4, 4 ),
 ( 3, 3 ),
 ( 0.0000000000000000000, 9.020840259624799300E-005 ),
 ( 0.0000000000000000000, 1.000000000000000000 ),
 .UNSPECIFIED. ) 
 GEOMETRIC_REPRESENTATION_ITEM ( )  RATIONAL_B_SPLINE_SURFACE ( (
 ( 1.000000000000000000, 0.8248820918441176500, 1.000000000000000000),
 ( 1.000000000000000000, 0.8217178766813344500, 1.000000000000000000),
 ( 1.000000000000000000, 0.8029437608246115000, 1.000000000000000000),
 ( 1.000000000000000000, 0.7769974644328722100, 1.000000000000000000) ) ) 
 REPRESENTATION_ITEM ( '' )  SURFACE ( )  );
#2328 = DIRECTION ( 'NONE',  ( -1.000000000000000000, 0.0000000000000000000, 2.168404344971008100E-015 ) ) ;
#2329 = DIRECTION ( 'NONE',  ( 1.447553700753488400E-016, -1.000000000000000000, 0.0000000000000000000 ) ) ;
#2330 = DIRECTION ( 'NONE',  ( 1.000000000000000000, 2.409338161078871600E-016, 0.0000000000000000000 ) ) ;
#2331 = VERTEX_POINT ( 'NONE', #3802 ) ;
#2332 = VERTEX_POINT ( 'NONE', #7010 ) ;
#2333 = FILL_AREA_STYLE_COLOUR ( '', #4277 ) ;
#2334 = SURFACE_STYLE_USAGE ( .BOTH. , #6153 ) ;
#2335 = SURFACE_STYLE_USAGE ( .BOTH. , #6154 ) ;
#2336 = CARTESIAN_POINT ( 'NONE',  ( -0.1304493838860078200, 0.3479039403856392100, 0.4237987803694093200 ) ) ;
#2337 = CARTESIAN_POINT ( 'NONE',  ( 4.775372274600670600E-017, 0.04500000000000011600, 0.0000000000000000000 ) ) ;
#2338 = CARTESIAN_POINT ( 'NONE',  ( 0.02917838675610640000, -1.221599968234500000, 0.2884193327292977100 ) ) ;
#2339 = EDGE_LOOP ( 'NONE', ( #7924, #1676, #1951, #7429 ) ) ;
#2340 = CARTESIAN_POINT ( 'NONE',  ( -4.488971410221654300E-017, 0.6850000000000000500, 0.0000000000000000000 ) ) ;
#2341 = CARTESIAN_POINT ( 'NONE',  ( -1.270000000000000000, 1.294999999999999900, -0.6700000000000003700 ) ) ;
#2342 =( NAMED_UNIT ( * ) PLANE_ANGLE_UNIT ( ) SI_UNIT ( $, .RADIAN. ) );
#2343 = FACE_OUTER_BOUND ( 'NONE', #3247, .T. ) ;
#2344 = LINE ( 'NONE', #4125, #668 ) ;
#2345 = ORIENTED_EDGE ( 'NONE', *, *, #2091, .F. ) ;
#2346 = EDGE_CURVE ( 'NONE', #7878, #6158, #1761, .T. ) ;
#2347 = CARTESIAN_POINT ( 'NONE',  ( -0.07861333816483154200, 0.3725457323126159000, 0.4171602865974307600 ) ) ;
#2348 = AXIS2_PLACEMENT_3D ( 'NONE', #5904, #2075, #6556 ) ;
#2349 = FACE_OUTER_BOUND ( 'NONE', #1728, .T. ) ;
#2350 = ADVANCED_FACE ( 'NONE', ( #1969 ), #6060, .T. ) ;
#2351 = VECTOR ( 'NONE', #7033, 1000.000000000000000 ) ;
#2352 = VERTEX_POINT ( 'NONE', #3887 ) ;
#2353 = SURFACE_STYLE_USAGE ( .BOTH. , #6180 ) ;
#2354 = CARTESIAN_POINT ( 'NONE',  ( -0.1517076999008804800, 0.2909921522532811200, -0.4111512178516091900 ) ) ;
#2355 = DIRECTION ( 'NONE',  ( 0.0000000000000000000, 1.000000000000000000, 0.0000000000000000000 ) ) ;
#2356 = PRESENTATION_LAYER_ASSIGNMENT (  '', '', ( #2786 ) ) ;
#2357 = CARTESIAN_POINT ( 'NONE',  ( -0.09859658425128524400, 0.3534876573498491000, -0.4094370692540833000 ) ) ;
#2358 = SURFACE_STYLE_USAGE ( .BOTH. , #6184 ) ;
#2359 = CARTESIAN_POINT ( 'NONE',  ( 0.02994456013348609200, -1.151245959617543300, 0.2721492054816658800 ) ) ;
#2360 = STYLED_ITEM ( 'NONE', ( #5606 ), #3977 ) ;
#2361 = DIRECTION ( 'NONE',  ( -1.447553700753488400E-016, 1.000000000000000000, -0.0000000000000000000 ) ) ;
#2362 = DIRECTION ( 'NONE',  ( -1.447553700753488400E-016, 1.000000000000000000, -0.0000000000000000000 ) ) ;
#2363 = VERTEX_POINT ( 'NONE', #107 ) ;
#2364 = FACE_OUTER_BOUND ( 'NONE', #5791, .T. ) ;
#2365 = CIRCLE ( 'NONE', #2972, 0.6099999999999994300 ) ;
#2366 = CARTESIAN_POINT ( 'NONE',  ( 0.1518986748799413000, 0.2634659119465356200, 0.4083876577056689300 ) ) ;
#2367 = CARTESIAN_POINT ( 'NONE',  ( 5.252686605834296200E-017, -7.114999999999997500, 0.0000000000000000000 ) ) ;
#2368 = CARTESIAN_POINT ( 'NONE',  ( -0.02994456013349137300, -1.151245959617459600, -0.2721492054816739300 ) ) ;
#2369 =( NAMED_UNIT ( * ) SI_UNIT ( $, .STERADIAN. ) SOLID_ANGLE_UNIT ( ) );
#2370 = PRESENTATION_STYLE_ASSIGNMENT (( #6477 ) ) ;
#2371 = ORIENTED_EDGE ( 'NONE', *, *, #3787, .T. ) ;
#2372 = PRESENTATION_LAYER_ASSIGNMENT (  '', '', ( #1532 ) ) ;
#2373 = CARTESIAN_POINT ( 'NONE',  ( -0.04569999541226894100, -1.164248916231309400, -0.2457102005065513700 ) ) ;
#2374 = MECHANICAL_DESIGN_GEOMETRIC_PRESENTATION_REPRESENTATION (  '', ( #1534 ), #2801 ) ;
#2375 = EDGE_CURVE ( 'NONE', #1319, #5903, #2858, .T. ) ;
#2376 = PRESENTATION_LAYER_ASSIGNMENT (  '', '', ( #1536 ) ) ;
#2377 = CARTESIAN_POINT ( 'NONE',  ( 0.04606694494311906800, -1.152949414612099500, 0.2524003120427217300 ) ) ;
#2378 = VECTOR ( 'NONE', #3495, 1000.000000000000000 ) ;
#2379 = VERTEX_POINT ( 'NONE', #746 ) ;
#2380 = SURFACE_STYLE_FILL_AREA ( #6745 ) ;
#2381 = UNCERTAINTY_MEASURE_WITH_UNIT (LENGTH_MEASURE( 1.000000000000000100E-005 ), #3584, 'distance_accuracy_value', 'NONE');
#2382 = CONICAL_SURFACE ( 'NONE', #7741, 0.4500000000000036200, 0.6040459290661867000 ) ;
#2383 = CARTESIAN_POINT ( 'NONE',  ( -0.1201444030966671800, 0.3104830563092042000, 0.3862523219115274700 ) ) ;
#2384 = STYLED_ITEM ( 'NONE', ( #3539 ), #1977 ) ;
#2385 = ORIENTED_EDGE ( 'NONE', *, *, #4377, .T. ) ;
#2386 = AXIS2_PLACEMENT_3D ( 'NONE', #4676, #891, #5318 ) ;
#2387 = CARTESIAN_POINT ( 'NONE',  ( 0.06187426442813968900, 0.3848710090440331000, -0.4224975079953900400 ) ) ;
#2388 = CARTESIAN_POINT ( 'NONE',  ( 2.234677677640099200E-016, -1.168868921937331600, 0.0000000000000000000 ) ) ;
#2389 = CARTESIAN_POINT ( 'NONE',  ( 7.764441927118196900E-017, -0.1614911064067355900, 0.0000000000000000000 ) ) ;
#2390 = CARTESIAN_POINT ( 'NONE',  ( -1.476660268557142200E-016, 1.395000000000000000, 0.0000000000000000000 ) ) ;
#2391 = LINE ( 'NONE', #420, #5581 ) ;
#2392 = DIRECTION ( 'NONE',  ( -1.224646799147353200E-016, -1.772742006221665100E-032, 1.000000000000000000 ) ) ;
#2393 = ORIENTED_EDGE ( 'NONE', *, *, #7291, .F. ) ;
#2394 = FACE_OUTER_BOUND ( 'NONE', #4212, .T. ) ;
#2395 = ADVANCED_FACE ( 'NONE', ( #4536 ), #7183, .T. ) ;
#2396 = EDGE_LOOP ( 'NONE', ( #3493, #765, #5677, #1735 ) ) ;
#2397 = PLANE ( 'NONE',  #634 ) ;
#2398 = FILL_AREA_STYLE ('',( #6191 ) ) ;
#2399 = CARTESIAN_POINT ( 'NONE',  ( -1.270000000000000000, 1.395000000000000000, -0.6700000000000002600 ) ) ;
#2400 = EDGE_CURVE ( 'NONE', #7898, #2742, #3744, .T. ) ;
#2401 = SURFACE_STYLE_USAGE ( .BOTH. , #6215 ) ;
#2402 = CARTESIAN_POINT ( 'NONE',  ( 0.04910263791519569500, -1.205704460288449000, -0.2977276446913764700 ) ) ;
#2403 = CIRCLE ( 'NONE', #5153, 0.2800826275816103400 ) ;
#2404 = STYLED_ITEM ( 'NONE', ( #3543 ), #2441 ) ;
#2405 = SURFACE_STYLE_FILL_AREA ( #3599 ) ;
#2406 = CARTESIAN_POINT ( 'NONE',  ( 0.1248607912308389400, 0.2645433830776166000, -0.4185491471247363400 ) ) ;
#2407 = ORIENTED_EDGE ( 'NONE', *, *, #5171, .T. ) ;
#2408 = EDGE_LOOP ( 'NONE', ( #7994, #4205, #1419, #8216 ) ) ;
#2409 = DIRECTION ( 'NONE',  ( 0.4472135954999579300, -0.0000000000000000000, 0.8944271909999158600 ) ) ;
#2410 = DIRECTION ( 'NONE',  ( -1.000000000000000000, -1.441759817635564300E-016, 0.0000000000000000000 ) ) ;
#2411 = FACE_OUTER_BOUND ( 'NONE', #8063, .T. ) ;
#2412 = CIRCLE ( 'NONE', #1938, 0.02000000000000001800 ) ;
#2413 = EDGE_CURVE ( 'NONE', #6800, #651, #5445, .T. ) ;
#2414 = EDGE_LOOP ( 'NONE', ( #7671, #6033, #7413 ) ) ;
#2415 = ORIENTED_EDGE ( 'NONE', *, *, #5390, .T. ) ;
#2416 = AXIS2_PLACEMENT_3D ( 'NONE', #3605, #8120, #4240 ) ;
#2417 = CARTESIAN_POINT ( 'NONE',  ( 7.787932489870814600E-017, -0.1631138830084181100, 0.0000000000000000000 ) ) ;
#2418 = DIRECTION ( 'NONE',  ( -1.000000000000000000, 0.0000000000000000000, -0.0000000000000000000 ) ) ;
#2419 = FACE_OUTER_BOUND ( 'NONE', #7038, .T. ) ;
#2420 = CARTESIAN_POINT ( 'NONE',  ( 0.1249999999999997400, 0.2666198487095638400, -0.3897197719169306400 ) ) ;
#2421 =( NAMED_UNIT ( * ) PLANE_ANGLE_UNIT ( ) SI_UNIT ( $, .RADIAN. ) );
#2422 = DIRECTION ( 'NONE',  ( -0.0000000000000000000, 1.000000000000000000, 0.0000000000000000000 ) ) ;
#2423 = COLOUR_RGB ( '',1.000000000000000000, 0.8117647058823529400, 0.5019607843137254800 ) ;
#2424 = VERTEX_POINT ( 'NONE', #6509 ) ;
#2425 = DIRECTION ( 'NONE',  ( 1.000000000000000000, 1.221154686938586900E-016, -8.881784197001252300E-016 ) ) ;
#2426 = CARTESIAN_POINT ( 'NONE',  ( 0.1080452793444637200, 0.01371987011832730700, -0.3714225193453245000 ) ) ;
#2427 = CARTESIAN_POINT ( 'NONE',  ( 0.1378435408756127900, 0.2670981431876220900, -0.3606053945049981200 ) ) ;
#2428 = STYLED_ITEM ( 'NONE', ( #326 ), #747 ) ;
#2429 = FACE_OUTER_BOUND ( 'NONE', #5616, .T. ) ;
#2430 = AXIS2_PLACEMENT_3D ( 'NONE', #5135, #1329, #5807 ) ;
#2431 = EDGE_CURVE ( 'NONE', #4719, #23, #2074, .T. ) ;
#2432 = CARTESIAN_POINT ( 'NONE',  ( -0.1398174752697407500, 0.2973114888993808000, -0.3628001891068562400 ) ) ;
#2433 = CARTESIAN_POINT ( 'NONE',  ( 0.02599580452282080800, -1.223263009264965000, -0.2824260837758190700 ) ) ;
#2434 = CYLINDRICAL_SURFACE ( 'NONE', #1077, 0.1000000000000000500 ) ;
#2435 = EDGE_LOOP ( 'NONE', ( #77, #7233, #2488, #6143 ) ) ;
#2436 = CARTESIAN_POINT ( 'NONE',  ( 0.02453759532067832000, -1.231897319978126200, -0.2755977471162223100 ) ) ;
#2437 = UNCERTAINTY_MEASURE_WITH_UNIT (LENGTH_MEASURE( 1.000000000000000100E-005 ), #3723, 'distance_accuracy_value', 'NONE');
#2438 = UNCERTAINTY_MEASURE_WITH_UNIT (LENGTH_MEASURE( 1.000000000000000100E-005 ), #5380, 'distance_accuracy_value', 'NONE');
#2439 = AXIS2_PLACEMENT_3D ( 'NONE', #5180, #1372, #5851 ) ;
#2440 =( NAMED_UNIT ( * ) PLANE_ANGLE_UNIT ( ) SI_UNIT ( $, .RADIAN. ) );
#2441 = ADVANCED_FACE ( 'NONE', ( #6965 ), #8070, .T. ) ;
#2442 = EDGE_CURVE ( 'NONE', #2849, #3925, #5190, .T. ) ;
#2443 = DIRECTION ( 'NONE',  ( 1.000000000000000000, 0.0000000000000000000, 1.224646799147355700E-016 ) ) ;
#2444 = ORIENTED_EDGE ( 'NONE', *, *, #6601, .F. ) ;
#2445 = ORIENTED_EDGE ( 'NONE', *, *, #5063, .F. ) ;
#2446 =( GEOMETRIC_REPRESENTATION_CONTEXT ( 3 ) GLOBAL_UNCERTAINTY_ASSIGNED_CONTEXT ( ( #7319 ) ) GLOBAL_UNIT_ASSIGNED_CONTEXT ( ( #2111, #6590, #2753 ) ) REPRESENTATION_CONTEXT ( 'NONE', 'WORKASPACE' ) );
#2447 =( GEOMETRIC_REPRESENTATION_CONTEXT ( 3 ) GLOBAL_UNCERTAINTY_ASSIGNED_CONTEXT ( ( #1570 ) ) GLOBAL_UNIT_ASSIGNED_CONTEXT ( ( #2642, #7122, #3284 ) ) REPRESENTATION_CONTEXT ( 'NONE', 'WORKASPACE' ) );
#2448 = FILL_AREA_STYLE ('',( #4285 ) ) ;
#2449 = CARTESIAN_POINT ( 'NONE',  ( 0.0000000000000000000, 0.0000000000000000000, -1.270000000000000000 ) ) ;
#2450 =( NAMED_UNIT ( * ) SI_UNIT ( $, .STERADIAN. ) SOLID_ANGLE_UNIT ( ) );
#2451 = CIRCLE ( 'NONE', #7426, 0.6638742588672275100 ) ;
#2452 = SURFACE_SIDE_STYLE ('',( #1679 ) ) ;
#2453 = VERTEX_POINT ( 'NONE', #2227 ) ;
#2454 = CARTESIAN_POINT ( 'NONE',  ( 0.1035414089409708600, 0.3455772699975097100, 0.3802909502594524200 ) ) ;
#2455 = SURFACE_STYLE_USAGE ( .BOTH. , #6268 ) ;
#2456 = CARTESIAN_POINT ( 'NONE',  ( 0.02774497406672151200, -1.184055421978853900, 0.1902816586707158600 ) ) ;
#2457 =( NAMED_UNIT ( * ) SI_UNIT ( $, .STERADIAN. ) SOLID_ANGLE_UNIT ( ) );
#2458 = EDGE_LOOP ( 'NONE', ( #5882, #6218 ) ) ;
#2459 = DIRECTION ( 'NONE',  ( 0.0000000000000000000, 0.0000000000000000000, -1.000000000000000000 ) ) ;
#2460 = CARTESIAN_POINT ( 'NONE',  ( 0.1259885015950563700, 0.2814737861255853800, 0.3804583737771020100 ) ) ;
#2461 = EDGE_CURVE ( 'NONE', #4309, #6408, #1264, .T. ) ;
#2462 = CIRCLE ( 'NONE', #6842, 0.2713663603001843500 ) ;
#2463 = ORIENTED_EDGE ( 'NONE', *, *, #4876, .F. ) ;
#2464 = STYLED_ITEM ( 'NONE', ( #4514 ), #3181 ) ;
#2465 =( NAMED_UNIT ( * ) PLANE_ANGLE_UNIT ( ) SI_UNIT ( $, .RADIAN. ) );
#2466 = FACE_OUTER_BOUND ( 'NONE', #3721, .T. ) ;
#2467 = SURFACE_STYLE_USAGE ( .BOTH. , #6286 ) ;
#2468 = CARTESIAN_POINT ( 'NONE',  ( 0.07418310364562803700, 0.3811449897693603400, 0.4409003037098383500 ) ) ;
#2469 = TOROIDAL_SURFACE ( 'NONE', #583, 0.4792893218813447700, 0.05000000000000000300 ) ;
#2470 = ORIENTED_EDGE ( 'NONE', *, *, #2221, .T. ) ;
#2471 = FILL_AREA_STYLE_COLOUR ( '', #5433 ) ;
#2472 = AXIS2_PLACEMENT_3D ( 'NONE', #5625, #1795, #6261 ) ;
#2473 = CARTESIAN_POINT ( 'NONE',  ( 2.518587945522486000E-016, -1.395000000000000000, 0.0000000000000000000 ) ) ;
#2474 = DIRECTION ( 'NONE',  ( -1.000000000000000000, 0.0000000000000000000, 0.0000000000000000000 ) ) ;
#2475 = FILL_AREA_STYLE_COLOUR ( '', #605 ) ;
#2476 = CARTESIAN_POINT ( 'NONE',  ( -0.8499999999999994200, 1.345000000000000000, 1.040949779275249400E-016 ) ) ;
#2477 = AXIS2_PLACEMENT_3D ( 'NONE', #4268, #482, #4920 ) ;
#2478 = CARTESIAN_POINT ( 'NONE',  ( -0.1378435408756131200, 0.2670981431876250400, -0.3606053945049982300 ) ) ;
#2479 = CARTESIAN_POINT ( 'NONE',  ( -4.054705299995608100E-017, 0.6550000000000001400, 0.0000000000000000000 ) ) ;
#2480 = PRODUCT_DEFINITION_SHAPE ( 'NONE', 'NONE',  #8296 ) ;
#2481 = CARTESIAN_POINT ( 'NONE',  ( 1.270000000000000200, -1.294999999999999900, -0.7699999999999988000 ) ) ;
#2482 = ORIENTED_EDGE ( 'NONE', *, *, #2102, .F. ) ;
#2483 = ADVANCED_FACE ( 'NONE', ( #6151 ), #6360, .T. ) ;
#2484 = CARTESIAN_POINT ( 'NONE',  ( -1.208196601125011400, 1.395000000000000000, -0.6700000000000002600 ) ) ;
#2485 =( NAMED_UNIT ( * ) SI_UNIT ( $, .STERADIAN. ) SOLID_ANGLE_UNIT ( ) );
#2486 = DIRECTION ( 'NONE',  ( 1.000000000000000000, 2.752306126468202000E-016, 0.0000000000000000000 ) ) ;
#2487 = CARTESIAN_POINT ( 'NONE',  ( 0.03923787999772421200, 0.4002221347519043200, 0.3939157543359833000 ) ) ;
#2488 = ORIENTED_EDGE ( 'NONE', *, *, #5839, .T. ) ;
#2489 =( NAMED_UNIT ( * ) SI_UNIT ( $, .STERADIAN. ) SOLID_ANGLE_UNIT ( ) );
#2490 = EDGE_CURVE ( 'NONE', #6961, #6570, #2944, .T. ) ;
#2491 = STYLED_ITEM ( 'NONE', ( #4184 ), #7476 ) ;
#2492 = UNCERTAINTY_MEASURE_WITH_UNIT (LENGTH_MEASURE( 1.000000000000000100E-005 ), #728, 'distance_accuracy_value', 'NONE');
#2493 = FILL_AREA_STYLE ('',( #1200 ) ) ;
#2494 = DIRECTION ( 'NONE',  ( -0.4472135954999580400, 0.0000000000000000000, -0.8944271909999157400 ) ) ;
#2495 = FILL_AREA_STYLE_COLOUR ( '', #5484 ) ;
#2496 = ORIENTED_EDGE ( 'NONE', *, *, #463, .T. ) ;
#2497 = TOROIDAL_SURFACE ( 'NONE', #3804, 0.8262454205064518900, 0.05000000000000000300 ) ;
#2498 = CARTESIAN_POINT ( 'NONE',  ( -0.1146589843285948800, 0.3356660192296654400, 0.4026707507525793000 ) ) ;
#2499 = CARTESIAN_POINT ( 'NONE',  ( -0.1201726680761069400, 0.3185776069583518600, 0.3874854634624864700 ) ) ;
#2500 = CARTESIAN_POINT ( 'NONE',  ( 0.9581966011250104800, 0.0000000000000000000, 1.270000000000000000 ) ) ;
#2501 = VECTOR ( 'NONE', #5246, 1000.000000000000000 ) ;
#2502 = LINE ( 'NONE', #7810, #4171 ) ;
#2503 = SURFACE_STYLE_USAGE ( .BOTH. , #6323 ) ;
#2504 = DIRECTION ( 'NONE',  ( 0.0000000000000000000, 0.0000000000000000000, 1.000000000000000000 ) ) ;
#2505 = ORIENTED_EDGE ( 'NONE', *, *, #568, .T. ) ;
#2506 =( NAMED_UNIT ( * ) PLANE_ANGLE_UNIT ( ) SI_UNIT ( $, .RADIAN. ) );
#2507 =( NAMED_UNIT ( * ) PLANE_ANGLE_UNIT ( ) SI_UNIT ( $, .RADIAN. ) );
#2508 = COLOUR_RGB ( '',0.1098039215686274500, 0.1098039215686274500, 0.1098039215686274500 ) ;
#2509 = CARTESIAN_POINT ( 'NONE',  ( 1.020000000000000000, -1.294999999999999900, 1.270000000000000000 ) ) ;
#2510 = VECTOR ( 'NONE', #867, 1000.000000000000000 ) ;
#2511 = ORIENTED_EDGE ( 'NONE', *, *, #2413, .T. ) ;
#2512 = ORIENTED_EDGE ( 'NONE', *, *, #4220, .F. ) ;
#2513 = EDGE_CURVE ( 'NONE', #1976, #4272, #3696, .T. ) ;
#2514 =( LENGTH_UNIT ( ) NAMED_UNIT ( * ) SI_UNIT ( .MILLI., .METRE. ) );
#2515 = CARTESIAN_POINT ( 'NONE',  ( -0.1080452793444638300, 0.01371987011832806500, 0.3714225193453245000 ) ) ;
#2516 = PRESENTATION_LAYER_ASSIGNMENT (  '', '', ( #2093 ) ) ;
#2517 = LINE ( 'NONE', #5420, #7427 ) ;
#2518 = FILL_AREA_STYLE_COLOUR ( '', #6116 ) ;
#2519 = ORIENTED_EDGE ( 'NONE', *, *, #61, .T. ) ;
#2520 =( NAMED_UNIT ( * ) SI_UNIT ( $, .STERADIAN. ) SOLID_ANGLE_UNIT ( ) );
#2521 = SURFACE_SIDE_STYLE ('',( #6105 ) ) ;
#2522 =( LENGTH_UNIT ( ) NAMED_UNIT ( * ) SI_UNIT ( .MILLI., .METRE. ) );
#2523 = SURFACE_STYLE_FILL_AREA ( #3792 ) ;
#2524 = ADVANCED_FACE ( 'NONE', ( #4638 ), #7063, .F. ) ;
#2525 = EDGE_CURVE ( 'NONE', #400, #1289, #785, .T. ) ;
#2526 = CARTESIAN_POINT ( 'NONE',  ( 0.02667085682135335300, -1.200077168009177500, -0.04637234980941096200 ) ) ;
#2527 = AXIS2_PLACEMENT_3D ( 'NONE', #578, #609, #5045 ) ;
#2528 =( LENGTH_UNIT ( ) NAMED_UNIT ( * ) SI_UNIT ( .MILLI., .METRE. ) );
#2529 = CARTESIAN_POINT ( 'NONE',  ( -0.4203069233026768800, -2.428196922976590500, 0.0000000000000000000 ) ) ;
#2530 = DIRECTION ( 'NONE',  ( -1.447553700753488400E-016, 1.000000000000000000, -0.0000000000000000000 ) ) ;
#2531 = CARTESIAN_POINT ( 'NONE',  ( -0.04804653408847812900, -1.166505905980542300, 0.2035534470247589200 ) ) ;
#2532 = CARTESIAN_POINT ( 'NONE',  ( 4.332419380703181900E-016, -2.615000000000000200, 0.0000000000000000000 ) ) ;
#2533 = CARTESIAN_POINT ( 'NONE',  ( -0.02337584256668447400, 0.4059504795197141900, 0.4439089744649611400 ) ) ;
#2534 = DIRECTION ( 'NONE',  ( 1.000000000000000000, -0.0000000000000000000, 0.0000000000000000000 ) ) ;
#2535 = MECHANICAL_DESIGN_GEOMETRIC_PRESENTATION_REPRESENTATION (  '', ( #1672 ), #2943 ) ;
#2536 = EDGE_LOOP ( 'NONE', ( #2385, #7970, #7855, #1101 ) ) ;
#2537 = ORIENTED_EDGE ( 'NONE', *, *, #3323, .T. ) ;
#2538 = EDGE_CURVE ( 'NONE', #2718, #1902, #3849, .T. ) ;
#2539 = B_SPLINE_CURVE_WITH_KNOTS ( 'NONE', 3,
 ( #1980, #1334, #5144, #2623 ),
 .UNSPECIFIED., .F., .F.,
 ( 4, 4 ),
 ( 4.345270763724971400E-019, 2.626378288018132800E-006 ),
 .UNSPECIFIED. ) ;
#2540 =( GEOMETRIC_REPRESENTATION_CONTEXT ( 3 ) GLOBAL_UNCERTAINTY_ASSIGNED_CONTEXT ( ( #5930 ) ) GLOBAL_UNIT_ASSIGNED_CONTEXT ( ( #229, #4644, #869 ) ) REPRESENTATION_CONTEXT ( 'NONE', 'WORKASPACE' ) );
#2541 = CARTESIAN_POINT ( 'NONE',  ( -0.1518986748799416300, 0.2634659119465385700, -0.4083876577056690900 ) ) ;
#2542 =( BOUNDED_CURVE ( )  B_SPLINE_CURVE ( 3, ( #5208, #685, #2040, #6522 ),
 .UNSPECIFIED., .F., .T. ) 
 B_SPLINE_CURVE_WITH_KNOTS ( ( 4, 4 ),
 ( 3.141592653589793100, 4.712388980384688800 ),
 .UNSPECIFIED. ) 
 CURVE ( )  GEOMETRIC_REPRESENTATION_ITEM ( )  RATIONAL_B_SPLINE_CURVE ( ( 1.000000000000000000, 0.8047378541243652700, 0.8047378541243652700, 1.000000000000000000 ) ) 
 REPRESENTATION_ITEM ( '' )  );
#2543 = CARTESIAN_POINT ( 'NONE',  ( -0.1061590700491926900, 0.3680608299677263200, -0.3793509617873706000 ) ) ;
#2544 = FILL_AREA_STYLE ('',( #1927 ) ) ;
#2545 = ORIENTED_EDGE ( 'NONE', *, *, #7807, .T. ) ;
#2546 = SURFACE_STYLE_USAGE ( .BOTH. , #6367 ) ;
#2547 = CARTESIAN_POINT ( 'NONE',  ( -1.404282583519467900E-016, 1.345000000000000200, 0.0000000000000000000 ) ) ;
#2548 = CARTESIAN_POINT ( 'NONE',  ( 0.1326020296073753300, 0.3273490054100364800, -0.3687570877325211900 ) ) ;
#2549 = EDGE_CURVE ( 'NONE', #5998, #2267, #7579, .T. ) ;
#2550 =( GEOMETRIC_REPRESENTATION_CONTEXT ( 3 ) GLOBAL_UNCERTAINTY_ASSIGNED_CONTEXT ( ( #3685 ) ) GLOBAL_UNIT_ASSIGNED_CONTEXT ( ( #7761, #3907, #126 ) ) REPRESENTATION_CONTEXT ( 'NONE', 'WORKASPACE' ) );
#2551 = STYLED_ITEM ( 'NONE', ( #4740 ), #5922 ) ;
#2552 = ORIENTED_EDGE ( 'NONE', *, *, #7777, .F. ) ;
#2553 = FILL_AREA_STYLE ('',( #2581 ) ) ;
#2554 = CARTESIAN_POINT ( 'NONE',  ( -0.02262704056019328200, 0.4060568004097231400, -0.4439457045916650500 ) ) ;
#2555 = CARTESIAN_POINT ( 'NONE',  ( -0.04784238332212900600, -1.168868921937331400, -0.2301144326776780600 ) ) ;
#2556 = CARTESIAN_POINT ( 'NONE',  ( -0.02878729518101579400, -1.168507953350743200, 0.2300327145525861100 ) ) ;
#2557 = DIRECTION ( 'NONE',  ( 1.447553700753488400E-016, -1.000000000000000000, 0.0000000000000000000 ) ) ;
#2558 = FACE_OUTER_BOUND ( 'NONE', #2155, .T. ) ;
#2559 = ORIENTED_EDGE ( 'NONE', *, *, #1223, .T. ) ;
#2560 = CARTESIAN_POINT ( 'NONE',  ( 0.01587784846713367500, 0.4203106557166019200, 0.3939269733004097100 ) ) ;
#2561 = ADVANCED_FACE ( 'NONE', ( #470 ), #3591, .T. ) ;
#2562 = ADVANCED_FACE ( 'NONE', ( #2170 ), #3627, .T. ) ;
#2563 = AXIS2_PLACEMENT_3D ( 'NONE', #6845, #1113, #5569 ) ;
#2564 = CARTESIAN_POINT ( 'NONE',  ( 0.1175265972888180500, 0.3204703966873699300, 0.4146595378701469800 ) ) ;
#2565 = CARTESIAN_POINT ( 'NONE',  ( 0.05913363540942732200, 0.4073830028315263400, -0.3897586934335509100 ) ) ;
#2566 = PLANE ( 'NONE',  #5364 ) ;
#2567 = ORIENTED_EDGE ( 'NONE', *, *, #7124, .T. ) ;
#2568 = EDGE_CURVE ( 'NONE', #4990, #5234, #5547, .T. ) ;
#2569 = CARTESIAN_POINT ( 'NONE',  ( 0.1239136013936950900, 0.3543379074933978300, 0.4262802119315730600 ) ) ;
#2570 = AXIS2_PLACEMENT_3D ( 'NONE', #1411, #5886, #2052 ) ;
#2571 = SURFACE_SIDE_STYLE ('',( #2127 ) ) ;
#2572 = TOROIDAL_SURFACE ( 'NONE', #7757, 0.6399999999999993500, 0.02999999999999999900 ) ;
#2573 = CARTESIAN_POINT ( 'NONE',  ( -0.2713663603001839100, -2.830121490636196700, 0.0000000000000000000 ) ) ;
#2574 = ORIENTED_EDGE ( 'NONE', *, *, #520, .F. ) ;
#2575 = DIRECTION ( 'NONE',  ( 1.000000000000000000, 1.447553700753488400E-016, 0.0000000000000000000 ) ) ;
#2576 = FILL_AREA_STYLE_COLOUR ( '', #2916 ) ;
#2577 = CIRCLE ( 'NONE', #3589, 0.01999999999999997300 ) ;
#2578 = CARTESIAN_POINT ( 'NONE',  ( 0.05180290865074894300, 0.3899539996405546000, -0.4335931989621957200 ) ) ;
#2579 = ORIENTED_EDGE ( 'NONE', *, *, #4654, .T. ) ;
#2580 =( GEOMETRIC_REPRESENTATION_CONTEXT ( 3 ) GLOBAL_UNCERTAINTY_ASSIGNED_CONTEXT ( ( #3138 ) ) GLOBAL_UNIT_ASSIGNED_CONTEXT ( ( #2830, #7329, #3462 ) ) REPRESENTATION_CONTEXT ( 'NONE', 'WORKASPACE' ) );
#2581 = FILL_AREA_STYLE_COLOUR ( '', #626 ) ;
#2582 = DIRECTION ( 'NONE',  ( 1.000000000000000000, 1.447553700753488400E-016, 0.0000000000000000000 ) ) ;
#2583 = CARTESIAN_POINT ( 'NONE',  ( 0.07414175358417564300, -0.4919918495344916000, 0.3336163795114312500 ) ) ;
#2584 = FACE_OUTER_BOUND ( 'NONE', #4265, .T. ) ;
#2585 = PRESENTATION_LAYER_ASSIGNMENT (  '', '', ( #1298 ) ) ;
#2586 = B_SPLINE_CURVE_WITH_KNOTS ( 'NONE', 3,
 ( #4339, #560, #3734, #8258, #4364, #589, #5023 ),
 .UNSPECIFIED., .F., .F.,
 ( 4, 3, 4 ),
 ( 0.0000000000000000000, 0.0007138056674576347100, 0.001476253621438100100 ),
 .UNSPECIFIED. ) ;
#2587 = CARTESIAN_POINT ( 'NONE',  ( -0.03003326316415730000, -1.149922847605639800, 0.2556207292921385800 ) ) ;
#2588 = CARTESIAN_POINT ( 'NONE',  ( 0.03001400578946943400, -1.150210094428825200, -0.04004634616228704800 ) ) ;
#2589 = DIRECTION ( 'NONE',  ( -1.447553700753488400E-016, 1.000000000000000000, -0.0000000000000000000 ) ) ;
#2590 = CIRCLE ( 'NONE', #2430, 0.6099999999999994300 ) ;
#2591 = PRESENTATION_STYLE_ASSIGNMENT (( #2358 ) ) ;
#2592 = ORIENTED_EDGE ( 'NONE', *, *, #194, .T. ) ;
#2593 = FILL_AREA_STYLE ('',( #4218 ) ) ;
#2594 = CARTESIAN_POINT ( 'NONE',  ( 0.1250026613379045500, 0.2666596189835882500, 0.3897231248751006900 ) ) ;
#2595 = CARTESIAN_POINT ( 'NONE',  ( 0.06474188712309260400, 0.3831853566218939600, 0.3921853224596331100 ) ) ;
#2596 = DIRECTION ( 'NONE',  ( -1.000000000000000000, 0.0000000000000000000, 0.0000000000000000000 ) ) ;
#2597 = AXIS2_PLACEMENT_3D ( 'NONE', #3119, #7617, #3754 ) ;
#2598 = LINE ( 'NONE', #5422, #5371 ) ;
#2599 = EDGE_CURVE ( 'NONE', #4354, #2084, #6070, .T. ) ;
#2600 = ORIENTED_EDGE ( 'NONE', *, *, #741, .F. ) ;
#2601 = AXIS2_PLACEMENT_3D ( 'NONE', #7710, #1968, #6441 ) ;
#2602 = PRESENTATION_LAYER_ASSIGNMENT (  '', '', ( #3009 ) ) ;
#2603 = PRESENTATION_STYLE_ASSIGNMENT (( #5925 ) ) ;
#2604 = DIRECTION ( 'NONE',  ( 0.06671916257971294300, 0.9951962719317893900, -0.07164449509718132100 ) ) ;
#2605 = SURFACE_STYLE_USAGE ( .BOTH. , #6433 ) ;
#2606 = DIRECTION ( 'NONE',  ( -0.06689105712424776900, 0.9977602850769319300, 0.0000000000000000000 ) ) ;
#2607 = ADVANCED_FACE ( 'NONE', ( #6860 ), #3041, .F. ) ;
#2608 = ADVANCED_FACE ( 'NONE', ( #4530 ), #793, .T. ) ;
#2609 = CARTESIAN_POINT ( 'NONE',  ( -1.433233657534537400E-016, 1.365000000000000000, 0.0000000000000000000 ) ) ;
#2610 = CARTESIAN_POINT ( 'NONE',  ( 0.02882983084228368100, -1.167873482984498100, -0.2672082489764449600 ) ) ;
#2611 = ORIENTED_EDGE ( 'NONE', *, *, #8219, .T. ) ;
#2612 = ORIENTED_EDGE ( 'NONE', *, *, #487, .T. ) ;
#2613 = CARTESIAN_POINT ( 'NONE',  ( -0.04338467537588928900, 0.3925287066132329100, -0.3631831458611225500 ) ) ;
#2614 = PRESENTATION_STYLE_ASSIGNMENT (( #4964 ) ) ;
#2615 = CARTESIAN_POINT ( 'NONE',  ( -0.02749759296368304800, -1.187745407613727000, -0.2316666001376634100 ) ) ;
#2616 = CIRCLE ( 'NONE', #2859, 0.05000000000000002400 ) ;
#2617 = CARTESIAN_POINT ( 'NONE',  ( -0.9581966011250111500, 1.294999999999999900, -1.169999999999999900 ) ) ;
#2618 = VERTEX_POINT ( 'NONE', #1828 ) ;
#2619 = CARTESIAN_POINT ( 'NONE',  ( 0.04813080590179209800, -1.165473583952008300, 0.1920214648406902400 ) ) ;
#2620 = ORIENTED_EDGE ( 'NONE', *, *, #4410, .T. ) ;
#2621 =( NAMED_UNIT ( * ) SI_UNIT ( $, .STERADIAN. ) SOLID_ANGLE_UNIT ( ) );
#2622 = COLOUR_RGB ( '',0.1098039215686274500, 0.1098039215686274500, 0.1098039215686274500 ) ;
#2623 = CARTESIAN_POINT ( 'NONE',  ( -0.02529458252240660000, -1.223183884379456200, 0.2789380977350282600 ) ) ;
#2624 = EDGE_CURVE ( 'NONE', #7113, #5685, #7375, .T. ) ;
#2625 = CARTESIAN_POINT ( 'NONE',  ( -0.03068726934371115300, 0.3972158409712646100, 0.4293961579984065800 ) ) ;
#2626 = CARTESIAN_POINT ( 'NONE',  ( -0.03001400578946924000, -1.150210094428824900, 0.04004634616228762400 ) ) ;
#2627 = CARTESIAN_POINT ( 'NONE',  ( 4.516212052562301200E-016, -2.745000000000000600, 0.0000000000000000000 ) ) ;
#2628 = PRESENTATION_LAYER_ASSIGNMENT (  '', '', ( #2196 ) ) ;
#2629 = CARTESIAN_POINT ( 'NONE',  ( 0.7265572809000083700, 1.294999999999999900, 1.633278640450004400 ) ) ;
#2630 = DIRECTION ( 'NONE',  ( 1.447553700753488400E-016, -1.000000000000000000, 0.0000000000000000000 ) ) ;
#2631 = DIRECTION ( 'NONE',  ( 1.000000000000000000, 1.221154686938586900E-016, 0.0000000000000000000 ) ) ;
#2632 = FILL_AREA_STYLE ('',( #1990 ) ) ;
#2633 = VERTEX_POINT ( 'NONE', #5624 ) ;
#2634 = AXIS2_PLACEMENT_3D ( 'NONE', #7384, #3512, #8022 ) ;
#2635 = CARTESIAN_POINT ( 'NONE',  ( 0.1069180516860517400, 0.3402937159660851000, -0.3947436973228438700 ) ) ;
#2636 = STYLED_ITEM ( 'NONE', ( #7014 ), #4204 ) ;
#2637 = PRESENTATION_STYLE_ASSIGNMENT (( #5664 ) ) ;
#2638 = CARTESIAN_POINT ( 'NONE',  ( -0.1063473373305611300, 0.3412228871188086600, -0.4435555619547175100 ) ) ;
#2639 = CARTESIAN_POINT ( 'NONE',  ( -0.02881990011208642900, -1.168021611727237100, -0.2671171085750632100 ) ) ;
#2640 = EDGE_LOOP ( 'NONE', ( #5774, #5187 ) ) ;
#2641 = VERTEX_POINT ( 'NONE', #6260 ) ;
#2642 =( LENGTH_UNIT ( ) NAMED_UNIT ( * ) SI_UNIT ( .MILLI., .METRE. ) );
#2643 =( BOUNDED_SURFACE ( )  B_SPLINE_SURFACE ( 3, 2, ( 
 ( #1405, #727, #2046 ),
 ( #6529, #2686, #7173 ),
 ( #3329, #7814, #3957 ),
 ( #180, #4584, #813 ) ),
 .UNSPECIFIED., .F., .F., .T. ) 
 B_SPLINE_SURFACE_WITH_KNOTS ( ( 4, 4 ),
 ( 3, 3 ),
 ( -2.710505431213761100E-018, 0.001425092352056777600 ),
 ( 0.0000000000000000000, 1.000000000000000000 ),
 .UNSPECIFIED. ) 
 GEOMETRIC_REPRESENTATION_ITEM ( )  RATIONAL_B_SPLINE_SURFACE ( (
 ( 1.000000000000000000, 0.8248820918441176500, 1.000000000000000000),
 ( 1.000000000000000000, 0.8125445255167129700, 1.000000000000000000),
 ( 1.000000000000000000, 0.7973642228864791200, 1.000000000000000000),
 ( 1.000000000000000000, 0.7698294312092933700, 1.000000000000000000) ) ) 
 REPRESENTATION_ITEM ( '' )  SURFACE ( )  );
#2644 = FILL_AREA_STYLE ('',( #4513 ) ) ;
#2645 = EDGE_LOOP ( 'NONE', ( #6380, #4928, #2037 ) ) ;
#2646 = ADVANCED_FACE ( 'NONE', ( #7176 ), #1624, .T. ) ;
#2647 = ADVANCED_FACE ( 'NONE', ( #3732 ), #5052, .F. ) ;
#2648 = AXIS2_PLACEMENT_3D ( 'NONE', #2204, #6680, #2838 ) ;
#2649 =( LENGTH_UNIT ( ) NAMED_UNIT ( * ) SI_UNIT ( .MILLI., .METRE. ) );
#2650 = EDGE_CURVE ( 'NONE', #3407, #390, #4834, .T. ) ;
#2651 = CIRCLE ( 'NONE', #6986, 0.05000000000000002400 ) ;
#2652 = ORIENTED_EDGE ( 'NONE', *, *, #6885, .F. ) ;
#2653 = AXIS2_PLACEMENT_3D ( 'NONE', #3811, #26, #4433 ) ;
#2654 = CARTESIAN_POINT ( 'NONE',  ( -0.09897661204258267900, 0.3530595351822681800, 0.3857663291560519100 ) ) ;
#2655 = CARTESIAN_POINT ( 'NONE',  ( -0.04813080590179065500, -1.165473583952008300, -0.1920214648406892400 ) ) ;
#2656 = CARTESIAN_POINT ( 'NONE',  ( 0.1049476582995811000, 0.3434191609326395200, 0.3956286048806620400 ) ) ;
#2657 = PRODUCT ( '311-11-101-41-001000', '311-11-101-41-001000', '', ( #7313 ) ) ;
#2658 = PRESENTATION_STYLE_ASSIGNMENT (( #4064 ) ) ;
#2659 = SURFACE_STYLE_USAGE ( .BOTH. , #6489 ) ;
#2660 = EDGE_LOOP ( 'NONE', ( #5177, #4140, #5969, #2209 ) ) ;
#2661 = SURFACE_SIDE_STYLE ('',( #5825 ) ) ;
#2662 = DIRECTION ( 'NONE',  ( 0.0000000000000000000, 1.084202172485504000E-015, -1.000000000000000000 ) ) ;
#2663 = DIRECTION ( 'NONE',  ( -1.447553700753488400E-016, 1.000000000000000000, -0.0000000000000000000 ) ) ;
#2664 = CARTESIAN_POINT ( 'NONE',  ( 3.107117802025520800E-018, 0.3534279700348353400, 0.0000000000000000000 ) ) ;
#2665 = ORIENTED_EDGE ( 'NONE', *, *, #6338, .F. ) ;
#2666 = CARTESIAN_POINT ( 'NONE',  ( 0.04507414848472807900, -0.9255700167423668300, -0.2902958626632081700 ) ) ;
#2667 = SURFACE_STYLE_FILL_AREA ( #3169 ) ;
#2668 = CARTESIAN_POINT ( 'NONE',  ( 4.692985130925385000E-016, -2.867118494305994400, 0.0000000000000000000 ) ) ;
#2669 = COLOUR_RGB ( '',0.1098039215686274500, 0.1098039215686274500, 0.1098039215686274500 ) ;
#2670 = CARTESIAN_POINT ( 'NONE',  ( -0.1242625082684963700, 0.3417635143173591800, -0.3727542676178035600 ) ) ;
#2671 = CARTESIAN_POINT ( 'NONE',  ( -0.1056278067598376100, 0.3423758200226607600, 0.3953877045703835800 ) ) ;
#2672 = CARTESIAN_POINT ( 'NONE',  ( -0.8262454205064520000, 1.345000000000000000, 1.011858809533385200E-016 ) ) ;
#2673 = EDGE_CURVE ( 'NONE', #6561, #1820, #1649, .T. ) ;
#2674 = CARTESIAN_POINT ( 'NONE',  ( -1.404282583519468200E-016, 1.345000000000000200, 0.0000000000000000000 ) ) ;
#2675 = CARTESIAN_POINT ( 'NONE',  ( -0.08236932726069898200, 0.3780257385006327600, -0.4037034899884546800 ) ) ;
#2676 = ORIENTED_EDGE ( 'NONE', *, *, #3752, .T. ) ;
#2677 =( GEOMETRIC_REPRESENTATION_CONTEXT ( 3 ) GLOBAL_UNCERTAINTY_ASSIGNED_CONTEXT ( ( #4563 ) ) GLOBAL_UNIT_ASSIGNED_CONTEXT ( ( #3670, #8199, #4310 ) ) REPRESENTATION_CONTEXT ( 'NONE', 'WORKASPACE' ) );
#2678 =( LENGTH_UNIT ( ) NAMED_UNIT ( * ) SI_UNIT ( .MILLI., .METRE. ) );
#2679 = CARTESIAN_POINT ( 'NONE',  ( -1.404282583519467900E-016, 1.345000000000000200, 0.0000000000000000000 ) ) ;
#2680 = CARTESIAN_POINT ( 'NONE',  ( -0.1250000000000000600, 0.2666198487095667900, 0.4125529277810837100 ) ) ;
#2681 = ORIENTED_EDGE ( 'NONE', *, *, #682, .F. ) ;
#2682 = SURFACE_STYLE_FILL_AREA ( #3021 ) ;
#2683 = EDGE_CURVE ( 'NONE', #3125, #8083, #3142, .T. ) ;
#2684 = DIRECTION ( 'NONE',  ( 1.447553700753488400E-016, -1.000000000000000000, 0.0000000000000000000 ) ) ;
#2685 = PRESENTATION_LAYER_ASSIGNMENT (  '', '', ( #2256 ) ) ;
#2686 = CARTESIAN_POINT ( 'NONE',  ( 0.09289585452495936800, -0.2122519574548088800, -0.3303541405802731800 ) ) ;
#2687 = ADVANCED_FACE ( 'NONE', ( #8064 ), #879, .T. ) ;
#2688 = ADVANCED_FACE ( 'NONE', ( #2349 ), #5441, .T. ) ;
#2689 = CARTESIAN_POINT ( 'NONE',  ( 5.354393754902066400E-017, 0.005000000000000013100, 0.0000000000000000000 ) ) ;
#2690 =( NAMED_UNIT ( * ) SI_UNIT ( $, .STERADIAN. ) SOLID_ANGLE_UNIT ( ) );
#2691 = EDGE_LOOP ( 'NONE', ( #1068, #2745, #840, #2951 ) ) ;
#2692 = UNCERTAINTY_MEASURE_WITH_UNIT (LENGTH_MEASURE( 1.000000000000000100E-005 ), #3837, 'distance_accuracy_value', 'NONE');
#2693 = CARTESIAN_POINT ( 'NONE',  ( -0.02599580452282047200, -1.223263009264965000, -0.2824260837758190700 ) ) ;
#2694 = UNCERTAINTY_MEASURE_WITH_UNIT (LENGTH_MEASURE( 1.000000000000000100E-005 ), #3972, 'distance_accuracy_value', 'NONE');
#2695 = FILL_AREA_STYLE_COLOUR ( '', #6291 ) ;
#2696 = MECHANICAL_DESIGN_GEOMETRIC_PRESENTATION_REPRESENTATION (  '', ( #1837 ), #3110 ) ;
#2697 = DIRECTION ( 'NONE',  ( -1.000000000000000000, 0.0000000000000000000, 0.0000000000000000000 ) ) ;
#2698 = VERTEX_POINT ( 'NONE', #4413 ) ;
#2699 = MECHANICAL_DESIGN_GEOMETRIC_PRESENTATION_REPRESENTATION (  '', ( #1840 ), #3111 ) ;
#2700 = EDGE_CURVE ( 'NONE', #2379, #268, #3963, .T. ) ;
#2701 = CARTESIAN_POINT ( 'NONE',  ( -1.742557280900009200, -1.294999999999999900, 0.3987213595499951000 ) ) ;
#2702 = AXIS2_PLACEMENT_3D ( 'NONE', #4146, #334, #4819 ) ;
#2703 = DIRECTION ( 'NONE',  ( -0.06667680617038809800, 0.9945644753231797100, -0.07997317015127562700 ) ) ;
#2704 =( LENGTH_UNIT ( ) NAMED_UNIT ( * ) SI_UNIT ( .MILLI., .METRE. ) );
#2705 = DIRECTION ( 'NONE',  ( 1.000000000000000000, 0.0000000000000000000, 0.0000000000000000000 ) ) ;
#2706 =( NAMED_UNIT ( * ) PLANE_ANGLE_UNIT ( ) SI_UNIT ( $, .RADIAN. ) );
#2707 = VERTEX_POINT ( 'NONE', #1287 ) ;
#2708 = CARTESIAN_POINT ( 'NONE',  ( -0.02440953029200156700, -1.233807563365118700, -0.2991301420162078000 ) ) ;
#2709 = DIRECTION ( 'NONE',  ( -1.084202172485503800E-015, -1.000000000000000000, 0.0000000000000000000 ) ) ;
#2710 = SURFACE_SIDE_STYLE ('',( #3625 ) ) ;
#2711 = CARTESIAN_POINT ( 'NONE',  ( -0.1518986748799410500, 0.2634659119465302400, -0.4083876577056684300 ) ) ;
#2712 = CONICAL_SURFACE ( 'NONE', #5764, 0.5316896815425914400, 0.6040459290663094900 ) ;
#2713 = EDGE_CURVE ( 'NONE', #6408, #970, #7467, .T. ) ;
#2714 = PRESENTATION_STYLE_ASSIGNMENT (( #2467 ) ) ;
#2715 = PRESENTATION_LAYER_ASSIGNMENT (  '', '', ( #2277 ) ) ;
#2716 = ORIENTED_EDGE ( 'NONE', *, *, #2946, .T. ) ;
#2717 = AXIS2_PLACEMENT_3D ( 'NONE', #3439, #7938, #4078 ) ;
#2718 = VERTEX_POINT ( 'NONE', #2573 ) ;
#2719 = SURFACE_STYLE_FILL_AREA ( #6021 ) ;
#2720 = DIRECTION ( 'NONE',  ( 1.000000000000000000, 0.0000000000000000000, -1.224646799147353200E-016 ) ) ;
#2721 = FACE_OUTER_BOUND ( 'NONE', #1703, .T. ) ;
#2722 = CARTESIAN_POINT ( 'NONE',  ( -0.04910263791519507000, -1.205704460288448600, -0.2977276446913765300 ) ) ;
#2723 = ORIENTED_EDGE ( 'NONE', *, *, #6361, .F. ) ;
#2724 =( NAMED_UNIT ( * ) SI_UNIT ( $, .STERADIAN. ) SOLID_ANGLE_UNIT ( ) );
#2725 = CIRCLE ( 'NONE', #4161, 0.1000000000000000500 ) ;
#2726 = CARTESIAN_POINT ( 'NONE',  ( 0.1259123125717990800, 0.2802280841127959800, -0.4487820184343875900 ) ) ;
#2727 = CARTESIAN_POINT ( 'NONE',  ( -0.04172558206671474200, 0.3938666303521600700, -0.4113645716367095900 ) ) ;
#2728 = DIRECTION ( 'NONE',  ( 1.000000000000000000, 1.447553700753488400E-016, 0.0000000000000000000 ) ) ;
#2729 = CIRCLE ( 'NONE', #7137, 0.8999999999999993600 ) ;
#2730 = DIRECTION ( 'NONE',  ( 0.0000000000000000000, -1.000000000000000000, 0.0000000000000000000 ) ) ;
#2731 = ADVANCED_FACE ( 'NONE', ( #672 ), #691, .T. ) ;
#2732 = ADVANCED_FACE ( 'NONE', ( #7274 ), #91, .T. ) ;
#2733 = DIRECTION ( 'NONE',  ( -0.7087319363897502900, 0.7054778822480793900, 0.0000000000000000000 ) ) ;
#2734 = CYLINDRICAL_SURFACE ( 'NONE', #5338, 0.1000000000000000300 ) ;
#2735 =( NAMED_UNIT ( * ) SI_UNIT ( $, .STERADIAN. ) SOLID_ANGLE_UNIT ( ) );
#2736 = EDGE_CURVE ( 'NONE', #4471, #1984, #4931, .T. ) ;
#2737 = CARTESIAN_POINT ( 'NONE',  ( 1.370000000000000100, -1.395000000000000000, 0.6700000000000002600 ) ) ;
#2738 = CARTESIAN_POINT ( 'NONE',  ( 0.5999999999999994200, 0.6450000000000000200, 7.347880794884112800E-017 ) ) ;
#2739 = CARTESIAN_POINT ( 'NONE',  ( 0.1180253205482357800, 0.3525217918726916700, 0.3757417101686159100 ) ) ;
#2740 = PRESENTATION_STYLE_ASSIGNMENT (( #3850 ) ) ;
#2741 = AXIS2_PLACEMENT_3D ( 'NONE', #3063, #7571, #3704 ) ;
#2742 = VERTEX_POINT ( 'NONE', #7759 ) ;
#2743 = ORIENTED_EDGE ( 'NONE', *, *, #6040, .F. ) ;
#2744 = SURFACE_STYLE_USAGE ( .BOTH. , #6583 ) ;
#2745 = ORIENTED_EDGE ( 'NONE', *, *, #5665, .T. ) ;
#2746 = DIRECTION ( 'NONE',  ( 1.447553700753488400E-016, -1.000000000000000000, 0.0000000000000000000 ) ) ;
#2747 = CARTESIAN_POINT ( 'NONE',  ( -0.9581966011250113700, 1.294999999999999900, 1.270000000000000000 ) ) ;
#2748 = STYLED_ITEM ( 'NONE', ( #935 ), #526 ) ;
#2749 = AXIS2_PLACEMENT_3D ( 'NONE', #7859, #1449, #5301 ) ;
#2750 = VERTEX_POINT ( 'NONE', #7076 ) ;
#2751 = MECHANICAL_DESIGN_GEOMETRIC_PRESENTATION_REPRESENTATION (  '', ( #1889 ), #3159 ) ;
#2752 = UNCERTAINTY_MEASURE_WITH_UNIT (LENGTH_MEASURE( 1.000000000000000100E-005 ), #1843, 'distance_accuracy_value', 'NONE');
#2753 =( NAMED_UNIT ( * ) SI_UNIT ( $, .STERADIAN. ) SOLID_ANGLE_UNIT ( ) );
#2754 = SURFACE_STYLE_USAGE ( .BOTH. , #6593 ) ;
#2755 = DIRECTION ( 'NONE',  ( 1.000000000000000000, 0.0000000000000000000, -8.881784197001252300E-016 ) ) ;
#2756 = DIRECTION ( 'NONE',  ( 0.0000000000000000000, 0.0000000000000000000, -1.000000000000000000 ) ) ;
#2757 = ORIENTED_EDGE ( 'NONE', *, *, #7997, .F. ) ;
#2758 = SURFACE_SIDE_STYLE ('',( #4861 ) ) ;
#2759 = AXIS2_PLACEMENT_3D ( 'NONE', #1190, #5663, #1842 ) ;
#2760 = SURFACE_SIDE_STYLE ('',( #5199 ) ) ;
#2761 = EDGE_CURVE ( 'NONE', #602, #1383, #3249, .T. ) ;
#2762 = STYLED_ITEM ( 'NONE', ( #6914 ), #7609 ) ;
#2763 = DIRECTION ( 'NONE',  ( 1.224646799147353200E-016, 1.772742006221665100E-032, 1.000000000000000000 ) ) ;
#2764 = CARTESIAN_POINT ( 'NONE',  ( 0.05417766874533048300, 0.3886947337638642100, 0.4093410540207056400 ) ) ;
#2765 = LINE ( 'NONE', #4401, #5961 ) ;
#2766 = CARTESIAN_POINT ( 'NONE',  ( 0.02599580452282080800, -1.223263009264965000, 0.2824260837758190700 ) ) ;
#2767 = ORIENTED_EDGE ( 'NONE', *, *, #86, .F. ) ;
#2768 = COLOUR_RGB ( '',1.000000000000000000, 0.8117647058823529400, 0.5019607843137254800 ) ;
#2769 = COLOUR_RGB ( '',0.1098039215686274500, 0.1098039215686274500, 0.1098039215686274500 ) ;
#2770 = CARTESIAN_POINT ( 'NONE',  ( 0.1274222360536740600, 0.3525217918728547600, -0.4251583462475507200 ) ) ;
#2771 = ORIENTED_EDGE ( 'NONE', *, *, #7742, .T. ) ;
#2772 = CARTESIAN_POINT ( 'NONE',  ( -7.620000000000000100, 0.0000000000000000000, 0.0000000000000000000 ) ) ;
#2773 = DIRECTION ( 'NONE',  ( 0.4472135954999579800, 0.0000000000000000000, -0.8944271909999159700 ) ) ;
#2774 = EDGE_LOOP ( 'NONE', ( #6528, #6979, #1341 ) ) ;
#2775 = SURFACE_STYLE_FILL_AREA ( #7542 ) ;
#2776 = FILL_AREA_STYLE ('',( #5944 ) ) ;
#2777 = EDGE_CURVE ( 'NONE', #7095, #6158, #6663, .T. ) ;
#2778 = CARTESIAN_POINT ( 'NONE',  ( 4.692985130925385000E-016, -2.867118494305994400, 0.0000000000000000000 ) ) ;
#2779 = AXIS2_PLACEMENT_3D ( 'NONE', #6585, #2746, #7236 ) ;
#2780 = CIRCLE ( 'NONE', #1786, 0.1000000000000000500 ) ;
#2781 = ORIENTED_EDGE ( 'NONE', *, *, #2568, .T. ) ;
#2782 = DIRECTION ( 'NONE',  ( -3.252606517456511700E-015, 0.0000000000000000000, 1.000000000000000000 ) ) ;
#2783 = CARTESIAN_POINT ( 'NONE',  ( -2.820656663360261100E-017, 1.365000000000000000, -0.9399999999999991700 ) ) ;
#2784 = SURFACE_STYLE_USAGE ( .BOTH. , #6630 ) ;
#2785 = ORIENTED_EDGE ( 'NONE', *, *, #1235, .T. ) ;
#2786 = STYLED_ITEM ( 'NONE', ( #5009 ), #80 ) ;
#2787 = UNCERTAINTY_MEASURE_WITH_UNIT (LENGTH_MEASURE( 1.000000000000000100E-005 ), #4314, 'distance_accuracy_value', 'NONE');
#2788 = PRESENTATION_LAYER_ASSIGNMENT (  '', '', ( #2360 ) ) ;
#2789 = UNCERTAINTY_MEASURE_WITH_UNIT (LENGTH_MEASURE( 1.000000000000000100E-005 ), #1798, 'distance_accuracy_value', 'NONE');
#2790 = DIRECTION ( 'NONE',  ( 1.447553700753488400E-016, -1.000000000000000000, 0.0000000000000000000 ) ) ;
#2791 =( NAMED_UNIT ( * ) SI_UNIT ( $, .STERADIAN. ) SOLID_ANGLE_UNIT ( ) );
#2792 =( NAMED_UNIT ( * ) PLANE_ANGLE_UNIT ( ) SI_UNIT ( $, .RADIAN. ) );
#2793 = COLOUR_RGB ( '',1.000000000000000000, 0.8117647058823529400, 0.5019607843137254800 ) ;
#2794 = ORIENTED_EDGE ( 'NONE', *, *, #61, .F. ) ;
#2795 = CARTESIAN_POINT ( 'NONE',  ( 0.02835339474166116000, -1.174980098427801200, 0.2616015655475023000 ) ) ;
#2796 = UNCERTAINTY_MEASURE_WITH_UNIT (LENGTH_MEASURE( 1.000000000000000100E-005 ), #2848, 'distance_accuracy_value', 'NONE');
#2797 = DIRECTION ( 'NONE',  ( 0.0000000000000000000, 0.0000000000000000000, 1.000000000000000000 ) ) ;
#2798 = CARTESIAN_POINT ( 'NONE',  ( 0.04564656084610413400, -1.160862816988803800, -0.2487642354411918900 ) ) ;
#2799 = MECHANICAL_DESIGN_GEOMETRIC_PRESENTATION_REPRESENTATION (  '', ( #1532 ), #3226 ) ;
#2800 = FACE_OUTER_BOUND ( 'NONE', #6881, .T. ) ;
#2801 =( GEOMETRIC_REPRESENTATION_CONTEXT ( 3 ) GLOBAL_UNCERTAINTY_ASSIGNED_CONTEXT ( ( #4242 ) ) GLOBAL_UNIT_ASSIGNED_CONTEXT ( ( #6232, #2421, #6893 ) ) REPRESENTATION_CONTEXT ( 'NONE', 'WORKASPACE' ) );
#2802 = EDGE_CURVE ( 'NONE', #1107, #6408, #8175, .T. ) ;
#2803 = ORIENTED_EDGE ( 'NONE', *, *, #975, .T. ) ;
#2804 = CARTESIAN_POINT ( 'NONE',  ( 0.04784238332213600800, -1.168868921937331400, -0.2301144326776774500 ) ) ;
#2805 = VERTEX_POINT ( 'NONE', #1375 ) ;
#2806 = MECHANICAL_DESIGN_GEOMETRIC_PRESENTATION_REPRESENTATION (  '', ( #1536 ), #3233 ) ;
#2807 = PRESENTATION_STYLE_ASSIGNMENT (( #996 ) ) ;
#2808 = CARTESIAN_POINT ( 'NONE',  ( 1.270000000000000000, 1.294999999999999900, -0.6700000000000002600 ) ) ;
#2809 = FACE_OUTER_BOUND ( 'NONE', #2217, .T. ) ;
#2810 = CARTESIAN_POINT ( 'NONE',  ( -0.1049532641402277800, 0.3434097392605841000, -0.3956287701370955200 ) ) ;
#2811 = ORIENTED_EDGE ( 'NONE', *, *, #3971, .F. ) ;
#2812 = DIRECTION ( 'NONE',  ( 0.0000000000000000000, 0.0000000000000000000, -1.000000000000000000 ) ) ;
#2813 = ORIENTED_EDGE ( 'NONE', *, *, #2431, .F. ) ;
#2814 = LINE ( 'NONE', #4546, #4284 ) ;
#2815 = AXIS2_PLACEMENT_3D ( 'NONE', #7018, #1281, #5759 ) ;
#2816 = AXIS2_PLACEMENT_3D ( 'NONE', #1524, #5986, #2163 ) ;
#2817 = CARTESIAN_POINT ( 'NONE',  ( 0.04871562132026886800, -1.157692601890377300, 0.1101532950305009600 ) ) ;
#2818 = APPLICATION_PROTOCOL_DEFINITION ( 'draft international standard', 'automotive_design', 1998, #4704 ) ;
#2819 = SURFACE_STYLE_FILL_AREA ( #1025 ) ;
#2820 = DIRECTION ( 'NONE',  ( 1.000000000000000000, 0.0000000000000000000, -1.224646799147355700E-016 ) ) ;
#2821 = DIRECTION ( 'NONE',  ( -1.000000000000000000, 0.0000000000000000000, 0.0000000000000000000 ) ) ;
#2822 = EDGE_CURVE ( 'NONE', #7398, #2208, #1011, .T. ) ;
#2823 = FILL_AREA_STYLE ('',( #5347 ) ) ;
#2824 = PRESENTATION_LAYER_ASSIGNMENT (  '', '', ( #2404 ) ) ;
#2825 =( NAMED_UNIT ( * ) PLANE_ANGLE_UNIT ( ) SI_UNIT ( $, .RADIAN. ) );
#2826 = EDGE_LOOP ( 'NONE', ( #3827, #2716, #2874, #1646, #337 ) ) ;
#2827 = CARTESIAN_POINT ( 'NONE',  ( 0.02994456013349155300, -1.151245959617462000, -0.2721492054816754300 ) ) ;
#2828 = CARTESIAN_POINT ( 'NONE',  ( -0.1170680565608260300, -0.2423166182148785400, 0.3717848444710319900 ) ) ;
#2829 = FACE_OUTER_BOUND ( 'NONE', #8111, .T. ) ;
#2830 =( LENGTH_UNIT ( ) NAMED_UNIT ( * ) SI_UNIT ( .MILLI., .METRE. ) );
#2831 = DIRECTION ( 'NONE',  ( 1.000000000000000000, 0.0000000000000000000, -1.224646799147355700E-016 ) ) ;
#2832 = EDGE_LOOP ( 'NONE', ( #1636, #521, #4246, #6039, #4895 ) ) ;
#2833 = ORIENTED_EDGE ( 'NONE', *, *, #3722, .T. ) ;
#2834 = EDGE_CURVE ( 'NONE', #5049, #1431, #6457, .T. ) ;
#2835 = UNCERTAINTY_MEASURE_WITH_UNIT (LENGTH_MEASURE( 1.000000000000000100E-005 ), #6943, 'distance_accuracy_value', 'NONE');
#2836 = SURFACE_STYLE_USAGE ( .BOTH. , #6678 ) ;
#2837 = AXIS2_PLACEMENT_3D ( 'NONE', #6878, #3027, #7538 ) ;
#2838 = DIRECTION ( 'NONE',  ( -1.000000000000000000, -1.204669080539450300E-016, 0.0000000000000000000 ) ) ;
#2839 = EDGE_LOOP ( 'NONE', ( #2272, #4917, #5487, #816 ) ) ;
#2840 = DIRECTION ( 'NONE',  ( 1.000000000000000000, 1.221382022286320500E-016, 0.0000000000000000000 ) ) ;
#2841 = FILL_AREA_STYLE_COLOUR ( '', #4623 ) ;
#2842 = B_SPLINE_CURVE_WITH_KNOTS ( 'NONE', 3,
 ( #1246, #3162, #20, #4428, #648, #5083, #1274, #5750, #1918, #6385, #2560, #7036, #3196, #7686, #3830, #53, #4455, #679, #5113, #1301, #5783, #1945 ),
 .UNSPECIFIED., .F., .F.,
 ( 4, 3, 3, 3, 3, 3, 3, 4 ),
 ( 1.096781372371003600E-016, 1.708551814551661500E-005, 6.419123601110015800E-005, 0.0001089830307316244200, 0.0001589731287818129800, 0.0001864724459193047100, 0.0002354920738453583900, 0.0002826677241045258100 ),
 .UNSPECIFIED. ) ;
#2843 = PRESENTATION_LAYER_ASSIGNMENT (  '', '', ( #2428 ) ) ;
#2844 = FILL_AREA_STYLE_COLOUR ( '', #1331 ) ;
#2845 = AXIS2_PLACEMENT_3D ( 'NONE', #2617, #7087, #3251 ) ;
#2846 = EDGE_CURVE ( 'NONE', #170, #4099, #4733, .T. ) ;
#2847 = FACE_OUTER_BOUND ( 'NONE', #4238, .T. ) ;
#2848 =( LENGTH_UNIT ( ) NAMED_UNIT ( * ) SI_UNIT ( .MILLI., .METRE. ) );
#2849 = VERTEX_POINT ( 'NONE', #5244 ) ;
#2850 = CIRCLE ( 'NONE', #7448, 0.5999999999999998700 ) ;
#2851 = DIRECTION ( 'NONE',  ( 0.0000000000000000000, 1.000000000000000000, 0.0000000000000000000 ) ) ;
#2852 = VERTEX_POINT ( 'NONE', #3354 ) ;
#2853 =( NAMED_UNIT ( * ) PLANE_ANGLE_UNIT ( ) SI_UNIT ( $, .RADIAN. ) );
#2854 = DIRECTION ( 'NONE',  ( 0.5679770921753946000, 0.8230443625734783500, 6.955713279216183600E-017 ) ) ;
#2855 = CARTESIAN_POINT ( 'NONE',  ( -0.1250000000000000600, 0.2666198487095667900, 0.3897197719169305200 ) ) ;
#2856 = EDGE_CURVE ( 'NONE', #2314, #7878, #7839, .T. ) ;
#2857 = CARTESIAN_POINT ( 'NONE',  ( -0.1069241233671461400, 0.3402872455622190100, -0.3947430299118230300 ) ) ;
#2858 = LINE ( 'NONE', #7745, #1164 ) ;
#2859 = AXIS2_PLACEMENT_3D ( 'NONE', #3417, #7909, #4047 ) ;
#2860 = SURFACE_SIDE_STYLE ('',( #1616 ) ) ;
#2861 = CARTESIAN_POINT ( 'NONE',  ( 0.1275048113289540500, 0.2953189103001745400, -0.4206693207026578900 ) ) ;
#2862 = DIRECTION ( 'NONE',  ( 1.447553700753488400E-016, -1.000000000000000000, 0.0000000000000000000 ) ) ;
#2863 = AXIS2_PLACEMENT_3D ( 'NONE', #802, #5224, #1421 ) ;
#2864 = ORIENTED_EDGE ( 'NONE', *, *, #8122, .T. ) ;
#2865 = VECTOR ( 'NONE', #5646, 1000.000000000000000 ) ;
#2866 = PRODUCT_DEFINITION_SHAPE ( 'NONE', 'NONE',  #8292 ) ;
#2867 = DIRECTION ( 'NONE',  ( -0.8944271909999167400, 0.0000000000000000000, -0.4472135954999562100 ) ) ;
#2868 = CARTESIAN_POINT ( 'NONE',  ( -0.04570075268138970600, -1.164291846224488700, 0.2456619644951617300 ) ) ;
#2869 = PRESENTATION_STYLE_ASSIGNMENT (( #3647 ) ) ;
#2870 = ORIENTED_EDGE ( 'NONE', *, *, #1506, .T. ) ;
#2871 = FILL_AREA_STYLE ('',( #2844 ) ) ;
#2872 = DIRECTION ( 'NONE',  ( -1.447553700753488400E-016, 1.000000000000000000, -0.0000000000000000000 ) ) ;
#2873 = PRESENTATION_STYLE_ASSIGNMENT (( #5629 ) ) ;
#2874 = ORIENTED_EDGE ( 'NONE', *, *, #2901, .T. ) ;
#2875 = CARTESIAN_POINT ( 'NONE',  ( 0.04784238332212933900, -1.168868921937331400, -0.2301144326776780900 ) ) ;
#2876 = DIRECTION ( 'NONE',  ( 0.8944271909999159700, 0.0000000000000000000, 0.4472135954999579800 ) ) ;
#2877 = EDGE_CURVE ( 'NONE', #1800, #970, #1561, .T. ) ;
#2878 = PRESENTATION_LAYER_ASSIGNMENT (  '', '', ( #2464 ) ) ;
#2879 = DIRECTION ( 'NONE',  ( -1.447553700753488400E-016, 1.000000000000000000, -0.0000000000000000000 ) ) ;
#2880 = CARTESIAN_POINT ( 'NONE',  ( -0.1173054636424955800, 0.3531302211207089100, 0.3760259815223160900 ) ) ;
#2881 = SURFACE_SIDE_STYLE ('',( #4774 ) ) ;
#2882 = CARTESIAN_POINT ( 'NONE',  ( -0.1049138835530639700, 0.3435813115014999000, -0.3790057711047750100 ) ) ;
#2883 = FACE_OUTER_BOUND ( 'NONE', #5866, .T. ) ;
#2884 = ORIENTED_EDGE ( 'NONE', *, *, #5101, .F. ) ;
#2885 = FILL_AREA_STYLE_COLOUR ( '', #846 ) ;
#2886 = CARTESIAN_POINT ( 'NONE',  ( -0.04199001049161241200, 0.4185481536460198300, -0.4498844407765864600 ) ) ;
#2887 =( BOUNDED_SURFACE ( )  B_SPLINE_SURFACE ( 3, 2, ( 
 ( #3953, #7201, #3987 ),
 ( #197, #4612, #835 ),
 ( #5266, #1458, #5934 ),
 ( #2099, #6577, #2739 ) ),
 .UNSPECIFIED., .F., .F., .T. ) 
 B_SPLINE_SURFACE_WITH_KNOTS ( ( 4, 4 ),
 ( 3, 3 ),
 ( -2.940898392866930800E-018, 9.021693963422296000E-005 ),
 ( 0.0000000000000000000, 1.000000000000000000 ),
 .UNSPECIFIED. ) 
 GEOMETRIC_REPRESENTATION_ITEM ( )  RATIONAL_B_SPLINE_SURFACE ( (
 ( 1.000000000000000000, 0.8248820918441172000, 1.000000000000000000),
 ( 1.000000000000000000, 0.8217586088670806300, 1.000000000000000000),
 ( 1.000000000000000000, 0.8028896973709386300, 1.000000000000000000),
 ( 1.000000000000000000, 0.7770244616205874700, 1.000000000000000000) ) ) 
 REPRESENTATION_ITEM ( '' )  SURFACE ( )  );
#2888 = DIRECTION ( 'NONE',  ( 1.000000000000000000, 0.0000000000000000000, 0.0000000000000000000 ) ) ;
#2889 = AXIS2_PLACEMENT_3D ( 'NONE', #3065, #7574, #3706 ) ;
#2890 = AXIS2_PLACEMENT_3D ( 'NONE', #3919, #133, #4540 ) ;
#2891 = ORIENTED_EDGE ( 'NONE', *, *, #4608, .F. ) ;
#2892 = AXIS2_PLACEMENT_3D ( 'NONE', #8080, #7445, #1723 ) ;
#2893 =( NAMED_UNIT ( * ) PLANE_ANGLE_UNIT ( ) SI_UNIT ( $, .RADIAN. ) );
#2894 = SURFACE_STYLE_FILL_AREA ( #46 ) ;
#2895 = LINE ( 'NONE', #8192, #7824 ) ;
#2896 = DIRECTION ( 'NONE',  ( 1.447553700753488400E-016, -1.000000000000000000, 0.0000000000000000000 ) ) ;
#2897 = ORIENTED_EDGE ( 'NONE', *, *, #3668, .F. ) ;
#2898 = ORIENTED_EDGE ( 'NONE', *, *, #1142, .F. ) ;
#2899 = CIRCLE ( 'NONE', #7468, 0.1000000000000000500 ) ;
#2900 = AXIS2_PLACEMENT_3D ( 'NONE', #2340, #6818, #2968 ) ;
#2901 = EDGE_CURVE ( 'NONE', #150, #3125, #7965, .T. ) ;
#2902 = SURFACE_SIDE_STYLE ('',( #7268 ) ) ;
#2903 = AXIS2_PLACEMENT_3D ( 'NONE', #1591, #4772, #976 ) ;
#2904 = ORIENTED_EDGE ( 'NONE', *, *, #6554, .T. ) ;
#2905 = DIRECTION ( 'NONE',  ( 1.447553700753488400E-016, -1.000000000000000000, 0.0000000000000000000 ) ) ;
#2906 = CONICAL_SURFACE ( 'NONE', #794, 0.2549525735447551500, 0.09093103908173244500 ) ;
#2907 = CARTESIAN_POINT ( 'NONE',  ( -0.04978749811896327600, -1.205082627581610000, 0.2976813273944591800 ) ) ;
#2908 = CARTESIAN_POINT ( 'NONE',  ( -0.8499999999999993100, 0.7449999999999998800, 0.0000000000000000000 ) ) ;
#2909 = CARTESIAN_POINT ( 'NONE',  ( -0.1158231730574851600, 0.3543379074933770100, -0.3765128058188850800 ) ) ;
#2910 = FACE_OUTER_BOUND ( 'NONE', #3615, .T. ) ;
#2911 =( NAMED_UNIT ( * ) PLANE_ANGLE_UNIT ( ) SI_UNIT ( $, .RADIAN. ) );
#2912 = CARTESIAN_POINT ( 'NONE',  ( -0.8499999999999994200, 1.395000000000000000, 1.071565949253933200E-016 ) ) ;
#2913 = DIRECTION ( 'NONE',  ( 1.000000000000000000, -0.0000000000000000000, 1.224646799147353200E-016 ) ) ;
#2914 = CARTESIAN_POINT ( 'NONE',  ( 0.02453759532067832000, -1.231897319978126200, 0.2755977471162223100 ) ) ;
#2915 = SURFACE_SIDE_STYLE ('',( #665 ) ) ;
#2916 = COLOUR_RGB ( '',1.000000000000000000, 0.8117647058823529400, 0.5019607843137254800 ) ;
#2917 = ORIENTED_EDGE ( 'NONE', *, *, #5786, .T. ) ;
#2918 = ORIENTED_EDGE ( 'NONE', *, *, #147, .T. ) ;
#2919 = EDGE_CURVE ( 'NONE', #1976, #4680, #3035, .T. ) ;
#2920 = MECHANICAL_DESIGN_GEOMETRIC_PRESENTATION_REPRESENTATION (  '', ( #2093 ), #3369 ) ;
#2921 = SURFACE_STYLE_USAGE ( .BOTH. , #6780 ) ;
#2922 = VECTOR ( 'NONE', #7902, 1000.000000000000000 ) ;
#2923 = EDGE_LOOP ( 'NONE', ( #4583, #213, #1141, #40 ) ) ;
#2924 = B_SPLINE_CURVE_WITH_KNOTS ( 'NONE', 3,
 ( #4065, #7928, #5344, #1549, #6006, #2184, #6661, #2817, #7312, #3452 ),
 .UNSPECIFIED., .F., .F.,
 ( 4, 3, 3, 4 ),
 ( 0.0002307887622134710800, 0.0002308527523914824000, 0.0002808870667705795800, 0.0004615884448658264400 ),
 .UNSPECIFIED. ) ;
#2925 = CARTESIAN_POINT ( 'NONE',  ( -0.02440953029200156700, -1.233807563365118700, 0.2991301420162078000 ) ) ;
#2926 = SURFACE_STYLE_FILL_AREA ( #3500 ) ;
#2927 = CARTESIAN_POINT ( 'NONE',  ( -0.03057919643951924000, -1.220719472394179900, 0.2903075681394132700 ) ) ;
#2928 = EDGE_CURVE ( 'NONE', #390, #5762, #6329, .T. ) ;
#2929 = CARTESIAN_POINT ( 'NONE',  ( 0.1378435408756127900, 0.2670981431876220900, 0.3606053945049981200 ) ) ;
#2930 = FILL_AREA_STYLE ('',( #2311 ) ) ;
#2931 = FACE_OUTER_BOUND ( 'NONE', #4378, .T. ) ;
#2932 = CARTESIAN_POINT ( 'NONE',  ( -0.7850932023777780200, 1.373398854608770100, 0.0000000000000000000 ) ) ;
#2933 = CARTESIAN_POINT ( 'NONE',  ( -0.1528365209495515800, 0.2771113002127192900, 0.4093663275832824000 ) ) ;
#2934 = EDGE_LOOP ( 'NONE', ( #7123, #7593, #7044 ) ) ;
#2935 = PRESENTATION_LAYER_ASSIGNMENT (  '', '', ( #2104 ) ) ;
#2936 = CARTESIAN_POINT ( 'NONE',  ( -1.742557280900009400, 1.395000000000000000, 0.3987213595499950500 ) ) ;
#2937 = CARTESIAN_POINT ( 'NONE',  ( -0.02797092715960448900, -1.180685060796633500, 0.1523851976047146900 ) ) ;
#2938 =( NAMED_UNIT ( * ) SI_UNIT ( $, .STERADIAN. ) SOLID_ANGLE_UNIT ( ) );
#2939 = CARTESIAN_POINT ( 'NONE',  ( -0.1180273429977300300, 0.3525217918726890100, 0.3757410748851473500 ) ) ;
#2940 = CARTESIAN_POINT ( 'NONE',  ( 1.270000000000000000, 1.294999999999999900, 0.6700000000000002600 ) ) ;
#2941 = ORIENTED_EDGE ( 'NONE', *, *, #6826, .T. ) ;
#2942 = CARTESIAN_POINT ( 'NONE',  ( -0.6099999999999995400, 1.395000000000000000, 0.0000000000000000000 ) ) ;
#2943 =( GEOMETRIC_REPRESENTATION_CONTEXT ( 3 ) GLOBAL_UNCERTAINTY_ASSIGNED_CONTEXT ( ( #1922 ) ) GLOBAL_UNIT_ASSIGNED_CONTEXT ( ( #3511, #8020, #4153 ) ) REPRESENTATION_CONTEXT ( 'NONE', 'WORKASPACE' ) );
#2944 = CIRCLE ( 'NONE', #4102, 0.2549999999999999500 ) ;
#2945 = CARTESIAN_POINT ( 'NONE',  ( -0.02749009506091058100, -1.187857247819718200, 0.2329209411667693400 ) ) ;
#2946 = EDGE_CURVE ( 'NONE', #4568, #150, #1150, .T. ) ;
#2947 = PRESENTATION_LAYER_ASSIGNMENT (  '', '', ( #3393 ) ) ;
#2948 = ORIENTED_EDGE ( 'NONE', *, *, #6361, .T. ) ;
#2949 = PRESENTATION_STYLE_ASSIGNMENT (( #3873 ) ) ;
#2950 = FILL_AREA_STYLE_COLOUR ( '', #5602 ) ;
#2951 = ORIENTED_EDGE ( 'NONE', *, *, #4349, .F. ) ;
#2952 = DIRECTION ( 'NONE',  ( 0.0000000000000000000, -0.0000000000000000000, -1.000000000000000000 ) ) ;
#2953 = EDGE_CURVE ( 'NONE', #5756, #5998, #7765, .T. ) ;
#2954 = DIRECTION ( 'NONE',  ( -1.000000000000000000, 0.0000000000000000000, 0.0000000000000000000 ) ) ;
#2955 = STYLED_ITEM ( 'NONE', ( #5553 ), #1892 ) ;
#2956 = AXIS2_PLACEMENT_3D ( 'NONE', #1324, #3213, #764 ) ;
#2957 = CARTESIAN_POINT ( 'NONE',  ( -0.1250000000000000600, 0.2666198487095667900, -0.3897197719169305200 ) ) ;
#2958 =( NAMED_UNIT ( * ) PLANE_ANGLE_UNIT ( ) SI_UNIT ( $, .RADIAN. ) );
#2959 =( NAMED_UNIT ( * ) PLANE_ANGLE_UNIT ( ) SI_UNIT ( $, .RADIAN. ) );
#2960 = CARTESIAN_POINT ( 'NONE',  ( -0.1292149298952348100, 0.3498450372570428000, 0.4243623730428283100 ) ) ;
#2961 = AXIS2_PLACEMENT_3D ( 'NONE', #4793, #6741, #2888 ) ;
#2962 = DIRECTION ( 'NONE',  ( 1.000000000000000000, 1.468190441907455200E-016, 0.0000000000000000000 ) ) ;
#2963 = CARTESIAN_POINT ( 'NONE',  ( -0.5999999999999994200, -0.1550000000000000500, 0.0000000000000000000 ) ) ;
#2964 = CARTESIAN_POINT ( 'NONE',  ( 0.03223724755186212900, -1.219553329243469700, 0.2918992484371495400 ) ) ;
#2965 = LINE ( 'NONE', #3765, #4660 ) ;
#2966 = EDGE_LOOP ( 'NONE', ( #3491, #5169, #787 ) ) ;
#2967 = ADVANCED_FACE ( 'NONE', ( #6043 ), #7166, .T. ) ;
#2968 = DIRECTION ( 'NONE',  ( 1.000000000000000000, 1.694065894508602400E-016, 0.0000000000000000000 ) ) ;
#2969 = DIRECTION ( 'NONE',  ( -0.0000000000000000000, 1.000000000000000000, 0.0000000000000000000 ) ) ;
#2970 = DIRECTION ( 'NONE',  ( -2.168404344971007700E-015, 0.0000000000000000000, 1.000000000000000000 ) ) ;
#2971 = UNCERTAINTY_MEASURE_WITH_UNIT (LENGTH_MEASURE( 1.000000000000000100E-005 ), #4145, 'distance_accuracy_value', 'NONE');
#2972 = AXIS2_PLACEMENT_3D ( 'NONE', #4945, #1136, #5603 ) ;
#2973 = ORIENTED_EDGE ( 'NONE', *, *, #7871, .T. ) ;
#2974 = LINE ( 'NONE', #8140, #1290 ) ;
#2975 = CARTESIAN_POINT ( 'NONE',  ( -0.09859658425270147200, 0.3534876573480841800, 0.4094370692536408200 ) ) ;
#2976 = CARTESIAN_POINT ( 'NONE',  ( 0.04688860007331013100, -1.168710141581216000, 0.2353235380017169900 ) ) ;
#2977 = CONICAL_SURFACE ( 'NONE', #623, 0.3939249933206986400, 0.7876991291777601900 ) ;
#2978 = DIRECTION ( 'NONE',  ( 0.0000000000000000000, 0.0000000000000000000, 1.000000000000000000 ) ) ;
#2979 = FACE_OUTER_BOUND ( 'NONE', #3428, .T. ) ;
#2980 = ORIENTED_EDGE ( 'NONE', *, *, #520, .T. ) ;
#2981 = EDGE_CURVE ( 'NONE', #3416, #6044, #5428, .T. ) ;
#2982 = UNCERTAINTY_MEASURE_WITH_UNIT (LENGTH_MEASURE( 1.000000000000000100E-005 ), #8012, 'distance_accuracy_value', 'NONE');
#2983 =( NAMED_UNIT ( * ) PLANE_ANGLE_UNIT ( ) SI_UNIT ( $, .RADIAN. ) );
#2984 = COLOUR_RGB ( '',1.000000000000000000, 0.8117647058823529400, 0.5019607843137254800 ) ;
#2985 = CARTESIAN_POINT ( 'NONE',  ( -0.1518986748799410500, 0.2634659119465302400, -0.4083876577056684300 ) ) ;
#2986 = CARTESIAN_POINT ( 'NONE',  ( 2.237306602527612600E-016, -1.170685037557874600, 0.0000000000000000000 ) ) ;
#2987 = CYLINDRICAL_SURFACE ( 'NONE', #6998, 0.6099999999999994300 ) ;
#2988 = FACE_OUTER_BOUND ( 'NONE', #1451, .T. ) ;
#2989 = CARTESIAN_POINT ( 'NONE',  ( -0.07861333816322120500, 0.3725457323139137500, -0.4171602865980707500 ) ) ;
#2990 = ORIENTED_EDGE ( 'NONE', *, *, #3390, .T. ) ;
#2991 =( NAMED_UNIT ( * ) PLANE_ANGLE_UNIT ( ) SI_UNIT ( $, .RADIAN. ) );
#2992 = CARTESIAN_POINT ( 'NONE',  ( -0.2350352011263654700, -1.168868921937331600, 0.0000000000000000000 ) ) ;
#2993 = CARTESIAN_POINT ( 'NONE',  ( 0.02916781694144713100, -1.162832015243486600, 0.2549952596572531100 ) ) ;
#2994 = ORIENTED_EDGE ( 'NONE', *, *, #6040, .T. ) ;
#2995 = VECTOR ( 'NONE', #5385, 1000.000000000000000 ) ;
#2996 = FILL_AREA_STYLE ('',( #5933 ) ) ;
#2997 = STYLED_ITEM ( 'NONE', ( #424 ), #650 ) ;
#2998 = EDGE_LOOP ( 'NONE', ( #2918, #3483, #4068, #7365, #6206 ) ) ;
#2999 = FILL_AREA_STYLE_COLOUR ( '', #7798 ) ;
#3000 = ORIENTED_EDGE ( 'NONE', *, *, #5151, .F. ) ;
#3001 = DIRECTION ( 'NONE',  ( 1.447553700753488400E-016, -1.000000000000000000, 0.0000000000000000000 ) ) ;
#3002 = CARTESIAN_POINT ( 'NONE',  ( -0.04602336279310921500, -1.166624008986304900, -0.2418756372060026400 ) ) ;
#3003 = PRESENTATION_STYLE_ASSIGNMENT (( #1790 ) ) ;
#3004 = AXIS2_PLACEMENT_3D ( 'NONE', #6281, #5012, #1199 ) ;
#3005 = ADVANCED_FACE ( 'NONE', ( #6953 ), #7870, .T. ) ;
#3006 = EDGE_CURVE ( 'NONE', #2379, #4354, #1247, .T. ) ;
#3007 = DIRECTION ( 'NONE',  ( 0.3162277660168375000, 0.9486832980505139900, 3.872673214540382400E-017 ) ) ;
#3008 = PRESENTATION_LAYER_ASSIGNMENT (  '', '', ( #2176 ) ) ;
#3009 = STYLED_ITEM ( 'NONE', ( #3964 ), #5662 ) ;
#3010 = CIRCLE ( 'NONE', #6001, 0.02999999999999997100 ) ;
#3011 = CARTESIAN_POINT ( 'NONE',  ( 0.1180253205482358100, 0.3525217918726917300, -0.3757417101686158500 ) ) ;
#3012 = CARTESIAN_POINT ( 'NONE',  ( -0.1125498719765960100, 0.3310686504734413100, 0.3916612964520270200 ) ) ;
#3013 = EDGE_LOOP ( 'NONE', ( #52, #491, #2051, #931 ) ) ;
#3014 = CARTESIAN_POINT ( 'NONE',  ( 0.08502834873797340800, 0.3681057958583395800, -0.4152054265854892600 ) ) ;
#3015 = DIRECTION ( 'NONE',  ( 1.000000000000000000, 0.0000000000000000000, 0.0000000000000000000 ) ) ;
#3016 = SURFACE_SIDE_STYLE ('',( #4672 ) ) ;
#3017 = CARTESIAN_POINT ( 'NONE',  ( -0.5999999999999999800, 1.395000000000000000, 0.0000000000000000000 ) ) ;
#3018 = FILL_AREA_STYLE ('',( #1745 ) ) ;
#3019 = ORIENTED_EDGE ( 'NONE', *, *, #2118, .F. ) ;
#3020 = ORIENTED_EDGE ( 'NONE', *, *, #395, .T. ) ;
#3021 = FILL_AREA_STYLE ('',( #2999 ) ) ;
#3022 = SURFACE_STYLE_USAGE ( .BOTH. , #6872 ) ;
#3023 = DIRECTION ( 'NONE',  ( 1.447553700753488400E-016, -1.000000000000000000, 0.0000000000000000000 ) ) ;
#3024 =( NAMED_UNIT ( * ) PLANE_ANGLE_UNIT ( ) SI_UNIT ( $, .RADIAN. ) );
#3025 = CIRCLE ( 'NONE', #1172, 0.3939249933206986400 ) ;
#3026 = CARTESIAN_POINT ( 'NONE',  ( 0.04413439582682967400, -1.210105081657630200, -0.2975885388489650200 ) ) ;
#3027 = DIRECTION ( 'NONE',  ( -1.447553700753488400E-016, 1.000000000000000000, -0.0000000000000000000 ) ) ;
#3028 =( BOUNDED_CURVE ( )  B_SPLINE_CURVE ( 3, ( #6305, #5004, #8242, #2484 ),
 .UNSPECIFIED., .F., .T. ) 
 B_SPLINE_CURVE_WITH_KNOTS ( ( 4, 4 ),
 ( 3.141592653589790900, 4.712388980384688800 ),
 .UNSPECIFIED. ) 
 CURVE ( )  GEOMETRIC_REPRESENTATION_ITEM ( )  RATIONAL_B_SPLINE_CURVE ( ( 1.000000000000000000, 0.8047378541243646000, 0.8047378541243646000, 1.000000000000000000 ) ) 
 REPRESENTATION_ITEM ( '' )  );
#3029 = VERTEX_POINT ( 'NONE', #6686 ) ;
#3030 = EDGE_CURVE ( 'NONE', #2424, #3557, #1460, .T. ) ;
#3031 =( BOUNDED_SURFACE ( )  B_SPLINE_SURFACE ( 3, 2, ( 
 ( #5749, #1273, #3194 ),
 ( #7685, #3829, #51 ),
 ( #4453, #677, #5111 ),
 ( #1300, #5781, #1944 ),
 ( #6418, #2588, #7060 ),
 ( #3221, #7714, #3857 ),
 ( #78, #4480, #707 ),
 ( #5138, #1330, #5810 ),
 ( #1972, #6447, #2619 ),
 ( #7089, #3252, #7744 ) ),
 .UNSPECIFIED., .F., .F., .T. ) 
 B_SPLINE_SURFACE_WITH_KNOTS ( ( 4, 2, 2, 2, 4 ),
 ( 3, 3 ),
 ( 0.0007937467134728576300, 0.0009080478507843660700, 0.001022348988095874400, 0.001136650125407382700, 0.001250951262718891100 ),
 ( 0.0000000000000000000, 1.000000000000000000 ),
 .UNSPECIFIED. ) 
 GEOMETRIC_REPRESENTATION_ITEM ( )  RATIONAL_B_SPLINE_SURFACE ( (
 ( 1.000000000000000000, 0.7239379160847380100, 1.000000000000000000),
 ( 1.000000000000000000, 0.7227633668407248400, 1.000000000000000000),
 ( 1.000000000000000000, 0.7216467068130392200, 1.000000000000000000),
 ( 1.000000000000000000, 0.7146626274120262400, 1.000000000000000000),
 ( 1.000000000000000000, 0.6987524668474116600, 1.000000000000000000),
 ( 1.000000000000000000, 0.6983978434535831300, 1.000000000000000000),
 ( 1.000000000000000000, 0.7145994046166842500, 1.000000000000000000),
 ( 1.000000000000000000, 0.7216415792757934200, 1.000000000000000000),
 ( 1.000000000000000000, 0.7227576612622919100, 1.000000000000000000),
 ( 1.000000000000000000, 0.7239379160847379000, 1.000000000000000000) ) ) 
 REPRESENTATION_ITEM ( '' )  SURFACE ( )  );
#3032 = DIRECTION ( 'NONE',  ( 0.0000000000000000000, 0.0000000000000000000, -1.000000000000000000 ) ) ;
#3033 = MECHANICAL_DESIGN_GEOMETRIC_PRESENTATION_REPRESENTATION (  '', ( #2196 ), #3461 ) ;
#3034 = SURFACE_SIDE_STYLE ('',( #5302 ) ) ;
#3035 = CIRCLE ( 'NONE', #3206, 0.3939249933206986400 ) ;
#3036 = CARTESIAN_POINT ( 'NONE',  ( 4.588589737599975400E-016, -2.795000000000000800, 0.0000000000000000000 ) ) ;
#3037 = TOROIDAL_SURFACE ( 'NONE', #6768, 0.2818987432021535800, 0.02000000000000000000 ) ;
#3038 = VERTEX_POINT ( 'NONE', #3474 ) ;
#3039 = PRESENTATION_STYLE_ASSIGNMENT (( #3618 ) ) ;
#3040 = SURFACE_SIDE_STYLE ('',( #5337 ) ) ;
#3041 = TOROIDAL_SURFACE ( 'NONE', #3505, 0.6499999999999999100, 0.05000000000000000300 ) ;
#3042 = STYLED_ITEM ( 'NONE', ( #4493 ), #167 ) ;
#3043 = PRESENTATION_LAYER_ASSIGNMENT (  '', '', ( #2636 ) ) ;
#3044 = CARTESIAN_POINT ( 'NONE',  ( 0.1049099008976541000, 0.3435871649239532500, 0.3790075054516332000 ) ) ;
#3045 = CARTESIAN_POINT ( 'NONE',  ( 0.09109214503312543200, -0.2391564462479870400, -0.3527891271054459700 ) ) ;
#3046 = SURFACE_STYLE_FILL_AREA ( #4158 ) ;
#3047 = ORIENTED_EDGE ( 'NONE', *, *, #314, .F. ) ;
#3048 = CARTESIAN_POINT ( 'NONE',  ( 0.1056392930043148400, -0.2267241590923766700, -0.3244054615139409000 ) ) ;
#3049 = ADVANCED_FACE ( 'NONE', ( #6344 ), #5523, .T. ) ;
#3050 = FILL_AREA_STYLE_COLOUR ( '', #2042 ) ;
#3051 = CARTESIAN_POINT ( 'NONE',  ( -0.1187226156115169400, 0.3224458288446431800, -0.3732063262255350100 ) ) ;
#3052 = FACE_OUTER_BOUND ( 'NONE', #6629, .T. ) ;
#3053 = CARTESIAN_POINT ( 'NONE',  ( 0.02529458252240696400, -1.223183884379456200, -0.2789380977350282600 ) ) ;
#3054 = ORIENTED_EDGE ( 'NONE', *, *, #2016, .F. ) ;
#3055 = AXIS2_PLACEMENT_3D ( 'NONE', #6572, #2730, #7218 ) ;
#3056 = SPHERICAL_SURFACE ( 'NONE', #3004, 0.1000000000000000100 ) ;
#3057 = EDGE_CURVE ( 'NONE', #5801, #5458, #7263, .T. ) ;
#3058 = AXIS2_PLACEMENT_3D ( 'NONE', #5037, #3776, #3073 ) ;
#3059 = DIRECTION ( 'NONE',  ( -1.447553700753488400E-016, 1.000000000000000000, -0.0000000000000000000 ) ) ;
#3060 = CARTESIAN_POINT ( 'NONE',  ( 1.047639320225002100, -1.954016994374949500, 1.214721359549995900 ) ) ;
#3061 = SURFACE_STYLE_FILL_AREA ( #3018 ) ;
#3062 = VERTEX_POINT ( 'NONE', #6056 ) ;
#3063 = CARTESIAN_POINT ( 'NONE',  ( -4.488971410221654300E-017, 0.6850000000000000500, 0.0000000000000000000 ) ) ;
#3064 = SURFACE_STYLE_USAGE ( .BOTH. , #6919 ) ;
#3065 = CARTESIAN_POINT ( 'NONE',  ( 1.270000000000000000, 1.294999999999999900, 0.6700000000000002600 ) ) ;
#3066 = ORIENTED_EDGE ( 'NONE', *, *, #2981, .T. ) ;
#3067 = DIRECTION ( 'NONE',  ( 1.000000000000000000, 0.0000000000000000000, 0.0000000000000000000 ) ) ;
#3068 = DIRECTION ( 'NONE',  ( -1.000000000000000000, -1.480297366166852900E-016, 0.0000000000000000000 ) ) ;
#3069 =( LENGTH_UNIT ( ) NAMED_UNIT ( * ) SI_UNIT ( .MILLI., .METRE. ) );
#3070 = PRESENTATION_STYLE_ASSIGNMENT (( #591 ) ) ;
#3071 =( NAMED_UNIT ( * ) PLANE_ANGLE_UNIT ( ) SI_UNIT ( $, .RADIAN. ) );
#3072 = CARTESIAN_POINT ( 'NONE',  ( 0.02797188990901507100, -1.180670700235336700, 0.1522262788309297300 ) ) ;
#3073 = DIRECTION ( 'NONE',  ( 1.000000000000000000, 0.0000000000000000000, 0.0000000000000000000 ) ) ;
#3074 = PRESENTATION_STYLE_ASSIGNMENT (( #8170 ) ) ;
#3075 = LINE ( 'NONE', #7944, #4566 ) ;
#3076 = ORIENTED_EDGE ( 'NONE', *, *, #1387, .T. ) ;
#3077 = UNCERTAINTY_MEASURE_WITH_UNIT (LENGTH_MEASURE( 1.000000000000000100E-005 ), #6637, 'distance_accuracy_value', 'NONE');
#3078 = DIRECTION ( 'NONE',  ( -1.447553700753488400E-016, 1.000000000000000000, -0.0000000000000000000 ) ) ;
#3079 = CARTESIAN_POINT ( 'NONE',  ( -1.270000000000000000, 1.294999999999999900, 0.6700000000000002600 ) ) ;
#3080 = CIRCLE ( 'NONE', #1248, 0.5999999999999998700 ) ;
#3081 = EDGE_CURVE ( 'NONE', #1671, #6561, #4037, .T. ) ;
#3082 = CARTESIAN_POINT ( 'NONE',  ( 0.5999999999999994200, 0.04500000000000020700, 7.347880794884112800E-017 ) ) ;
#3083 = FACE_OUTER_BOUND ( 'NONE', #7754, .T. ) ;
#3084 = STYLED_ITEM ( 'NONE', ( #1361 ), #2608 ) ;
#3085 = LINE ( 'NONE', #5184, #6515 ) ;
#3086 = CARTESIAN_POINT ( 'NONE',  ( 0.1250026614279229100, 0.2666596203869139300, 0.3792131914026152800 ) ) ;
#3087 = ORIENTED_EDGE ( 'NONE', *, *, #7584, .F. ) ;
#3088 = FACE_OUTER_BOUND ( 'NONE', #3563, .T. ) ;
#3089 = SURFACE_SIDE_STYLE ('',( #7080 ) ) ;
#3090 = UNCERTAINTY_MEASURE_WITH_UNIT (LENGTH_MEASURE( 1.000000000000000100E-005 ), #7573, 'distance_accuracy_value', 'NONE');
#3091 = CIRCLE ( 'NONE', #4438, 0.1000000000000000500 ) ;
#3092 = ADVANCED_FACE ( 'NONE', ( #2343 ), #6655, .T. ) ;
#3093 =( NAMED_UNIT ( * ) PLANE_ANGLE_UNIT ( ) SI_UNIT ( $, .RADIAN. ) );
#3094 = VECTOR ( 'NONE', #6205, 1000.000000000000000 ) ;
#3095 = EDGE_CURVE ( 'NONE', #4039, #5521, #3240, .T. ) ;
#3096 = EDGE_LOOP ( 'NONE', ( #7061, #358, #3396, #3851 ) ) ;
#3097 = VERTEX_POINT ( 'NONE', #6140 ) ;
#3098 = CARTESIAN_POINT ( 'NONE',  ( 0.04245213417893760300, 0.4183777189194815600, 0.4498255275619477700 ) ) ;
#3099 = MECHANICAL_DESIGN_GEOMETRIC_PRESENTATION_REPRESENTATION (  '', ( #2256 ), #3519 ) ;
#3100 = CARTESIAN_POINT ( 'NONE',  ( -4.488971410221654300E-017, 0.6850000000000000500, 0.0000000000000000000 ) ) ;
#3101 = CARTESIAN_POINT ( 'NONE',  ( -4.054705299995608100E-017, 0.6550000000000001400, 0.0000000000000000000 ) ) ;
#3102 = COLOUR_RGB ( '',1.000000000000000000, 0.8117647058823529400, 0.5019607843137254800 ) ;
#3103 = DIRECTION ( 'NONE',  ( 0.0000000000000000000, 0.0000000000000000000, 1.000000000000000000 ) ) ;
#3104 = CARTESIAN_POINT ( 'NONE',  ( 0.0000000000000000000, 1.294999999999999900, -1.169999999999999900 ) ) ;
#3105 = DIRECTION ( 'NONE',  ( 0.06671916257986169900, 0.9951962719317720700, 0.07164449509728068600 ) ) ;
#3106 = DIRECTION ( 'NONE',  ( 1.000000000000000000, 0.0000000000000000000, -1.224646799147353200E-016 ) ) ;
#3107 = ORIENTED_EDGE ( 'NONE', *, *, #3144, .T. ) ;
#3108 = DIRECTION ( 'NONE',  ( -1.447553700753488400E-016, 1.000000000000000000, -0.0000000000000000000 ) ) ;
#3109 = CIRCLE ( 'NONE', #2889, 0.1000000000000000500 ) ;
#3110 =( GEOMETRIC_REPRESENTATION_CONTEXT ( 3 ) GLOBAL_UNCERTAINTY_ASSIGNED_CONTEXT ( ( #7887 ) ) GLOBAL_UNIT_ASSIGNED_CONTEXT ( ( #6545, #2706, #7196 ) ) REPRESENTATION_CONTEXT ( 'NONE', 'WORKASPACE' ) );
#3111 =( GEOMETRIC_REPRESENTATION_CONTEXT ( 3 ) GLOBAL_UNCERTAINTY_ASSIGNED_CONTEXT ( ( #1054 ) ) GLOBAL_UNIT_ASSIGNED_CONTEXT ( ( #3985, #195, #4610 ) ) REPRESENTATION_CONTEXT ( 'NONE', 'WORKASPACE' ) );
#3112 = EDGE_CURVE ( 'NONE', #6876, #7530, #4923, .T. ) ;
#3113 = DIRECTION ( 'NONE',  ( 0.0000000000000000000, 1.000000000000000000, 0.0000000000000000000 ) ) ;
#3114 = STYLED_ITEM ( 'NONE', ( #3246 ), #6558 ) ;
#3115 = CARTESIAN_POINT ( 'NONE',  ( 1.449757355770272100E-013, -1001.147437826952700, 0.0000000000000000000 ) ) ;
#3116 = CARTESIAN_POINT ( 'NONE',  ( 0.09089419545104600300, 0.3945388612804520700, 0.3841815150739038600 ) ) ;
#3117 = DIRECTION ( 'NONE',  ( -1.000000000000000000, 0.0000000000000000000, 0.0000000000000000000 ) ) ;
#3118 = FACE_OUTER_BOUND ( 'NONE', #5439, .T. ) ;
#3119 = CARTESIAN_POINT ( 'NONE',  ( 2.208475136374087000E-016, -1.150767665139485100, 0.0000000000000000000 ) ) ;
#3120 = SURFACE_STYLE_USAGE ( .BOTH. , #6962 ) ;
#3121 = CARTESIAN_POINT ( 'NONE',  ( 4.920127644676020900E-017, 0.03500000000000009400, 0.0000000000000000000 ) ) ;
#3122 = EDGE_CURVE ( 'NONE', #6876, #6044, #8163, .T. ) ;
#3123 = CARTESIAN_POINT ( 'NONE',  ( 0.02625020767604848900, -1.206351654153972100, 0.09222201586298642300 ) ) ;
#3124 = ORIENTED_EDGE ( 'NONE', *, *, #4172, .T. ) ;
#3125 = VERTEX_POINT ( 'NONE', #427 ) ;
#3126 = MECHANICAL_DESIGN_GEOMETRIC_PRESENTATION_REPRESENTATION (  '', ( #2277 ), #3544 ) ;
#3127 = AXIS2_PLACEMENT_3D ( 'NONE', #2151, #6620, #5325 ) ;
#3128 = CARTESIAN_POINT ( 'NONE',  ( -0.1275070844557706600, 0.2954011586549364400, 0.4206765831452513600 ) ) ;
#3129 = CARTESIAN_POINT ( 'NONE',  ( -0.1049138835530987600, 0.3435813115014428900, 0.3790057711047978800 ) ) ;
#3130 =( NAMED_UNIT ( * ) PLANE_ANGLE_UNIT ( ) SI_UNIT ( $, .RADIAN. ) );
#3131 = CARTESIAN_POINT ( 'NONE',  ( -0.3939249933206986400, 0.3543379074933980000, 0.0000000000000000000 ) ) ;
#3132 = EDGE_LOOP ( 'NONE', ( #177, #7324, #4449, #6233, #5094 ) ) ;
#3133 = CARTESIAN_POINT ( 'NONE',  ( -0.1518986748799410500, 0.2634659119465302400, -0.4083876577056684300 ) ) ;
#3134 = ADVANCED_FACE ( 'NONE', ( #4727 ), #7229, .T. ) ;
#3135 = CARTESIAN_POINT ( 'NONE',  ( 0.04794293639382225800, -1.167685209284097900, -0.2168341263630812200 ) ) ;
#3136 = FACE_OUTER_BOUND ( 'NONE', #5314, .T. ) ;
#3137 = CARTESIAN_POINT ( 'NONE',  ( -0.04507414848472786300, -0.9255700167423660500, 0.2902958626632082800 ) ) ;
#3138 = UNCERTAINTY_MEASURE_WITH_UNIT (LENGTH_MEASURE( 1.000000000000000100E-005 ), #2830, 'distance_accuracy_value', 'NONE');
#3139 = ORIENTED_EDGE ( 'NONE', *, *, #5063, .T. ) ;
#3140 =( NAMED_UNIT ( * ) SI_UNIT ( $, .STERADIAN. ) SOLID_ANGLE_UNIT ( ) );
#3141 = B_SPLINE_CURVE_WITH_KNOTS ( 'NONE', 3,
 ( #3191, #3767, #6414, #2583, #7058, #3220, #7712 ),
 .UNSPECIFIED., .F., .F.,
 ( 4, 3, 4 ),
 ( 2.177912619128748600E-019, 0.0007348310567757100300, 0.001497211650736154000 ),
 .UNSPECIFIED. ) ;
#3142 = CIRCLE ( 'NONE', #1225, 0.9099999999999992500 ) ;
#3143 = DIRECTION ( 'NONE',  ( 1.447553700753488400E-016, -1.000000000000000000, 0.0000000000000000000 ) ) ;
#3144 = EDGE_CURVE ( 'NONE', #3471, #4309, #1343, .T. ) ;
#3145 = DIRECTION ( 'NONE',  ( 1.447553700753488400E-016, -1.000000000000000000, 0.0000000000000000000 ) ) ;
#3146 = ORIENTED_EDGE ( 'NONE', *, *, #3559, .T. ) ;
#3147 = AXIS2_PLACEMENT_3D ( 'NONE', #7662, #3808, #25 ) ;
#3148 =( LENGTH_UNIT ( ) NAMED_UNIT ( * ) SI_UNIT ( .MILLI., .METRE. ) );
#3149 =( NAMED_UNIT ( * ) SI_UNIT ( $, .STERADIAN. ) SOLID_ANGLE_UNIT ( ) );
#3150 = CARTESIAN_POINT ( 'NONE',  ( 0.1069500050131921300, -0.2056458439791797900, 0.3262666793310029500 ) ) ;
#3151 = ORIENTED_EDGE ( 'NONE', *, *, #6966, .T. ) ;
#3152 = CARTESIAN_POINT ( 'NONE',  ( -0.7265572809000089300, -1.294999999999999900, 1.633278640450004600 ) ) ;
#3153 = CIRCLE ( 'NONE', #7752, 0.02000000000000001800 ) ;
#3154 = PRESENTATION_LAYER_ASSIGNMENT (  '', '', ( #2748 ) ) ;
#3155 = MECHANICAL_DESIGN_GEOMETRIC_PRESENTATION_REPRESENTATION (  '', ( #2318 ), #3571 ) ;
#3156 = CARTESIAN_POINT ( 'NONE',  ( 0.1239136013937068300, 0.3543379074933978300, -0.4262802119315696700 ) ) ;
#3157 = CARTESIAN_POINT ( 'NONE',  ( 0.09099036904382346000, 0.3943829052061202900, -0.3841519299327620900 ) ) ;
#3158 = CARTESIAN_POINT ( 'NONE',  ( -0.04859015532845738900, -1.160647776417383500, 0.1371440163957346200 ) ) ;
#3159 =( GEOMETRIC_REPRESENTATION_CONTEXT ( 3 ) GLOBAL_UNCERTAINTY_ASSIGNED_CONTEXT ( ( #8257 ) ) GLOBAL_UNIT_ASSIGNED_CONTEXT ( ( #5361, #1566, #6026 ) ) REPRESENTATION_CONTEXT ( 'NONE', 'WORKASPACE' ) );
#3160 = CARTESIAN_POINT ( 'NONE',  ( 2.205846211486573600E-016, -1.148951549518942000, 0.0000000000000000000 ) ) ;
#3161 = CARTESIAN_POINT ( 'NONE',  ( 0.04568801504738692600, 0.4007633873723709400, 0.4420729003077855700 ) ) ;
#3162 = CARTESIAN_POINT ( 'NONE',  ( 0.1128609106800245000, 0.3591155938568066400, 0.3774240637644282700 ) ) ;
#3163 = VECTOR ( 'NONE', #6299, 1000.000000000000000 ) ;
#3164 = ORIENTED_EDGE ( 'NONE', *, *, #6797, .F. ) ;
#3165 = TOROIDAL_SURFACE ( 'NONE', #3170, 0.3293303437365926500, 0.05000000000000000300 ) ;
#3166 = CARTESIAN_POINT ( 'NONE',  ( 0.1518986748799414900, 0.2634659119465386200, 0.4083876577056687600 ) ) ;
#3167 = CARTESIAN_POINT ( 'NONE',  ( 0.1249999999999999200, 0.2666198487095668400, 0.4125529277810837700 ) ) ;
#3168 = CARTESIAN_POINT ( 'NONE',  ( -0.08506499363068191500, 0.3906222836833432300, -0.3848548635256793200 ) ) ;
#3169 = FILL_AREA_STYLE ('',( #5734 ) ) ;
#3170 = AXIS2_PLACEMENT_3D ( 'NONE', #3687, #3078, #7585 ) ;
#3171 = FACE_OUTER_BOUND ( 'NONE', #3228, .T. ) ;
#3172 = EDGE_LOOP ( 'NONE', ( #2600, #3047, #5039, #6197 ) ) ;
#3173 = EDGE_CURVE ( 'NONE', #5648, #268, #3025, .T. ) ;
#3174 = COLOUR_RGB ( '',0.1098039215686274500, 0.1098039215686274500, 0.1098039215686274500 ) ;
#3175 = PRESENTATION_LAYER_ASSIGNMENT (  '', '', ( #2762 ) ) ;
#3176 = AXIS2_PLACEMENT_3D ( 'NONE', #1592, #6051, #2235 ) ;
#3177 =( NAMED_UNIT ( * ) PLANE_ANGLE_UNIT ( ) SI_UNIT ( $, .RADIAN. ) );
#3178 = DIRECTION ( 'NONE',  ( 1.000000000000000000, 2.409338161078900700E-016, 0.0000000000000000000 ) ) ;
#3179 = CARTESIAN_POINT ( 'NONE',  ( 0.1201701407855446100, 0.3185597509239380100, -0.3874978137405790100 ) ) ;
#3180 = CYLINDRICAL_SURFACE ( 'NONE', #5574, 0.8999999999999993600 ) ;
#3181 = ADVANCED_FACE ( 'NONE', ( #6449 ), #6648, .T. ) ;
#3182 = ADVANCED_FACE ( 'NONE', ( #3432 ), #4303, .T. ) ;
#3183 = DIRECTION ( 'NONE',  ( 0.9138115486202593700, 0.4061384660534426700, 1.119096388041686800E-016 ) ) ;
#3184 = COLOUR_RGB ( '',1.000000000000000000, 0.8117647058823529400, 0.5019607843137254800 ) ;
#3185 = VERTEX_POINT ( 'NONE', #6276 ) ;
#3186 = CIRCLE ( 'NONE', #6386, 0.6099999999999994300 ) ;
#3187 = CARTESIAN_POINT ( 'NONE',  ( 0.1043044550474246200, 0.3443960200077092500, -0.3733420158291775900 ) ) ;
#3188 = CYLINDRICAL_SURFACE ( 'NONE', #1471, 0.5999999999999994200 ) ;
#3189 = DIRECTION ( 'NONE',  ( -1.000000000000000000, 0.0000000000000000000, 0.0000000000000000000 ) ) ;
#3190 = CARTESIAN_POINT ( 'NONE',  ( -0.07697178624484056500, 0.3865725785932578300, -0.4373289381851311300 ) ) ;
#3191 = CARTESIAN_POINT ( 'NONE',  ( 0.02513773585898748300, -1.222945504588554200, 0.2763272670030129700 ) ) ;
#3192 = ORIENTED_EDGE ( 'NONE', *, *, #6125, .T. ) ;
#3193 = UNCERTAINTY_MEASURE_WITH_UNIT (LENGTH_MEASURE( 1.000000000000000100E-005 ), #3490, 'distance_accuracy_value', 'NONE');
#3194 = CARTESIAN_POINT ( 'NONE',  ( 0.04784238332213593100, -1.168868921937334300, -0.2301144326777097800 ) ) ;
#3195 = CIRCLE ( 'NONE', #567, 0.2567686891652983200 ) ;
#3196 = CARTESIAN_POINT ( 'NONE',  ( -0.01737018281030444300, 0.4191206621339626000, 0.3935418365458101000 ) ) ;
#3197 = LINE ( 'NONE', #4535, #4683 ) ;
#3198 = SURFACE_STYLE_FILL_AREA ( #401 ) ;
#3199 = ORIENTED_EDGE ( 'NONE', *, *, #2846, .F. ) ;
#3200 = CARTESIAN_POINT ( 'NONE',  ( 0.9581966011250104800, 1.294999999999999900, 1.169999999999999900 ) ) ;
#3201 = ORIENTED_EDGE ( 'NONE', *, *, #2174, .F. ) ;
#3202 = EDGE_CURVE ( 'NONE', #7095, #7114, #6030, .T. ) ;
#3203 = CARTESIAN_POINT ( 'NONE',  ( 0.1117898246928620300, 0.3331452681402512500, 0.4162238069033272200 ) ) ;
#3204 = CARTESIAN_POINT ( 'NONE',  ( 0.08564269023291486100, 0.3890525745322753200, -0.3845025747278962300 ) ) ;
#3205 = SURFACE_SIDE_STYLE ('',( #1867 ) ) ;
#3206 = AXIS2_PLACEMENT_3D ( 'NONE', #868, #5294, #1492 ) ;
#3207 = COLOUR_RGB ( '',0.1098039215686274500, 0.1098039215686274500, 0.1098039215686274500 ) ;
#3208 = EDGE_LOOP ( 'NONE', ( #7390, #7746, #529, #2681 ) ) ;
#3209 = CARTESIAN_POINT ( 'NONE',  ( 0.1248033579267705900, 0.3538856254727993900, 0.4260215723545093800 ) ) ;
#3210 = ORIENTED_EDGE ( 'NONE', *, *, #5390, .F. ) ;
#3211 =( LENGTH_UNIT ( ) NAMED_UNIT ( * ) SI_UNIT ( .MILLI., .METRE. ) );
#3212 = CARTESIAN_POINT ( 'NONE',  ( 0.1158236843077577600, 0.3543379074933975500, 0.3765126485472822800 ) ) ;
#3213 = DIRECTION ( 'NONE',  ( -1.447553700753488400E-016, 1.000000000000000000, -0.0000000000000000000 ) ) ;
#3214 = FACE_OUTER_BOUND ( 'NONE', #5382, .T. ) ;
#3215 = AXIS2_PLACEMENT_3D ( 'NONE', #7374, #2872, #2821 ) ;
#3216 = FILL_AREA_STYLE ('',( #2576 ) ) ;
#3217 = MECHANICAL_DESIGN_GEOMETRIC_PRESENTATION_REPRESENTATION (  '', ( #2360 ), #3616 ) ;
#3218 = CARTESIAN_POINT ( 'NONE',  ( 0.03824400469747926000, 0.3943005575860810700, -0.4324366886170263300 ) ) ;
#3219 = CARTESIAN_POINT ( 'NONE',  ( 0.2549999999999995000, 1.395000000000000000, 3.122849337825747500E-017 ) ) ;
#3220 = CARTESIAN_POINT ( 'NONE',  ( 0.1080452793444634900, 0.01371987011832416200, 0.3714225193453401500 ) ) ;
#3221 = CARTESIAN_POINT ( 'NONE',  ( 0.02864767409877132200, -1.170590569126491100, 0.03790365244268426700 ) ) ;
#3222 = CIRCLE ( 'NONE', #4698, 0.01999999999999997600 ) ;
#3223 = CARTESIAN_POINT ( 'NONE',  ( -1.476660268557142200E-016, 1.395000000000000000, 0.0000000000000000000 ) ) ;
#3224 = ADVANCED_FACE ( 'NONE', ( #2829 ), #7145, .T. ) ;
#3225 = ADVANCED_FACE ( 'NONE', ( #356 ), #6328, .T. ) ;
#3226 =( GEOMETRIC_REPRESENTATION_CONTEXT ( 3 ) GLOBAL_UNCERTAINTY_ASSIGNED_CONTEXT ( ( #2787 ) ) GLOBAL_UNIT_ASSIGNED_CONTEXT ( ( #4314, #533, #4966 ) ) REPRESENTATION_CONTEXT ( 'NONE', 'WORKASPACE' ) );
#3227 = SURFACE_STYLE_FILL_AREA ( #362 ) ;
#3228 = EDGE_LOOP ( 'NONE', ( #4771, #2073, #7074, #6715, #7191 ) ) ;
#3229 = PRESENTATION_LAYER_ASSIGNMENT (  '', '', ( #3629 ) ) ;
#3230 = SURFACE_STYLE_USAGE ( .BOTH. , #7064 ) ;
#3231 = EDGE_CURVE ( 'NONE', #6847, #5096, #8082, .T. ) ;
#3232 = CARTESIAN_POINT ( 'NONE',  ( 0.1259882969742710200, 0.2814707489567508400, 0.3909741648455823900 ) ) ;
#3233 =( GEOMETRIC_REPRESENTATION_CONTEXT ( 3 ) GLOBAL_UNCERTAINTY_ASSIGNED_CONTEXT ( ( #5288 ) ) GLOBAL_UNIT_ASSIGNED_CONTEXT ( ( #1726, #6193, #2369 ) ) REPRESENTATION_CONTEXT ( 'NONE', 'WORKASPACE' ) );
#3234 = CARTESIAN_POINT ( 'NONE',  ( 0.05180290865074894300, 0.3899539996405546000, 0.3939360071583828900 ) ) ;
#3235 = CARTESIAN_POINT ( 'NONE',  ( -0.04784238332213559100, -1.168868921937334300, 0.2301144326777099000 ) ) ;
#3236 = CARTESIAN_POINT ( 'NONE',  ( -0.1173054636424261400, 0.3531302211206915300, -0.3760259815223621100 ) ) ;
#3237 = ORIENTED_EDGE ( 'NONE', *, *, #4131, .F. ) ;
#3238 = FILL_AREA_STYLE ('',( #5794 ) ) ;
#3239 =( NAMED_UNIT ( * ) PLANE_ANGLE_UNIT ( ) SI_UNIT ( $, .RADIAN. ) );
#3240 = CIRCLE ( 'NONE', #6912, 0.1000000000000000500 ) ;
#3241 = ORIENTED_EDGE ( 'NONE', *, *, #7507, .T. ) ;
#3242 = DIRECTION ( 'NONE',  ( 0.0000000000000000000, 0.0000000000000000000, 1.000000000000000000 ) ) ;
#3243 = CARTESIAN_POINT ( 'NONE',  ( 0.02834751478812096500, -1.175067804981902100, -0.2618739144374018800 ) ) ;
#3244 = PRESENTATION_LAYER_ASSIGNMENT (  '', '', ( #2384 ) ) ;
#3245 =( GEOMETRIC_REPRESENTATION_CONTEXT ( 3 ) GLOBAL_UNCERTAINTY_ASSIGNED_CONTEXT ( ( #3077 ) ) GLOBAL_UNIT_ASSIGNED_CONTEXT ( ( #6637, #2792, #7287 ) ) REPRESENTATION_CONTEXT ( 'NONE', 'WORKASPACE' ) );
#3246 = PRESENTATION_STYLE_ASSIGNMENT (( #2921 ) ) ;
#3247 = EDGE_LOOP ( 'NONE', ( #6607, #5543, #552 ) ) ;
#3248 = CARTESIAN_POINT ( 'NONE',  ( 0.1249999999999997400, 0.2666198487095638400, 0.4322904116447698900 ) ) ;
#3249 = CIRCLE ( 'NONE', #1069, 0.1000000000000000500 ) ;
#3250 = CARTESIAN_POINT ( 'NONE',  ( -0.05610702765615076200, 0.3878323635698840400, -0.3644154532994137200 ) ) ;
#3251 = DIRECTION ( 'NONE',  ( -2.168404344971007700E-015, 0.0000000000000000000, 1.000000000000000000 ) ) ;
#3252 = CARTESIAN_POINT ( 'NONE',  ( 0.02878729518101596400, -1.168507953350746100, 0.2300327145526186400 ) ) ;
#3253 = ORIENTED_EDGE ( 'NONE', *, *, #363, .T. ) ;
#3254 = EDGE_CURVE ( 'NONE', #1784, #261, #4810, .T. ) ;
#3255 = UNCERTAINTY_MEASURE_WITH_UNIT (LENGTH_MEASURE( 1.000000000000000100E-005 ), #7619, 'distance_accuracy_value', 'NONE');
#3256 = DIRECTION ( 'NONE',  ( -1.000000000000000000, 0.0000000000000000000, 0.0000000000000000000 ) ) ;
#3257 = MECHANICAL_DESIGN_GEOMETRIC_PRESENTATION_REPRESENTATION (  '', ( #2404 ), #3656 ) ;
#3258 = CARTESIAN_POINT ( 'NONE',  ( 6.505213034913053200E-016, 1.294999999999999900, 0.6699999999999988200 ) ) ;
#3259 = CARTESIAN_POINT ( 'NONE',  ( -0.04338467537588928900, 0.3925287066132329100, 0.4281662668936985200 ) ) ;
#3260 = CARTESIAN_POINT ( 'NONE',  ( -0.02864767409877098900, -1.170590569126491300, -0.03790365244268462800 ) ) ;
#3261 = DIRECTION ( 'NONE',  ( -0.4472135954999566000, 0.0000000000000000000, -0.8944271909999165200 ) ) ;
#3262 = EDGE_LOOP ( 'NONE', ( #7925, #6682, #4025 ) ) ;
#3263 = CYLINDRICAL_SURFACE ( 'NONE', #5528, 0.1000000000000000300 ) ;
#3264 = EDGE_CURVE ( 'NONE', #7964, #6690, #8044, .T. ) ;
#3265 = STYLED_ITEM ( 'NONE', ( #164 ), #3758 ) ;
#3266 = CARTESIAN_POINT ( 'NONE',  ( -5.357503630673745900E-017, 0.7450000000000000000, 0.0000000000000000000 ) ) ;
#3267 = FACE_OUTER_BOUND ( 'NONE', #952, .T. ) ;
#3268 = ADVANCED_FACE ( 'NONE', ( #3118 ), #6605, .T. ) ;
#3269 = ORIENTED_EDGE ( 'NONE', *, *, #5850, .T. ) ;
#3270 = ADVANCED_FACE ( 'NONE', ( #1443 ), #5082, .T. ) ;
#3271 = CARTESIAN_POINT ( 'NONE',  ( 0.1250026614300211400, 0.2666596203627125700, -0.3792131914088700500 ) ) ;
#3272 = SURFACE_STYLE_USAGE ( .BOTH. , #7109 ) ;
#3273 = CARTESIAN_POINT ( 'NONE',  ( 0.1044715838470600700, 0.3442330513943906400, -0.3794668547528157200 ) ) ;
#3274 = LINE ( 'NONE', #2963, #1585 ) ;
#3275 = CARTESIAN_POINT ( 'NONE',  ( -0.1138354600963323600, 0.3291977104406091900, -0.4453767999960807600 ) ) ;
#3276 = ORIENTED_EDGE ( 'NONE', *, *, #3684, .T. ) ;
#3277 = MECHANICAL_DESIGN_GEOMETRIC_PRESENTATION_REPRESENTATION (  '', ( #2428 ), #3682 ) ;
#3278 = CARTESIAN_POINT ( 'NONE',  ( -0.02935789526046653600, -1.159996769308904800, -0.2706846008612903700 ) ) ;
#3279 = DIRECTION ( 'NONE',  ( 1.447553700753488400E-016, -1.000000000000000000, 0.0000000000000000000 ) ) ;
#3280 = PRESENTATION_STYLE_ASSIGNMENT (( #8148 ) ) ;
#3281 = AXIS2_PLACEMENT_3D ( 'NONE', #3917, #131, #4537 ) ;
#3282 = EDGE_CURVE ( 'NONE', #7395, #5960, #6122, .T. ) ;
#3283 = DIRECTION ( 'NONE',  ( 1.000000000000000000, -0.0000000000000000000, 0.0000000000000000000 ) ) ;
#3284 =( NAMED_UNIT ( * ) SI_UNIT ( $, .STERADIAN. ) SOLID_ANGLE_UNIT ( ) );
#3285 = SURFACE_STYLE_USAGE ( .BOTH. , #7125 ) ;
#3286 = CARTESIAN_POINT ( 'NONE',  ( -0.1125498724903000000, 0.3310686508361576100, -0.3916612963029932300 ) ) ;
#3287 = ORIENTED_EDGE ( 'NONE', *, *, #3030, .F. ) ;
#3288 =( NAMED_UNIT ( * ) SI_UNIT ( $, .STERADIAN. ) SOLID_ANGLE_UNIT ( ) );
#3289 = COLOUR_RGB ( '',0.1098039215686274500, 0.1098039215686274500, 0.1098039215686274500 ) ;
#3290 = CARTESIAN_POINT ( 'NONE',  ( -0.1063473373305611300, 0.3412228871188086600, 0.3839736441658611100 ) ) ;
#3291 = CARTESIAN_POINT ( 'NONE',  ( -0.02878729518101560600, -1.168507953350746100, -0.2300327145526185100 ) ) ;
#3292 = FILL_AREA_STYLE_COLOUR ( '', #3846 ) ;
#3293 = EDGE_CURVE ( 'NONE', #5216, #2314, #3590, .T. ) ;
#3294 = ORIENTED_EDGE ( 'NONE', *, *, #7098, .T. ) ;
#3295 = AXIS2_PLACEMENT_3D ( 'NONE', #5964, #2145, #6617 ) ;
#3296 = AXIS2_PLACEMENT_3D ( 'NONE', #2672, #7155, #3313 ) ;
#3297 = CIRCLE ( 'NONE', #850, 0.01999999999999999300 ) ;
#3298 =( NAMED_UNIT ( * ) PLANE_ANGLE_UNIT ( ) SI_UNIT ( $, .RADIAN. ) );
#3299 =( LENGTH_UNIT ( ) NAMED_UNIT ( * ) SI_UNIT ( .MILLI., .METRE. ) );
#3300 = FILL_AREA_STYLE_COLOUR ( '', #4777 ) ;
#3301 = SURFACE_STYLE_FILL_AREA ( #5214 ) ;
#3302 = SURFACE_STYLE_FILL_AREA ( #2398 ) ;
#3303 = UNCERTAINTY_MEASURE_WITH_UNIT (LENGTH_MEASURE( 1.000000000000000100E-005 ), #7136, 'distance_accuracy_value', 'NONE');
#3304 = ORIENTED_EDGE ( 'NONE', *, *, #1973, .F. ) ;
#3305 = CARTESIAN_POINT ( 'NONE',  ( -0.02551473994300738900, -1.223343405455788800, -0.2806747823464544300 ) ) ;
#3306 =( BOUNDED_SURFACE ( )  B_SPLINE_SURFACE ( 3, 2, ( 
 ( #6897, #3044, #8204 ),
 ( #4318, #536, #4969 ),
 ( #1161, #5633, #1801 ),
 ( #6267, #2454, #6928 ) ),
 .UNSPECIFIED., .F., .F., .T. ) 
 B_SPLINE_SURFACE_WITH_KNOTS ( ( 4, 4 ),
 ( 3, 3 ),
 ( 5.106384779361188600E-005, 5.539509824668739800E-005 ),
 ( 0.0000000000000000000, 1.000000000000000000 ),
 .UNSPECIFIED. ) 
 GEOMETRIC_REPRESENTATION_ITEM ( )  RATIONAL_B_SPLINE_SURFACE ( (
 ( 1.000000000000000000, 0.7770244616198751500, 1.000000000000000000),
 ( 1.000000000000000000, 0.7810788069477598800, 1.000000000000000000),
 ( 1.000000000000000000, 0.7852054265007580900, 1.000000000000000000),
 ( 1.000000000000000000, 0.7894116658880354600, 1.000000000000000000) ) ) 
 REPRESENTATION_ITEM ( '' )  SURFACE ( )  );
#3307 = SURFACE_SIDE_STYLE ('',( #6399 ) ) ;
#3308 = VECTOR ( 'NONE', #1554, 1000.000000000000000 ) ;
#3309 = CARTESIAN_POINT ( 'NONE',  ( -7.304618040577854600E-017, 0.8795106857790895300, 0.0000000000000000000 ) ) ;
#3310 = FACE_OUTER_BOUND ( 'NONE', #3340, .T. ) ;
#3311 = EDGE_LOOP ( 'NONE', ( #3457, #2537 ) ) ;
#3312 = CARTESIAN_POINT ( 'NONE',  ( -0.1035444897633999200, 0.3455690675042738000, 0.3802899842789501700 ) ) ;
#3313 = DIRECTION ( 'NONE',  ( 1.000000000000000000, 0.0000000000000000000, -1.224646799147353200E-016 ) ) ;
#3314 = ORIENTED_EDGE ( 'NONE', *, *, #3787, .F. ) ;
#3315 = DIRECTION ( 'NONE',  ( -1.224646799147353200E-016, -1.772742006221665100E-032, 1.000000000000000000 ) ) ;
#3316 = CARTESIAN_POINT ( 'NONE',  ( -0.1035444897634296300, 0.3455690675042305000, -0.3802899842789752000 ) ) ;
#3317 = ADVANCED_FACE ( 'NONE', ( #1228 ), #437, .T. ) ;
#3318 = ADVANCED_FACE ( 'NONE', ( #5508 ), #7254, .T. ) ;
#3319 =( NAMED_UNIT ( * ) SI_UNIT ( $, .STERADIAN. ) SOLID_ANGLE_UNIT ( ) );
#3320 = CARTESIAN_POINT ( 'NONE',  ( -0.1170318680203176300, 0.3209844147776218500, -0.3887347037596186600 ) ) ;
#3321 = CIRCLE ( 'NONE', #367, 0.01999999999999998000 ) ;
#3322 = CONICAL_SURFACE ( 'NONE', #7843, 0.5999999999999995300, 0.3217505543966423500 ) ;
#3323 = EDGE_CURVE ( 'NONE', #7084, #3029, #3814, .T. ) ;
#3324 = CARTESIAN_POINT ( 'NONE',  ( -0.1248607912308391800, 0.2645433830776195400, -0.4185491471247365600 ) ) ;
#3325 = ORIENTED_EDGE ( 'NONE', *, *, #6312, .F. ) ;
#3326 = DIRECTION ( 'NONE',  ( -0.5679770921754959700, 0.8230443625734084100, 0.0000000000000000000 ) ) ;
#3327 = MECHANICAL_DESIGN_GEOMETRIC_PRESENTATION_REPRESENTATION (  '', ( #2464 ), #3724 ) ;
#3328 = FILL_AREA_STYLE_COLOUR ( '', #1575 ) ;
#3329 = CARTESIAN_POINT ( 'NONE',  ( 0.06161674357927138200, -0.6788173848205032400, -0.3101373001732634100 ) ) ;
#3330 = CARTESIAN_POINT ( 'NONE',  ( -0.08968981535968081900, -0.4735941809371781400, 0.3056265312436862200 ) ) ;
#3331 = DIRECTION ( 'NONE',  ( -1.000000000000000000, -1.441759817635564300E-016, 0.0000000000000000000 ) ) ;
#3332 = DIRECTION ( 'NONE',  ( 0.0000000000000000000, 0.0000000000000000000, -1.000000000000000000 ) ) ;
#3333 = AXIS2_PLACEMENT_3D ( 'NONE', #559, #4995, #1178 ) ;
#3334 = AXIS2_PLACEMENT_3D ( 'NONE', #3160, #7088, #4511 ) ;
#3335 = CARTESIAN_POINT ( 'NONE',  ( -0.02733480295340594300, -1.222697491360204200, -0.2856168812565667000 ) ) ;
#3336 = PRESENTATION_LAYER_ASSIGNMENT (  '', '', ( #2053 ) ) ;
#3337 = CARTESIAN_POINT ( 'NONE',  ( 0.07534309011336938500, -0.4740724754152390600, -0.3247379590039629600 ) ) ;
#3338 = CARTESIAN_POINT ( 'NONE',  ( 0.08821415464604741300, 0.3649734080975589000, -0.4012753796514045800 ) ) ;
#3339 = ORIENTED_EDGE ( 'NONE', *, *, #6994, .F. ) ;
#3340 = EDGE_LOOP ( 'NONE', ( #4848, #3201, #294, #5943 ) ) ;
#3341 = SURFACE_SIDE_STYLE ('',( #3622 ) ) ;
#3342 = CARTESIAN_POINT ( 'NONE',  ( -0.1378435408756131000, 0.2670981431876250400, 0.3606053945049982900 ) ) ;
#3343 = FILL_AREA_STYLE ('',( #2060 ) ) ;
#3344 =( NAMED_UNIT ( * ) SI_UNIT ( $, .STERADIAN. ) SOLID_ANGLE_UNIT ( ) );
#3345 = ORIENTED_EDGE ( 'NONE', *, *, #8043, .T. ) ;
#3346 = AXIS2_PLACEMENT_3D ( 'NONE', #3575, #8079, #4206 ) ;
#3347 = DIRECTION ( 'NONE',  ( -1.000000000000000000, 0.0000000000000000000, -0.0000000000000000000 ) ) ;
#3348 = EDGE_CURVE ( 'NONE', #2000, #5767, #2143, .T. ) ;
#3349 = EDGE_LOOP ( 'NONE', ( #1473, #71, #1196, #1667 ) ) ;
#3350 = PRESENTATION_LAYER_ASSIGNMENT (  '', '', ( #2491 ) ) ;
#3351 = SURFACE_SIDE_STYLE ('',( #5997 ) ) ;
#3352 =( LENGTH_UNIT ( ) NAMED_UNIT ( * ) SI_UNIT ( .MILLI., .METRE. ) );
#3353 = EDGE_LOOP ( 'NONE', ( #6271, #2545, #8026, #6495, #6955, #5115, #132, #799, #5953, #522, #2470 ) ) ;
#3354 = CARTESIAN_POINT ( 'NONE',  ( -2.820656663360261100E-017, 1.395000000000000000, -0.9399999999999991700 ) ) ;
#3355 = ADVANCED_FACE ( 'NONE', ( #257 ), #663, .T. ) ;
#3356 = ADVANCED_FACE ( 'NONE', ( #3427 ), #6639, .T. ) ;
#3357 = CARTESIAN_POINT ( 'NONE',  ( 0.6399999999999993500, 0.005000000000000178800, 7.837739514543054300E-017 ) ) ;
#3358 = CARTESIAN_POINT ( 'NONE',  ( -0.04955977419589106800, -1.205290237872889600, -0.2977002210804754500 ) ) ;
#3359 = CIRCLE ( 'NONE', #1110, 0.01999999999999999700 ) ;
#3360 = ORIENTED_EDGE ( 'NONE', *, *, #6482, .F. ) ;
#3361 = UNCERTAINTY_MEASURE_WITH_UNIT (LENGTH_MEASURE( 1.000000000000000100E-005 ), #937, 'distance_accuracy_value', 'NONE');
#3362 = CARTESIAN_POINT ( 'NONE',  ( -5.502841946645296800E-019, 0.005000000000000076400, 0.0000000000000000000 ) ) ;
#3363 = CARTESIAN_POINT ( 'NONE',  ( 0.1245474411000188400, 0.2941907802027475800, -0.4483722402517036400 ) ) ;
#3364 = CARTESIAN_POINT ( 'NONE',  ( -0.06538720170618800300, 0.3818518864503857000, -0.4069216890420709900 ) ) ;
#3365 = CARTESIAN_POINT ( 'NONE',  ( 0.2350352011263679200, -1.168868921937331600, 0.0000000000000000000 ) ) ;
#3366 = EDGE_CURVE ( 'NONE', #848, #4689, #64, .T. ) ;
#3367 = FACE_OUTER_BOUND ( 'NONE', #7150, .T. ) ;
#3368 = ORIENTED_EDGE ( 'NONE', *, *, #975, .F. ) ;
#3369 =( GEOMETRIC_REPRESENTATION_CONTEXT ( 3 ) GLOBAL_UNCERTAINTY_ASSIGNED_CONTEXT ( ( #6952 ) ) GLOBAL_UNIT_ASSIGNED_CONTEXT ( ( #2522, #6993, #3149 ) ) REPRESENTATION_CONTEXT ( 'NONE', 'WORKASPACE' ) );
#3370 = DIRECTION ( 'NONE',  ( -1.447553700753488400E-016, 1.000000000000000000, -0.0000000000000000000 ) ) ;
#3371 = CARTESIAN_POINT ( 'NONE',  ( 0.9581966011250104800, -1.294999999999999900, 1.169999999999999900 ) ) ;
#3372 = CARTESIAN_POINT ( 'NONE',  ( -0.07759897784238722900, 0.3733543664533075500, 0.4040259172577570500 ) ) ;
#3373 = CARTESIAN_POINT ( 'NONE',  ( -1.270000000000000000, -1.954016994374949500, -0.7700000000000016800 ) ) ;
#3374 = LINE ( 'NONE', #8145, #3163 ) ;
#3375 = ORIENTED_EDGE ( 'NONE', *, *, #2275, .F. ) ;
#3376 = EDGE_CURVE ( 'NONE', #3062, #723, #7475, .T. ) ;
#3377 = MECHANICAL_DESIGN_GEOMETRIC_PRESENTATION_REPRESENTATION (  '', ( #2104 ), #3791 ) ;
#3378 =( NAMED_UNIT ( * ) PLANE_ANGLE_UNIT ( ) SI_UNIT ( $, .RADIAN. ) );
#3379 = FILL_AREA_STYLE ('',( #2107 ) ) ;
#3380 = DIRECTION ( 'NONE',  ( 0.0000000000000000000, 0.0000000000000000000, 1.000000000000000000 ) ) ;
#3381 = ORIENTED_EDGE ( 'NONE', *, *, #854, .T. ) ;
#3382 = TOROIDAL_SURFACE ( 'NONE', #4759, 0.2368513167469089900, 0.02000000000000000000 ) ;
#3383 = CARTESIAN_POINT ( 'NONE',  ( 0.1378435408756127900, 0.2670981431876220900, 0.3606053945049981200 ) ) ;
#3384 = DIRECTION ( 'NONE',  ( 0.0000000000000000000, 0.0000000000000000000, -1.000000000000000000 ) ) ;
#3385 = AXIS2_PLACEMENT_3D ( 'NONE', #2908, #7402, #3541 ) ;
#3386 = CARTESIAN_POINT ( 'NONE',  ( -7.264154555652880700E-016, -1.294999999999999700, 0.6699999999999988200 ) ) ;
#3387 =( NAMED_UNIT ( * ) PLANE_ANGLE_UNIT ( ) SI_UNIT ( $, .RADIAN. ) );
#3388 = EDGE_LOOP ( 'NONE', ( #2723, #614, #2767, #4509 ) ) ;
#3389 = MECHANICAL_DESIGN_GEOMETRIC_PRESENTATION_REPRESENTATION (  '', ( #853 ), #3805 ) ;
#3390 = EDGE_CURVE ( 'NONE', #577, #5155, #7035, .T. ) ;
#3391 = SURFACE_SIDE_STYLE ('',( #1153 ) ) ;
#3392 = FILL_AREA_STYLE ('',( #2121 ) ) ;
#3393 = STYLED_ITEM ( 'NONE', ( #1240 ), #6884 ) ;
#3394 =( LENGTH_UNIT ( ) NAMED_UNIT ( * ) SI_UNIT ( .MILLI., .METRE. ) );
#3395 =( LENGTH_UNIT ( ) NAMED_UNIT ( * ) SI_UNIT ( .MILLI., .METRE. ) );
#3396 = ORIENTED_EDGE ( 'NONE', *, *, #2834, .T. ) ;
#3397 = CARTESIAN_POINT ( 'NONE',  ( 0.8159999999999999500, 1.294999999999999700, 1.677999999999999900 ) ) ;
#3398 = CARTESIAN_POINT ( 'NONE',  ( 0.07697657392939659400, 0.3747782640037196100, 0.4044230469386929100 ) ) ;
#3399 = CARTESIAN_POINT ( 'NONE',  ( -1.476660268557142200E-016, 1.395000000000000000, 0.0000000000000000000 ) ) ;
#3400 = FACE_OUTER_BOUND ( 'NONE', #3349, .T. ) ;
#3401 = EDGE_CURVE ( 'NONE', #7151, #5756, #1725, .T. ) ;
#3402 = PRESENTATION_LAYER_ASSIGNMENT (  '', '', ( #2955 ) ) ;
#3403 = STYLED_ITEM ( 'NONE', ( #1600 ), #8288 ) ;
#3404 = ORIENTED_EDGE ( 'NONE', *, *, #407, .F. ) ;
#3405 = PRESENTATION_LAYER_ASSIGNMENT (  '', '', ( #2551 ) ) ;
#3406 = B_SPLINE_CURVE_WITH_KNOTS ( 'NONE', 3,
 ( #949, #2173, #5359, #5388, #1588, #6045, #2228 ),
 .UNSPECIFIED., .F., .F.,
 ( 4, 3, 4 ),
 ( 0.0000000000000000000, 0.0007624490145600580200, 0.001476255674934940500 ),
 .UNSPECIFIED. ) ;
#3407 = VERTEX_POINT ( 'NONE', #1470 ) ;
#3408 =( BOUNDED_SURFACE ( )  B_SPLINE_SURFACE ( 3, 2, ( 
 ( #6025, #1540, #2232 ),
 ( #6710, #2861, #7360 ),
 ( #3492, #7999, #4135 ),
 ( #343, #4773, #977 ),
 ( #5421, #1613, #6076 ),
 ( #2253, #6738, #2886 ),
 ( #7386, #3517, #8027 ),
 ( #4156, #373, #4802 ),
 ( #1003, #5447, #1638 ),
 ( #6100, #2279, #6763 ) ),
 .UNSPECIFIED., .F., .F., .T. ) 
 B_SPLINE_SURFACE_WITH_KNOTS ( ( 4, 2, 2, 2, 4 ),
 ( 3, 3 ),
 ( -2.940898392866930800E-018, 0.0001199729598204949000, 0.0002399459196409927600, 0.0003599188794614905900, 0.0004798918392819884500 ),
 ( 0.0000000000000000000, 1.000000000000000000 ),
 .UNSPECIFIED. ) 
 GEOMETRIC_REPRESENTATION_ITEM ( )  RATIONAL_B_SPLINE_SURFACE ( (
 ( 1.000000000000000000, 0.5690035219446304400, 1.000000000000000000),
 ( 1.000000000000000000, 0.5743875454646081300, 1.000000000000000000),
 ( 1.000000000000000000, 0.6220222835644331200, 1.000000000000000000),
 ( 1.000000000000000000, 0.7043631999360133700, 1.000000000000000000),
 ( 1.000000000000000000, 0.7383799745433306000, 1.000000000000000000),
 ( 1.000000000000000000, 0.7386471029161485500, 1.000000000000000000),
 ( 1.000000000000000000, 0.7044708702003280600, 1.000000000000000000),
 ( 1.000000000000000000, 0.6219754216777765300, 1.000000000000000000),
 ( 1.000000000000000000, 0.5745583296905693000, 1.000000000000000000),
 ( 1.000000000000000000, 0.5690035219446876200, 1.000000000000000000) ) ) 
 REPRESENTATION_ITEM ( '' )  SURFACE ( )  );
#3409 = CARTESIAN_POINT ( 'NONE',  ( 0.1268501812331365700, 0.3528226890956158700, -0.4253563166573631800 ) ) ;
#3410 = CARTESIAN_POINT ( 'NONE',  ( -0.2549999999999998400, 1.395000000000000000, 0.0000000000000000000 ) ) ;
#3411 = DIRECTION ( 'NONE',  ( 1.000000000000000000, 0.0000000000000000000, 0.0000000000000000000 ) ) ;
#3412 = DIRECTION ( 'NONE',  ( -1.224646799147353200E-016, -1.772742006221665100E-032, 1.000000000000000000 ) ) ;
#3413 = ORIENTED_EDGE ( 'NONE', *, *, #4847, .F. ) ;
#3414 = UNCERTAINTY_MEASURE_WITH_UNIT (LENGTH_MEASURE( 1.000000000000000100E-005 ), #235, 'distance_accuracy_value', 'NONE');
#3415 = CARTESIAN_POINT ( 'NONE',  ( 0.7265572809000083700, -1.294999999999999900, 1.633278640450004400 ) ) ;
#3416 = VERTEX_POINT ( 'NONE', #6588 ) ;
#3417 = CARTESIAN_POINT ( 'NONE',  ( -0.6499999999999994700, 0.6449999999999998000, 0.0000000000000000000 ) ) ;
#3418 = CYLINDRICAL_SURFACE ( 'NONE', #8054, 0.1000000000000000300 ) ;
#3419 = AXIS2_PLACEMENT_3D ( 'NONE', #7608, #3743, #8263 ) ;
#3420 = SURFACE_STYLE_USAGE ( .BOTH. , #7266 ) ;
#3421 = SURFACE_SIDE_STYLE ('',( #7389 ) ) ;
#3422 = DIRECTION ( 'NONE',  ( -1.000000000000000000, -0.0000000000000000000, -1.084202172485504000E-015 ) ) ;
#3423 = EDGE_CURVE ( 'NONE', #2718, #7294, #1542, .T. ) ;
#3424 = DIRECTION ( 'NONE',  ( 1.224646799147353700E-016, 0.0000000000000000000, -1.000000000000000000 ) ) ;
#3425 =( NAMED_UNIT ( * ) PLANE_ANGLE_UNIT ( ) SI_UNIT ( $, .RADIAN. ) );
#3426 = CARTESIAN_POINT ( 'NONE',  ( 0.1249999999999997400, 0.2666198487095638400, -0.3897197719169306400 ) ) ;
#3427 = FACE_OUTER_BOUND ( 'NONE', #7403, .T. ) ;
#3428 = EDGE_LOOP ( 'NONE', ( #1370, #5346, #1111, #8198 ) ) ;
#3429 = ORIENTED_EDGE ( 'NONE', *, *, #925, .T. ) ;
#3430 = CARTESIAN_POINT ( 'NONE',  ( 0.9581966011250105900, 1.395000000000000000, 1.169999999999999900 ) ) ;
#3431 = FILL_AREA_STYLE ('',( #7901 ) ) ;
#3432 = FACE_OUTER_BOUND ( 'NONE', #477, .T. ) ;
#3433 = DIRECTION ( 'NONE',  ( -1.000000000000000000, -2.382861917550561300E-016, 0.0000000000000000000 ) ) ;
#3434 = AXIS2_PLACEMENT_3D ( 'NONE', #5995, #4107, #310 ) ;
#3435 = ORIENTED_EDGE ( 'NONE', *, *, #5526, .F. ) ;
#3436 = CARTESIAN_POINT ( 'NONE',  ( 0.02881990011208674500, -1.168021611727237100, 0.2671171085750632700 ) ) ;
#3437 = CARTESIAN_POINT ( 'NONE',  ( 0.04575581247760836200, -1.157046485537193600, -0.2511402095542419900 ) ) ;
#3438 = DIRECTION ( 'NONE',  ( -1.447553700753488400E-016, 1.000000000000000000, -0.0000000000000000000 ) ) ;
#3439 = CARTESIAN_POINT ( 'NONE',  ( -1.270000000000000000, -1.294999999999999900, -0.6700000000000002600 ) ) ;
#3440 = ORIENTED_EDGE ( 'NONE', *, *, #4960, .F. ) ;
#3441 = STYLED_ITEM ( 'NONE', ( #7791 ), #1759 ) ;
#3442 = DIRECTION ( 'NONE',  ( -2.168404344971007700E-015, 0.0000000000000000000, -1.000000000000000000 ) ) ;
#3443 = EDGE_CURVE ( 'NONE', #4346, #2379, #5976, .T. ) ;
#3444 = MECHANICAL_DESIGN_GEOMETRIC_PRESENTATION_REPRESENTATION (  '', ( #2176 ), #3871 ) ;
#3445 = CARTESIAN_POINT ( 'NONE',  ( -1.270000000000000000, -1.294999999999999900, 0.6700000000000002600 ) ) ;
#3446 = UNCERTAINTY_MEASURE_WITH_UNIT (LENGTH_MEASURE( 1.000000000000000100E-005 ), #3944, 'distance_accuracy_value', 'NONE');
#3447 = PLANE ( 'NONE',  #1249 ) ;
#3448 = AXIS2_PLACEMENT_3D ( 'NONE', #5567, #3617, #1134 ) ;
#3449 = ORIENTED_EDGE ( 'NONE', *, *, #2221, .F. ) ;
#3450 = DIRECTION ( 'NONE',  ( -0.4472135954999579300, 0.0000000000000000000, -0.8944271909999158600 ) ) ;
#3451 = ORIENTED_EDGE ( 'NONE', *, *, #2243, .T. ) ;
#3452 = CARTESIAN_POINT ( 'NONE',  ( 0.04784238332212933900, -1.168868921937331400, 0.2301144326776780900 ) ) ;
#3453 = APPLICATION_CONTEXT ( 'automotive_design' ) ;
#3454 = VECTOR ( 'NONE', #2534, 1000.000000000000000 ) ;
#3455 = FACE_BOUND ( 'NONE', #190, .T. ) ;
#3456 = SURFACE_STYLE_USAGE ( .BOTH. , #7320 ) ;
#3457 = ORIENTED_EDGE ( 'NONE', *, *, #5898, .T. ) ;
#3458 = CARTESIAN_POINT ( 'NONE',  ( -0.02994456013349137600, -1.151245959617459300, -0.2721492054816726500 ) ) ;
#3459 = CARTESIAN_POINT ( 'NONE',  ( -0.1518986748799022700, 0.2634659119459659100, 0.4083876577056279600 ) ) ;
#3460 = EDGE_CURVE ( 'NONE', #2332, #1820, #6831, .T. ) ;
#3461 =( GEOMETRIC_REPRESENTATION_CONTEXT ( 3 ) GLOBAL_UNCERTAINTY_ASSIGNED_CONTEXT ( ( #1877 ) ) GLOBAL_UNIT_ASSIGNED_CONTEXT ( ( #355, #4781, #984 ) ) REPRESENTATION_CONTEXT ( 'NONE', 'WORKASPACE' ) );
#3462 =( NAMED_UNIT ( * ) SI_UNIT ( $, .STERADIAN. ) SOLID_ANGLE_UNIT ( ) );
#3463 = ORIENTED_EDGE ( 'NONE', *, *, #3684, .F. ) ;
#3464 = CARTESIAN_POINT ( 'NONE',  ( -0.02569775370701050600, -1.214592167211121700, -0.1842807855835626200 ) ) ;
#3465 = CIRCLE ( 'NONE', #2900, 0.6399999999999993500 ) ;
#3466 = DIRECTION ( 'NONE',  ( -0.4472135954999583200, 0.0000000000000000000, -0.8944271909999156300 ) ) ;
#3467 =( NAMED_UNIT ( * ) PLANE_ANGLE_UNIT ( ) SI_UNIT ( $, .RADIAN. ) );
#3468 = CARTESIAN_POINT ( 'NONE',  ( -0.6099999999999993200, -0.1614911064067356400, 0.0000000000000000000 ) ) ;
#3469 = CARTESIAN_POINT ( 'NONE',  ( 0.1062839540284086100, 0.3413336619116434900, -0.3950903978317718000 ) ) ;
#3470 = COLOUR_RGB ( '',0.1098039215686274500, 0.1098039215686274500, 0.1098039215686274500 ) ;
#3471 = VERTEX_POINT ( 'NONE', #2141 ) ;
#3472 = MECHANICAL_DESIGN_GEOMETRIC_PRESENTATION_REPRESENTATION (  '', ( #2636 ), #3912 ) ;
#3473 = CARTESIAN_POINT ( 'NONE',  ( -0.8999999999999995800, 1.345000000000000000, 0.0000000000000000000 ) ) ;
#3474 = CARTESIAN_POINT ( 'NONE',  ( 1.270000000000000200, -1.294999999999999900, -0.7699999999999988000 ) ) ;
#3475 = CARTESIAN_POINT ( 'NONE',  ( 0.1249999999999997400, 0.2666198487095638400, 0.4322904116447698900 ) ) ;
#3476 = ITEM_DEFINED_TRANSFORMATION ( 'NONE', 'NONE', #1964,  #5104 ) ;
#3477 = EDGE_LOOP ( 'NONE', ( #2781, #4517, #3413, #6387 ) ) ;
#3478 = CIRCLE ( 'NONE', #7420, 0.4588477818713311300 ) ;
#3479 = CARTESIAN_POINT ( 'NONE',  ( 7.627114925224592900E-017, -0.1520042734262303000, 0.0000000000000000000 ) ) ;
#3480 = AXIS2_PLACEMENT_3D ( 'NONE', #3976, #192, #4604 ) ;
#3481 = SURFACE_STYLE_USAGE ( .BOTH. , #1626 ) ;
#3482 = EDGE_CURVE ( 'NONE', #7934, #2352, #4454, .T. ) ;
#3483 = ORIENTED_EDGE ( 'NONE', *, *, #4030, .T. ) ;
#3484 = DIRECTION ( 'NONE',  ( 1.447553700753488400E-016, -1.000000000000000000, 0.0000000000000000000 ) ) ;
#3485 = FILL_AREA_STYLE_COLOUR ( '', #4230 ) ;
#3486 = ORIENTED_EDGE ( 'NONE', *, *, #3946, .F. ) ;
#3487 = AXIS2_PLACEMENT_3D ( 'NONE', #5929, #2098, #6575 ) ;
#3488 = DIRECTION ( 'NONE',  ( 1.447553700753488400E-016, -1.000000000000000000, 0.0000000000000000000 ) ) ;
#3489 = DIRECTION ( 'NONE',  ( 1.224646799147353200E-016, 1.772742006221665100E-032, 1.000000000000000000 ) ) ;
#3490 =( LENGTH_UNIT ( ) NAMED_UNIT ( * ) SI_UNIT ( .MILLI., .METRE. ) );
#3491 = ORIENTED_EDGE ( 'NONE', *, *, #2375, .F. ) ;
#3492 = CARTESIAN_POINT ( 'NONE',  ( 0.1146542273754586100, 0.3356676672909724700, -0.4026721302470695500 ) ) ;
#3493 = ORIENTED_EDGE ( 'NONE', *, *, #2802, .F. ) ;
#3494 = B_SPLINE_CURVE_WITH_KNOTS ( 'NONE', 3,
 ( #7344, #324, #960, #5400 ),
 .UNSPECIFIED., .F., .F.,
 ( 4, 4 ),
 ( 0.0000000000000000000, 3.799199606259057900E-006 ),
 .UNSPECIFIED. ) ;
#3495 = DIRECTION ( 'NONE',  ( -1.447553700753488400E-016, 1.000000000000000000, -0.0000000000000000000 ) ) ;
#3496 = COLOUR_RGB ( '',0.1098039215686274500, 0.1098039215686274500, 0.1098039215686274500 ) ;
#3497 = CIRCLE ( 'NONE', #7378, 0.1000000000000000500 ) ;
#3498 = ORIENTED_EDGE ( 'NONE', *, *, #4761, .F. ) ;
#3499 = DIRECTION ( 'NONE',  ( -1.447553700753488400E-016, 1.000000000000000000, -0.0000000000000000000 ) ) ;
#3500 = FILL_AREA_STYLE ('',( #2841 ) ) ;
#3501 = CARTESIAN_POINT ( 'NONE',  ( -0.04601138224001801600, -1.166829375397006000, 0.2417714373386533100 ) ) ;
#3502 = SURFACE_STYLE_USAGE ( .BOTH. , #7370 ) ;
#3503 = CONICAL_SURFACE ( 'NONE', #1986, 0.2999999999999998200, 1.479865287713163700 ) ;
#3504 = EDGE_CURVE ( 'NONE', #4481, #7678, #5112, .T. ) ;
#3505 = AXIS2_PLACEMENT_3D ( 'NONE', #2417, #4961, #1157 ) ;
#3506 = LINE ( 'NONE', #303, #5215 ) ;
#3507 = ORIENTED_EDGE ( 'NONE', *, *, #6023, .F. ) ;
#3508 = CARTESIAN_POINT ( 'NONE',  ( -0.1239110127981550400, 0.3543379074933982700, 0.4262809643909963900 ) ) ;
#3509 = CARTESIAN_POINT ( 'NONE',  ( -0.1518986748799416600, 0.2634659119465385700, 0.4083876577056690900 ) ) ;
#3510 = CARTESIAN_POINT ( 'NONE',  ( -1.476660268557142200E-016, 1.395000000000000000, 0.0000000000000000000 ) ) ;
#3511 =( LENGTH_UNIT ( ) NAMED_UNIT ( * ) SI_UNIT ( .MILLI., .METRE. ) );
#3512 = DIRECTION ( 'NONE',  ( -0.5388493481949876400, -0.8259325522866634000, -0.1657612711795941900 ) ) ;
#3513 = VERTEX_POINT ( 'NONE', #6614 ) ;
#3514 = EDGE_LOOP ( 'NONE', ( #4502, #5609, #7796, #661, #6002, #1496, #85, #7241 ) ) ;
#3515 = EDGE_CURVE ( 'NONE', #5196, #4442, #3222, .T. ) ;
#3516 = SURFACE_SIDE_STYLE ('',( #5721 ) ) ;
#3517 = CARTESIAN_POINT ( 'NONE',  ( -0.07411116470188942900, 0.3812232247313666600, -0.4409209925919451700 ) ) ;
#3518 = CARTESIAN_POINT ( 'NONE',  ( -1.476660268557142200E-016, 1.395000000000000000, 0.0000000000000000000 ) ) ;
#3519 =( GEOMETRIC_REPRESENTATION_CONTEXT ( 3 ) GLOBAL_UNCERTAINTY_ASSIGNED_CONTEXT ( ( #7730 ) ) GLOBAL_UNIT_ASSIGNED_CONTEXT ( ( #3661, #8190, #4307 ) ) REPRESENTATION_CONTEXT ( 'NONE', 'WORKASPACE' ) );
#3520 = DIRECTION ( 'NONE',  ( -1.447553700753488400E-016, 1.000000000000000000, -0.0000000000000000000 ) ) ;
#3521 = CARTESIAN_POINT ( 'NONE',  ( 0.9581966011250105900, -1.395000000000000000, -1.170000000000000200 ) ) ;
#3522 = COLOUR_RGB ( '',0.1098039215686274500, 0.1098039215686274500, 0.1098039215686274500 ) ;
#3523 = VERTEX_POINT ( 'NONE', #1552 ) ;
#3524 = CARTESIAN_POINT ( 'NONE',  ( 7.627114925224592900E-017, -0.1520042734262303000, 0.0000000000000000000 ) ) ;
#3525 = PRODUCT_DEFINITION_SHAPE ( 'NONE', 'NONE',  #8298 ) ;
#3526 = CARTESIAN_POINT ( 'NONE',  ( 0.1069180516808264200, 0.3402937159746543500, -0.3947436973228082300 ) ) ;
#3527 = STYLED_ITEM ( 'NONE', ( #2603 ), #828 ) ;
#3528 = DIRECTION ( 'NONE',  ( -1.447553700753488400E-016, 1.000000000000000000, -0.0000000000000000000 ) ) ;
#3529 = STYLED_ITEM ( 'NONE', ( #1998 ), #5060 ) ;
#3530 = EDGE_CURVE ( 'NONE', #268, #2044, #4709, .T. ) ;
#3531 = VERTEX_POINT ( 'NONE', #7956 ) ;
#3532 = PRESENTATION_LAYER_ASSIGNMENT (  '', '', ( #3114 ) ) ;
#3533 =( LENGTH_UNIT ( ) NAMED_UNIT ( * ) SI_UNIT ( .MILLI., .METRE. ) );
#3534 = B_SPLINE_CURVE_WITH_KNOTS ( 'NONE', 3,
 ( #2131, #6604, #2766, #5504, #1690, #6159, #2338, #6815, #2964, #7466, #3597, #8109, #4233, #450, #4893, #1083, #5537, #1718, #6187 ),
 .UNSPECIFIED., .F., .F.,
 ( 4, 3, 3, 3, 3, 3, 4 ),
 ( 0.0000000000000000000, 5.273509962903253000E-006, 1.049801969254637100E-005, 1.803078722487466900E-005, 2.855146381452485800E-005, 3.844086914946557900E-005, 3.936707361176793100E-005 ),
 .UNSPECIFIED. ) ;
#3535 = B_SPLINE_CURVE_WITH_KNOTS ( 'NONE', 3,
 ( #3508, #5410, #364, #4792, #994, #5435, #1628 ),
 .UNSPECIFIED., .F., .F.,
 ( 4, 3, 4 ),
 ( 2.264067126726741200E-013, 3.094920418580558500E-006, 4.109109717361388900E-006 ),
 .UNSPECIFIED. ) ;
#3536 = CIRCLE ( 'NONE', #698, 0.4439249933206987400 ) ;
#3537 = VERTEX_POINT ( 'NONE', #5940 ) ;
#3538 = CARTESIAN_POINT ( 'NONE',  ( -0.04978749811896327600, -1.205082627581610000, -0.2976813273944591800 ) ) ;
#3539 = PRESENTATION_STYLE_ASSIGNMENT (( #7697 ) ) ;
#3540 = CARTESIAN_POINT ( 'NONE',  ( -0.1278117220596704200, 0.3519517919554891500, -0.4249873577361872900 ) ) ;
#3541 = DIRECTION ( 'NONE',  ( -1.000000000000000000, 0.0000000000000000000, 0.0000000000000000000 ) ) ;
#3542 = EDGE_CURVE ( 'NONE', #6519, #1682, #6430, .T. ) ;
#3543 = PRESENTATION_STYLE_ASSIGNMENT (( #3975 ) ) ;
#3544 =( GEOMETRIC_REPRESENTATION_CONTEXT ( 3 ) GLOBAL_UNCERTAINTY_ASSIGNED_CONTEXT ( ( #2835 ) ) GLOBAL_UNIT_ASSIGNED_CONTEXT ( ( #6943, #3093, #7595 ) ) REPRESENTATION_CONTEXT ( 'NONE', 'WORKASPACE' ) );
#3545 = FILL_AREA_STYLE_COLOUR ( '', #4768 ) ;
#3546 = STYLED_ITEM ( 'NONE', ( #4842 ), #5881 ) ;
#3547 = CARTESIAN_POINT ( 'NONE',  ( -0.02774497406672117900, -1.184055421978853900, -0.1902816586707158400 ) ) ;
#3548 = ORIENTED_EDGE ( 'NONE', *, *, #5171, .F. ) ;
#3549 = CARTESIAN_POINT ( 'NONE',  ( 0.04766718213785989300, -1.235051256741154500, 0.2952605299453507900 ) ) ;
#3550 = CARTESIAN_POINT ( 'NONE',  ( 0.9581966011250104800, -1.294999999999999900, 1.169999999999999900 ) ) ;
#3551 =( LENGTH_UNIT ( ) NAMED_UNIT ( * ) SI_UNIT ( .MILLI., .METRE. ) );
#3552 = DIRECTION ( 'NONE',  ( -0.0000000000000000000, -0.0000000000000000000, -1.000000000000000000 ) ) ;
#3553 = ORIENTED_EDGE ( 'NONE', *, *, #4410, .F. ) ;
#3554 = CARTESIAN_POINT ( 'NONE',  ( -0.02938698221212796300, -1.159562902564538600, 0.2705623892716492700 ) ) ;
#3555 =( NAMED_UNIT ( * ) SI_UNIT ( $, .STERADIAN. ) SOLID_ANGLE_UNIT ( ) );
#3556 = ORIENTED_EDGE ( 'NONE', *, *, #4976, .F. ) ;
#3557 = VERTEX_POINT ( 'NONE', #7980 ) ;
#3558 =( NAMED_UNIT ( * ) PLANE_ANGLE_UNIT ( ) SI_UNIT ( $, .RADIAN. ) );
#3559 = EDGE_CURVE ( 'NONE', #157, #8083, #3010, .T. ) ;
#3560 = AXIS2_PLACEMENT_3D ( 'NONE', #3745, #8266, #6985 ) ;
#3561 = CARTESIAN_POINT ( 'NONE',  ( -0.02820282449103557100, -1.222213169675451700, 0.2871043138259515300 ) ) ;
#3562 = DIRECTION ( 'NONE',  ( -1.000000000000000000, -1.447553700753488400E-016, 0.0000000000000000000 ) ) ;
#3563 = EDGE_LOOP ( 'NONE', ( #3210, #3649, #1849 ) ) ;
#3564 = CARTESIAN_POINT ( 'NONE',  ( 2.975399468465875600E-018, 0.3543379074933980000, 0.0000000000000000000 ) ) ;
#3565 = SURFACE_STYLE_USAGE ( .BOTH. , #7437 ) ;
#3566 = CARTESIAN_POINT ( 'NONE',  ( 4.372059361754880500E-016, -1.147437826952683300, 0.0000000000000000000 ) ) ;
#3567 = DIRECTION ( 'NONE',  ( 1.000000000000000000, 0.0000000000000000000, 0.0000000000000000000 ) ) ;
#3568 = CARTESIAN_POINT ( 'NONE',  ( 0.3293303437365931500, -2.845000000000000600, 4.033133513191157700E-017 ) ) ;
#3569 = CARTESIAN_POINT ( 'NONE',  ( -0.02751749980527845200, -1.187448473213238900, 0.2283363398061075400 ) ) ;
#3570 = MECHANICAL_DESIGN_GEOMETRIC_PRESENTATION_REPRESENTATION (  '', ( #2748 ), #4020 ) ;
#3571 =( GEOMETRIC_REPRESENTATION_CONTEXT ( 3 ) GLOBAL_UNCERTAINTY_ASSIGNED_CONTEXT ( ( #8033 ) ) GLOBAL_UNIT_ASSIGNED_CONTEXT ( ( #7911, #4048, #264 ) ) REPRESENTATION_CONTEXT ( 'NONE', 'WORKASPACE' ) );
#3572 = COLOUR_RGB ( '',1.000000000000000000, 0.8117647058823529400, 0.5019607843137254800 ) ;
#3573 = ORIENTED_EDGE ( 'NONE', *, *, #7397, .F. ) ;
#3574 = AXIS2_PLACEMENT_3D ( 'NONE', #6711, #6049, #2233 ) ;
#3575 = CARTESIAN_POINT ( 'NONE',  ( 0.0000000000000000000, 1.395000000000000000, 1.270000000000000000 ) ) ;
#3576 = DIRECTION ( 'NONE',  ( 2.168404344971007700E-015, 0.0000000000000000000, -1.000000000000000000 ) ) ;
#3577 = DIRECTION ( 'NONE',  ( 1.447553700753488400E-016, -1.000000000000000000, 0.0000000000000000000 ) ) ;
#3578 = CARTESIAN_POINT ( 'NONE',  ( 2.315930427416997100E-016, -1.224999999999999400, 0.0000000000000000000 ) ) ;
#3579 = ORIENTED_EDGE ( 'NONE', *, *, #1151, .F. ) ;
#3580 = ORIENTED_EDGE ( 'NONE', *, *, #5101, .T. ) ;
#3581 = FACE_OUTER_BOUND ( 'NONE', #2966, .T. ) ;
#3582 = CARTESIAN_POINT ( 'NONE',  ( 0.03423523205739669600, 0.3955102401299158700, 0.4275961165459329400 ) ) ;
#3583 = AXIS2_PLACEMENT_3D ( 'NONE', #3807, #24, #4431 ) ;
#3584 =( LENGTH_UNIT ( ) NAMED_UNIT ( * ) SI_UNIT ( .MILLI., .METRE. ) );
#3585 = ADVANCED_FACE ( 'NONE', ( #6214 ), #2234, .T. ) ;
#3586 = EDGE_CURVE ( 'NONE', #5300, #839, #3921, .T. ) ;
#3587 = MECHANICAL_DESIGN_GEOMETRIC_PRESENTATION_REPRESENTATION (  '', ( #2762 ), #4032 ) ;
#3588 = ORIENTED_EDGE ( 'NONE', *, *, #5945, .F. ) ;
#3589 = AXIS2_PLACEMENT_3D ( 'NONE', #346, #4776, #981 ) ;
#3590 = B_SPLINE_CURVE_WITH_KNOTS ( 'NONE', 3,
 ( #4432, #2526, #1291, #5772, #1937, #6409 ),
 .UNSPECIFIED., .F., .F.,
 ( 4, 2, 4 ),
 ( 0.0003012468201662696100, 0.0004398806311457225100, 0.0005785144421251754700 ),
 .UNSPECIFIED. ) ;
#3591 = PLANE ( 'NONE',  #546 ) ;
#3592 = DIRECTION ( 'NONE',  ( -1.447553700753488400E-016, 1.000000000000000000, -0.0000000000000000000 ) ) ;
#3593 = CARTESIAN_POINT ( 'NONE',  ( 0.3939249933206984700, 1.395000000000000000, 4.824189821743360500E-017 ) ) ;
#3594 = CARTESIAN_POINT ( 'NONE',  ( -0.1281977007793275400, 0.3513788908262721100, 0.4248165135583653100 ) ) ;
#3595 = FACE_OUTER_BOUND ( 'NONE', #4159, .T. ) ;
#3596 = DIRECTION ( 'NONE',  ( -1.447553700753488400E-016, 1.000000000000000000, -0.0000000000000000000 ) ) ;
#3597 = CARTESIAN_POINT ( 'NONE',  ( 0.03638792666258104700, -1.216459714962222000, 0.2949462734239072200 ) ) ;
#3598 = FACE_OUTER_BOUND ( 'NONE', #1307, .T. ) ;
#3599 = FILL_AREA_STYLE ('',( #6165 ) ) ;
#3600 = CARTESIAN_POINT ( 'NONE',  ( -0.1250000000000000600, 0.2666198487095667900, -0.3792098549233096100 ) ) ;
#3601 = VECTOR ( 'NONE', #98, 1000.000000000000000 ) ;
#3602 = DIRECTION ( 'NONE',  ( 1.000000000000000000, 1.447553700753488400E-016, 0.0000000000000000000 ) ) ;
#3603 = ORIENTED_EDGE ( 'NONE', *, *, #407, .T. ) ;
#3604 = ORIENTED_EDGE ( 'NONE', *, *, #4111, .F. ) ;
#3605 = CARTESIAN_POINT ( 'NONE',  ( -0.9581966011250113700, 1.294999999999999900, -1.169999999999999900 ) ) ;
#3606 = EDGE_CURVE ( 'NONE', #4990, #6811, #7348, .T. ) ;
#3607 = CARTESIAN_POINT ( 'NONE',  ( -0.1135834303522510700, 0.3297828523441995700, 0.4015320659580412000 ) ) ;
#3608 = AXIS2_PLACEMENT_3D ( 'NONE', #888, #5316, #1522 ) ;
#3609 = CARTESIAN_POINT ( 'NONE',  ( 0.04623025374724068500, -1.167670199821964700, 0.2398263902832494200 ) ) ;
#3610 = CARTESIAN_POINT ( 'NONE',  ( -0.1250000000000000600, 0.2666198487095667900, 0.4322904116447698300 ) ) ;
#3611 = ORIENTED_EDGE ( 'NONE', *, *, #7197, .T. ) ;
#3612 = MECHANICAL_DESIGN_GEOMETRIC_PRESENTATION_REPRESENTATION (  '', ( #2786 ), #4061 ) ;
#3613 = CARTESIAN_POINT ( 'NONE',  ( -0.05723132828787978000, 0.3871995584329950800, -0.4236181109633331800 ) ) ;
#3614 = CARTESIAN_POINT ( 'NONE',  ( 0.04551227361517925400, -1.169838943210478300, 0.2414646074291948200 ) ) ;
#3615 = EDGE_LOOP ( 'NONE', ( #1942, #5715, #7601, #6348 ) ) ;
#3616 =( GEOMETRIC_REPRESENTATION_CONTEXT ( 3 ) GLOBAL_UNCERTAINTY_ASSIGNED_CONTEXT ( ( #4115 ) ) GLOBAL_UNIT_ASSIGNED_CONTEXT ( ( #3299, #7786, #3933 ) ) REPRESENTATION_CONTEXT ( 'NONE', 'WORKASPACE' ) );
#3617 = DIRECTION ( 'NONE',  ( -1.447553700753488400E-016, 1.000000000000000000, -0.0000000000000000000 ) ) ;
#3618 = SURFACE_STYLE_USAGE ( .BOTH. , #7495 ) ;
#3619 = ADVANCED_FACE ( 'NONE', ( #760 ), #345, .T. ) ;
#3620 = SURFACE_SIDE_STYLE ('',( #4959 ) ) ;
#3621 = CARTESIAN_POINT ( 'NONE',  ( 0.4588477818713310700, 0.9006430729718482000, 7.616941723444396100E-017 ) ) ;
#3622 = SURFACE_STYLE_FILL_AREA ( #7185 ) ;
#3623 = ORIENTED_EDGE ( 'NONE', *, *, #4278, .F. ) ;
#3624 = DIRECTION ( 'NONE',  ( 0.4472135954999579300, -0.0000000000000000000, -0.8944271909999158600 ) ) ;
#3625 = SURFACE_STYLE_FILL_AREA ( #6550 ) ;
#3626 = AXIS2_PLACEMENT_3D ( 'NONE', #1184, #5655, #1832 ) ;
#3627 = TOROIDAL_SURFACE ( 'NONE', #967, 0.4139249933206986000, 0.02000000000000000000 ) ;
#3628 = CARTESIAN_POINT ( 'NONE',  ( -0.04652516203801312200, -1.168374285843216200, -0.2375800498673373800 ) ) ;
#3629 = STYLED_ITEM ( 'NONE', ( #2873 ), #5182 ) ;
#3630 = EDGE_CURVE ( 'NONE', #6847, #4820, #1530, .T. ) ;
#3631 =( BOUNDED_SURFACE ( )  B_SPLINE_SURFACE ( 3, 2, ( 
 ( #7391, #377, #4807 ),
 ( #1009, #5455, #1643 ),
 ( #6107, #2288, #6769 ),
 ( #2914, #7415, #3549 ) ),
 .UNSPECIFIED., .F., .F., .T. ) 
 B_SPLINE_SURFACE_WITH_KNOTS ( ( 4, 4 ),
 ( 3, 3 ),
 ( 0.0000000000000000000, 0.001506231222728192900 ),
 ( 0.0000000000000000000, 1.000000000000000000 ),
 .UNSPECIFIED. ) 
 GEOMETRIC_REPRESENTATION_ITEM ( )  RATIONAL_B_SPLINE_SURFACE ( (
 ( 1.000000000000000000, 0.5690035219446320000, 1.000000000000000000),
 ( 1.000000000000000000, 0.5876933641502860600, 1.000000000000000000),
 ( 1.000000000000000000, 0.6105280666444312700, 1.000000000000000000),
 ( 1.000000000000000000, 0.6463599364788029700, 1.000000000000000000) ) ) 
 REPRESENTATION_ITEM ( '' )  SURFACE ( )  );
#3632 = STYLED_ITEM ( 'NONE', ( #5496 ), #7091 ) ;
#3633 = UNCERTAINTY_MEASURE_WITH_UNIT (LENGTH_MEASURE( 1.000000000000000100E-005 ), #5502, 'distance_accuracy_value', 'NONE');
#3634 = SURFACE_STYLE_FILL_AREA ( #2270 ) ;
#3635 = CARTESIAN_POINT ( 'NONE',  ( 2.234677677640099200E-016, -1.168868921937331600, 0.0000000000000000000 ) ) ;
#3636 = ORIENTED_EDGE ( 'NONE', *, *, #6115, .F. ) ;
#3637 = LINE ( 'NONE', #595, #289 ) ;
#3638 = B_SPLINE_CURVE_WITH_KNOTS ( 'NONE', 3,
 ( #1104, #4908, #469, #5562, #1739, #6209, #2383, #6859, #3012, #7515 ),
 .UNSPECIFIED., .F., .F.,
 ( 4, 3, 3, 4 ),
 ( -5.999999362804530600E-008, 1.402898318889934900E-021, 4.463062162023587400E-005, 7.802212435673681500E-005 ),
 .UNSPECIFIED. ) ;
#3639 = ORIENTED_EDGE ( 'NONE', *, *, #2761, .T. ) ;
#3640 = DIRECTION ( 'NONE',  ( -1.447553700753488400E-016, 1.000000000000000000, -0.0000000000000000000 ) ) ;
#3641 = MECHANICAL_DESIGN_GEOMETRIC_PRESENTATION_REPRESENTATION (  '', ( #2384 ), #4089 ) ;
#3642 = LINE ( 'NONE', #1171, #485 ) ;
#3643 = CARTESIAN_POINT ( 'NONE',  ( 0.1031155145766404200, 0.3461499768387556500, -0.4070139033081693900 ) ) ;
#3644 = FILL_AREA_STYLE_COLOUR ( '', #3470 ) ;
#3645 =( LENGTH_UNIT ( ) NAMED_UNIT ( * ) SI_UNIT ( .MILLI., .METRE. ) );
#3646 = SURFACE_SIDE_STYLE ('',( #7213 ) ) ;
#3647 = SURFACE_STYLE_USAGE ( .BOTH. , #7525 ) ;
#3648 = DIRECTION ( 'NONE',  ( 1.447553700753488400E-016, -1.000000000000000000, 0.0000000000000000000 ) ) ;
#3649 = ORIENTED_EDGE ( 'NONE', *, *, #606, .T. ) ;
#3650 = SURFACE_STYLE_USAGE ( .BOTH. , #7531 ) ;
#3651 =( NAMED_UNIT ( * ) PLANE_ANGLE_UNIT ( ) SI_UNIT ( $, .RADIAN. ) );
#3652 = FILL_AREA_STYLE ('',( #4921 ) ) ;
#3653 = EDGE_CURVE ( 'NONE', #5261, #1984, #543, .T. ) ;
#3654 = CARTESIAN_POINT ( 'NONE',  ( 0.03902835300765041700, -1.214358437060419500, -0.2961696417105038600 ) ) ;
#3655 = CIRCLE ( 'NONE', #3281, 0.6499999999999995800 ) ;
#3656 =( GEOMETRIC_REPRESENTATION_CONTEXT ( 3 ) GLOBAL_UNCERTAINTY_ASSIGNED_CONTEXT ( ( #6701 ) ) GLOBAL_UNIT_ASSIGNED_CONTEXT ( ( #191, #4603, #927 ) ) REPRESENTATION_CONTEXT ( 'NONE', 'WORKASPACE' ) );
#3657 = SPHERICAL_SURFACE ( 'NONE', #681, 0.2550000000000012300 ) ;
#3658 = ORIENTED_EDGE ( 'NONE', *, *, #6221, .F. ) ;
#3659 = CARTESIAN_POINT ( 'NONE',  ( 0.1249999999999997400, 0.2666198487095638400, -0.3897197719169303600 ) ) ;
#3660 = SURFACE_SIDE_STYLE ('',( #2775 ) ) ;
#3661 =( LENGTH_UNIT ( ) NAMED_UNIT ( * ) SI_UNIT ( .MILLI., .METRE. ) );
#3662 = CONTEXT_DEPENDENT_SHAPE_REPRESENTATION ( #5369, #1412 ) ;
#3663 = FACE_OUTER_BOUND ( 'NONE', #8251, .T. ) ;
#3664 = ADVANCED_FACE ( 'NONE', ( #2033 ), #3503, .F. ) ;
#3665 = DIRECTION ( 'NONE',  ( -1.000000000000000000, 0.0000000000000000000, 0.0000000000000000000 ) ) ;
#3666 = COLOUR_RGB ( '',0.1098039215686274500, 0.1098039215686274500, 0.1098039215686274500 ) ;
#3667 = ORIENTED_EDGE ( 'NONE', *, *, #6274, .T. ) ;
#3668 = EDGE_CURVE ( 'NONE', #6182, #7947, #5211, .T. ) ;
#3669 = TOROIDAL_SURFACE ( 'NONE', #6460, 0.5299470081275748900, 0.02000000000000000000 ) ;
#3670 =( LENGTH_UNIT ( ) NAMED_UNIT ( * ) SI_UNIT ( .MILLI., .METRE. ) );
#3671 = DIRECTION ( 'NONE',  ( 1.000000000000000000, 0.0000000000000000000, 2.168404344971008100E-015 ) ) ;
#3672 = ORIENTED_EDGE ( 'NONE', *, *, #2953, .T. ) ;
#3673 = CARTESIAN_POINT ( 'NONE',  ( -1.443225670682024200E-013, 997.3849999999999900, 0.0000000000000000000 ) ) ;
#3674 = SURFACE_SIDE_STYLE ('',( #7309 ) ) ;
#3675 = CARTESIAN_POINT ( 'NONE',  ( -1.433233657534537400E-016, 1.365000000000000000, 0.0000000000000000000 ) ) ;
#3676 = VERTEX_POINT ( 'NONE', #430 ) ;
#3677 = CARTESIAN_POINT ( 'NONE',  ( 0.05780390862092754700, -0.7356903878576970300, -0.3151364890231258000 ) ) ;
#3678 = SHAPE_REPRESENTATION ( '311-13-107-41-001000', ( #4090, #8137, #697, #1105, #1546, #1964, #2386, #2816 ), #3245 ) ;
#3679 = VECTOR ( 'NONE', #7456, 1000.000000000000000 ) ;
#3680 = CARTESIAN_POINT ( 'NONE',  ( 0.07510442366010837400, -0.6993505378357950400, -0.2884536770729557700 ) ) ;
#3681 = CIRCLE ( 'NONE', #1484, 0.1000000000000000500 ) ;
#3682 =( GEOMETRIC_REPRESENTATION_CONTEXT ( 3 ) GLOBAL_UNCERTAINTY_ASSIGNED_CONTEXT ( ( #5488 ) ) GLOBAL_UNIT_ASSIGNED_CONTEXT ( ( #6832, #2983, #7487 ) ) REPRESENTATION_CONTEXT ( 'NONE', 'WORKASPACE' ) );
#3683 = AXIS2_PLACEMENT_3D ( 'NONE', #4508, #5837, #1999 ) ;
#3684 = EDGE_CURVE ( 'NONE', #4719, #7826, #66, .T. ) ;
#3685 = UNCERTAINTY_MEASURE_WITH_UNIT (LENGTH_MEASURE( 1.000000000000000100E-005 ), #7761, 'distance_accuracy_value', 'NONE');
#3686 = EDGE_LOOP ( 'NONE', ( #4899, #5358 ) ) ;
#3687 = CARTESIAN_POINT ( 'NONE',  ( 4.660967422637649700E-016, -2.845000000000000600, 0.0000000000000000000 ) ) ;
#3688 = SURFACE_SIDE_STYLE ('',( #74 ) ) ;
#3689 = ORIENTED_EDGE ( 'NONE', *, *, #7043, .T. ) ;
#3690 = CARTESIAN_POINT ( 'NONE',  ( -0.1069241233671462100, 0.3402872455622189500, -0.3947430299118231400 ) ) ;
#3691 = VECTOR ( 'NONE', #2733, 1000.000000000000000 ) ;
#3692 = CIRCLE ( 'NONE', #6069, 0.01999999999999999700 ) ;
#3693 = CLOSED_SHELL ( 'NONE', ( #7775, #4499, #6421, #2562, #7011, #6330, #4498, #4456, #611, #206, #7140, #6931, #790, #5572, #7734, #3356, #2063, #5273, #3664, #3619, #6963, #81, #5229, #7862, #6238, #5797, #7651, #7190, #2561, #7774, #2731, #4587, #3270, #1098, #5752, #4373, #6511, #5798, #6160, #3978, #6284, #2646, #1932, #4845, #2688, #4972, #1345, #6371, #3355, #2025, #7527, #1302, #3134, #166, #7092, #4894, #5274, #2483, #1390, #694, #6799, #7192, #3713, #3268, #5100, #7237, #3318 ) ) ;
#3694 = CARTESIAN_POINT ( 'NONE',  ( 7.787932489870814600E-017, -0.1631138830084181100, 0.0000000000000000000 ) ) ;
#3695 = CARTESIAN_POINT ( 'NONE',  ( -0.09950373417811581000, -0.4951457862975171000, -0.3527858476656498500 ) ) ;
#3696 = B_SPLINE_CURVE_WITH_KNOTS ( 'NONE', 3,
 ( #972, #5413, #2880, #7382 ),
 .UNSPECIFIED., .F., .F.,
 ( 4, 4 ),
 ( 0.0000000000000000000, 2.958413376378102500E-006 ),
 .UNSPECIFIED. ) ;
#3697 = DIRECTION ( 'NONE',  ( 0.0000000000000000000, 1.000000000000000000, 0.0000000000000000000 ) ) ;
#3698 = PRESENTATION_STYLE_ASSIGNMENT (( #4885 ) ) ;
#3699 = EDGE_CURVE ( 'NONE', #1984, #4471, #5408, .T. ) ;
#3700 = CIRCLE ( 'NONE', #7271, 0.2956967040367773900 ) ;
#3701 = AXIS2_PLACEMENT_3D ( 'NONE', #212, #158, #3384 ) ;
#3702 = AXIS2_PLACEMENT_3D ( 'NONE', #744, #5167, #3920 ) ;
#3703 = LINE ( 'NONE', #8217, #5623 ) ;
#3704 = DIRECTION ( 'NONE',  ( 1.000000000000000000, 1.232047923278983400E-016, 0.0000000000000000000 ) ) ;
#3705 =( NAMED_UNIT ( * ) PLANE_ANGLE_UNIT ( ) SI_UNIT ( $, .RADIAN. ) );
#3706 = DIRECTION ( 'NONE',  ( 0.0000000000000000000, 0.0000000000000000000, 1.000000000000000000 ) ) ;
#3707 = ORIENTED_EDGE ( 'NONE', *, *, #3895, .F. ) ;
#3708 = FILL_AREA_STYLE_COLOUR ( '', #601 ) ;
#3709 = CARTESIAN_POINT ( 'NONE',  ( -0.2368513167469087600, -1.148951549518942000, 0.0000000000000000000 ) ) ;
#3710 =( NAMED_UNIT ( * ) SI_UNIT ( $, .STERADIAN. ) SOLID_ANGLE_UNIT ( ) );
#3711 = SURFACE_STYLE_FILL_AREA ( #599 ) ;
#3712 = CARTESIAN_POINT ( 'NONE',  ( 0.02864714725154843300, -1.170598427684239800, 0.03799772065156824900 ) ) ;
#3713 = ADVANCED_FACE ( 'NONE', ( #7135 ), #6850, .T. ) ;
#3714 = ORIENTED_EDGE ( 'NONE', *, *, #3927, .F. ) ;
#3715 = ORIENTED_EDGE ( 'NONE', *, *, #3081, .T. ) ;
#3716 = FILL_AREA_STYLE_COLOUR ( '', #7751 ) ;
#3717 = DIRECTION ( 'NONE',  ( -1.447553700753488400E-016, 1.000000000000000000, -0.0000000000000000000 ) ) ;
#3718 = ORIENTED_EDGE ( 'NONE', *, *, #6694, .F. ) ;
#3719 = CARTESIAN_POINT ( 'NONE',  ( 0.1249999999999997400, 0.2666198487095638400, 0.3792098549233096100 ) ) ;
#3720 = FACE_OUTER_BOUND ( 'NONE', #3820, .T. ) ;
#3721 = EDGE_LOOP ( 'NONE', ( #8244, #3757, #3020, #1908 ) ) ;
#3722 = EDGE_CURVE ( 'NONE', #6182, #3557, #3703, .T. ) ;
#3723 =( LENGTH_UNIT ( ) NAMED_UNIT ( * ) SI_UNIT ( .MILLI., .METRE. ) );
#3724 =( GEOMETRIC_REPRESENTATION_CONTEXT ( 3 ) GLOBAL_UNCERTAINTY_ASSIGNED_CONTEXT ( ( #5729 ) ) GLOBAL_UNIT_ASSIGNED_CONTEXT ( ( #512, #4947, #1144 ) ) REPRESENTATION_CONTEXT ( 'NONE', 'WORKASPACE' ) );
#3725 = COLOUR_RGB ( '',1.000000000000000000, 0.8117647058823529400, 0.5019607843137254800 ) ;
#3726 =( NAMED_UNIT ( * ) SI_UNIT ( $, .STERADIAN. ) SOLID_ANGLE_UNIT ( ) );
#3727 = CYLINDRICAL_SURFACE ( 'NONE', #2749, 0.1000000000000000500 ) ;
#3728 = ORIENTED_EDGE ( 'NONE', *, *, #6144, .T. ) ;
#3729 = CARTESIAN_POINT ( 'NONE',  ( 0.03489345785013747000, 0.4002055608028954300, 0.4299091601895319600 ) ) ;
#3730 = DIRECTION ( 'NONE',  ( 1.000000000000000000, 1.694065894508602400E-016, 0.0000000000000000000 ) ) ;
#3731 = DIRECTION ( 'NONE',  ( 1.000000000000000000, 1.777380610631976200E-016, 0.0000000000000000000 ) ) ;
#3732 = FACE_OUTER_BOUND ( 'NONE', #6478, .T. ) ;
#3733 = AXIS2_PLACEMENT_3D ( 'NONE', #3101, #7600, #3731 ) ;
#3734 = CARTESIAN_POINT ( 'NONE',  ( 0.08305999482976636500, -0.7318447519065445200, -0.3349989644292454300 ) ) ;
#3735 = STYLED_ITEM ( 'NONE', ( #6856 ), #6420 ) ;
#3736 = DIRECTION ( 'NONE',  ( -1.447553700753488400E-016, 1.000000000000000000, -0.0000000000000000000 ) ) ;
#3737 = CARTESIAN_POINT ( 'NONE',  ( 5.354393754902066400E-017, 0.005000000000000013100, 0.0000000000000000000 ) ) ;
#3738 = CARTESIAN_POINT ( 'NONE',  ( -0.04630770841790388800, -1.150767665139485100, -0.2525584207203315200 ) ) ;
#3739 = MECHANICAL_DESIGN_GEOMETRIC_PRESENTATION_REPRESENTATION (  '', ( #2053 ), #4163 ) ;
#3740 = CARTESIAN_POINT ( 'NONE',  ( -0.9581966011250113700, -1.294999999999999900, 1.169999999999999900 ) ) ;
#3741 = CIRCLE ( 'NONE', #7283, 0.4439249933206986800 ) ;
#3742 = ORIENTED_EDGE ( 'NONE', *, *, #1455, .F. ) ;
#3743 = DIRECTION ( 'NONE',  ( -2.168404344971008100E-015, -1.000000000000000000, 4.701977403289145800E-030 ) ) ;
#3744 = CIRCLE ( 'NONE', #711, 0.05000000000000002400 ) ;
#3745 = CARTESIAN_POINT ( 'NONE',  ( 0.9581966011250107100, -1.954016994374949500, -1.169999999999999900 ) ) ;
#3746 = DIRECTION ( 'NONE',  ( 0.0000000000000000000, 0.0000000000000000000, -1.000000000000000000 ) ) ;
#3747 = B_SPLINE_CURVE_WITH_KNOTS ( 'NONE', 3,
 ( #4201, #2933, #1051, #5500, #1686, #6155, #2336, #6810, #2960, #7462, #3594, #8104, #4227 ),
 .UNSPECIFIED., .F., .F.,
 ( 4, 3, 3, 3, 4 ),
 ( -9.073564082472430400E-005, -4.915593262118871100E-005, 2.710505431213761100E-020, 3.552410090685093000E-006, 5.687065975415114800E-006 ),
 .UNSPECIFIED. ) ;
#3748 = CARTESIAN_POINT ( 'NONE',  ( 0.08239275522246065900, 0.3780331791112016000, 0.4037009401789560200 ) ) ;
#3749 = ORIENTED_EDGE ( 'NONE', *, *, #4847, .T. ) ;
#3750 = AXIS2_PLACEMENT_3D ( 'NONE', #4234, #455, #4896 ) ;
#3751 = VECTOR ( 'NONE', #5068, 1000.000000000000000 ) ;
#3752 = EDGE_CURVE ( 'NONE', #6867, #5767, #5335, .T. ) ;
#3753 = MECHANICAL_DESIGN_GEOMETRIC_PRESENTATION_REPRESENTATION (  '', ( #2491 ), #4175 ) ;
#3754 = DIRECTION ( 'NONE',  ( -1.000000000000000000, 0.0000000000000000000, 0.0000000000000000000 ) ) ;
#3755 =( NAMED_UNIT ( * ) PLANE_ANGLE_UNIT ( ) SI_UNIT ( $, .RADIAN. ) );
#3756 = CARTESIAN_POINT ( 'NONE',  ( 0.1250656858299103200, 0.2675996315863000100, -0.3655387589310533100 ) ) ;
#3757 = ORIENTED_EDGE ( 'NONE', *, *, #7616, .F. ) ;
#3758 = ADVANCED_FACE ( 'NONE', ( #1825 ), #7642, .T. ) ;
#3759 = CARTESIAN_POINT ( 'NONE',  ( 0.02667085682133423000, -1.200077168009462800, 2.299878373011538100E-020 ) ) ;
#3760 = FACE_OUTER_BOUND ( 'NONE', #4479, .T. ) ;
#3761 = CARTESIAN_POINT ( 'NONE',  ( -0.1518986748799353300, 0.2634659119465404000, 0.4083876577056067000 ) ) ;
#3762 = CARTESIAN_POINT ( 'NONE',  ( -0.4000000000000046300, -2.382506345545577700, 0.0000000000000000000 ) ) ;
#3763 = CIRCLE ( 'NONE', #5816, 0.8262454205064518900 ) ;
#3764 = ORIENTED_EDGE ( 'NONE', *, *, #2301, .F. ) ;
#3765 = CARTESIAN_POINT ( 'NONE',  ( 1.270000000000000000, 1.395000000000000000, 1.270000000000000000 ) ) ;
#3766 = CARTESIAN_POINT ( 'NONE',  ( -0.6099999999999995400, 1.395000000000000000, 0.0000000000000000000 ) ) ;
#3767 = CARTESIAN_POINT ( 'NONE',  ( 0.04146844141495233800, -0.9793534590814658700, 0.2961674417265896000 ) ) ;
#3768 = DIRECTION ( 'NONE',  ( 1.000000000000000000, 0.0000000000000000000, 0.0000000000000000000 ) ) ;
#3769 = DIRECTION ( 'NONE',  ( 1.000000000000000000, 1.447553700753488400E-016, 0.0000000000000000000 ) ) ;
#3770 = FACE_OUTER_BOUND ( 'NONE', #4582, .T. ) ;
#3771 = FACE_OUTER_BOUND ( 'NONE', #3686, .T. ) ;
#3772 = EDGE_LOOP ( 'NONE', ( #3269, #7256, #4697 ) ) ;
#3773 = CARTESIAN_POINT ( 'NONE',  ( 0.04804653408847845600, -1.166505905980542300, -0.2035534470247589200 ) ) ;
#3774 = VECTOR ( 'NONE', #4853, 1000.000000000000000 ) ;
#3775 = EDGE_CURVE ( 'NONE', #839, #4680, #1029, .T. ) ;
#3776 = DIRECTION ( 'NONE',  ( 0.0000000000000000000, 1.000000000000000000, 0.0000000000000000000 ) ) ;
#3777 = CARTESIAN_POINT ( 'NONE',  ( -0.09109214503312550200, -0.2391564462479854900, 0.3527891271054460800 ) ) ;
#3778 = AXIS2_PLACEMENT_3D ( 'NONE', #5125, #1323, #5795 ) ;
#3779 = FILL_AREA_STYLE ('',( #2518 ) ) ;
#3780 = ORIENTED_EDGE ( 'NONE', *, *, #1949, .T. ) ;
#3781 =( NAMED_UNIT ( * ) SI_UNIT ( $, .STERADIAN. ) SOLID_ANGLE_UNIT ( ) );
#3782 = DIRECTION ( 'NONE',  ( -1.447553700753488400E-016, 1.000000000000000000, -0.0000000000000000000 ) ) ;
#3783 = SURFACE_STYLE_FILL_AREA ( #2553 ) ;
#3784 = DIRECTION ( 'NONE',  ( 0.4472135954999579300, 0.0000000000000000000, -0.8944271909999158600 ) ) ;
#3785 = SURFACE_STYLE_FILL_AREA ( #612 ) ;
#3786 = VECTOR ( 'NONE', #7975, 1000.000000000000100 ) ;
#3787 = EDGE_CURVE ( 'NONE', #7505, #4180, #2729, .T. ) ;
#3788 = EDGE_LOOP ( 'NONE', ( #4404, #6821, #3869, #562 ) ) ;
#3789 = ORIENTED_EDGE ( 'NONE', *, *, #2091, .T. ) ;
#3790 = CARTESIAN_POINT ( 'NONE',  ( 0.09330660253071836100, -0.2061251586726536000, 0.3451767922991058100 ) ) ;
#3791 =( GEOMETRIC_REPRESENTATION_CONTEXT ( 3 ) GLOBAL_UNCERTAINTY_ASSIGNED_CONTEXT ( ( #1762 ) ) GLOBAL_UNIT_ASSIGNED_CONTEXT ( ( #3148, #7650, #3781 ) ) REPRESENTATION_CONTEXT ( 'NONE', 'WORKASPACE' ) );
#3792 = FILL_AREA_STYLE ('',( #616 ) ) ;
#3793 = CARTESIAN_POINT ( 'NONE',  ( 0.9581966011250107100, 1.294999999999999700, -1.169999999999999700 ) ) ;
#3794 = DIRECTION ( 'NONE',  ( -1.224646799147353200E-016, -1.772742006221665100E-032, 1.000000000000000000 ) ) ;
#3795 = CARTESIAN_POINT ( 'NONE',  ( 0.08248475381583772500, 0.3778919929144450900, -0.4036680754277612300 ) ) ;
#3796 = CARTESIAN_POINT ( 'NONE',  ( -0.05009764891080235900, -1.152798546761364200, 0.03076719300391886300 ) ) ;
#3797 = CIRCLE ( 'NONE', #4640, 0.8999999999999993600 ) ;
#3798 = UNCERTAINTY_MEASURE_WITH_UNIT (LENGTH_MEASURE( 1.000000000000000100E-005 ), #6874, 'distance_accuracy_value', 'NONE');
#3799 = EDGE_LOOP ( 'NONE', ( #3553, #4510, #3404, #6990 ) ) ;
#3800 = CARTESIAN_POINT ( 'NONE',  ( 0.9581966011250105900, -1.294999999999999900, -1.170000000000000200 ) ) ;
#3801 = CARTESIAN_POINT ( 'NONE',  ( 0.08696558840416908400, 0.3807734083607207700, 0.4354294820007256800 ) ) ;
#3802 = CARTESIAN_POINT ( 'NONE',  ( -0.4588477818713311800, 0.9006430729718479800, 0.0000000000000000000 ) ) ;
#3803 = ADVANCED_FACE ( 'NONE', ( #1222 ), #3809, .T. ) ;
#3804 = AXIS2_PLACEMENT_3D ( 'NONE', #7331, #4798, #998 ) ;
#3805 =( GEOMETRIC_REPRESENTATION_CONTEXT ( 3 ) GLOBAL_UNCERTAINTY_ASSIGNED_CONTEXT ( ( #447 ) ) GLOBAL_UNIT_ASSIGNED_CONTEXT ( ( #8072, #4199, #419 ) ) REPRESENTATION_CONTEXT ( 'NONE', 'WORKASPACE' ) );
#3806 = EDGE_CURVE ( 'NONE', #5775, #8090, #918, .T. ) ;
#3807 = CARTESIAN_POINT ( 'NONE',  ( -1.433233657534537400E-016, 1.395000000000000000, 0.0000000000000000000 ) ) ;
#3808 = DIRECTION ( 'NONE',  ( -0.0000000000000000000, -1.000000000000000000, -0.0000000000000000000 ) ) ;
#3809 = TOROIDAL_SURFACE ( 'NONE', #1404, 0.5000000000000051100, 0.05000000000000000300 ) ;
#3810 = AXIS2_PLACEMENT_3D ( 'NONE', #844, #7238, #1493 ) ;
#3811 = CARTESIAN_POINT ( 'NONE',  ( 0.5500000000000002700, -2.674289321881345000, 0.0000000000000000000 ) ) ;
#3812 = CARTESIAN_POINT ( 'NONE',  ( -0.05988091192383986100, 0.4068015591994114700, -0.3895472935269598300 ) ) ;
#3813 = SURFACE_STYLE_USAGE ( .BOTH. , #7666 ) ;
#3814 = CIRCLE ( 'NONE', #886, 0.6499999999999994700 ) ;
#3815 = FILL_AREA_STYLE_COLOUR ( '', #7239 ) ;
#3816 = CARTESIAN_POINT ( 'NONE',  ( 0.1049099008977495300, 0.3435871649238033700, -0.3790075054516300300 ) ) ;
#3817 = EDGE_CURVE ( 'NONE', #723, #7151, #431, .T. ) ;
#3818 = MECHANICAL_DESIGN_GEOMETRIC_PRESENTATION_REPRESENTATION (  '', ( #2955 ), #4222 ) ;
#3819 = ORIENTED_EDGE ( 'NONE', *, *, #3282, .T. ) ;
#3820 = EDGE_LOOP ( 'NONE', ( #4992, #597, #3237, #2119, #3982, #1053 ) ) ;
#3821 = PRESENTATION_LAYER_ASSIGNMENT (  '', '', ( #3403 ) ) ;
#3822 = MECHANICAL_DESIGN_GEOMETRIC_PRESENTATION_REPRESENTATION (  '', ( #2551 ), #4228 ) ;
#3823 = DIRECTION ( 'NONE',  ( -1.447553700753488400E-016, 1.000000000000000000, -0.0000000000000000000 ) ) ;
#3824 = CARTESIAN_POINT ( 'NONE',  ( 0.09665289399638273000, 0.3558965629149591400, -0.3715188262484063800 ) ) ;
#3825 = CARTESIAN_POINT ( 'NONE',  ( -1.476660268557142200E-016, 1.395000000000000000, 0.0000000000000000000 ) ) ;
#3826 = CARTESIAN_POINT ( 'NONE',  ( -0.1057107251190859300, 0.3678641215634854700, -0.4312626136932837300 ) ) ;
#3827 = ORIENTED_EDGE ( 'NONE', *, *, #4030, .F. ) ;
#3828 = CARTESIAN_POINT ( 'NONE',  ( -0.04784238332213568800, -1.168868921937331400, 0.2301144326776773700 ) ) ;
#3829 = CARTESIAN_POINT ( 'NONE',  ( 0.02901847921984768200, -1.165059566340484600, -0.1920073184942451000 ) ) ;
#3830 = CARTESIAN_POINT ( 'NONE',  ( -0.03540313226208941000, 0.4157518256306738100, 0.3924259477413095700 ) ) ;
#3831 = COLOUR_RGB ( '',0.1098039215686274500, 0.1098039215686274500, 0.1098039215686274500 ) ;
#3832 = AXIS2_PLACEMENT_3D ( 'NONE', #79, #4482, #709 ) ;
#3833 = DIRECTION ( 'NONE',  ( 0.0000000000000000000, 0.0000000000000000000, 1.000000000000000000 ) ) ;
#3834 = EDGE_LOOP ( 'NONE', ( #585, #5844, #2021, #4151 ) ) ;
#3835 = CARTESIAN_POINT ( 'NONE',  ( 0.1043044550474246200, 0.3443960200077092500, 0.4180073969256434800 ) ) ;
#3836 = CARTESIAN_POINT ( 'NONE',  ( 0.1077274593193229700, 0.3673936547705288200, -0.3790032278432586300 ) ) ;
#3837 =( LENGTH_UNIT ( ) NAMED_UNIT ( * ) SI_UNIT ( .MILLI., .METRE. ) );
#3838 = COLOUR_RGB ( '',0.1098039215686274500, 0.1098039215686274500, 0.1098039215686274500 ) ;
#3839 = EDGE_CURVE ( 'NONE', #1612, #4720, #2136, .T. ) ;
#3840 = TOROIDAL_SURFACE ( 'NONE', #3334, 0.2368513167469089900, 0.02000000000000000000 ) ;
#3841 = CARTESIAN_POINT ( 'NONE',  ( 0.1265629783110714400, 0.3529727278012082500, 0.4254524633808501300 ) ) ;
#3842 = ORIENTED_EDGE ( 'NONE', *, *, #4630, .F. ) ;
#3843 = AXIS2_PLACEMENT_3D ( 'NONE', #7262, #3412, #7907 ) ;
#3844 =( NAMED_UNIT ( * ) SI_UNIT ( $, .STERADIAN. ) SOLID_ANGLE_UNIT ( ) );
#3845 = MANIFOLD_SOLID_BREP ( 'Fillet2', #6744 ) ;
#3846 = COLOUR_RGB ( '',0.1098039215686274500, 0.1098039215686274500, 0.1098039215686274500 ) ;
#3847 = ADVANCED_FACE ( 'NONE', ( #3595 ), #7541, .T. ) ;
#3848 = ADVANCED_FACE ( 'NONE', ( #751 ), #3322, .T. ) ;
#3849 = CIRCLE ( 'NONE', #7561, 0.05000000000000002400 ) ;
#3850 = SURFACE_STYLE_USAGE ( .BOTH. , #7708 ) ;
#3851 = ORIENTED_EDGE ( 'NONE', *, *, #4522, .F. ) ;
#3852 = CARTESIAN_POINT ( 'NONE',  ( 0.02492522909667287800, 0.3985701379379950600, -0.4313006600840114700 ) ) ;
#3853 = PRESENTATION_LAYER_ASSIGNMENT (  '', '', ( #2997 ) ) ;
#3854 = CARTESIAN_POINT ( 'NONE',  ( -0.6099999999999994300, 0.03500000000000000300, 0.0000000000000000000 ) ) ;
#3855 = COLOUR_RGB ( '',1.000000000000000000, 0.8117647058823529400, 0.5019607843137254800 ) ;
#3856 = MECHANICAL_DESIGN_GEOMETRIC_PRESENTATION_REPRESENTATION (  '', ( #1298 ), #4266 ) ;
#3857 = CARTESIAN_POINT ( 'NONE',  ( 0.05042888396619894100, -1.152011008005626500, 0.03931961992980577400 ) ) ;
#3858 = UNCERTAINTY_MEASURE_WITH_UNIT (LENGTH_MEASURE( 1.000000000000000100E-005 ), #1847, 'distance_accuracy_value', 'NONE');
#3859 = FILL_AREA_STYLE_COLOUR ( '', #3855 ) ;
#3860 = ORIENTED_EDGE ( 'NONE', *, *, #6579, .F. ) ;
#3861 = CARTESIAN_POINT ( 'NONE',  ( -0.1250039849290612000, 0.2666795068710711100, -0.3792148574564858700 ) ) ;
#3862 =( NAMED_UNIT ( * ) PLANE_ANGLE_UNIT ( ) SI_UNIT ( $, .RADIAN. ) );
#3863 = CARTESIAN_POINT ( 'NONE',  ( 0.1201464875075534000, 0.3104938024899927500, 0.3966895875056593600 ) ) ;
#3864 = CARTESIAN_POINT ( 'NONE',  ( 0.03824400469747926000, 0.3943005575860810700, 0.3950925175035522900 ) ) ;
#3865 = CARTESIAN_POINT ( 'NONE',  ( -0.02901847921984810100, -1.165059566340481700, 0.1920073184942433800 ) ) ;
#3866 = FILL_AREA_STYLE_COLOUR ( '', #2768 ) ;
#3867 = PRESENTATION_LAYER_ASSIGNMENT (  '', '', ( #3441 ) ) ;
#3868 = SURFACE_STYLE_FILL_AREA ( #423 ) ;
#3869 = ORIENTED_EDGE ( 'NONE', *, *, #4148, .T. ) ;
#3870 = EDGE_CURVE ( 'NONE', #6969, #4416, #6730, .T. ) ;
#3871 =( GEOMETRIC_REPRESENTATION_CONTEXT ( 3 ) GLOBAL_UNCERTAINTY_ASSIGNED_CONTEXT ( ( #3446 ) ) GLOBAL_UNIT_ASSIGNED_CONTEXT ( ( #3944, #160, #4565 ) ) REPRESENTATION_CONTEXT ( 'NONE', 'WORKASPACE' ) );
#3872 = MECHANICAL_DESIGN_GEOMETRIC_PRESENTATION_REPRESENTATION (  '', ( #3009 ), #4282 ) ;
#3873 = SURFACE_STYLE_USAGE ( .BOTH. , #7727 ) ;
#3874 = FILL_AREA_STYLE ('',( #67 ) ) ;
#3875 = CIRCLE ( 'NONE', #4122, 0.02999999999999997100 ) ;
#3876 = CARTESIAN_POINT ( 'NONE',  ( 0.1250013331528469500, 0.2666397342813837100, -0.3792115242494812400 ) ) ;
#3877 = CARTESIAN_POINT ( 'NONE',  ( 0.02796414439579671500, -1.180786233847886300, -0.2547347285350581900 ) ) ;
#3878 = EDGE_LOOP ( 'NONE', ( #8099, #468, #2043 ) ) ;
#3879 = FACE_OUTER_BOUND ( 'NONE', #426, .T. ) ;
#3880 = CARTESIAN_POINT ( 'NONE',  ( -0.06816498501354707800, 0.3809750913088193500, -0.3661518126269542900 ) ) ;
#3881 = AXIS2_PLACEMENT_3D ( 'NONE', #2077, #6559, #2720 ) ;
#3882 = CIRCLE ( 'NONE', #4862, 0.1000000000000000500 ) ;
#3883 = CARTESIAN_POINT ( 'NONE',  ( -0.02750465421898010800, -1.187640080528148200, -0.2350575242026956000 ) ) ;
#3884 = DIRECTION ( 'NONE',  ( -1.000000000000000000, 0.0000000000000000000, -1.084202172485506600E-015 ) ) ;
#3885 = ORIENTED_EDGE ( 'NONE', *, *, #2673, .F. ) ;
#3886 = DIRECTION ( 'NONE',  ( 1.447553700753488400E-016, -1.000000000000000000, 0.0000000000000000000 ) ) ;
#3887 = CARTESIAN_POINT ( 'NONE',  ( 0.02994456013349171300, -1.151245959617459300, 0.2721492054816726000 ) ) ;
#3888 = ADVANCED_FACE ( 'NONE', ( #5205 ), #1213, .T. ) ;
#3889 = CYLINDRICAL_SURFACE ( 'NONE', #5589, 0.4439249933206987400 ) ;
#3890 = ADVANCED_FACE ( 'NONE', ( #2721 ), #425, .T. ) ;
#3891 = SURFACE_STYLE_FILL_AREA ( #2632 ) ;
#3892 = PRESENTATION_STYLE_ASSIGNMENT (( #4235 ) ) ;
#3893 = ORIENTED_EDGE ( 'NONE', *, *, #7376, .F. ) ;
#3894 = ORIENTED_EDGE ( 'NONE', *, *, #384, .T. ) ;
#3895 = EDGE_CURVE ( 'NONE', #4180, #7505, #3797, .T. ) ;
#3896 = CARTESIAN_POINT ( 'NONE',  ( -0.05610702765615076200, 0.3878323635698840400, 0.4269339594554073000 ) ) ;
#3897 = CARTESIAN_POINT ( 'NONE',  ( -0.05042888396619835800, -1.152011008005626500, -0.03931961992980614900 ) ) ;
#3898 = FILL_AREA_STYLE ('',( #3866 ) ) ;
#3899 = CIRCLE ( 'NONE', #1138, 0.1000000000000000500 ) ;
#3900 = AXIS2_PLACEMENT_3D ( 'NONE', #1644, #6109, #2290 ) ;
#3901 = ORIENTED_EDGE ( 'NONE', *, *, #3443, .T. ) ;
#3902 = DIRECTION ( 'NONE',  ( 1.447553700753488400E-016, -1.000000000000000000, 0.0000000000000000000 ) ) ;
#3903 = ORIENTED_EDGE ( 'NONE', *, *, #682, .T. ) ;
#3904 = CARTESIAN_POINT ( 'NONE',  ( -3.909949929920257800E-017, 0.6449999999999999100, 0.0000000000000000000 ) ) ;
#3905 = CARTESIAN_POINT ( 'NONE',  ( -0.1217074279400163200, 0.02017754323096468100, 0.3426698175346755100 ) ) ;
#3906 = CARTESIAN_POINT ( 'NONE',  ( 0.1259884988396512100, 0.2814737861815826400, -0.3804583750022506000 ) ) ;
#3907 =( NAMED_UNIT ( * ) PLANE_ANGLE_UNIT ( ) SI_UNIT ( $, .RADIAN. ) );
#3908 = LINE ( 'NONE', #4056, #6727 ) ;
#3909 = PRESENTATION_LAYER_ASSIGNMENT (  '', '', ( #3042 ) ) ;
#3910 = B_SPLINE_CURVE_WITH_KNOTS ( 'NONE', 3,
 ( #6251, #1789, #7564, #3695, #8220, #4329, #549 ),
 .UNSPECIFIED., .F., .F.,
 ( 4, 3, 4 ),
 ( 8.388959573857926100E-018, 0.0007624490145600585700, 0.001476255674934943800 ),
 .UNSPECIFIED. ) ;
#3911 = CARTESIAN_POINT ( 'NONE',  ( 0.1165687698883509800, 0.3537371061680774600, -0.3762834436124608600 ) ) ;
#3912 =( GEOMETRIC_REPRESENTATION_CONTEXT ( 3 ) GLOBAL_UNCERTAINTY_ASSIGNED_CONTEXT ( ( #2034 ) ) GLOBAL_UNIT_ASSIGNED_CONTEXT ( ( #6746, #2893, #7392 ) ) REPRESENTATION_CONTEXT ( 'NONE', 'WORKASPACE' ) );
#3913 = B_SPLINE_CURVE_WITH_KNOTS ( 'NONE', 3,
 ( #7297, #285, #2193, #6672, #2828, #7325, #3459 ),
 .UNSPECIFIED., .F., .F.,
 ( 4, 3, 4 ),
 ( 0.0000000000000000000, 0.0007138056674576370900, 0.001476253621437527600 ),
 .UNSPECIFIED. ) ;
#3914 = CARTESIAN_POINT ( 'NONE',  ( -0.1193574644838563500, 0.3156482192581230300, -0.4469148855556351900 ) ) ;
#3915 = CIRCLE ( 'NONE', #6921, 0.8499999999999993100 ) ;
#3916 = CARTESIAN_POINT ( 'NONE',  ( -0.02994456013349137600, -1.151245959617459300, -0.2721492054816726500 ) ) ;
#3917 = CARTESIAN_POINT ( 'NONE',  ( 5.499149124977416800E-017, -0.005000000000000013100, 0.0000000000000000000 ) ) ;
#3918 = FACE_OUTER_BOUND ( 'NONE', #2339, .T. ) ;
#3919 = CARTESIAN_POINT ( 'NONE',  ( -0.9581966011250113700, -1.294999999999999900, 1.169999999999999900 ) ) ;
#3920 = DIRECTION ( 'NONE',  ( 0.0000000000000000000, 0.0000000000000000000, 1.000000000000000000 ) ) ;
#3921 = CIRCLE ( 'NONE', #293, 0.3938423657390881000 ) ;
#3922 =( NAMED_UNIT ( * ) PLANE_ANGLE_UNIT ( ) SI_UNIT ( $, .RADIAN. ) );
#3923 = AXIS2_PLACEMENT_3D ( 'NONE', #218, #4631, #857 ) ;
#3924 = DIRECTION ( 'NONE',  ( 0.0000000000000000000, 0.0000000000000000000, 1.000000000000000000 ) ) ;
#3925 = VERTEX_POINT ( 'NONE', #5736 ) ;
#3926 = DIRECTION ( 'NONE',  ( -1.084202172485505800E-015, 0.0000000000000000000, 1.000000000000000000 ) ) ;
#3927 = EDGE_CURVE ( 'NONE', #5767, #2352, #304, .T. ) ;
#3928 = CARTESIAN_POINT ( 'NONE',  ( -0.1138354600963323600, 0.3291977104406091900, 0.3821524061244978000 ) ) ;
#3929 = CARTESIAN_POINT ( 'NONE',  ( -0.04509336079446799000, -1.161775126922637300, -0.2517606570222672400 ) ) ;
#3930 = PRODUCT ( '311-13-107-41-001000', '311-13-107-41-001000', '', ( #6007 ) ) ;
#3931 = ORIENTED_EDGE ( 'NONE', *, *, #3699, .T. ) ;
#3932 = EDGE_LOOP ( 'NONE', ( #1704, #2187, #5425 ) ) ;
#3933 =( NAMED_UNIT ( * ) SI_UNIT ( $, .STERADIAN. ) SOLID_ANGLE_UNIT ( ) );
#3934 = CARTESIAN_POINT ( 'NONE',  ( 0.2818987432021538000, -1.203266511961066800, 0.0000000000000000000 ) ) ;
#3935 = ADVANCED_FACE ( 'NONE', ( #5493 ), #4692, .T. ) ;
#3936 = ADVANCED_FACE ( 'NONE', ( #1525 ), #930, .T. ) ;
#3937 = DIRECTION ( 'NONE',  ( -0.0000000000000000000, 0.0000000000000000000, 1.000000000000000000 ) ) ;
#3938 = CARTESIAN_POINT ( 'NONE',  ( -0.1250000000000000600, 0.2666198487095667900, 0.3897197719169305200 ) ) ;
#3939 = LINE ( 'NONE', #7789, #2247 ) ;
#3940 = ORIENTED_EDGE ( 'NONE', *, *, #3231, .F. ) ;
#3941 = CARTESIAN_POINT ( 'NONE',  ( -0.02529458252240660000, -1.223183884379456200, -0.2789380977350282600 ) ) ;
#3942 = PRODUCT_DEFINITION_SHAPE ( 'NONE', 'NONE',  #5366 ) ;
#3943 = DIRECTION ( 'NONE',  ( -1.000000000000000000, -1.447553700753488400E-016, 0.0000000000000000000 ) ) ;
#3944 =( LENGTH_UNIT ( ) NAMED_UNIT ( * ) SI_UNIT ( .MILLI., .METRE. ) );
#3945 = ORIENTED_EDGE ( 'NONE', *, *, #5374, .F. ) ;
#3946 = EDGE_CURVE ( 'NONE', #6944, #7294, #7529, .T. ) ;
#3947 = PRESENTATION_LAYER_ASSIGNMENT (  '', '', ( #3084 ) ) ;
#3948 = CARTESIAN_POINT ( 'NONE',  ( -3.909949929920257800E-017, 0.6449999999999999100, 0.0000000000000000000 ) ) ;
#3949 = PRESENTATION_STYLE_ASSIGNMENT (( #6350 ) ) ;
#3950 = CARTESIAN_POINT ( 'NONE',  ( -0.1259884204718178200, 0.2814717266384123000, -0.3804568305262439600 ) ) ;
#3951 = CARTESIAN_POINT ( 'NONE',  ( -0.1250000000000000300, 0.2666198487095667900, -0.3897197719169305200 ) ) ;
#3952 = CIRCLE ( 'NONE', #5105, 0.6099999999999994300 ) ;
#3953 = CARTESIAN_POINT ( 'NONE',  ( 0.1249999999999998900, 0.2666198487095668400, 0.3792098549233092800 ) ) ;
#3954 = ORIENTED_EDGE ( 'NONE', *, *, #6855, .T. ) ;
#3955 = EDGE_CURVE ( 'NONE', #1431, #5049, #4096, .T. ) ;
#3956 = STYLED_ITEM ( 'NONE', ( #3003 ), #3847 ) ;
#3957 = CARTESIAN_POINT ( 'NONE',  ( 0.07625930529581302600, -0.6783374732234436200, -0.2908621438522412900 ) ) ;
#3958 = FACE_OUTER_BOUND ( 'NONE', #3388, .T. ) ;
#3959 = CARTESIAN_POINT ( 'NONE',  ( -0.06061595206819383300, -0.9250819879823163300, 0.2708565774943253500 ) ) ;
#3960 = ORIENTED_EDGE ( 'NONE', *, *, #5586, .F. ) ;
#3961 = TOROIDAL_SURFACE ( 'NONE', #5583, 0.6399999999999993500, 0.02999999999999999900 ) ;
#3962 = CARTESIAN_POINT ( 'NONE',  ( -0.02917838675610607800, -1.221599968234500000, -0.2884193327292977100 ) ) ;
#3963 = B_SPLINE_CURVE_WITH_KNOTS ( 'NONE', 3,
 ( #5769, #5069, #7049, #3212 ),
 .UNSPECIFIED., .F., .F.,
 ( 4, 4 ),
 ( 0.0000000000000000000, 2.956319344432296700E-006 ),
 .UNSPECIFIED. ) ;
#3964 = PRESENTATION_STYLE_ASSIGNMENT (( #2455 ) ) ;
#3965 = CARTESIAN_POINT ( 'NONE',  ( 0.1084458459607380700, 0.01969480127397984400, -0.3614336424822666100 ) ) ;
#3966 = ORIENTED_EDGE ( 'NONE', *, *, #4788, .T. ) ;
#3967 = AXIS2_PLACEMENT_3D ( 'NONE', #2679, #7834, #3983 ) ;
#3968 = CARTESIAN_POINT ( 'NONE',  ( 1.370000000000000100, 1.395000000000000000, -0.6700000000000002600 ) ) ;
#3969 = CARTESIAN_POINT ( 'NONE',  ( 0.06644132670976474200, 0.3821631353303115400, -0.4069127856302391900 ) ) ;
#3970 = AXIS2_PLACEMENT_3D ( 'NONE', #1432, #5265, #1456 ) ;
#3971 = EDGE_CURVE ( 'NONE', #2208, #6847, #2412, .T. ) ;
#3972 =( LENGTH_UNIT ( ) NAMED_UNIT ( * ) SI_UNIT ( .MILLI., .METRE. ) );
#3973 = CARTESIAN_POINT ( 'NONE',  ( -0.09289585452497616000, -0.2122519574548108700, 0.3303541405802951600 ) ) ;
#3974 = MECHANICAL_DESIGN_GEOMETRIC_PRESENTATION_REPRESENTATION (  '', ( #3114 ), #4380 ) ;
#3975 = SURFACE_STYLE_USAGE ( .BOTH. , #7831 ) ;
#3976 = CARTESIAN_POINT ( 'NONE',  ( 1.370000000000000100, 1.395000000000000000, 0.0000000000000000000 ) ) ;
#3977 = ADVANCED_FACE ( 'NONE', ( #739 ), #1806, .T. ) ;
#3978 = ADVANCED_FACE ( 'NONE', ( #3310 ), #2643, .T. ) ;
#3979 = FILL_AREA_STYLE ('',( #6378 ) ) ;
#3980 = SURFACE_STYLE_FILL_AREA ( #4365 ) ;
#3981 = FILL_AREA_STYLE_COLOUR ( '', #6120 ) ;
#3982 = ORIENTED_EDGE ( 'NONE', *, *, #6125, .F. ) ;
#3983 = DIRECTION ( 'NONE',  ( 1.000000000000000000, 1.447553700753488200E-016, 0.0000000000000000000 ) ) ;
#3984 = PRESENTATION_STYLE_ASSIGNMENT (( #6543 ) ) ;
#3985 =( LENGTH_UNIT ( ) NAMED_UNIT ( * ) SI_UNIT ( .MILLI., .METRE. ) );
#3986 =( NAMED_UNIT ( * ) SI_UNIT ( $, .STERADIAN. ) SOLID_ANGLE_UNIT ( ) );
#3987 = CARTESIAN_POINT ( 'NONE',  ( 0.1378435408756129600, 0.2670981431876250900, 0.3606053945049979600 ) ) ;
#3988 = LINE ( 'NONE', #4829, #2292 ) ;
#3989 = EDGE_CURVE ( 'NONE', #2633, #1253, #1610, .T. ) ;
#3990 = FACE_OUTER_BOUND ( 'NONE', #5524, .T. ) ;
#3991 = ORIENTED_EDGE ( 'NONE', *, *, #6221, .T. ) ;
#3992 = STYLED_ITEM ( 'NONE', ( #5291 ), #8158 ) ;
#3993 = PRESENTATION_LAYER_ASSIGNMENT (  '', '', ( #3546 ) ) ;
#3994 = LINE ( 'NONE', #4200, #3774 ) ;
#3995 = DIRECTION ( 'NONE',  ( -1.447553700753488400E-016, 1.000000000000000000, -0.0000000000000000000 ) ) ;
#3996 = DIRECTION ( 'NONE',  ( 1.447553700753488400E-016, -1.000000000000000000, 0.0000000000000000000 ) ) ;
#3997 = DIRECTION ( 'NONE',  ( 0.0000000000000000000, 0.0000000000000000000, 1.000000000000000000 ) ) ;
#3998 = SURFACE_STYLE_FILL_AREA ( #884 ) ;
#3999 = ORIENTED_EDGE ( 'NONE', *, *, #6956, .T. ) ;
#4000 = CYLINDRICAL_SURFACE ( 'NONE', #7147, 0.1000000000000000500 ) ;
#4001 = DIRECTION ( 'NONE',  ( -1.000000000000000000, -1.447553700753488400E-016, 0.0000000000000000000 ) ) ;
#4002 = CARTESIAN_POINT ( 'NONE',  ( 0.1210356286896722700, 0.3073357932227794900, -0.4473915349918110600 ) ) ;
#4003 = CARTESIAN_POINT ( 'NONE',  ( -0.08750566514708074700, 0.3656536806504870300, -0.4014266458518672700 ) ) ;
#4004 = VECTOR ( 'NONE', #3450, 1000.000000000000000 ) ;
#4005 = ORIENTED_EDGE ( 'NONE', *, *, #2102, .T. ) ;
#4006 = ORIENTED_EDGE ( 'NONE', *, *, #7197, .F. ) ;
#4007 = CARTESIAN_POINT ( 'NONE',  ( 2.205846211486573600E-016, -1.148951549518942000, 0.0000000000000000000 ) ) ;
#4008 = EDGE_CURVE ( 'NONE', #8188, #2244, #146, .T. ) ;
#4009 = DIRECTION ( 'NONE',  ( -1.084202172485503800E-015, 1.000000000000000000, 0.0000000000000000000 ) ) ;
#4010 = EDGE_LOOP ( 'NONE', ( #4574, #5051, #3507, #8030 ) ) ;
#4011 = CARTESIAN_POINT ( 'NONE',  ( -0.05351810815568394700, 0.3891941652596164800, 0.4095540542806837500 ) ) ;
#4012 = CARTESIAN_POINT ( 'NONE',  ( 0.1378435408756127900, 0.2670981431876220900, -0.3606053945049981200 ) ) ;
#4013 = AXIS2_PLACEMENT_3D ( 'NONE', #42, #4445, #670 ) ;
#4014 = FACE_OUTER_BOUND ( 'NONE', #6269, .T. ) ;
#4015 = UNCERTAINTY_MEASURE_WITH_UNIT (LENGTH_MEASURE( 1.000000000000000100E-005 ), #7717, 'distance_accuracy_value', 'NONE');
#4016 =( BOUNDED_SURFACE ( )  B_SPLINE_SURFACE ( 3, 2, ( 
 ( #5788, #7068, #3235 ),
 ( #7722, #3865, #88 ),
 ( #4491, #719, #5147 ),
 ( #1338, #5823, #1983 ),
 ( #6454, #2626, #7101 ),
 ( #3260, #7749, #3897 ),
 ( #116, #4519, #753 ),
 ( #5173, #1367, #5847 ),
 ( #2011, #6484, #2655 ),
 ( #7130, #3291, #7780 ) ),
 .UNSPECIFIED., .F., .F., .T. ) 
 B_SPLINE_SURFACE_WITH_KNOTS ( ( 4, 2, 2, 2, 4 ),
 ( 3, 3 ),
 ( 0.0007937467134728542700, 0.0009080478507843626000, 0.001022348988095870900, 0.001136650125407379300, 0.001250951262718887800 ),
 ( 0.0000000000000000000, 1.000000000000000000 ),
 .UNSPECIFIED. ) 
 GEOMETRIC_REPRESENTATION_ITEM ( )  RATIONAL_B_SPLINE_SURFACE ( (
 ( 1.000000000000000000, 0.7239379160847379000, 1.000000000000000000),
 ( 1.000000000000000000, 0.7227633668407247300, 1.000000000000000000),
 ( 1.000000000000000000, 0.7216467068130388900, 1.000000000000000000),
 ( 1.000000000000000000, 0.7146626274120259100, 1.000000000000000000),
 ( 1.000000000000000000, 0.6987524668474074400, 1.000000000000000000),
 ( 1.000000000000000000, 0.6983978434535873500, 1.000000000000000000),
 ( 1.000000000000000000, 0.7145994046166862500, 1.000000000000000000),
 ( 1.000000000000000000, 0.7216415792757909800, 1.000000000000000000),
 ( 1.000000000000000000, 0.7227576612622935700, 1.000000000000000000),
 ( 1.000000000000000000, 0.7239379160847379000, 1.000000000000000000) ) ) 
 REPRESENTATION_ITEM ( '' )  SURFACE ( )  );
#4017 = ADVANCED_FACE ( 'NONE', ( #6720 ), #1012, .F. ) ;
#4018 = SURFACE_STYLE_USAGE ( .BOTH. , #7875 ) ;
#4019 = CARTESIAN_POINT ( 'NONE',  ( 0.0000000000000000000, 0.0000000000000000000, 0.0000000000000000000 ) ) ;
#4020 =( GEOMETRIC_REPRESENTATION_CONTEXT ( 3 ) GLOBAL_UNCERTAINTY_ASSIGNED_CONTEXT ( ( #6117 ) ) GLOBAL_UNIT_ASSIGNED_CONTEXT ( ( #829, #5263, #1452 ) ) REPRESENTATION_CONTEXT ( 'NONE', 'WORKASPACE' ) );
#4021 = AXIS2_PLACEMENT_3D ( 'NONE', #1503, #2150, #898 ) ;
#4022 = AXIS2_PLACEMENT_3D ( 'NONE', #4748, #955, #5394 ) ;
#4023 = FILL_AREA_STYLE_COLOUR ( '', #941 ) ;
#4024 = ORIENTED_EDGE ( 'NONE', *, *, #655, .T. ) ;
#4025 = ORIENTED_EDGE ( 'NONE', *, *, #6459, .T. ) ;
#4026 =( LENGTH_UNIT ( ) NAMED_UNIT ( * ) SI_UNIT ( .MILLI., .METRE. ) );
#4027 = SURFACE_STYLE_USAGE ( .BOTH. , #7886 ) ;
#4028 =( NAMED_UNIT ( * ) SI_UNIT ( $, .STERADIAN. ) SOLID_ANGLE_UNIT ( ) );
#4029 =( NAMED_UNIT ( * ) SI_UNIT ( $, .STERADIAN. ) SOLID_ANGLE_UNIT ( ) );
#4030 = EDGE_CURVE ( 'NONE', #4568, #2363, #7621, .T. ) ;
#4031 = ORIENTED_EDGE ( 'NONE', *, *, #8267, .F. ) ;
#4032 =( GEOMETRIC_REPRESENTATION_CONTEXT ( 3 ) GLOBAL_UNCERTAINTY_ASSIGNED_CONTEXT ( ( #1102 ) ) GLOBAL_UNIT_ASSIGNED_CONTEXT ( ( #6971, #3130, #7630 ) ) REPRESENTATION_CONTEXT ( 'NONE', 'WORKASPACE' ) );
#4033 = DIRECTION ( 'NONE',  ( -0.4472135954999579300, -0.0000000000000000000, 0.8944271909999158600 ) ) ;
#4034 = CARTESIAN_POINT ( 'NONE',  ( 0.09616514730602567000, 0.3552835815680053200, 0.3986218390999728400 ) ) ;
#4035 = CARTESIAN_POINT ( 'NONE',  ( 7.559054153381473700E-017, -0.1473024947075762300, 0.0000000000000000000 ) ) ;
#4036 = AXIS2_PLACEMENT_3D ( 'NONE', #6079, #2257, #6742 ) ;
#4037 = CIRCLE ( 'NONE', #3900, 0.3998154356757370700 ) ;
#4038 = CIRCLE ( 'NONE', #165, 0.1000000000000000300 ) ;
#4039 = VERTEX_POINT ( 'NONE', #5957 ) ;
#4040 = CARTESIAN_POINT ( 'NONE',  ( 0.1256868485853369600, 0.3534304298643783900, -0.4257457647228873300 ) ) ;
#4041 = CARTESIAN_POINT ( 'NONE',  ( 0.1069180516808265300, 0.3402937159746541900, 0.3947436973228081200 ) ) ;
#4042 = DIRECTION ( 'NONE',  ( 0.0000000000000000000, 0.0000000000000000000, 1.000000000000000000 ) ) ;
#4043 = CARTESIAN_POINT ( 'NONE',  ( 0.02751749980527879600, -1.187448473213238900, 0.2283363398061075700 ) ) ;
#4044 = CONICAL_SURFACE ( 'NONE', #7363, 0.3939249933206986400, 0.7876991291777601900 ) ;
#4045 = DIRECTION ( 'NONE',  ( -1.447553700753488400E-016, 1.000000000000000000, -0.0000000000000000000 ) ) ;
#4046 = ORIENTED_EDGE ( 'NONE', *, *, #3231, .T. ) ;
#4047 = DIRECTION ( 'NONE',  ( -1.000000000000000000, 0.0000000000000000000, 0.0000000000000000000 ) ) ;
#4048 =( NAMED_UNIT ( * ) PLANE_ANGLE_UNIT ( ) SI_UNIT ( $, .RADIAN. ) );
#4049 =( LENGTH_UNIT ( ) NAMED_UNIT ( * ) SI_UNIT ( .MILLI., .METRE. ) );
#4050 = EDGE_CURVE ( 'NONE', #6752, #5395, #7982, .T. ) ;
#4051 = ORIENTED_EDGE ( 'NONE', *, *, #4788, .F. ) ;
#4052 = CARTESIAN_POINT ( 'NONE',  ( 1.370000000000000100, -1.294999999999999900, -0.6700000000000002600 ) ) ;
#4053 = CIRCLE ( 'NONE', #1583, 0.4438423657390882000 ) ;
#4054 = DIRECTION ( 'NONE',  ( 1.447553700753488400E-016, -1.000000000000000000, 0.0000000000000000000 ) ) ;
#4055 = SPHERICAL_SURFACE ( 'NONE', #2563, 0.1000000000000000100 ) ;
#4056 = CARTESIAN_POINT ( 'NONE',  ( 1.269999999999999800, 1.294999999999999700, -0.7700000000000003500 ) ) ;
#4057 = UNCERTAINTY_MEASURE_WITH_UNIT (LENGTH_MEASURE( 1.000000000000000100E-005 ), #1158, 'distance_accuracy_value', 'NONE');
#4058 = CARTESIAN_POINT ( 'NONE',  ( 1.047639320225002300, 1.294999999999999700, -1.214721359549995700 ) ) ;
#4059 = FACE_OUTER_BOUND ( 'NONE', #7450, .T. ) ;
#4060 = ORIENTED_EDGE ( 'NONE', *, *, #3817, .T. ) ;
#4061 =( GEOMETRIC_REPRESENTATION_CONTEXT ( 3 ) GLOBAL_UNCERTAINTY_ASSIGNED_CONTEXT ( ( #2796 ) ) GLOBAL_UNIT_ASSIGNED_CONTEXT ( ( #2848, #5991, #6774 ) ) REPRESENTATION_CONTEXT ( 'NONE', 'WORKASPACE' ) );
#4062 = AXIS2_PLACEMENT_3D ( 'NONE', #7844, #3995, #201 ) ;
#4063 = CARTESIAN_POINT ( 'NONE',  ( -0.1378435408756131200, 0.2670981431876250400, -0.3606053945049982300 ) ) ;
#4064 = SURFACE_STYLE_USAGE ( .BOTH. , #7926 ) ;
#4065 = CARTESIAN_POINT ( 'NONE',  ( 0.05041738696757706200, -1.152035009858910700, -3.621884594992799600E-017 ) ) ;
#4066 = DIRECTION ( 'NONE',  ( 0.0000000000000000000, 0.0000000000000000000, 1.000000000000000000 ) ) ;
#4067 = CIRCLE ( 'NONE', #4439, 0.2550000000000012300 ) ;
#4068 = ORIENTED_EDGE ( 'NONE', *, *, #436, .T. ) ;
#4069 = PRESENTATION_STYLE_ASSIGNMENT (( #6138 ) ) ;
#4070 = CARTESIAN_POINT ( 'NONE',  ( 0.02935789526046685500, -1.159996769308904800, 0.2706846008612904300 ) ) ;
#4071 = CARTESIAN_POINT ( 'NONE',  ( 0.04602106526623436800, -1.153575165043917200, -0.2521963591120535100 ) ) ;
#4072 = CIRCLE ( 'NONE', #8177, 0.05000000000000002400 ) ;
#4073 = AXIS2_PLACEMENT_3D ( 'NONE', #3709, #8234, #4340 ) ;
#4074 = EDGE_LOOP ( 'NONE', ( #3885, #7782, #6237, #2612 ) ) ;
#4075 = AXIS2_PLACEMENT_3D ( 'NONE', #5564, #4913, #7550 ) ;
#4076 = EDGE_CURVE ( 'NONE', #4689, #5149, #6490, .T. ) ;
#4077 = CARTESIAN_POINT ( 'NONE',  ( 0.02751749980527897300, -1.187448473213236000, -0.2283363398060759300 ) ) ;
#4078 = DIRECTION ( 'NONE',  ( -1.000000000000000000, 0.0000000000000000000, 0.0000000000000000000 ) ) ;
#4079 = TOROIDAL_SURFACE ( 'NONE', #1946, 0.6399999999999993500, 0.02999999999999999900 ) ;
#4080 = AXIS2_PLACEMENT_3D ( 'NONE', #4237, #3001, #7502 ) ;
#4081 = CYLINDRICAL_SURFACE ( 'NONE', #4423, 0.1000000000000000500 ) ;
#4082 = ORIENTED_EDGE ( 'NONE', *, *, #1317, .F. ) ;
#4083 = DIRECTION ( 'NONE',  ( 2.168404344971007700E-015, 0.0000000000000000000, 1.000000000000000000 ) ) ;
#4084 = CARTESIAN_POINT ( 'NONE',  ( -0.1449552057015386900, 0.2652820275670818000, -0.3792098549233095500 ) ) ;
#4085 = CARTESIAN_POINT ( 'NONE',  ( -0.8160000000000005000, -1.294999999999999900, 1.678000000000000400 ) ) ;
#4086 = VECTOR ( 'NONE', #186, 1000.000000000000000 ) ;
#4087 = ORIENTED_EDGE ( 'NONE', *, *, #1627, .F. ) ;
#4088 = CIRCLE ( 'NONE', #7366, 0.1000000000000000500 ) ;
#4089 =( GEOMETRIC_REPRESENTATION_CONTEXT ( 3 ) GLOBAL_UNCERTAINTY_ASSIGNED_CONTEXT ( ( #2692 ) ) GLOBAL_UNIT_ASSIGNED_CONTEXT ( ( #3837, #59, #4462 ) ) REPRESENTATION_CONTEXT ( 'NONE', 'WORKASPACE' ) );
#4090 = AXIS2_PLACEMENT_3D ( 'NONE', #7929, #4066, #276 ) ;
#4091 = ORIENTED_EDGE ( 'NONE', *, *, #2650, .F. ) ;
#4092 = VERTEX_POINT ( 'NONE', #887 ) ;
#4093 = FILL_AREA_STYLE ('',( #7311 ) ) ;
#4094 =( REPRESENTATION_RELATIONSHIP ('NONE','NONE', #3678, #2213 ) REPRESENTATION_RELATIONSHIP_WITH_TRANSFORMATION ( #5804 )SHAPE_REPRESENTATION_RELATIONSHIP( ) );
#4095 = CYLINDRICAL_SURFACE ( 'NONE', #3701, 0.1000000000000000500 ) ;
#4096 = CIRCLE ( 'NONE', #1520, 0.5999999999999994200 ) ;
#4097 = CARTESIAN_POINT ( 'NONE',  ( 0.1449552057015383900, 0.2652820275670788600, -0.3897197719169303000 ) ) ;
#4098 = ORIENTED_EDGE ( 'NONE', *, *, #6023, .T. ) ;
#4099 = VERTEX_POINT ( 'NONE', #3430 ) ;
#4100 = EDGE_CURVE ( 'NONE', #4272, #7398, #4980, .T. ) ;
#4101 =( NAMED_UNIT ( * ) PLANE_ANGLE_UNIT ( ) SI_UNIT ( $, .RADIAN. ) );
#4102 = AXIS2_PLACEMENT_3D ( 'NONE', #1606, #6073, #2250 ) ;
#4103 = SPHERICAL_SURFACE ( 'NONE', #3058, 0.1000000000000000100 ) ;
#4104 = FILL_AREA_STYLE_COLOUR ( '', #4628 ) ;
#4105 = SURFACE_STYLE_FILL_AREA ( #1173 ) ;
#4106 = VERTEX_POINT ( 'NONE', #4063 ) ;
#4107 = DIRECTION ( 'NONE',  ( 0.0000000000000000000, 1.000000000000000000, 0.0000000000000000000 ) ) ;
#4108 = CARTESIAN_POINT ( 'NONE',  ( -0.02667081183741462600, -1.200077838998531600, -0.04637726124707335100 ) ) ;
#4109 = CARTESIAN_POINT ( 'NONE',  ( -0.1239962146848269100, 0.3507056762521438300, 0.3947430299118224200 ) ) ;
#4110 =( NAMED_UNIT ( * ) PLANE_ANGLE_UNIT ( ) SI_UNIT ( $, .RADIAN. ) );
#4111 = EDGE_CURVE ( 'NONE', #1297, #6586, #837, .T. ) ;
#4112 = CARTESIAN_POINT ( 'NONE',  ( 0.4439249933206985700, 1.395000000000000000, 5.436513221317039400E-017 ) ) ;
#4113 = DIRECTION ( 'NONE',  ( 0.4472135954999580400, -0.0000000000000000000, 0.8944271909999157400 ) ) ;
#4114 = PRESENTATION_LAYER_ASSIGNMENT (  '', '', ( #3265 ) ) ;
#4115 = UNCERTAINTY_MEASURE_WITH_UNIT (LENGTH_MEASURE( 1.000000000000000100E-005 ), #3299, 'distance_accuracy_value', 'NONE');
#4116 = SURFACE_STYLE_FILL_AREA ( #1599 ) ;
#4117 = ORIENTED_EDGE ( 'NONE', *, *, #2777, .F. ) ;
#4118 = PRESENTATION_LAYER_ASSIGNMENT (  '', '', ( #4534 ) ) ;
#4119 = VERTEX_POINT ( 'NONE', #7310 ) ;
#4120 = EDGE_LOOP ( 'NONE', ( #622, #7680, #8274 ) ) ;
#4121 = CARTESIAN_POINT ( 'NONE',  ( -7.424927725979709800E-017, 0.8878219273820250300, 0.0000000000000000000 ) ) ;
#4122 = AXIS2_PLACEMENT_3D ( 'NONE', #2057, #6538, #2697 ) ;
#4123 = EDGE_CURVE ( 'NONE', #5149, #170, #4178, .T. ) ;
#4124 = DIRECTION ( 'NONE',  ( 1.000000000000000000, 1.329679649403977800E-016, 0.0000000000000000000 ) ) ;
#4125 = CARTESIAN_POINT ( 'NONE',  ( 1.270000000000001100, -1.954016994374949500, 0.7699999999999979100 ) ) ;
#4126 = PLANE ( 'NONE',  #421 ) ;
#4127 = CIRCLE ( 'NONE', #6571, 0.4439249933206987400 ) ;
#4128 = ORIENTED_EDGE ( 'NONE', *, *, #708, .F. ) ;
#4129 = CARTESIAN_POINT ( 'NONE',  ( -0.9581966011250111500, 1.395000000000000000, -1.270000000000000000 ) ) ;
#4130 = CARTESIAN_POINT ( 'NONE',  ( 0.9581966011250107100, 0.0000000000000000000, -1.270000000000000000 ) ) ;
#4131 = EDGE_CURVE ( 'NONE', #2698, #5756, #2308, .T. ) ;
#4132 = CARTESIAN_POINT ( 'NONE',  ( -1.433233657534537400E-016, 1.395000000000000000, 0.9399999999999991700 ) ) ;
#4133 = PRESENTATION_LAYER_ASSIGNMENT (  '', '', ( #4554 ) ) ;
#4134 =( NAMED_UNIT ( * ) SI_UNIT ( $, .STERADIAN. ) SOLID_ANGLE_UNIT ( ) );
#4135 = CARTESIAN_POINT ( 'NONE',  ( 0.1391632388522573100, 0.3435858471746167700, -0.4216292830644252600 ) ) ;
#4136 = VERTEX_POINT ( 'NONE', #7284 ) ;
#4137 = CARTESIAN_POINT ( 'NONE',  ( -1.476660268557142200E-016, 1.395000000000000000, 0.0000000000000000000 ) ) ;
#4138 = LINE ( 'NONE', #8052, #5660 ) ;
#4139 = SURFACE_STYLE_USAGE ( .BOTH. , #8006 ) ;
#4140 = ORIENTED_EDGE ( 'NONE', *, *, #2736, .T. ) ;
#4141 = CARTESIAN_POINT ( 'NONE',  ( -0.04659309104347796000, -1.168332371617607900, 0.2372575651311839000 ) ) ;
#4142 = PRESENTATION_STYLE_ASSIGNMENT (( #3813 ) ) ;
#4143 =( NAMED_UNIT ( * ) PLANE_ANGLE_UNIT ( ) SI_UNIT ( $, .RADIAN. ) );
#4144 = VERTEX_POINT ( 'NONE', #296 ) ;
#4145 =( LENGTH_UNIT ( ) NAMED_UNIT ( * ) SI_UNIT ( .MILLI., .METRE. ) );
#4146 = CARTESIAN_POINT ( 'NONE',  ( 7.670479676107648500E-017, -0.1549999999999999700, 0.0000000000000000000 ) ) ;
#4147 = UNCERTAINTY_MEASURE_WITH_UNIT (LENGTH_MEASURE( 1.000000000000000100E-005 ), #28, 'distance_accuracy_value', 'NONE');
#4148 = EDGE_CURVE ( 'NONE', #2331, #1107, #5713, .T. ) ;
#4149 =( BOUNDED_SURFACE ( )  B_SPLINE_SURFACE ( 3, 2, ( 
 ( #743, #7769, #773 ),
 ( #5194, #1386, #5865 ),
 ( #2031, #6507, #2671 ),
 ( #7154, #3312, #7799 ) ),
 .UNSPECIFIED., .F., .F., .T. ) 
 B_SPLINE_SURFACE_WITH_KNOTS ( ( 4, 4 ),
 ( 3, 3 ),
 ( 5.496754854723837100E-005, 5.932292643312253700E-005 ),
 ( 0.0000000000000000000, 1.000000000000000000 ),
 .UNSPECIFIED. ) 
 GEOMETRIC_REPRESENTATION_ITEM ( )  RATIONAL_B_SPLINE_SURFACE ( (
 ( 1.000000000000000000, 0.7769974643760584300, 1.000000000000000000),
 ( 1.000000000000000000, 0.7810682655349879800, 1.000000000000000000),
 ( 1.000000000000000000, 0.7851960141384588500, 1.000000000000000000),
 ( 1.000000000000000000, 0.7893827206234762500, 1.000000000000000000) ) ) 
 REPRESENTATION_ITEM ( '' )  SURFACE ( )  );
#4150 = PRESENTATION_LAYER_ASSIGNMENT (  '', '', ( #4579 ) ) ;
#4151 = ORIENTED_EDGE ( 'NONE', *, *, #2736, .F. ) ;
#4152 = FILL_AREA_STYLE ('',( #340 ) ) ;
#4153 =( NAMED_UNIT ( * ) SI_UNIT ( $, .STERADIAN. ) SOLID_ANGLE_UNIT ( ) );
#4154 = CARTESIAN_POINT ( 'NONE',  ( -0.1180273429977322500, 0.3525217918727718300, -0.3757410748851545700 ) ) ;
#4155 =( LENGTH_UNIT ( ) NAMED_UNIT ( * ) SI_UNIT ( .MILLI., .METRE. ) );
#4156 = CARTESIAN_POINT ( 'NONE',  ( -0.1146589843286841300, 0.3356660192293690100, -0.4026707507519001200 ) ) ;
#4157 = CARTESIAN_POINT ( 'NONE',  ( 1.270000000000000000, -1.294999999999999900, 0.6700000000000002600 ) ) ;
#4158 = FILL_AREA_STYLE ('',( #6091 ) ) ;
#4159 = EDGE_LOOP ( 'NONE', ( #5001, #7812, #5044, #6673, #3087 ) ) ;
#4160 = ORIENTED_EDGE ( 'NONE', *, *, #6779, .T. ) ;
#4161 = AXIS2_PLACEMENT_3D ( 'NONE', #5684, #1860, #6321 ) ;
#4162 = CIRCLE ( 'NONE', #7537, 0.9399999999999991700 ) ;
#4163 =( GEOMETRIC_REPRESENTATION_CONTEXT ( 3 ) GLOBAL_UNCERTAINTY_ASSIGNED_CONTEXT ( ( #5878 ) ) GLOBAL_UNIT_ASSIGNED_CONTEXT ( ( #7532, #3651, #8180 ) ) REPRESENTATION_CONTEXT ( 'NONE', 'WORKASPACE' ) );
#4164 = DIRECTION ( 'NONE',  ( 1.000000000000000000, 1.329679649403977800E-016, 0.0000000000000000000 ) ) ;
#4165 = DIRECTION ( 'NONE',  ( -0.4472135954999583200, 4.363829566254968700E-015, -0.8944271909999156300 ) ) ;
#4166 = CARTESIAN_POINT ( 'NONE',  ( -0.1265621240607176500, 0.3529725753211353500, -0.4254527066161757400 ) ) ;
#4167 = ORIENTED_EDGE ( 'NONE', *, *, #8161, .F. ) ;
#4168 = DIRECTION ( 'NONE',  ( 1.000000000000000000, 1.417260604930826400E-016, 0.0000000000000000000 ) ) ;
#4169 = STYLED_ITEM ( 'NONE', ( #3280 ), #1440 ) ;
#4170 = COLOUR_RGB ( '',1.000000000000000000, 0.8117647058823529400, 0.5019607843137254800 ) ;
#4171 = VECTOR ( 'NONE', #3326, 1000.000000000000000 ) ;
#4172 = EDGE_CURVE ( 'NONE', #6867, #2044, #3494, .T. ) ;
#4173 =( NAMED_UNIT ( * ) SI_UNIT ( $, .STERADIAN. ) SOLID_ANGLE_UNIT ( ) );
#4174 = EDGE_LOOP ( 'NONE', ( #6063, #5820, #7788 ) ) ;
#4175 =( GEOMETRIC_REPRESENTATION_CONTEXT ( 3 ) GLOBAL_UNCERTAINTY_ASSIGNED_CONTEXT ( ( #1702 ) ) GLOBAL_UNIT_ASSIGNED_CONTEXT ( ( #4155, #372, #4801 ) ) REPRESENTATION_CONTEXT ( 'NONE', 'WORKASPACE' ) );
#4176 = CARTESIAN_POINT ( 'NONE',  ( -0.04933144428504446200, -1.205497527077971100, 0.2977156663328864300 ) ) ;
#4177 = CARTESIAN_POINT ( 'NONE',  ( -0.9581966011250113700, 1.395000000000000000, 1.169999999999999900 ) ) ;
#4178 = LINE ( 'NONE', #7950, #627 ) ;
#4179 = DIRECTION ( 'NONE',  ( 1.000000000000000000, 1.447553700753488400E-016, 0.0000000000000000000 ) ) ;
#4180 = VERTEX_POINT ( 'NONE', #3473 ) ;
#4181 = ORIENTED_EDGE ( 'NONE', *, *, #7098, .F. ) ;
#4182 = DIRECTION ( 'NONE',  ( -0.0000000000000000000, 1.000000000000000000, -0.0000000000000000000 ) ) ;
#4183 = CARTESIAN_POINT ( 'NONE',  ( 4.057622586006971300E-016, -2.428196922976590500, 0.0000000000000000000 ) ) ;
#4184 = PRESENTATION_STYLE_ASSIGNMENT (( #8025 ) ) ;
#4185 = ORIENTED_EDGE ( 'NONE', *, *, #1364, .F. ) ;
#4186 = DIRECTION ( 'NONE',  ( 0.0000000000000000000, 0.0000000000000000000, -1.000000000000000000 ) ) ;
#4187 =( NAMED_UNIT ( * ) SI_UNIT ( $, .STERADIAN. ) SOLID_ANGLE_UNIT ( ) );
#4188 = CIRCLE ( 'NONE', #5022, 0.5999999999999998700 ) ;
#4189 = CARTESIAN_POINT ( 'NONE',  ( -0.02882983084228335500, -1.167873482984497900, 0.2672082489764450200 ) ) ;
#4190 = EDGE_CURVE ( 'NONE', #839, #4272, #5485, .T. ) ;
#4191 = AXIS2_PLACEMENT_3D ( 'NONE', #3121, #3782, #5 ) ;
#4192 = CONICAL_SURFACE ( 'NONE', #4911, 0.2549525735447551500, 0.09093103908173244500 ) ;
#4193 = UNCERTAINTY_MEASURE_WITH_UNIT (LENGTH_MEASURE( 1.000000000000000100E-005 ), #4323, 'distance_accuracy_value', 'NONE');
#4194 = CARTESIAN_POINT ( 'NONE',  ( -0.02666709960536384600, -1.222979491838891400, 0.2840257620198638500 ) ) ;
#4195 = CARTESIAN_POINT ( 'NONE',  ( -1.270000000000000000, -1.294999999999999900, 0.6700000000000002600 ) ) ;
#4196 = EDGE_LOOP ( 'NONE', ( #4060, #1448, #3672, #902, #958 ) ) ;
#4197 = ORIENTED_EDGE ( 'NONE', *, *, #5875, .T. ) ;
#4198 = EDGE_CURVE ( 'NONE', #5474, #5300, #7232, .T. ) ;
#4199 =( NAMED_UNIT ( * ) PLANE_ANGLE_UNIT ( ) SI_UNIT ( $, .RADIAN. ) );
#4200 = CARTESIAN_POINT ( 'NONE',  ( 0.8999999999999992500, 1.395000000000000200, 1.102182119232617000E-016 ) ) ;
#4201 = CARTESIAN_POINT ( 'NONE',  ( -0.1518986748799022700, 0.2634659119459659100, 0.4083876577056279600 ) ) ;
#4202 = STYLED_ITEM ( 'NONE', ( #7020 ), #3935 ) ;
#4203 = DIRECTION ( 'NONE',  ( 1.000000000000000000, 0.0000000000000000000, 1.224646799147353200E-016 ) ) ;
#4204 = ADVANCED_FACE ( 'NONE', ( #2116 ), #4686, .T. ) ;
#4205 = ORIENTED_EDGE ( 'NONE', *, *, #2002, .T. ) ;
#4206 = DIRECTION ( 'NONE',  ( 0.0000000000000000000, -0.0000000000000000000, 1.000000000000000000 ) ) ;
#4207 = CARTESIAN_POINT ( 'NONE',  ( -0.1378435408756131200, 0.2670981431876250400, -0.3606053945049982900 ) ) ;
#4208 = STYLED_ITEM ( 'NONE', ( #408 ), #1137 ) ;
#4209 = DIRECTION ( 'NONE',  ( 1.000000000000000000, 0.0000000000000000000, 0.0000000000000000000 ) ) ;
#4210 = STYLED_ITEM ( 'NONE', ( #8098 ), #5142 ) ;
#4211 = EDGE_CURVE ( 'NONE', #8090, #2352, #6403, .T. ) ;
#4212 = EDGE_LOOP ( 'NONE', ( #1883, #7270, #4385, #2294 ) ) ;
#4213 = MECHANICAL_DESIGN_GEOMETRIC_PRESENTATION_REPRESENTATION (  '', ( #3393 ), #4657 ) ;
#4214 = CARTESIAN_POINT ( 'NONE',  ( 0.006771595568547555400, 0.4008714342408201100, 0.4302294545116983600 ) ) ;
#4215 =( NAMED_UNIT ( * ) SI_UNIT ( $, .STERADIAN. ) SOLID_ANGLE_UNIT ( ) );
#4216 = FACE_OUTER_BOUND ( 'NONE', #4074, .T. ) ;
#4217 = EDGE_LOOP ( 'NONE', ( #3894, #7589, #1333, #745 ) ) ;
#4218 = FILL_AREA_STYLE_COLOUR ( '', #4782 ) ;
#4219 = CARTESIAN_POINT ( 'NONE',  ( -0.1285795267148056600, 0.3508031453381385600, -0.4246460479037113500 ) ) ;
#4220 = EDGE_CURVE ( 'NONE', #6099, #1447, #8119, .T. ) ;
#4221 = FILL_AREA_STYLE ('',( #6804 ) ) ;
#4222 =( GEOMETRIC_REPRESENTATION_CONTEXT ( 3 ) GLOBAL_UNCERTAINTY_ASSIGNED_CONTEXT ( ( #3303 ) ) GLOBAL_UNIT_ASSIGNED_CONTEXT ( ( #7136, #3298, #7785 ) ) REPRESENTATION_CONTEXT ( 'NONE', 'WORKASPACE' ) );
#4223 = MECHANICAL_DESIGN_GEOMETRIC_PRESENTATION_REPRESENTATION (  '', ( #3403 ), #4670 ) ;
#4224 = CARTESIAN_POINT ( 'NONE',  ( -0.1250039847908354700, 0.2666795047940768700, -0.3897247990695031900 ) ) ;
#4225 = DIRECTION ( 'NONE',  ( -1.447553700753488400E-016, 1.000000000000000000, 0.0000000000000000000 ) ) ;
#4226 = DIRECTION ( 'NONE',  ( 1.000000000000000000, 0.0000000000000000000, 0.0000000000000000000 ) ) ;
#4227 = CARTESIAN_POINT ( 'NONE',  ( -0.1274216735989316100, 0.3525217918728549300, 0.4251585148178475000 ) ) ;
#4228 =( GEOMETRIC_REPRESENTATION_CONTEXT ( 3 ) GLOBAL_UNCERTAINTY_ASSIGNED_CONTEXT ( ( #6266 ) ) GLOBAL_UNIT_ASSIGNED_CONTEXT ( ( #1006, #5450, #1640 ) ) REPRESENTATION_CONTEXT ( 'NONE', 'WORKASPACE' ) );
#4229 = DIRECTION ( 'NONE',  ( -1.000000000000000000, -0.0000000000000000000, 2.168404344971010100E-015 ) ) ;
#4230 = COLOUR_RGB ( '',0.1098039215686274500, 0.1098039215686274500, 0.1098039215686274500 ) ;
#4231 = ORIENTED_EDGE ( 'NONE', *, *, #2442, .F. ) ;
#4232 =( NAMED_UNIT ( * ) SI_UNIT ( $, .STERADIAN. ) SOLID_ANGLE_UNIT ( ) );
#4233 = CARTESIAN_POINT ( 'NONE',  ( 0.04165553146018188800, -1.212169986226597100, 0.2968996974739459000 ) ) ;
#4234 = CARTESIAN_POINT ( 'NONE',  ( -0.04747270550681709200, -1.188786294355723700, 0.2283363398061075400 ) ) ;
#4235 = SURFACE_STYLE_USAGE ( .BOTH. , #8112 ) ;
#4236 = CARTESIAN_POINT ( 'NONE',  ( -0.09289585452492807300, -0.2122519574548085200, -0.3303541405803200300 ) ) ;
#4237 = CARTESIAN_POINT ( 'NONE',  ( 4.413854548768852300E-016, -2.674289321881345000, 0.0000000000000000000 ) ) ;
#4238 = EDGE_LOOP ( 'NONE', ( #6908, #5793, #4128 ) ) ;
#4239 = COLOUR_RGB ( '',0.1098039215686274500, 0.1098039215686274500, 0.1098039215686274500 ) ;
#4240 = DIRECTION ( 'NONE',  ( -0.8944271909999156300, 0.0000000000000000000, -0.4472135954999583700 ) ) ;
#4241 = UNCERTAINTY_MEASURE_WITH_UNIT (LENGTH_MEASURE( 1.000000000000000100E-005 ), #3645, 'distance_accuracy_value', 'NONE');
#4242 = UNCERTAINTY_MEASURE_WITH_UNIT (LENGTH_MEASURE( 1.000000000000000100E-005 ), #6232, 'distance_accuracy_value', 'NONE');
#4243 = CARTESIAN_POINT ( 'NONE',  ( -0.1224006022265378100, 0.3017080419925784500, 0.3947727199985723300 ) ) ;
#4244 = CARTESIAN_POINT ( 'NONE',  ( 0.04582308236504376700, -1.165611245768674900, 0.2438594071229867000 ) ) ;
#4245 = LINE ( 'NONE', #5397, #901 ) ;
#4246 = ORIENTED_EDGE ( 'NONE', *, *, #1973, .T. ) ;
#4247 = ADVANCED_FACE ( 'NONE', ( #2988 ), #7323, .F. ) ;
#4248 = CIRCLE ( 'NONE', #6513, 0.2549999999999996700 ) ;
#4249 = EDGE_CURVE ( 'NONE', #2453, #1551, #732, .T. ) ;
#4250 = AXIS2_PLACEMENT_3D ( 'NONE', #2188, #6665, #2820 ) ;
#4251 = CARTESIAN_POINT ( 'NONE',  ( -7.264154555652880700E-016, 1.294999999999999900, -0.6699999999999988200 ) ) ;
#4252 = CIRCLE ( 'NONE', #740, 0.1000000000000000500 ) ;
#4253 = DIRECTION ( 'NONE',  ( -0.06689105712424746300, -0.9977602850769319300, 0.0000000000000000000 ) ) ;
#4254 = CARTESIAN_POINT ( 'NONE',  ( 3.283992194989581200E-016, -1.365000000000000000, -0.6099999999999994300 ) ) ;
#4255 = FACE_OUTER_BOUND ( 'NONE', #571, .T. ) ;
#4256 = ORIENTED_EDGE ( 'NONE', *, *, #1853, .T. ) ;
#4257 = CARTESIAN_POINT ( 'NONE',  ( -0.03309163368927337700, 0.3965147622562474900, -0.4280576153792972100 ) ) ;
#4258 = DIRECTION ( 'NONE',  ( 1.000000000000000000, 0.0000000000000000000, 0.0000000000000000000 ) ) ;
#4259 = CARTESIAN_POINT ( 'NONE',  ( 0.02738726848234692900, -1.189391029475327600, 0.2501286447246700600 ) ) ;
#4260 = DIRECTION ( 'NONE',  ( -1.447553700753488400E-016, 1.000000000000000000, -0.0000000000000000000 ) ) ;
#4261 = SURFACE_SIDE_STYLE ('',( #1032 ) ) ;
#4262 =( NAMED_UNIT ( * ) PLANE_ANGLE_UNIT ( ) SI_UNIT ( $, .RADIAN. ) );
#4263 = MECHANICAL_DESIGN_GEOMETRIC_PRESENTATION_REPRESENTATION (  '', ( #2997 ), #4706 ) ;
#4264 = PRESENTATION_STYLE_ASSIGNMENT (( #7837 ) ) ;
#4265 = EDGE_LOOP ( 'NONE', ( #4005, #5896, #4629, #3498, #2884 ) ) ;
#4266 =( GEOMETRIC_REPRESENTATION_CONTEXT ( 3 ) GLOBAL_UNCERTAINTY_ASSIGNED_CONTEXT ( ( #826 ) ) GLOBAL_UNIT_ASSIGNED_CONTEXT ( ( #4290, #501, #4941 ) ) REPRESENTATION_CONTEXT ( 'NONE', 'WORKASPACE' ) );
#4267 =( LENGTH_UNIT ( ) NAMED_UNIT ( * ) SI_UNIT ( .MILLI., .METRE. ) );
#4268 = CARTESIAN_POINT ( 'NONE',  ( 3.991483021557144700E-016, -2.382506345545577700, 0.0000000000000000000 ) ) ;
#4269 = TOROIDAL_SURFACE ( 'NONE', #3967, 0.8262454205064518900, 0.05000000000000000300 ) ;
#4270 = CARTESIAN_POINT ( 'NONE',  ( 4.920127644676020900E-017, 0.03500000000000009400, 0.0000000000000000000 ) ) ;
#4271 = CARTESIAN_POINT ( 'NONE',  ( -0.04716643717787573400, -1.168966892875068700, -0.2335985046747818800 ) ) ;
#4272 = VERTEX_POINT ( 'NONE', #2939 ) ;
#4273 = ORIENTED_EDGE ( 'NONE', *, *, #5352, .T. ) ;
#4274 = DIRECTION ( 'NONE',  ( 1.000000000000000000, 0.0000000000000000000, 0.0000000000000000000 ) ) ;
#4275 = MECHANICAL_DESIGN_GEOMETRIC_PRESENTATION_REPRESENTATION (  '', ( #3441 ), #4715 ) ;
#4276 = CARTESIAN_POINT ( 'NONE',  ( 2.287098961263472300E-016, -1.205082627581609600, 0.0000000000000000000 ) ) ;
#4277 = COLOUR_RGB ( '',0.1098039215686274500, 0.1098039215686274500, 0.1098039215686274500 ) ;
#4278 = EDGE_CURVE ( 'NONE', #3185, #7954, #4088, .T. ) ;
#4279 = DIRECTION ( 'NONE',  ( 1.447553700753488400E-016, -1.000000000000000000, 0.0000000000000000000 ) ) ;
#4280 = AXIS2_PLACEMENT_3D ( 'NONE', #5889, #2055, #6535 ) ;
#4281 = EDGE_LOOP ( 'NONE', ( #5066, #7053, #4185, #405 ) ) ;
#4282 =( GEOMETRIC_REPRESENTATION_CONTEXT ( 3 ) GLOBAL_UNCERTAINTY_ASSIGNED_CONTEXT ( ( #7524 ) ) GLOBAL_UNIT_ASSIGNED_CONTEXT ( ( #6929, #3071, #7576 ) ) REPRESENTATION_CONTEXT ( 'NONE', 'WORKASPACE' ) );
#4283 = ORIENTED_EDGE ( 'NONE', *, *, #2981, .F. ) ;
#4284 = VECTOR ( 'NONE', #1427, 1000.000000000000000 ) ;
#4285 = FILL_AREA_STYLE_COLOUR ( '', #6248 ) ;
#4286 = CARTESIAN_POINT ( 'NONE',  ( 0.4792893218813452100, -2.795000000000000800, 6.086090353133817400E-017 ) ) ;
#4287 = CARTESIAN_POINT ( 'NONE',  ( 0.1163756112846377300, 0.3232333728057495400, -0.3996591155431057900 ) ) ;
#4288 = CARTESIAN_POINT ( 'NONE',  ( -0.6399999999999993500, 0.6550000000000000300, 7.837739514543053000E-017 ) ) ;
#4289 =( NAMED_UNIT ( * ) SI_UNIT ( $, .STERADIAN. ) SOLID_ANGLE_UNIT ( ) );
#4290 =( LENGTH_UNIT ( ) NAMED_UNIT ( * ) SI_UNIT ( .MILLI., .METRE. ) );
#4291 = CARTESIAN_POINT ( 'NONE',  ( 0.1239940899561374500, 0.3507056762521484300, 0.3947436973228087800 ) ) ;
#4292 =( NAMED_UNIT ( * ) PLANE_ANGLE_UNIT ( ) SI_UNIT ( $, .RADIAN. ) );
#4293 = CARTESIAN_POINT ( 'NONE',  ( 0.5999999999999997600, 1.395000000000000000, 7.347880794884117800E-017 ) ) ;
#4294 = ADVANCED_FACE ( 'NONE', ( #5815 ), #1601, .T. ) ;
#4295 = UNCERTAINTY_MEASURE_WITH_UNIT (LENGTH_MEASURE( 1.000000000000000100E-005 ), #7958, 'distance_accuracy_value', 'NONE');
#4296 =( NAMED_UNIT ( * ) PLANE_ANGLE_UNIT ( ) SI_UNIT ( $, .RADIAN. ) );
#4297 = SURFACE_STYLE_USAGE ( .BOTH. , #8181 ) ;
#4298 = DIRECTION ( 'NONE',  ( -1.000000000000000000, -1.447553700753488400E-016, 0.0000000000000000000 ) ) ;
#4299 = CARTESIAN_POINT ( 'NONE',  ( 0.03397201354942408500, -1.218260360858893300, -0.2931727449421186500 ) ) ;
#4300 = VERTEX_POINT ( 'NONE', #2367 ) ;
#4301 = CARTESIAN_POINT ( 'NONE',  ( 0.09243218876555961400, -0.2191680879543114700, -0.3822041574143212300 ) ) ;
#4302 = EDGE_CURVE ( 'NONE', #1935, #6081, #6714, .T. ) ;
#4303 = CYLINDRICAL_SURFACE ( 'NONE', #7202, 0.1000000000000000500 ) ;
#4304 =( LENGTH_UNIT ( ) NAMED_UNIT ( * ) SI_UNIT ( .MILLI., .METRE. ) );
#4305 = AXIS2_PLACEMENT_3D ( 'NONE', #8037, #4165, #379 ) ;
#4306 = B_SPLINE_CURVE_WITH_KNOTS ( 'NONE', 3,
 ( #625, #7638, #8287, #5057 ),
 .UNSPECIFIED., .F., .F.,
 ( 4, 4 ),
 ( 0.0000000000000000000, 9.492032793642697500E-005 ),
 .UNSPECIFIED. ) ;
#4307 =( NAMED_UNIT ( * ) SI_UNIT ( $, .STERADIAN. ) SOLID_ANGLE_UNIT ( ) );
#4308 = ORIENTED_EDGE ( 'NONE', *, *, #7265, .T. ) ;
#4309 = VERTEX_POINT ( 'NONE', #3621 ) ;
#4310 =( NAMED_UNIT ( * ) SI_UNIT ( $, .STERADIAN. ) SOLID_ANGLE_UNIT ( ) );
#4311 = FILL_AREA_STYLE ('',( #2333 ) ) ;
#4312 = DIRECTION ( 'NONE',  ( -1.447553700753488400E-016, 1.000000000000000000, -0.0000000000000000000 ) ) ;
#4313 = LINE ( 'NONE', #6121, #7562 ) ;
#4314 =( LENGTH_UNIT ( ) NAMED_UNIT ( * ) SI_UNIT ( .MILLI., .METRE. ) );
#4315 = DIRECTION ( 'NONE',  ( 0.0000000000000000000, 0.0000000000000000000, 1.000000000000000000 ) ) ;
#4316 = EDGE_LOOP ( 'NONE', ( #2757, #3325, #6086, #3360 ) ) ;
#4317 = AXIS2_PLACEMENT_3D ( 'NONE', #3550, #8058, #4186 ) ;
#4318 = CARTESIAN_POINT ( 'NONE',  ( 0.1062815361582940700, 0.3413376273166030500, 0.3950916571944576000 ) ) ;
#4319 = CARTESIAN_POINT ( 'NONE',  ( 0.02513773585898746900, -1.222945504588554400, -0.2763272670030122400 ) ) ;
#4320 = CARTESIAN_POINT ( 'NONE',  ( 0.04630770841790421400, -1.150767665139485100, -0.2525584207203315200 ) ) ;
#4321 = COLOUR_RGB ( '',1.000000000000000000, 0.8117647058823529400, 0.5019607843137254800 ) ;
#4322 = DIRECTION ( 'NONE',  ( -1.447553700753488400E-016, 1.000000000000000000, -0.0000000000000000000 ) ) ;
#4323 =( LENGTH_UNIT ( ) NAMED_UNIT ( * ) SI_UNIT ( .MILLI., .METRE. ) );
#4324 = ORIENTED_EDGE ( 'NONE', *, *, #7647, .F. ) ;
#4325 = CARTESIAN_POINT ( 'NONE',  ( -0.1180273429977300400, 0.3525217918726889500, -0.3757410748851475200 ) ) ;
#4326 = FILL_AREA_STYLE ('',( #3328 ) ) ;
#4327 = STYLED_ITEM ( 'NONE', ( #5067 ), #1346 ) ;
#4328 = EDGE_CURVE ( 'NONE', #3038, #7954, #8230, .T. ) ;
#4329 = CARTESIAN_POINT ( 'NONE',  ( -0.06651721462602212800, -0.9685039053754092000, -0.3167547351728144900 ) ) ;
#4330 = ORIENTED_EDGE ( 'NONE', *, *, #1576, .F. ) ;
#4331 = CARTESIAN_POINT ( 'NONE',  ( 7.670479676107648500E-017, -0.1549999999999999700, 0.0000000000000000000 ) ) ;
#4332 = VECTOR ( 'NONE', #6363, 1000.000000000000000 ) ;
#4333 = ADVANCED_FACE ( 'NONE', ( #140 ), #7411, .F. ) ;
#4334 = CARTESIAN_POINT ( 'NONE',  ( 4.775372274600670600E-017, 0.04500000000000011600, 0.0000000000000000000 ) ) ;
#4335 = SURFACE_STYLE_FILL_AREA ( #2644 ) ;
#4336 = CARTESIAN_POINT ( 'NONE',  ( 0.1546579313914618900, 0.3036234618366001100, 0.4112681092845761300 ) ) ;
#4337 = ORIENTED_EDGE ( 'NONE', *, *, #1094, .F. ) ;
#4338 = DIRECTION ( 'NONE',  ( 0.0000000000000000000, -1.000000000000000000, 0.0000000000000000000 ) ) ;
#4339 = CARTESIAN_POINT ( 'NONE',  ( 0.04978749811896360900, -1.205082627581610000, -0.2976813273944592400 ) ) ;
#4340 = DIRECTION ( 'NONE',  ( -1.000000000000000000, 0.0000000000000000000, 0.0000000000000000000 ) ) ;
#4341 = DIRECTION ( 'NONE',  ( -1.000000000000000000, -2.409338161078879500E-016, 0.0000000000000000000 ) ) ;
#4342 = CARTESIAN_POINT ( 'NONE',  ( -0.06061595206821827900, -0.9250819879823157800, -0.2708565774942956500 ) ) ;
#4343 = DIRECTION ( 'NONE',  ( -1.000000000000000000, -1.447553700753488400E-016, 0.0000000000000000000 ) ) ;
#4344 = ORIENTED_EDGE ( 'NONE', *, *, #3806, .T. ) ;
#4345 = CARTESIAN_POINT ( 'NONE',  ( 0.02839801843284045500, -1.174314482592944400, -0.07640497171854211700 ) ) ;
#4346 = VERTEX_POINT ( 'NONE', #173 ) ;
#4347 = PRESENTATION_STYLE_ASSIGNMENT (( #3650 ) ) ;
#4348 = DIRECTION ( 'NONE',  ( -1.447553700753488400E-016, 1.000000000000000000, -0.0000000000000000000 ) ) ;
#4349 = EDGE_CURVE ( 'NONE', #1682, #6052, #2502, .T. ) ;
#4350 = CARTESIAN_POINT ( 'NONE',  ( 0.04978749811896360900, -1.205082627581610000, -0.2976813273944592400 ) ) ;
#4351 = B_SPLINE_CURVE_WITH_KNOTS ( 'NONE', 3,
 ( #811, #1434, #6551, #2711 ),
 .UNSPECIFIED., .F., .F.,
 ( 4, 4 ),
 ( 0.0000000000000000000, 1.000000000000000000 ),
 .UNSPECIFIED. ) ;
#4352 = CARTESIAN_POINT ( 'NONE',  ( -0.09099373842753708000, 0.3943266737580429800, 0.3841508565295646000 ) ) ;
#4353 = MECHANICAL_DESIGN_GEOMETRIC_PRESENTATION_REPRESENTATION (  '', ( #3084 ), #4789 ) ;
#4354 = VERTEX_POINT ( 'NONE', #4578 ) ;
#4355 =( NAMED_UNIT ( * ) SI_UNIT ( $, .STERADIAN. ) SOLID_ANGLE_UNIT ( ) );
#4356 = CARTESIAN_POINT ( 'NONE',  ( -0.8160000000000005000, -1.954016994374949500, 1.678000000000000400 ) ) ;
#4357 = DIRECTION ( 'NONE',  ( 1.000000000000000000, 1.447553700753488400E-016, 0.0000000000000000000 ) ) ;
#4358 = ORIENTED_EDGE ( 'NONE', *, *, #1680, .F. ) ;
#4359 = EDGE_CURVE ( 'NONE', #7234, #2267, #4351, .T. ) ;
#4360 = CARTESIAN_POINT ( 'NONE',  ( -0.03669984145188624800, 0.4003606294749408300, 0.4482196778390202800 ) ) ;
#4361 = PRESENTATION_LAYER_ASSIGNMENT (  '', '', ( #3956 ) ) ;
#4362 = CARTESIAN_POINT ( 'NONE',  ( -0.1250656858299104600, 0.2675996315862999000, 0.3655387589310537500 ) ) ;
#4363 = CARTESIAN_POINT ( 'NONE',  ( -1.208196601125011100, -1.395000000000000000, 0.6700000000000001500 ) ) ;
#4364 = CARTESIAN_POINT ( 'NONE',  ( 0.1170680565608259200, -0.2423166182148810400, -0.3717848444710318800 ) ) ;
#4365 = FILL_AREA_STYLE ('',( #3708 ) ) ;
#4366 = SURFACE_SIDE_STYLE ('',( #6498 ) ) ;
#4367 = DIRECTION ( 'NONE',  ( 0.005953837729689440800, 0.08880862533597805300, -0.9960309131157640800 ) ) ;
#4368 = VERTEX_POINT ( 'NONE', #5238 ) ;
#4369 = CARTESIAN_POINT ( 'NONE',  ( 0.4239249933206987700, 0.3543379074933980000, 0.0000000000000000000 ) ) ;
#4370 = CARTESIAN_POINT ( 'NONE',  ( 0.04989976583503019600, -1.152583780759946400, -0.2721492054816724300 ) ) ;
#4371 = CARTESIAN_POINT ( 'NONE',  ( 1.269999999999999600, -1.353578643762690400, -0.7700000000000006800 ) ) ;
#4372 = CIRCLE ( 'NONE', #6178, 0.1000000000000000500 ) ;
#4373 = ADVANCED_FACE ( 'NONE', ( #830 ), #2887, .T. ) ;
#4374 = PRESENTATION_LAYER_ASSIGNMENT (  '', '', ( #3527 ) ) ;
#4375 = FACE_OUTER_BOUND ( 'NONE', #4010, .T. ) ;
#4376 = PRESENTATION_LAYER_ASSIGNMENT (  '', '', ( #3529 ) ) ;
#4377 = EDGE_CURVE ( 'NONE', #5096, #7398, #5703, .T. ) ;
#4378 = EDGE_LOOP ( 'NONE', ( #7726, #2592 ) ) ;
#4379 = ORIENTED_EDGE ( 'NONE', *, *, #7246, .T. ) ;
#4380 =( GEOMETRIC_REPRESENTATION_CONTEXT ( 3 ) GLOBAL_UNCERTAINTY_ASSIGNED_CONTEXT ( ( #607 ) ) GLOBAL_UNIT_ASSIGNED_CONTEXT ( ( #7428, #3558, #8066 ) ) REPRESENTATION_CONTEXT ( 'NONE', 'WORKASPACE' ) );
#4381 = CARTESIAN_POINT ( 'NONE',  ( -0.1250000000000000600, 0.2666198487095667900, -0.3897197719169305200 ) ) ;
#4382 = CARTESIAN_POINT ( 'NONE',  ( 0.1035414089365479900, 0.3455772700076017400, 0.3802909502608237100 ) ) ;
#4383 = LINE ( 'NONE', #4716, #4586 ) ;
#4384 = COLOUR_RGB ( '',0.1098039215686274500, 0.1098039215686274500, 0.1098039215686274500 ) ;
#4385 = ORIENTED_EDGE ( 'NONE', *, *, #4459, .F. ) ;
#4386 = CARTESIAN_POINT ( 'NONE',  ( 7.764441927118196900E-017, -0.1614911064067355900, 0.0000000000000000000 ) ) ;
#4387 = FILL_AREA_STYLE_COLOUR ( '', #6352 ) ;
#4388 = LINE ( 'NONE', #6293, #1022 ) ;
#4389 = EDGE_CURVE ( 'NONE', #2707, #6901, #5907, .T. ) ;
#4390 = DIRECTION ( 'NONE',  ( -1.447553700753488400E-016, 1.000000000000000000, -0.0000000000000000000 ) ) ;
#4391 = AXIS2_PLACEMENT_3D ( 'NONE', #4334, #8255, #4357 ) ;
#4392 = MECHANICAL_DESIGN_GEOMETRIC_PRESENTATION_REPRESENTATION (  '', ( #3546 ), #4830 ) ;
#4393 = SURFACE_STYLE_FILL_AREA ( #3779 ) ;
#4394 = CARTESIAN_POINT ( 'NONE',  ( -0.1249999999999929800, 0.2666198487095672300, 0.3897197719168872300 ) ) ;
#4395 = DIRECTION ( 'NONE',  ( -1.000000000000000000, 0.0000000000000000000, 0.0000000000000000000 ) ) ;
#4396 = PRESENTATION_STYLE_ASSIGNMENT (( #1689 ) ) ;
#4397 = DIRECTION ( 'NONE',  ( -1.000000000000000000, 0.0000000000000000000, 0.0000000000000000000 ) ) ;
#4398 = CARTESIAN_POINT ( 'NONE',  ( 0.6025658350974743000, -0.1473024947075761400, 7.669753703367264700E-017 ) ) ;
#4399 = CARTESIAN_POINT ( 'NONE',  ( 0.1158236843077576900, 0.3543379074932616100, -0.3765126485472822800 ) ) ;
#4400 = UNCERTAINTY_MEASURE_WITH_UNIT (LENGTH_MEASURE( 1.000000000000000100E-005 ), #2162, 'distance_accuracy_value', 'NONE');
#4401 = CARTESIAN_POINT ( 'NONE',  ( 1.832000000000000100, -1.294999999999999900, 0.3540000000000000400 ) ) ;
#4402 = SURFACE_STYLE_FILL_AREA ( #3216 ) ;
#4403 = ORIENTED_EDGE ( 'NONE', *, *, #1787, .F. ) ;
#4404 = ORIENTED_EDGE ( 'NONE', *, *, #2461, .F. ) ;
#4405 = CARTESIAN_POINT ( 'NONE',  ( 0.04859015532845770800, -1.160647776417383500, -0.1371440163957346200 ) ) ;
#4406 = CARTESIAN_POINT ( 'NONE',  ( 0.1249999999999999200, 0.2666198487095668400, 0.3790109896776369700 ) ) ;
#4407 = CARTESIAN_POINT ( 'NONE',  ( -0.05780390862092747700, -0.7356903878576953600, 0.3151364890231259700 ) ) ;
#4408 = SURFACE_STYLE_FILL_AREA ( #5317 ) ;
#4409 = ORIENTED_EDGE ( 'NONE', *, *, #6568, .T. ) ;
#4410 = EDGE_CURVE ( 'NONE', #5234, #4990, #7614, .T. ) ;
#4411 = CARTESIAN_POINT ( 'NONE',  ( -0.6099999999999992100, -1.365000000000000000, 0.0000000000000000000 ) ) ;
#4412 = DIRECTION ( 'NONE',  ( 0.8944271909999156300, 0.0000000000000000000, 0.4472135954999583700 ) ) ;
#4413 = CARTESIAN_POINT ( 'NONE',  ( -0.1274216735989316100, 0.3525217918728549300, 0.4251585148178475000 ) ) ;
#4414 = ADVANCED_FACE ( 'NONE', ( #617 ), #3188, .T. ) ;
#4415 = CARTESIAN_POINT ( 'NONE',  ( 8.664840982628469200E-016, -2.614999999999999800, 5.311061600864459800E-032 ) ) ;
#4416 = VERTEX_POINT ( 'NONE', #7921 ) ;
#4417 = CARTESIAN_POINT ( 'NONE',  ( 0.06059935458452781600, -0.6939929610046541300, 0.2937098273539934800 ) ) ;
#4418 = SURFACE_STYLE_USAGE ( .BOTH. , #11 ) ;
#4419 = STYLED_ITEM ( 'NONE', ( #1813 ), #566 ) ;
#4420 = DIRECTION ( 'NONE',  ( 0.0000000000000000000, -2.168404344971007700E-015, 1.000000000000000000 ) ) ;
#4421 = AXIS2_PLACEMENT_3D ( 'NONE', #7296, #3438, #7937 ) ;
#4422 = CARTESIAN_POINT ( 'NONE',  ( -0.05041793203119473300, -1.152033872787638700, 0.01021674953720112600 ) ) ;
#4423 = AXIS2_PLACEMENT_3D ( 'NONE', #7305, #7945, #6679 ) ;
#4424 = DIRECTION ( 'NONE',  ( 1.084202172485503800E-015, 0.0000000000000000000, -1.000000000000000000 ) ) ;
#4425 = CARTESIAN_POINT ( 'NONE',  ( 0.1138027570563099200, 0.3594774627891010900, 0.4292192907406407500 ) ) ;
#4426 = SPHERICAL_SURFACE ( 'NONE', #7793, 0.1000000000000000100 ) ;
#4427 = VERTEX_POINT ( 'NONE', #4058 ) ;
#4428 = CARTESIAN_POINT ( 'NONE',  ( 0.1061222780677306400, 0.3681104556797418200, 0.3793612558768063600 ) ) ;
#4429 = VECTOR ( 'NONE', #7723, 1000.000000000000000 ) ;
#4430 = SURFACE_STYLE_FILL_AREA ( #4152 ) ;
#4431 = DIRECTION ( 'NONE',  ( 0.0000000000000000000, 0.0000000000000000000, 1.000000000000000000 ) ) ;
#4432 = CARTESIAN_POINT ( 'NONE',  ( 0.02667085682133423000, -1.200077168009462800, 2.299878373011538100E-020 ) ) ;
#4433 = DIRECTION ( 'NONE',  ( -1.000000000000000000, 0.0000000000000000000, 0.0000000000000000000 ) ) ;
#4434 = CARTESIAN_POINT ( 'NONE',  ( -0.03179345903646499400, 0.4163762544845276400, -0.3926398812209593300 ) ) ;
#4435 =( NAMED_UNIT ( * ) PLANE_ANGLE_UNIT ( ) SI_UNIT ( $, .RADIAN. ) );
#4436 = ORIENTED_EDGE ( 'NONE', *, *, #7917, .F. ) ;
#4437 = EDGE_CURVE ( 'NONE', #1551, #5241, #29, .T. ) ;
#4438 = AXIS2_PLACEMENT_3D ( 'NONE', #3793, #13, #4420 ) ;
#4439 = AXIS2_PLACEMENT_3D ( 'NONE', #4806, #1007, #5451 ) ;
#4440 = DIRECTION ( 'NONE',  ( 1.000000000000000000, 0.0000000000000000000, 0.0000000000000000000 ) ) ;
#4441 = CARTESIAN_POINT ( 'NONE',  ( 0.07534309011336938500, -0.4740724754152390600, 0.3247379590039629600 ) ) ;
#4442 = VERTEX_POINT ( 'NONE', #3426 ) ;
#4443 = SURFACE_SIDE_STYLE ('',( #7923 ) ) ;
#4444 = CIRCLE ( 'NONE', #6623, 0.1000000000000000500 ) ;
#4445 = DIRECTION ( 'NONE',  ( -0.5383974589987405900, 0.8262549109318487700, -0.1656230609085048700 ) ) ;
#4446 = DIRECTION ( 'NONE',  ( 0.0000000000000000000, 1.000000000000000000, 0.0000000000000000000 ) ) ;
#4447 = CIRCLE ( 'NONE', #3176, 0.3939249933206986400 ) ;
#4448 = CARTESIAN_POINT ( 'NONE',  ( 0.08697063665170977300, 0.3662246223616866200, -0.3694307984303041300 ) ) ;
#4449 = ORIENTED_EDGE ( 'NONE', *, *, #4190, .T. ) ;
#4450 = SURFACE_SIDE_STYLE ('',( #2894 ) ) ;
#4451 = CARTESIAN_POINT ( 'NONE',  ( -0.1239110127981695700, 0.3543379074933982700, -0.4262809643909921700 ) ) ;
#4452 = CARTESIAN_POINT ( 'NONE',  ( -0.04551015404943580000, -1.169839864205000700, 0.2414753646553674500 ) ) ;
#4453 = CARTESIAN_POINT ( 'NONE',  ( 0.02797061480916895200, -1.180689719877732000, -0.1524370919122583800 ) ) ;
#4454 = B_SPLINE_CURVE_WITH_KNOTS ( 'NONE', 3,
 ( #4043, #255, #4681, #893, #5321, #1526, #5990, #2165, #6638, #2795, #7290, #3436, #7931, #4070, #277, #4707 ),
 .UNSPECIFIED., .F., .F.,
 ( 4, 3, 3, 3, 3, 4 ),
 ( 0.0000000000000000000, 1.003059329093912800E-005, 2.349664407968425700E-005, 3.679914919334459300E-005, 5.008212870721682000E-005, 6.336581010259248500E-005 ),
 .UNSPECIFIED. ) ;
#4455 = CARTESIAN_POINT ( 'NONE',  ( -0.05912273093319508200, 0.4074035661617444500, 0.3897606940334270000 ) ) ;
#4456 = ADVANCED_FACE ( 'NONE', ( #1508 ), #2977, .F. ) ;
#4457 = ADVANCED_FACE ( 'NONE', ( #1691 ), #4081, .T. ) ;
#4458 = ORIENTED_EDGE ( 'NONE', *, *, #7433, .T. ) ;
#4459 = EDGE_CURVE ( 'NONE', #6752, #142, #5805, .T. ) ;
#4460 = CARTESIAN_POINT ( 'NONE',  ( 0.09665289399638273000, 0.3558965629149591400, 0.4198305865064146900 ) ) ;
#4461 = CARTESIAN_POINT ( 'NONE',  ( -0.8499999999999993100, 0.6949999999999998400, 0.0000000000000000000 ) ) ;
#4462 =( NAMED_UNIT ( * ) SI_UNIT ( $, .STERADIAN. ) SOLID_ANGLE_UNIT ( ) );
#4463 = ORIENTED_EDGE ( 'NONE', *, *, #1125, .F. ) ;
#4464 = CARTESIAN_POINT ( 'NONE',  ( 0.1271363873302837100, 0.3526719237002786700, 0.4252583076309616200 ) ) ;
#4465 = DIRECTION ( 'NONE',  ( -0.8944271909999160800, 0.0000000000000000000, 0.4472135954999574800 ) ) ;
#4466 = CARTESIAN_POINT ( 'NONE',  ( 1.270000000000000000, 1.294999999999999900, -0.6700000000000002600 ) ) ;
#4467 = CARTESIAN_POINT ( 'NONE',  ( 4.692985130925385000E-016, -2.867118494305994400, 0.0000000000000000000 ) ) ;
#4468 = VECTOR ( 'NONE', #3183, 1000.000000000000100 ) ;
#4469 = AXIS2_PLACEMENT_3D ( 'NONE', #7126, #5231, #2066 ) ;
#4470 = ORIENTED_EDGE ( 'NONE', *, *, #290, .F. ) ;
#4471 = VERTEX_POINT ( 'NONE', #7339 ) ;
#4472 =( NAMED_UNIT ( * ) PLANE_ANGLE_UNIT ( ) SI_UNIT ( $, .RADIAN. ) );
#4473 = AXIS2_PLACEMENT_3D ( 'NONE', #3266, #4557, #788 ) ;
#4474 = SURFACE_STYLE_FILL_AREA ( #368 ) ;
#4475 = CARTESIAN_POINT ( 'NONE',  ( 0.01062514165248273700, 0.4006154119413188300, -0.4307154478948968000 ) ) ;
#4476 = VECTOR ( 'NONE', #6892, 1000.000000000000000 ) ;
#4477 = SURFACE_STYLE_USAGE ( .BOTH. , #76 ) ;
#4478 = CARTESIAN_POINT ( 'NONE',  ( 1.270000000000000000, -1.294999999999999700, 0.6700000000000002600 ) ) ;
#4479 = EDGE_LOOP ( 'NONE', ( #7829, #6, #7555, #4687 ) ) ;
#4480 = CARTESIAN_POINT ( 'NONE',  ( 0.02970673360607666400, -1.154793427305883100, 0.07737702457405759600 ) ) ;
#4481 = VERTEX_POINT ( 'NONE', #3468 ) ;
#4482 = DIRECTION ( 'NONE',  ( 1.447553700753488400E-016, -1.000000000000000000, 0.0000000000000000000 ) ) ;
#4483 = TOROIDAL_SURFACE ( 'NONE', #2317, 0.6499999999999994700, 0.05000000000000000300 ) ;
#4484 = AXIS2_PLACEMENT_3D ( 'NONE', #1770, #2422, #5630 ) ;
#4485 = CONICAL_SURFACE ( 'NONE', #523, 10967.01784461921100, 1.479865287713162600 ) ;
#4486 = MECHANICAL_DESIGN_GEOMETRIC_PRESENTATION_REPRESENTATION (  '', ( #3629 ), #4926 ) ;
#4487 = EDGE_CURVE ( 'NONE', #5762, #577, #722, .T. ) ;
#4488 = CARTESIAN_POINT ( 'NONE',  ( 0.1105549371083644100, 0.3353763313316986400, 0.4032832450581374500 ) ) ;
#4489 = PRESENTATION_LAYER_ASSIGNMENT (  '', '', ( #3632 ) ) ;
#4490 = CARTESIAN_POINT ( 'NONE',  ( 0.02492522909667287800, 0.3985701379379950600, 0.3962285460365671500 ) ) ;
#4491 = CARTESIAN_POINT ( 'NONE',  ( -0.02797061480916861900, -1.180689719877732000, 0.1524370919122602900 ) ) ;
#4492 = CARTESIAN_POINT ( 'NONE',  ( -0.1165700903499153300, 0.3537364182654326200, -0.3762830385188506400 ) ) ;
#4493 = PRESENTATION_STYLE_ASSIGNMENT (( #1656 ) ) ;
#4494 = PRESENTATION_STYLE_ASSIGNMENT (( #3502 ) ) ;
#4495 =( NAMED_UNIT ( * ) PLANE_ANGLE_UNIT ( ) SI_UNIT ( $, .RADIAN. ) );
#4496 = DIRECTION ( 'NONE',  ( 1.000000000000000000, 0.0000000000000000000, 0.0000000000000000000 ) ) ;
#4497 = SURFACE_STYLE_USAGE ( .BOTH. , #95 ) ;
#4498 = ADVANCED_FACE ( 'NONE', ( #915 ), #507, .T. ) ;
#4499 = ADVANCED_FACE ( 'NONE', ( #2394 ), #5585, .T. ) ;
#4500 = CARTESIAN_POINT ( 'NONE',  ( 2.208475136374087000E-016, -1.150767665139485100, 0.0000000000000000000 ) ) ;
#4501 = CARTESIAN_POINT ( 'NONE',  ( 0.02766456134498671000, -1.185254874097137800, -0.2465700299196692300 ) ) ;
#4502 = ORIENTED_EDGE ( 'NONE', *, *, #944, .F. ) ;
#4503 = PRODUCT_DEFINITION ( 'UNKNOWN', '', #6684, #6500 ) ;
#4504 = UNCERTAINTY_MEASURE_WITH_UNIT (LENGTH_MEASURE( 1.000000000000000100E-005 ), #1808, 'distance_accuracy_value', 'NONE');
#4505 = B_SPLINE_CURVE_WITH_KNOTS ( 'NONE', 3,
 ( #564, #8284, #1245, #5728, #1890, #6357, #2533, #7009, #3161, #7660, #3801, #19, #4425, #647 ),
 .UNSPECIFIED., .F., .F.,
 ( 4, 2, 2, 2, 2, 2, 4 ),
 ( 3.149367669184453900E-006, 3.783791617977807000E-005, 7.252646469037168900E-005, 0.0001419035617115589900, 0.0002112806587327463000, 0.0002459692072433398600, 0.0002806577557539335200 ),
 .UNSPECIFIED. ) ;
#4506 = CARTESIAN_POINT ( 'NONE',  ( -0.07866355184313511600, 0.3725052436901373200, -0.3680157447575142500 ) ) ;
#4507 = CARTESIAN_POINT ( 'NONE',  ( -0.02758433254497500900, -1.186451582802488900, -0.2427705422203056100 ) ) ;
#4508 = CARTESIAN_POINT ( 'NONE',  ( 2.975399468465941900E-018, 0.3543379074933975500, 0.0000000000000000000 ) ) ;
#4509 = ORIENTED_EDGE ( 'NONE', *, *, #3390, .F. ) ;
#4510 = ORIENTED_EDGE ( 'NONE', *, *, #6708, .T. ) ;
#4511 = DIRECTION ( 'NONE',  ( -1.000000000000000000, -1.447553700753488400E-016, 0.0000000000000000000 ) ) ;
#4512 = EDGE_CURVE ( 'NONE', #7522, #839, #2199, .T. ) ;
#4513 = FILL_AREA_STYLE_COLOUR ( '', #2669 ) ;
#4514 = PRESENTATION_STYLE_ASSIGNMENT (( #4297 ) ) ;
#4515 = AXIS2_PLACEMENT_3D ( 'NONE', #2674, #1562, #6022 ) ;
#4516 = DIRECTION ( 'NONE',  ( -1.000000000000000000, -1.221154686938587200E-016, 0.0000000000000000000 ) ) ;
#4517 = ORIENTED_EDGE ( 'NONE', *, *, #7893, .T. ) ;
#4518 = CARTESIAN_POINT ( 'NONE',  ( -0.06816498501354707800, 0.3809750913088193500, 0.4251976001278667800 ) ) ;
#4519 = CARTESIAN_POINT ( 'NONE',  ( -0.02970673360607625400, -1.154793427305887300, -0.07737702457405722100 ) ) ;
#4520 = SURFACE_STYLE_USAGE ( .BOTH. , #117 ) ;
#4521 = VECTOR ( 'NONE', #1464, 1000.000000000000000 ) ;
#4522 = EDGE_CURVE ( 'NONE', #5241, #1431, #2598, .T. ) ;
#4523 = CYLINDRICAL_SURFACE ( 'NONE', #7631, 0.09999999999999990800 ) ;
#4524 = FILL_AREA_STYLE_COLOUR ( '', #7288 ) ;
#4525 = ORIENTED_EDGE ( 'NONE', *, *, #1657, .F. ) ;
#4526 = DIRECTION ( 'NONE',  ( -1.000000000000000000, -1.807003620809175900E-016, 0.0000000000000000000 ) ) ;
#4527 = DIRECTION ( 'NONE',  ( -1.447553700753488400E-016, 1.000000000000000000, -0.0000000000000000000 ) ) ;
#4528 = VECTOR ( 'NONE', #7869, 1000.000000000000000 ) ;
#4529 = CARTESIAN_POINT ( 'NONE',  ( 0.1201474999044564200, 0.3104903820154503700, -0.3862503779413086200 ) ) ;
#4530 = FACE_OUTER_BOUND ( 'NONE', #4120, .T. ) ;
#4531 = CARTESIAN_POINT ( 'NONE',  ( 0.1056207736225116400, 0.3423861604384889100, -0.3953878559147192600 ) ) ;
#4532 = ORIENTED_EDGE ( 'NONE', *, *, #1044, .F. ) ;
#4533 = CARTESIAN_POINT ( 'NONE',  ( -0.1223981047162033100, 0.3017194853530515400, -0.4477743292592169500 ) ) ;
#4534 = STYLED_ITEM ( 'NONE', ( #1413 ), #748 ) ;
#4535 = CARTESIAN_POINT ( 'NONE',  ( -0.8999999999999994700, 1.394999999999999800, 0.0000000000000000000 ) ) ;
#4536 = FACE_OUTER_BOUND ( 'NONE', #6071, .T. ) ;
#4537 = DIRECTION ( 'NONE',  ( -1.000000000000000000, -1.446471648388113700E-016, 0.0000000000000000000 ) ) ;
#4538 = AXIS2_PLACEMENT_3D ( 'NONE', #3309, #3279, #161 ) ;
#4539 = EDGE_CURVE ( 'NONE', #986, #5645, #3882, .T. ) ;
#4540 = DIRECTION ( 'NONE',  ( 0.0000000000000000000, 0.0000000000000000000, -1.000000000000000000 ) ) ;
#4541 = CARTESIAN_POINT ( 'NONE',  ( -0.4438423657390882000, 0.3525217918728551500, 0.0000000000000000000 ) ) ;
#4542 = CARTESIAN_POINT ( 'NONE',  ( 0.03902241538352229500, 0.4002905576310612500, -0.3939365289626375300 ) ) ;
#4543 = ADVANCED_FACE ( 'NONE', ( #3663 ), #6283, .T. ) ;
#4544 = VERTEX_POINT ( 'NONE', #8051 ) ;
#4545 = ADVANCED_FACE ( 'NONE', ( #4564 ), #819, .T. ) ;
#4546 = CARTESIAN_POINT ( 'NONE',  ( -1.370000000000000300, -1.395000000000000000, 0.6700000000000003700 ) ) ;
#4547 = CARTESIAN_POINT ( 'NONE',  ( -0.1250026614847404600, 0.2666596206739645400, -0.3792131877867773700 ) ) ;
#4548 = SURFACE_STYLE_FILL_AREA ( #5043 ) ;
#4549 = CARTESIAN_POINT ( 'NONE',  ( -0.1193574644838563500, 0.3156482192581230300, 0.3806143205649433800 ) ) ;
#4550 = CARTESIAN_POINT ( 'NONE',  ( -0.02846876768769465700, -1.173259172664719700, -0.2703770910035351900 ) ) ;
#4551 = COLOUR_RGB ( '',0.1098039215686274500, 0.1098039215686274500, 0.1098039215686274500 ) ;
#4552 = ORIENTED_EDGE ( 'NONE', *, *, #4111, .T. ) ;
#4553 = EDGE_CURVE ( 'NONE', #1394, #2698, #3747, .T. ) ;
#4554 = STYLED_ITEM ( 'NONE', ( #738 ), #7863 ) ;
#4555 = UNCERTAINTY_MEASURE_WITH_UNIT (LENGTH_MEASURE( 1.000000000000000100E-005 ), #1466, 'distance_accuracy_value', 'NONE');
#4556 = AXIS2_PLACEMENT_3D ( 'NONE', #6595, #2756, #7245 ) ;
#4557 = DIRECTION ( 'NONE',  ( -1.447553700753488400E-016, 1.000000000000000000, -0.0000000000000000000 ) ) ;
#4558 = DIRECTION ( 'NONE',  ( -1.000000000000000000, 0.0000000000000000000, 0.0000000000000000000 ) ) ;
#4559 = DIRECTION ( 'NONE',  ( -1.224646799147353200E-016, -1.772742006221665100E-032, 1.000000000000000000 ) ) ;
#4560 = FACE_OUTER_BOUND ( 'NONE', #2414, .T. ) ;
#4561 = ORIENTED_EDGE ( 'NONE', *, *, #3423, .T. ) ;
#4562 = UNCERTAINTY_MEASURE_WITH_UNIT (LENGTH_MEASURE( 1.000000000000000100E-005 ), #72, 'distance_accuracy_value', 'NONE');
#4563 = UNCERTAINTY_MEASURE_WITH_UNIT (LENGTH_MEASURE( 1.000000000000000100E-005 ), #3670, 'distance_accuracy_value', 'NONE');
#4564 = FACE_OUTER_BOUND ( 'NONE', #4174, .T. ) ;
#4565 =( NAMED_UNIT ( * ) SI_UNIT ( $, .STERADIAN. ) SOLID_ANGLE_UNIT ( ) );
#4566 = VECTOR ( 'NONE', #907, 1000.000000000000000 ) ;
#4567 = FILL_AREA_STYLE_COLOUR ( '', #3572 ) ;
#4568 = VERTEX_POINT ( 'NONE', #8073 ) ;
#4569 = PLANE ( 'NONE',  #4991 ) ;
#4570 = CARTESIAN_POINT ( 'NONE',  ( 5.354393754902067000E-017, 0.005000000000000077300, 0.0000000000000000000 ) ) ;
#4571 = DIRECTION ( 'NONE',  ( -1.000000000000000000, -1.447553700753488400E-016, 0.0000000000000000000 ) ) ;
#4572 = FILL_AREA_STYLE_COLOUR ( '', #5305 ) ;
#4573 = CARTESIAN_POINT ( 'NONE',  ( 2.208475136374087000E-016, -1.150767665139485100, 0.0000000000000000000 ) ) ;
#4574 = ORIENTED_EDGE ( 'NONE', *, *, #4249, .T. ) ;
#4575 = EDGE_CURVE ( 'NONE', #6259, #418, #3988, .T. ) ;
#4576 = CARTESIAN_POINT ( 'NONE',  ( -0.09150301172960556600, -0.2330278770515512000, -0.3535703795692307100 ) ) ;
#4577 = DIRECTION ( 'NONE',  ( -1.000000000000000000, -1.221154686938587200E-016, 0.0000000000000000000 ) ) ;
#4578 = CARTESIAN_POINT ( 'NONE',  ( 0.1180253205482358100, 0.3525217918726917300, -0.3757417101686158500 ) ) ;
#4579 = STYLED_ITEM ( 'NONE', ( #1730 ), #3182 ) ;
#4580 = CYLINDRICAL_SURFACE ( 'NONE', #5308, 0.1000000000000000500 ) ;
#4581 = VECTOR ( 'NONE', #3007, 1000.000000000000100 ) ;
#4582 = EDGE_LOOP ( 'NONE', ( #385, #1909, #2371, #8048 ) ) ;
#4583 = ORIENTED_EDGE ( 'NONE', *, *, #925, .F. ) ;
#4584 = CARTESIAN_POINT ( 'NONE',  ( 0.03003326316415992600, -1.149922847605605600, -0.2556207292921415200 ) ) ;
#4585 = CARTESIAN_POINT ( 'NONE',  ( 0.0000000000000000000, 1.395000000000000000, 1.169999999999999900 ) ) ;
#4586 = VECTOR ( 'NONE', #287, 1000.000000000000000 ) ;
#4587 = ADVANCED_FACE ( 'NONE', ( #5693 ), #2282, .T. ) ;
#4588 = ADVANCED_FACE ( 'NONE', ( #3770 ), #3180, .T. ) ;
#4589 = CARTESIAN_POINT ( 'NONE',  ( 4.588589737599975400E-016, -2.795000000000000800, 0.0000000000000000000 ) ) ;
#4590 = CARTESIAN_POINT ( 'NONE',  ( -0.5299470081275750000, 1.015000000000000600, 0.0000000000000000000 ) ) ;
#4591 = AXIS2_PLACEMENT_3D ( 'NONE', #3762, #8280, #4395 ) ;
#4592 = PRESENTATION_LAYER_ASSIGNMENT (  '', '', ( #3735 ) ) ;
#4593 = CARTESIAN_POINT ( 'NONE',  ( -0.03223724755186172000, -1.219553329243469700, -0.2918992484371495900 ) ) ;
#4594 = AXIS2_PLACEMENT_3D ( 'NONE', #6849, #1748, #8248 ) ;
#4595 = EDGE_LOOP ( 'NONE', ( #286, #5429, #6621, #5348 ) ) ;
#4596 = PLANE ( 'NONE',  #1152 ) ;
#4597 = CIRCLE ( 'NONE', #2049, 0.1000000000000000500 ) ;
#4598 = EDGE_LOOP ( 'NONE', ( #3588, #4867, #3842, #5417, #3573 ) ) ;
#4599 = CARTESIAN_POINT ( 'NONE',  ( 0.03986936876838708500, 0.3937669331655964700, -0.4113340535605852200 ) ) ;
#4600 = COLOUR_RGB ( '',1.000000000000000000, 0.8117647058823529400, 0.5019607843137254800 ) ;
#4601 =( NAMED_UNIT ( * ) SI_UNIT ( $, .STERADIAN. ) SOLID_ANGLE_UNIT ( ) );
#4602 = CARTESIAN_POINT ( 'NONE',  ( -0.06161674357927109100, -0.6788173848205050200, 0.3101373001733100400 ) ) ;
#4603 =( NAMED_UNIT ( * ) PLANE_ANGLE_UNIT ( ) SI_UNIT ( $, .RADIAN. ) );
#4604 = DIRECTION ( 'NONE',  ( 0.0000000000000000000, 0.0000000000000000000, -1.000000000000000000 ) ) ;
#4605 = PRESENTATION_LAYER_ASSIGNMENT (  '', '', ( #4169 ) ) ;
#4606 = SURFACE_STYLE_USAGE ( .BOTH. , #193 ) ;
#4607 = CARTESIAN_POINT ( 'NONE',  ( 4.692985130925385000E-016, -2.867118494305994400, 0.0000000000000000000 ) ) ;
#4608 = EDGE_CURVE ( 'NONE', #2236, #3125, #4866, .T. ) ;
#4609 = STYLED_ITEM ( 'NONE', ( #5093 ), #7482 ) ;
#4610 =( NAMED_UNIT ( * ) SI_UNIT ( $, .STERADIAN. ) SOLID_ANGLE_UNIT ( ) );
#4611 = DIRECTION ( 'NONE',  ( 1.084202172485507800E-015, 0.0000000000000000000, 1.000000000000000000 ) ) ;
#4612 = CARTESIAN_POINT ( 'NONE',  ( 0.1266853402121630400, 0.2949342829126127600, 0.3676285765620795300 ) ) ;
#4613 = EDGE_LOOP ( 'NONE', ( #4794, #7610, #3146, #5854, #2891 ) ) ;
#4614 = ORIENTED_EDGE ( 'NONE', *, *, #5240, .F. ) ;
#4615 = UNCERTAINTY_MEASURE_WITH_UNIT (LENGTH_MEASURE( 1.000000000000000100E-005 ), #3395, 'distance_accuracy_value', 'NONE');
#4616 = B_SPLINE_CURVE_WITH_KNOTS ( 'NONE', 3,
 ( #1888, #5725, #2531, #7007, #3158, #7658, #3796, #16, #4422, #645, #5078, #1272, #5745, #1914, #6382, #2555 ),
 .UNSPECIFIED., .F., .F.,
 ( 4, 3, 3, 3, 3, 4 ),
 ( 3.178494465141938700E-017, 4.000000501730200000E-005, 0.0002000171220887309500, 0.0002308527523914825900, 0.0002808870667705793600, 0.0004615884448658263300 ),
 .UNSPECIFIED. ) ;
#4617 = CARTESIAN_POINT ( 'NONE',  ( 0.02518493701633324800, -1.223104437731151300, -0.2780731727062177300 ) ) ;
#4618 = DIRECTION ( 'NONE',  ( 1.000000000000000000, 1.447553700753488400E-016, 0.0000000000000000000 ) ) ;
#4619 = FILL_AREA_STYLE ('',( #6560 ) ) ;
#4620 = FACE_OUTER_BOUND ( 'NONE', #2826, .T. ) ;
#4621 = ORIENTED_EDGE ( 'NONE', *, *, #3122, .F. ) ;
#4622 = CARTESIAN_POINT ( 'NONE',  ( -0.2549999999999990100, -2.845000000000000600, 0.0000000000000000000 ) ) ;
#4623 = COLOUR_RGB ( '',1.000000000000000000, 0.8117647058823529400, 0.5019607843137254800 ) ;
#4624 = CARTESIAN_POINT ( 'NONE',  ( 0.1175265972888180500, 0.3204703966873699300, -0.4464116063538784400 ) ) ;
#4625 = CARTESIAN_POINT ( 'NONE',  ( -0.09933712713241103800, 0.3514804633720780600, -0.3975930289199139400 ) ) ;
#4626 = CARTESIAN_POINT ( 'NONE',  ( 4.775372274600670600E-017, 0.04500000000000011600, 0.0000000000000000000 ) ) ;
#4627 = DIRECTION ( 'NONE',  ( -0.0000000000000000000, 0.0000000000000000000, -1.000000000000000000 ) ) ;
#4628 = COLOUR_RGB ( '',1.000000000000000000, 0.8117647058823529400, 0.5019607843137254800 ) ;
#4629 = ORIENTED_EDGE ( 'NONE', *, *, #838, .F. ) ;
#4630 = EDGE_CURVE ( 'NONE', #1410, #4544, #21, .T. ) ;
#4631 = DIRECTION ( 'NONE',  ( -1.447553700753488400E-016, 1.000000000000000000, -0.0000000000000000000 ) ) ;
#4632 = ADVANCED_FACE ( 'NONE', ( #6606 ), #2382, .F. ) ;
#4633 = PRESENTATION_STYLE_ASSIGNMENT (( #6345 ) ) ;
#4634 = DIRECTION ( 'NONE',  ( 1.000000000000000000, 1.447553700753488400E-016, 0.0000000000000000000 ) ) ;
#4635 = CARTESIAN_POINT ( 'NONE',  ( -0.03206953734635199100, 0.3963783724203898100, 0.4123545966161659100 ) ) ;
#4636 = DIRECTION ( 'NONE',  ( -1.000000000000000000, -0.0000000000000000000, -0.0000000000000000000 ) ) ;
#4637 = ORIENTED_EDGE ( 'NONE', *, *, #7167, .F. ) ;
#4638 = FACE_OUTER_BOUND ( 'NONE', #6937, .T. ) ;
#4639 = EDGE_CURVE ( 'NONE', #5931, #4180, #4072, .T. ) ;
#4640 = AXIS2_PLACEMENT_3D ( 'NONE', #2547, #7024, #3178 ) ;
#4641 = DIRECTION ( 'NONE',  ( -1.000000000000000000, -1.447553700753488400E-016, 0.0000000000000000000 ) ) ;
#4642 = CARTESIAN_POINT ( 'NONE',  ( -1.244400193985226300, -1.394999999999999800, 0.7285786437626905500 ) ) ;
#4643 = ORIENTED_EDGE ( 'NONE', *, *, #1923, .F. ) ;
#4644 =( NAMED_UNIT ( * ) PLANE_ANGLE_UNIT ( ) SI_UNIT ( $, .RADIAN. ) );
#4645 = DIRECTION ( 'NONE',  ( 1.000000000000000000, 0.0000000000000000000, 0.0000000000000000000 ) ) ;
#4646 = COLOUR_RGB ( '',0.1098039215686274500, 0.1098039215686274500, 0.1098039215686274500 ) ;
#4647 = CARTESIAN_POINT ( 'NONE',  ( 0.1325669765548405900, 0.3179824357007368100, 0.3675146286954033600 ) ) ;
#4648 = ORIENTED_EDGE ( 'NONE', *, *, #4076, .F. ) ;
#4649 = CARTESIAN_POINT ( 'NONE',  ( 0.04784238332212933900, -1.168868921937331400, -0.2301144326776780900 ) ) ;
#4650 = EDGE_LOOP ( 'NONE', ( #2505, #2948, #8215 ) ) ;
#4651 = AXIS2_PLACEMENT_3D ( 'NONE', #2306, #2274, #2312 ) ;
#4652 = CIRCLE ( 'NONE', #3583, 0.9399999999999991700 ) ;
#4653 = PRESENTATION_LAYER_ASSIGNMENT (  '', '', ( #4210 ) ) ;
#4654 = EDGE_CURVE ( 'NONE', #7934, #5775, #5796, .T. ) ;
#4655 =( NAMED_UNIT ( * ) SI_UNIT ( $, .STERADIAN. ) SOLID_ANGLE_UNIT ( ) );
#4656 =( NAMED_UNIT ( * ) PLANE_ANGLE_UNIT ( ) SI_UNIT ( $, .RADIAN. ) );
#4657 =( GEOMETRIC_REPRESENTATION_CONTEXT ( 3 ) GLOBAL_UNCERTAINTY_ASSIGNED_CONTEXT ( ( #4400 ) ) GLOBAL_UNIT_ASSIGNED_CONTEXT ( ( #2162, #6636, #2791 ) ) REPRESENTATION_CONTEXT ( 'NONE', 'WORKASPACE' ) );
#4658 = DIRECTION ( 'NONE',  ( 0.0000000000000000000, 1.000000000000000000, 0.0000000000000000000 ) ) ;
#4659 = CARTESIAN_POINT ( 'NONE',  ( 0.0000000000000000000, 0.0000000000000000000, 1.270000000000000000 ) ) ;
#4660 = VECTOR ( 'NONE', #5723, 1000.000000000000000 ) ;
#4661 = DIRECTION ( 'NONE',  ( -1.000000000000000000, 0.0000000000000000000, 0.0000000000000000000 ) ) ;
#4662 = ORIENTED_EDGE ( 'NONE', *, *, #966, .T. ) ;
#4663 = CARTESIAN_POINT ( 'NONE',  ( 2.975399468465887600E-018, 0.3543379074933978300, 0.0000000000000000000 ) ) ;
#4664 = B_SPLINE_CURVE_WITH_KNOTS ( 'NONE', 3,
 ( #6628, #1510, #269, #4694 ),
 .UNSPECIFIED., .F., .F.,
 ( 4, 4 ),
 ( 0.0000000000000000000, 2.626378288017999400E-006 ),
 .UNSPECIFIED. ) ;
#4665 = CARTESIAN_POINT ( 'NONE',  ( 0.1022575804682047400, 0.3475475051174325400, 0.3965911667074599700 ) ) ;
#4666 = DIRECTION ( 'NONE',  ( -1.000000000000000000, -1.349481802652466300E-016, 0.0000000000000000000 ) ) ;
#4667 = EDGE_CURVE ( 'NONE', #5903, #3676, #6119, .T. ) ;
#4668 = STYLED_ITEM ( 'NONE', ( #1758 ), #1931 ) ;
#4669 = ORIENTED_EDGE ( 'NONE', *, *, #2265, .F. ) ;
#4670 =( GEOMETRIC_REPRESENTATION_CONTEXT ( 3 ) GLOBAL_UNCERTAINTY_ASSIGNED_CONTEXT ( ( #772 ) ) GLOBAL_UNIT_ASSIGNED_CONTEXT ( ( #2048, #6531, #2690 ) ) REPRESENTATION_CONTEXT ( 'NONE', 'WORKASPACE' ) );
#4671 = AXIS2_PLACEMENT_3D ( 'NONE', #7388, #3520, #2283 ) ;
#4672 = SURFACE_STYLE_FILL_AREA ( #6863 ) ;
#4673 = CARTESIAN_POINT ( 'NONE',  ( 0.1239136013937068300, 0.3543379074933978300, -0.4262802119315696700 ) ) ;
#4674 = CARTESIAN_POINT ( 'NONE',  ( -1.404282583519468200E-016, 1.345000000000000200, 0.0000000000000000000 ) ) ;
#4675 = CARTESIAN_POINT ( 'NONE',  ( -1.476660268557142200E-016, 1.395000000000000000, 0.0000000000000000000 ) ) ;
#4676 = CARTESIAN_POINT ( 'NONE',  ( -12.70000000000000100, 0.0000000000000000000, 0.0000000000000000000 ) ) ;
#4677 = SHAPE_REPRESENTATION_RELATIONSHIP ( 'NONE' , 'NONE' ,  #2213, #6062 ) ;
#4678 = SURFACE_STYLE_FILL_AREA ( #292 ) ;
#4679 = CIRCLE ( 'NONE', #6722, 0.02999999999999997100 ) ;
#4680 = VERTEX_POINT ( 'NONE', #3131 ) ;
#4681 = CARTESIAN_POINT ( 'NONE',  ( 0.02750465421898044100, -1.187640080528148200, 0.2350575242026956600 ) ) ;
#4682 = CARTESIAN_POINT ( 'NONE',  ( 0.04693001498044024200, -1.168898964817194100, -0.2349251355835189600 ) ) ;
#4683 = VECTOR ( 'NONE', #1384, 1000.000000000000000 ) ;
#4684 = SURFACE_SIDE_STYLE ('',( #4116 ) ) ;
#4685 = CIRCLE ( 'NONE', #6580, 0.4588477818713311300 ) ;
#4686 = CYLINDRICAL_SURFACE ( 'NONE', #5189, 0.5999999999999994200 ) ;
#4687 = ORIENTED_EDGE ( 'NONE', *, *, #241, .F. ) ;
#4688 =( NAMED_UNIT ( * ) SI_UNIT ( $, .STERADIAN. ) SOLID_ANGLE_UNIT ( ) );
#4689 = VERTEX_POINT ( 'NONE', #5026 ) ;
#4690 = LINE ( 'NONE', #4129, #2995 ) ;
#4691 = CARTESIAN_POINT ( 'NONE',  ( -1.476660268557142200E-016, 1.395000000000000000, 0.0000000000000000000 ) ) ;
#4692 = CYLINDRICAL_SURFACE ( 'NONE', #7677, 0.1000000000000001000 ) ;
#4693 = EDGE_CURVE ( 'NONE', #848, #6578, #4252, .T. ) ;
#4694 = CARTESIAN_POINT ( 'NONE',  ( -0.02513773585898713300, -1.222945504588554200, -0.2763272670030129100 ) ) ;
#4695 = VERTEX_POINT ( 'NONE', #6974 ) ;
#4696 = FILL_AREA_STYLE_COLOUR ( '', #4875 ) ;
#4697 = ORIENTED_EDGE ( 'NONE', *, *, #263, .F. ) ;
#4698 = AXIS2_PLACEMENT_3D ( 'NONE', #4097, #300, #4734 ) ;
#4699 = COLOUR_RGB ( '',0.1098039215686274500, 0.1098039215686274500, 0.1098039215686274500 ) ;
#4700 = SURFACE_STYLE_FILL_AREA ( #1149 ) ;
#4701 = CARTESIAN_POINT ( 'NONE',  ( -0.1242625082682390600, 0.3417635143178030000, 0.3727542676179269000 ) ) ;
#4702 =( NAMED_UNIT ( * ) PLANE_ANGLE_UNIT ( ) SI_UNIT ( $, .RADIAN. ) );
#4703 = DIRECTION ( 'NONE',  ( 1.000000000000000000, 0.0000000000000000000, 0.0000000000000000000 ) ) ;
#4704 = APPLICATION_CONTEXT ( 'automotive_design' ) ;
#4705 = CIRCLE ( 'NONE', #1767, 0.05000000000000002400 ) ;
#4706 =( GEOMETRIC_REPRESENTATION_CONTEXT ( 3 ) GLOBAL_UNCERTAINTY_ASSIGNED_CONTEXT ( ( #1661 ) ) GLOBAL_UNIT_ASSIGNED_CONTEXT ( ( #6702, #2853, #7355 ) ) REPRESENTATION_CONTEXT ( 'NONE', 'WORKASPACE' ) );
#4707 = CARTESIAN_POINT ( 'NONE',  ( 0.02994456013349171300, -1.151245959617459300, 0.2721492054816726000 ) ) ;
#4708 = AXIS2_PLACEMENT_3D ( 'NONE', #1160, #5631, #1799 ) ;
#4709 = CIRCLE ( 'NONE', #5124, 0.02000000000000000400 ) ;
#4710 = CARTESIAN_POINT ( 'NONE',  ( 0.04630770841790421400, -1.150767665139485100, -0.2525584207203315200 ) ) ;
#4711 = DIRECTION ( 'NONE',  ( 1.000000000000000000, -0.0000000000000000000, 1.084202172485506600E-015 ) ) ;
#4712 = PRESENTATION_STYLE_ASSIGNMENT (( #3481 ) ) ;
#4713 = VERTEX_POINT ( 'NONE', #7633 ) ;
#4714 = CARTESIAN_POINT ( 'NONE',  ( 0.02857804579769999300, -1.171629158685589600, -0.2413905684920436600 ) ) ;
#4715 =( GEOMETRIC_REPRESENTATION_CONTEXT ( 3 ) GLOBAL_UNCERTAINTY_ASSIGNED_CONTEXT ( ( #957 ) ) GLOBAL_UNIT_ASSIGNED_CONTEXT ( ( #1875, #6342, #2520 ) ) REPRESENTATION_CONTEXT ( 'NONE', 'WORKASPACE' ) );
#4716 = CARTESIAN_POINT ( 'NONE',  ( -0.1250000000000000600, 0.2666198487095667900, 0.4322904116447698300 ) ) ;
#4717 = DIRECTION ( 'NONE',  ( -1.447553700753488400E-016, 1.000000000000000000, -0.0000000000000000000 ) ) ;
#4718 = EDGE_CURVE ( 'NONE', #2300, #7826, #4616, .T. ) ;
#4719 = VERTEX_POINT ( 'NONE', #3738 ) ;
#4720 = VERTEX_POINT ( 'NONE', #6356 ) ;
#4721 = AXIS2_PLACEMENT_3D ( 'NONE', #2668, #5219, #1416 ) ;
#4722 = CARTESIAN_POINT ( 'NONE',  ( -0.1378435408756131200, 0.2670981431876250400, 0.3606053945049982300 ) ) ;
#4723 = DIRECTION ( 'NONE',  ( 0.0000000000000000000, 0.07180449027747253000, 0.9974187261005240700 ) ) ;
#4724 = SURFACE_SIDE_STYLE ('',( #4678 ) ) ;
#4725 = AXIS2_PLACEMENT_3D ( 'NONE', #4370, #594, #5032 ) ;
#4726 = UNCERTAINTY_MEASURE_WITH_UNIT (LENGTH_MEASURE( 1.000000000000000100E-005 ), #6282, 'distance_accuracy_value', 'NONE');
#4727 = FACE_OUTER_BOUND ( 'NONE', #331, .T. ) ;
#4728 = ORIENTED_EDGE ( 'NONE', *, *, #4902, .F. ) ;
#4729 = DIRECTION ( 'NONE',  ( 0.4472135954999580400, -0.0000000000000000000, 0.8944271909999157400 ) ) ;
#4730 = SURFACE_STYLE_USAGE ( .BOTH. , #297 ) ;
#4731 = CARTESIAN_POINT ( 'NONE',  ( 2.315930427416997100E-016, -1.224999999999999400, 0.0000000000000000000 ) ) ;
#4732 =( REPRESENTATION_RELATIONSHIP ('NONE','NONE', #3678, #2213 ) REPRESENTATION_RELATIONSHIP_WITH_TRANSFORMATION ( #7314 )SHAPE_REPRESENTATION_RELATIONSHIP( ) );
#4733 = LINE ( 'NONE', #4585, #1352 ) ;
#4734 = DIRECTION ( 'NONE',  ( 0.0000000000000000000, 0.07216114247521059100, 0.9973929864986380600 ) ) ;
#4735 = VERTEX_POINT ( 'NONE', #7684 ) ;
#4736 = FACE_OUTER_BOUND ( 'NONE', #4750, .T. ) ;
#4737 = PLANE ( 'NONE',  #572 ) ;
#4738 = SURFACE_SIDE_STYLE ('',( #6584 ) ) ;
#4739 = EDGE_CURVE ( 'NONE', #4858, #5931, #7307, .T. ) ;
#4740 = PRESENTATION_STYLE_ASSIGNMENT (( #4805 ) ) ;
#4741 = ORIENTED_EDGE ( 'NONE', *, *, #7753, .T. ) ;
#4742 = AXIS2_PLACEMENT_3D ( 'NONE', #7368, #5401, #1622 ) ;
#4743 = CARTESIAN_POINT ( 'NONE',  ( 7.264154555652880700E-016, -1.294999999999999700, -0.6699999999999988200 ) ) ;
#4744 = CARTESIAN_POINT ( 'NONE',  ( -0.02625022417680115600, -1.206351408025464700, 0.09221924109680546000 ) ) ;
#4745 = DIRECTION ( 'NONE',  ( -0.8536045658839899200, 0.5209215344963241700, 0.0000000000000000000 ) ) ;
#4746 = CARTESIAN_POINT ( 'NONE',  ( 0.04747270550681743900, -1.188786294355723700, -0.2283363398061075700 ) ) ;
#4747 = DIRECTION ( 'NONE',  ( -1.447553700753488400E-016, 1.000000000000000000, 0.0000000000000000000 ) ) ;
#4748 = CARTESIAN_POINT ( 'NONE',  ( 3.238291957217206500E-018, 0.3525217918728552100, 0.0000000000000000000 ) ) ;
#4749 = LINE ( 'NONE', #7186, #8197 ) ;
#4750 = EDGE_LOOP ( 'NONE', ( #1519, #5158, #4197, #6633, #7086 ) ) ;
#4751 = STYLED_ITEM ( 'NONE', ( #8285 ), #6204 ) ;
#4752 = AXIS2_PLACEMENT_3D ( 'NONE', #6108, #2289, #6770 ) ;
#4753 = DIRECTION ( 'NONE',  ( -1.447553700753488400E-016, 1.000000000000000000, -0.0000000000000000000 ) ) ;
#4754 = DIRECTION ( 'NONE',  ( -1.447553700753488400E-016, 1.000000000000000000, -0.0000000000000000000 ) ) ;
#4755 = CARTESIAN_POINT ( 'NONE',  ( 1.449757355770272100E-013, -1001.147437826952700, 0.0000000000000000000 ) ) ;
#4756 = CONICAL_SURFACE ( 'NONE', #7486, 2250.000000000034100, 1.152571997215673200 ) ;
#4757 = ORIENTED_EDGE ( 'NONE', *, *, #5556, .T. ) ;
#4758 = DIRECTION ( 'NONE',  ( -1.000000000000000000, -2.442309373877174400E-016, 0.0000000000000000000 ) ) ;
#4759 = AXIS2_PLACEMENT_3D ( 'NONE', #4007, #7861, #5283 ) ;
#4760 = EDGE_LOOP ( 'NONE', ( #5449, #41, #7077, #6128, #248, #5571 ) ) ;
#4761 = EDGE_CURVE ( 'NONE', #4735, #2000, #3141, .T. ) ;
#4762 = SURFACE_SIDE_STYLE ('',( #5971 ) ) ;
#4763 = UNCERTAINTY_MEASURE_WITH_UNIT (LENGTH_MEASURE( 1.000000000000000100E-005 ), #92, 'distance_accuracy_value', 'NONE');
#4764 = FACE_OUTER_BOUND ( 'NONE', #5558, .T. ) ;
#4765 = AXIS2_PLACEMENT_3D ( 'NONE', #3371, #7867, #4009 ) ;
#4766 =( BOUNDED_CURVE ( )  B_SPLINE_CURVE ( 3, ( #1030, #1715, #1112, #5566 ),
 .UNSPECIFIED., .F., .F. ) 
 B_SPLINE_CURVE_WITH_KNOTS ( ( 4, 4 ),
 ( 4.712388980384688800, 6.283185307179586200 ),
 .UNSPECIFIED. ) 
 CURVE ( )  GEOMETRIC_REPRESENTATION_ITEM ( )  RATIONAL_B_SPLINE_CURVE ( ( 1.000000000000000000, 0.8047378541243648300, 0.8047378541243648300, 1.000000000000000000 ) ) 
 REPRESENTATION_ITEM ( '' )  );
#4767 = CARTESIAN_POINT ( 'NONE',  ( 0.1274222360458140100, 0.3525217918669448800, 0.4251583462493439000 ) ) ;
#4768 = COLOUR_RGB ( '',0.1098039215686274500, 0.1098039215686274500, 0.1098039215686274500 ) ;
#4769 = DIRECTION ( 'NONE',  ( -1.447553700753488400E-016, 1.000000000000000000, -0.0000000000000000000 ) ) ;
#4770 = CIRCLE ( 'NONE', #5696, 0.01999999999999997600 ) ;
#4771 = ORIENTED_EDGE ( 'NONE', *, *, #3376, .F. ) ;
#4772 = DIRECTION ( 'NONE',  ( 1.447553700753488400E-016, -1.000000000000000000, 0.0000000000000000000 ) ) ;
#4773 = CARTESIAN_POINT ( 'NONE',  ( 0.07418310364420449600, 0.3811449897696614900, -0.4409003037123615000 ) ) ;
#4774 = SURFACE_STYLE_FILL_AREA ( #6734 ) ;
#4775 = SURFACE_SIDE_STYLE ('',( #3634 ) ) ;
#4776 = DIRECTION ( 'NONE',  ( 0.005953837729689440800, -0.08880862533597805300, -0.9960309131157639700 ) ) ;
#4777 = COLOUR_RGB ( '',0.1098039215686274500, 0.1098039215686274500, 0.1098039215686274500 ) ;
#4778 = COLOUR_RGB ( '',1.000000000000000000, 0.8117647058823529400, 0.5019607843137254800 ) ;
#4779 = ORIENTED_EDGE ( 'NONE', *, *, #395, .F. ) ;
#4780 = CARTESIAN_POINT ( 'NONE',  ( -0.1239962146848258000, 0.3507056762521457700, -0.3947430299118230300 ) ) ;
#4781 =( NAMED_UNIT ( * ) PLANE_ANGLE_UNIT ( ) SI_UNIT ( $, .RADIAN. ) );
#4782 = COLOUR_RGB ( '',0.1098039215686274500, 0.1098039215686274500, 0.1098039215686274500 ) ;
#4783 = CARTESIAN_POINT ( 'NONE',  ( -0.04735663172445645600, -1.169071126674652500, 0.2324804275672539300 ) ) ;
#4784 = LINE ( 'NONE', #3610, #3094 ) ;
#4785 = PRESENTATION_STYLE_ASSIGNMENT (( #2744 ) ) ;
#4786 = ORIENTED_EDGE ( 'NONE', *, *, #2156, .F. ) ;
#4787 = ORIENTED_EDGE ( 'NONE', *, *, #3515, .F. ) ;
#4788 = EDGE_CURVE ( 'NONE', #4481, #7015, #2590, .T. ) ;
#4789 =( GEOMETRIC_REPRESENTATION_CONTEXT ( 3 ) GLOBAL_UNCERTAINTY_ASSIGNED_CONTEXT ( ( #3090 ) ) GLOBAL_UNIT_ASSIGNED_CONTEXT ( ( #7573, #3705, #8227 ) ) REPRESENTATION_CONTEXT ( 'NONE', 'WORKASPACE' ) );
#4790 = DIRECTION ( 'NONE',  ( -0.0000000000000000000, -1.000000000000000000, -0.0000000000000000000 ) ) ;
#4791 = VECTOR ( 'NONE', #317, 1000.000000000000000 ) ;
#4792 = CARTESIAN_POINT ( 'NONE',  ( -0.1265621240593597900, 0.3529725753218430600, 0.4254527066166300900 ) ) ;
#4793 = CARTESIAN_POINT ( 'NONE',  ( 0.9581966011250107100, -1.294999999999999900, -1.169999999999999900 ) ) ;
#4794 = ORIENTED_EDGE ( 'NONE', *, *, #7303, .F. ) ;
#4795 = SURFACE_SIDE_STYLE ('',( #4474 ) ) ;
#4796 = CIRCLE ( 'NONE', #3333, 0.1000000000000000500 ) ;
#4797 = SURFACE_STYLE_USAGE ( .BOTH. , #370 ) ;
#4798 = DIRECTION ( 'NONE',  ( 1.447553700753488400E-016, -1.000000000000000000, 0.0000000000000000000 ) ) ;
#4799 = CARTESIAN_POINT ( 'NONE',  ( -0.1044786453084849100, 0.3442209003708980300, -0.3794621801059427900 ) ) ;
#4800 = EDGE_CURVE ( 'NONE', #6182, #6279, #7503, .T. ) ;
#4801 =( NAMED_UNIT ( * ) SI_UNIT ( $, .STERADIAN. ) SOLID_ANGLE_UNIT ( ) );
#4802 = CARTESIAN_POINT ( 'NONE',  ( -0.1391761131228452000, 0.3435766958590501500, -0.4216278753996117700 ) ) ;
#4803 = DIRECTION ( 'NONE',  ( 1.000000000000000000, 0.0000000000000000000, 0.0000000000000000000 ) ) ;
#4804 = MECHANICAL_DESIGN_GEOMETRIC_PRESENTATION_REPRESENTATION (  '', ( #3956 ), #5242 ) ;
#4805 = SURFACE_STYLE_USAGE ( .BOTH. , #376 ) ;
#4806 = CARTESIAN_POINT ( 'NONE',  ( 0.0000000000000000000, -6.859999999999995900, 0.0000000000000000000 ) ) ;
#4807 = CARTESIAN_POINT ( 'NONE',  ( 0.1518986748799413000, 0.2634659119465356200, 0.4083876577056688700 ) ) ;
#4808 = FILL_AREA_STYLE_COLOUR ( '', #1516 ) ;
#4809 = CARTESIAN_POINT ( 'NONE',  ( 1.270000000000000000, 1.294999999999999900, 0.6700000000000002600 ) ) ;
#4810 = CIRCLE ( 'NONE', #3147, 0.6099999999999994300 ) ;
#4811 = CARTESIAN_POINT ( 'NONE',  ( -0.1248013322341164200, 0.3538855392513374800, -0.4260221670426920800 ) ) ;
#4812 = MECHANICAL_DESIGN_GEOMETRIC_PRESENTATION_REPRESENTATION (  '', ( #3527 ), #5252 ) ;
#4813 = VERTEX_POINT ( 'NONE', #1941 ) ;
#4814 = ORIENTED_EDGE ( 'NONE', *, *, #280, .F. ) ;
#4815 = CARTESIAN_POINT ( 'NONE',  ( -0.6499999999999998000, -0.1631138830084182000, 0.0000000000000000000 ) ) ;
#4816 = MECHANICAL_DESIGN_GEOMETRIC_PRESENTATION_REPRESENTATION (  '', ( #3529 ), #5256 ) ;
#4817 = EDGE_CURVE ( 'NONE', #5645, #4092, #2190, .T. ) ;
#4818 = AXIS2_PLACEMENT_3D ( 'NONE', #4466, #695, #5126 ) ;
#4819 = DIRECTION ( 'NONE',  ( -1.000000000000000000, -1.355252715606881500E-016, 0.0000000000000000000 ) ) ;
#4820 = VERTEX_POINT ( 'NONE', #7740 ) ;
#4821 = UNCERTAINTY_MEASURE_WITH_UNIT (LENGTH_MEASURE( 1.000000000000000100E-005 ), #275, 'distance_accuracy_value', 'NONE');
#4822 = CARTESIAN_POINT ( 'NONE',  ( -0.1175578686438182900, -0.2361828567471868400, 0.3725520193522683400 ) ) ;
#4823 = CARTESIAN_POINT ( 'NONE',  ( -0.04665775062062334200, -1.207915624153596400, 0.2978556382280125300 ) ) ;
#4824 = CARTESIAN_POINT ( 'NONE',  ( -0.07534309011336944000, -0.4740724754152366700, -0.3247379590039631300 ) ) ;
#4825 = EDGE_CURVE ( 'NONE', #5762, #4689, #5578, .T. ) ;
#4826 = PRESENTATION_LAYER_ASSIGNMENT (  '', '', ( #3992 ) ) ;
#4827 = DIRECTION ( 'NONE',  ( 0.7071067811865470200, 0.7071067811865480200, 8.659560562354927900E-017 ) ) ;
#4828 = PRESENTATION_STYLE_ASSIGNMENT (( #1581 ) ) ;
#4829 = CARTESIAN_POINT ( 'NONE',  ( -8.780839699776996900E-019, -2.614999999999999800, 0.0000000000000000000 ) ) ;
#4830 =( GEOMETRIC_REPRESENTATION_CONTEXT ( 3 ) GLOBAL_UNCERTAINTY_ASSIGNED_CONTEXT ( ( #2438 ) ) GLOBAL_UNIT_ASSIGNED_CONTEXT ( ( #5380, #1582, #6037 ) ) REPRESENTATION_CONTEXT ( 'NONE', 'WORKASPACE' ) );
#4831 = EDGE_LOOP ( 'NONE', ( #1014, #1180, #8277, #535 ) ) ;
#4832 = CARTESIAN_POINT ( 'NONE',  ( 0.1158236843077577200, 0.3543379074933975500, -0.3765126485472823400 ) ) ;
#4833 = DIRECTION ( 'NONE',  ( -1.000000000000000000, 0.0000000000000000000, 0.0000000000000000000 ) ) ;
#4834 = LINE ( 'NONE', #6316, #8281 ) ;
#4835 = FILL_AREA_STYLE_COLOUR ( '', #705 ) ;
#4836 = SURFACE_SIDE_STYLE ('',( #3198 ) ) ;
#4837 = DIRECTION ( 'NONE',  ( 0.0000000000000000000, 1.000000000000000000, 0.0000000000000000000 ) ) ;
#4838 = ORIENTED_EDGE ( 'NONE', *, *, #3955, .F. ) ;
#4839 = CARTESIAN_POINT ( 'NONE',  ( 2.975399468465875600E-018, 0.3543379074933980000, 0.0000000000000000000 ) ) ;
#4840 = CARTESIAN_POINT ( 'NONE',  ( -0.02834751478812063500, -1.175067804981901900, 0.2618739144374019900 ) ) ;
#4841 = ORIENTED_EDGE ( 'NONE', *, *, #5786, .F. ) ;
#4842 = PRESENTATION_STYLE_ASSIGNMENT (( #945 ) ) ;
#4843 = ORIENTED_EDGE ( 'NONE', *, *, #6518, .T. ) ;
#4844 = FACE_OUTER_BOUND ( 'NONE', #3772, .T. ) ;
#4845 = ADVANCED_FACE ( 'NONE', ( #5363 ), #7090, .F. ) ;
#4846 = DIRECTION ( 'NONE',  ( 1.000000000000000000, 0.0000000000000000000, 0.0000000000000000000 ) ) ;
#4847 = EDGE_CURVE ( 'NONE', #1551, #2453, #3655, .T. ) ;
#4848 = ORIENTED_EDGE ( 'NONE', *, *, #5697, .T. ) ;
#4849 = COLOUR_RGB ( '',0.1098039215686274500, 0.1098039215686274500, 0.1098039215686274500 ) ;
#4850 = VERTEX_POINT ( 'NONE', #6475 ) ;
#4851 = CARTESIAN_POINT ( 'NONE',  ( -0.02551473994300738900, -1.223343405455788800, 0.2806747823464544300 ) ) ;
#4852 = CARTESIAN_POINT ( 'NONE',  ( -0.5299470081275750000, 0.9950000000000004400, 0.0000000000000000000 ) ) ;
#4853 = DIRECTION ( 'NONE',  ( -1.447553700753488400E-016, 1.000000000000000000, -0.0000000000000000000 ) ) ;
#4854 = CARTESIAN_POINT ( 'NONE',  ( -1.270000000000000000, 1.395000000000000000, -0.6700000000000003700 ) ) ;
#4855 = SURFACE_SIDE_STYLE ('',( #3868 ) ) ;
#4856 = EDGE_LOOP ( 'NONE', ( #3368, #1830, #6307, #1879 ) ) ;
#4857 = FACE_OUTER_BOUND ( 'NONE', #2171, .T. ) ;
#4858 = VERTEX_POINT ( 'NONE', #1355 ) ;
#4859 = AXIS2_PLACEMENT_3D ( 'NONE', #1480, #5947, #2125 ) ;
#4860 = STYLED_ITEM ( 'NONE', ( #4828 ), #6512 ) ;
#4861 = SURFACE_STYLE_FILL_AREA ( #6596 ) ;
#4862 = AXIS2_PLACEMENT_3D ( 'NONE', #4157, #374, #4803 ) ;
#4863 = CARTESIAN_POINT ( 'NONE',  ( 5.499149124977416800E-017, -0.005000000000000013100, 0.0000000000000000000 ) ) ;
#4864 = CARTESIAN_POINT ( 'NONE',  ( -1.270000000000000000, 1.294999999999999900, -0.6700000000000002600 ) ) ;
#4865 = CARTESIAN_POINT ( 'NONE',  ( -4.054705299995608100E-017, 0.6550000000000001400, 0.0000000000000000000 ) ) ;
#4866 = CIRCLE ( 'NONE', #5136, 0.9099999999999992500 ) ;
#4867 = ORIENTED_EDGE ( 'NONE', *, *, #5490, .T. ) ;
#4868 = CARTESIAN_POINT ( 'NONE',  ( -0.4792893218813443200, -2.745000000000000600, 0.0000000000000000000 ) ) ;
#4869 = B_SPLINE_CURVE_WITH_KNOTS ( 'NONE', 3,
 ( #903, #7275, #6651, #2810 ),
 .UNSPECIFIED., .F., .F.,
 ( 4, 4 ),
 ( 0.0000000000000000000, 3.797208018444515600E-006 ),
 .UNSPECIFIED. ) ;
#4870 = SPHERICAL_SURFACE ( 'NONE', #6824, 0.1000000000000000100 ) ;
#4871 = UNCERTAINTY_MEASURE_WITH_UNIT (LENGTH_MEASURE( 1.000000000000000100E-005 ), #7338, 'distance_accuracy_value', 'NONE');
#4872 = CARTESIAN_POINT ( 'NONE',  ( -0.02007002526113857400, 0.3993359599037472600, 0.4294705106277368900 ) ) ;
#4873 = AXIS2_PLACEMENT_3D ( 'NONE', #1278, #5754, #1920 ) ;
#4874 = DIRECTION ( 'NONE',  ( 1.447553700753488400E-016, -1.000000000000000000, 0.0000000000000000000 ) ) ;
#4875 = COLOUR_RGB ( '',0.1098039215686274500, 0.1098039215686274500, 0.1098039215686274500 ) ;
#4876 = EDGE_CURVE ( 'NONE', #4106, #5300, #1663, .T. ) ;
#4877 = CARTESIAN_POINT ( 'NONE',  ( -0.9581966011250114800, 1.395000000000000000, -1.169999999999999900 ) ) ;
#4878 = ORIENTED_EDGE ( 'NONE', *, *, #3752, .F. ) ;
#4879 = AXIS2_PLACEMENT_3D ( 'NONE', #6353, #2530, #7004 ) ;
#4880 = AXIS2_PLACEMENT_3D ( 'NONE', #6766, #2913, #7409 ) ;
#4881 = LINE ( 'NONE', #5869, #6616 ) ;
#4882 = CARTESIAN_POINT ( 'NONE',  ( -1.270000000000000000, -1.294999999999999700, -0.6700000000000002600 ) ) ;
#4883 = FACE_OUTER_BOUND ( 'NONE', #4281, .T. ) ;
#4884 = CARTESIAN_POINT ( 'NONE',  ( -0.1298388586112989600, 0.3488789321627675500, -0.4240797271442305300 ) ) ;
#4885 = SURFACE_STYLE_USAGE ( .BOTH. , #441 ) ;
#4886 = CARTESIAN_POINT ( 'NONE',  ( -0.1248736463291504500, 0.2903741819354098100, -0.3924607572385790900 ) ) ;
#4887 = VERTEX_POINT ( 'NONE', #1385 ) ;
#4888 = CARTESIAN_POINT ( 'NONE',  ( -1.208196601125011400, 1.395000000000000000, 0.6700000000000001500 ) ) ;
#4889 = CARTESIAN_POINT ( 'NONE',  ( 1.269999999999999800, 1.353578643762690200, 0.7700000000000001300 ) ) ;
#4890 = FILL_AREA_STYLE_COLOUR ( '', #5469 ) ;
#4891 = ORIENTED_EDGE ( 'NONE', *, *, #5415, .T. ) ;
#4892 = CARTESIAN_POINT ( 'NONE',  ( 0.9581966011250107100, 1.294999999999999900, -1.270000000000000000 ) ) ;
#4893 = CARTESIAN_POINT ( 'NONE',  ( 0.04665775062062292600, -1.207915624153595500, 0.2978556382280127000 ) ) ;
#4894 = ADVANCED_FACE ( 'NONE', ( #2109 ), #411, .T. ) ;
#4895 = ORIENTED_EDGE ( 'NONE', *, *, #1262, .F. ) ;
#4896 = DIRECTION ( 'NONE',  ( -1.694065894508602500E-015, -0.9960485673285175400, -0.08881019943006292200 ) ) ;
#4897 =( NAMED_UNIT ( * ) PLANE_ANGLE_UNIT ( ) SI_UNIT ( $, .RADIAN. ) );
#4898 = CARTESIAN_POINT ( 'NONE',  ( -0.07625930529580417200, -0.6783374732234397400, -0.2908621438522431800 ) ) ;
#4899 = ORIENTED_EDGE ( 'NONE', *, *, #6312, .T. ) ;
#4900 = FILL_AREA_STYLE ('',( #428 ) ) ;
#4901 = CARTESIAN_POINT ( 'NONE',  ( -0.04588176495623846200, -1.155142525717586700, -0.2518506063042313900 ) ) ;
#4902 = EDGE_CURVE ( 'NONE', #6969, #7113, #3875, .T. ) ;
#4903 = CARTESIAN_POINT ( 'NONE',  ( -0.1257866875069146900, 0.2784404653830550000, 0.3907171121498325100 ) ) ;
#4904 = AXIS2_PLACEMENT_3D ( 'NONE', #6635, #2790, #7285 ) ;
#4905 = CARTESIAN_POINT ( 'NONE',  ( 0.04565974490879790000, -1.162634734544614000, 0.2472574374139734900 ) ) ;
#4906 = DIRECTION ( 'NONE',  ( 1.447553700753488400E-016, -1.000000000000000000, 0.0000000000000000000 ) ) ;
#4907 = VECTOR ( 'NONE', #847, 1000.000000000000200 ) ;
#4908 = CARTESIAN_POINT ( 'NONE',  ( -0.1250013331629261600, 0.2666397344323882500, 0.3792115224422809600 ) ) ;
#4909 = CIRCLE ( 'NONE', #6373, 0.6099999999999994300 ) ;
#4910 = ORIENTED_EDGE ( 'NONE', *, *, #7893, .F. ) ;
#4911 = AXIS2_PLACEMENT_3D ( 'NONE', #6012, #4045, #4661 ) ;
#4912 = CARTESIAN_POINT ( 'NONE',  ( -0.007074153821772022500, 0.4000793884474130900, -0.4298379674724178700 ) ) ;
#4913 = DIRECTION ( 'NONE',  ( 0.4472135954999580900, -0.0000000000000000000, 0.8944271909999158600 ) ) ;
#4914 = DIRECTION ( 'NONE',  ( 1.447553700753488400E-016, -1.000000000000000000, 0.0000000000000000000 ) ) ;
#4915 = CARTESIAN_POINT ( 'NONE',  ( 0.02878729518101578700, -1.168507953350748800, 0.2300327145526031300 ) ) ;
#4916 = CARTESIAN_POINT ( 'NONE',  ( 0.2800826275816095100, -1.223183884379456200, 0.0000000000000000000 ) ) ;
#4917 = ORIENTED_EDGE ( 'NONE', *, *, #5898, .F. ) ;
#4918 = B_SPLINE_CURVE_WITH_KNOTS ( 'NONE', 3,
 ( #7056, #2615, #3883, #103, #4507, #737, #5164, #1354, #5836, #1997, #6474, #2639, #7119, #3278, #7767, #3916 ),
 .UNSPECIFIED., .F., .F.,
 ( 4, 3, 3, 3, 3, 4 ),
 ( 0.0000000000000000000, 1.003059329093910100E-005, 2.349664407968417900E-005, 3.679914919334460700E-005, 5.008212870721679900E-005, 6.336581010259245700E-005 ),
 .UNSPECIFIED. ) ;
#4919 =( NAMED_UNIT ( * ) SI_UNIT ( $, .STERADIAN. ) SOLID_ANGLE_UNIT ( ) );
#4920 = DIRECTION ( 'NONE',  ( -1.000000000000000000, 0.0000000000000000000, 0.0000000000000000000 ) ) ;
#4921 = FILL_AREA_STYLE_COLOUR ( '', #6228 ) ;
#4922 = CARTESIAN_POINT ( 'NONE',  ( 0.6499999999999994700, 0.6950000000000000600, 7.960204194457789300E-017 ) ) ;
#4923 = CIRCLE ( 'NONE', #7783, 0.1000000000000000500 ) ;
#4924 = AXIS2_PLACEMENT_3D ( 'NONE', #6949, #3105, #7604 ) ;
#4925 = CARTESIAN_POINT ( 'NONE',  ( -0.04784238332212900600, -1.168868921937331400, -0.2301144326776780600 ) ) ;
#4926 =( GEOMETRIC_REPRESENTATION_CONTEXT ( 3 ) GLOBAL_UNCERTAINTY_ASSIGNED_CONTEXT ( ( #2789 ) ) GLOBAL_UNIT_ASSIGNED_CONTEXT ( ( #1798, #6263, #2450 ) ) REPRESENTATION_CONTEXT ( 'NONE', 'WORKASPACE' ) );
#4927 = EDGE_CURVE ( 'NONE', #7395, #7120, #217, .T. ) ;
#4928 = ORIENTED_EDGE ( 'NONE', *, *, #4220, .T. ) ;
#4929 = MECHANICAL_DESIGN_GEOMETRIC_PRESENTATION_REPRESENTATION (  '', ( #3632 ), #5355 ) ;
#4930 = DIRECTION ( 'NONE',  ( 1.000000000000000000, 0.0000000000000000000, 0.0000000000000000000 ) ) ;
#4931 = CIRCLE ( 'NONE', #242, 0.5146446609406722900 ) ;
#4932 = ORIENTED_EDGE ( 'NONE', *, *, #4512, .F. ) ;
#4933 = ADVANCED_FACE ( 'NONE', ( #5284 ), #6395, .T. ) ;
#4934 = DIRECTION ( 'NONE',  ( -1.000000000000000000, -0.0000000000000000000, -0.0000000000000000000 ) ) ;
#4935 = ORIENTED_EDGE ( 'NONE', *, *, #3366, .F. ) ;
#4936 = CARTESIAN_POINT ( 'NONE',  ( 0.1325669765554707800, 0.3179824356995267800, -0.3675146286950586900 ) ) ;
#4937 = AXIS2_PLACEMENT_3D ( 'NONE', #7102, #3261, #7750 ) ;
#4938 = CARTESIAN_POINT ( 'NONE',  ( 0.1242671365090187000, 0.2965725559156005600, -0.3934446168328715700 ) ) ;
#4939 = DIRECTION ( 'NONE',  ( 1.000000000000000000, 0.0000000000000000000, -1.224646799147355700E-016 ) ) ;
#4940 = DIRECTION ( 'NONE',  ( 1.447553700753488400E-016, -1.000000000000000000, 0.0000000000000000000 ) ) ;
#4941 =( NAMED_UNIT ( * ) SI_UNIT ( $, .STERADIAN. ) SOLID_ANGLE_UNIT ( ) );
#4942 = EDGE_LOOP ( 'NONE', ( #7836, #3991, #2941, #1340 ) ) ;
#4943 = DIRECTION ( 'NONE',  ( -0.8538019137655390400, -0.5205980138747199300, 0.0000000000000000000 ) ) ;
#4944 = ORIENTED_EDGE ( 'NONE', *, *, #6482, .T. ) ;
#4945 = CARTESIAN_POINT ( 'NONE',  ( 7.764441927118195700E-017, -0.1614911064067355900, 0.0000000000000000000 ) ) ;
#4946 = CIRCLE ( 'NONE', #5103, 0.5299470081275748900 ) ;
#4947 =( NAMED_UNIT ( * ) PLANE_ANGLE_UNIT ( ) SI_UNIT ( $, .RADIAN. ) );
#4948 = EDGE_CURVE ( 'NONE', #6619, #5960, #5491, .T. ) ;
#4949 = CARTESIAN_POINT ( 'NONE',  ( -0.1250000000000000600, 0.2666198487095667900, -0.3792098549233096100 ) ) ;
#4950 = CYLINDRICAL_SURFACE ( 'NONE', #3702, 0.1000000000000000500 ) ;
#4951 = CARTESIAN_POINT ( 'NONE',  ( 0.03057919643951956600, -1.220719472394179900, -0.2903075681394132700 ) ) ;
#4952 = VERTEX_POINT ( 'NONE', #4461 ) ;
#4953 = AXIS2_PLACEMENT_3D ( 'NONE', #6704, #3488, #7995 ) ;
#4954 = CARTESIAN_POINT ( 'NONE',  ( 0.08300968199367728100, -0.7357752447042116300, -0.3356694795434636000 ) ) ;
#4955 =( NAMED_UNIT ( * ) SI_UNIT ( $, .STERADIAN. ) SOLID_ANGLE_UNIT ( ) );
#4956 = FACE_OUTER_BOUND ( 'NONE', #1642, .T. ) ;
#4957 = ORIENTED_EDGE ( 'NONE', *, *, #1657, .T. ) ;
#4958 = CARTESIAN_POINT ( 'NONE',  ( 0.02541776731565033700, -1.218768499798340600, 0.2303033447812440100 ) ) ;
#4959 = SURFACE_STYLE_FILL_AREA ( #7500 ) ;
#4960 = EDGE_CURVE ( 'NONE', #4568, #6690, #4679, .T. ) ;
#4961 = DIRECTION ( 'NONE',  ( -1.447553700753488400E-016, 1.000000000000000000, -0.0000000000000000000 ) ) ;
#4962 = ORIENTED_EDGE ( 'NONE', *, *, #7725, .T. ) ;
#4963 = ORIENTED_EDGE ( 'NONE', *, *, #4630, .T. ) ;
#4964 = SURFACE_STYLE_USAGE ( .BOTH. , #531 ) ;
#4965 = FILL_AREA_STYLE ('',( #8167 ) ) ;
#4966 =( NAMED_UNIT ( * ) SI_UNIT ( $, .STERADIAN. ) SOLID_ANGLE_UNIT ( ) );
#4967 = FILL_AREA_STYLE_COLOUR ( '', #1500 ) ;
#4968 = CIRCLE ( 'NONE', #3626, 0.4500000000000050600 ) ;
#4969 = CARTESIAN_POINT ( 'NONE',  ( 0.1173068496096071200, 0.3531279161172315400, 0.3760253215100913300 ) ) ;
#4970 = CARTESIAN_POINT ( 'NONE',  ( -0.6399999999999993500, 0.6849999999999999400, 7.837739514543054300E-017 ) ) ;
#4971 = ITEM_DEFINED_TRANSFORMATION ( 'NONE', 'NONE', #2386,  #5104 ) ;
#4972 = ADVANCED_FACE ( 'NONE', ( #2979 ), #4016, .T. ) ;
#4973 = AXIS2_PLACEMENT_3D ( 'NONE', #8094, #439, #8133 ) ;
#4974 = ORIENTED_EDGE ( 'NONE', *, *, #554, .F. ) ;
#4975 = STYLED_ITEM ( 'NONE', ( #1901 ), #4933 ) ;
#4976 = EDGE_CURVE ( 'NONE', #4850, #4092, #2542, .T. ) ;
#4977 = FILL_AREA_STYLE ('',( #7556 ) ) ;
#4978 =( NAMED_UNIT ( * ) SI_UNIT ( $, .STERADIAN. ) SOLID_ANGLE_UNIT ( ) );
#4979 = CIRCLE ( 'NONE', #7852, 0.5299470081275748900 ) ;
#4980 = B_SPLINE_CURVE_WITH_KNOTS ( 'NONE', 3,
 ( #5315, #4701, #912, #5341, #1547, #6004, #2182 ),
 .UNSPECIFIED., .F., .F.,
 ( 4, 3, 4 ),
 ( 0.0000000000000000000, 3.836469152685085900E-005, 9.038921862134359500E-005 ),
 .UNSPECIFIED. ) ;
#4981 = SURFACE_STYLE_USAGE ( .BOTH. , #545 ) ;
#4982 = PRESENTATION_STYLE_ASSIGNMENT (( #3022 ) ) ;
#4983 = CARTESIAN_POINT ( 'NONE',  ( 0.1125419425743172500, 0.3310702956662307000, 0.3916687662358586700 ) ) ;
#4984 = EDGE_LOOP ( 'NONE', ( #4117, #6917, #2482, #3435 ) ) ;
#4985 = CARTESIAN_POINT ( 'NONE',  ( -0.4439249933206987400, 0.8878219273820249200, 0.0000000000000000000 ) ) ;
#4986 = EDGE_CURVE ( 'NONE', #7678, #1612, #6188, .T. ) ;
#4987 = DIRECTION ( 'NONE',  ( 0.0000000000000000000, 0.0000000000000000000, -1.000000000000000000 ) ) ;
#4988 = COLOUR_RGB ( '',1.000000000000000000, 0.8117647058823529400, 0.5019607843137254800 ) ;
#4989 = AXIS2_PLACEMENT_3D ( 'NONE', #258, #1499, #919 ) ;
#4990 = VERTEX_POINT ( 'NONE', #783 ) ;
#4991 = AXIS2_PLACEMENT_3D ( 'NONE', #7800, #5893, #2058 ) ;
#4992 = ORIENTED_EDGE ( 'NONE', *, *, #6966, .F. ) ;
#4993 = CARTESIAN_POINT ( 'NONE',  ( 0.1273231490023108700, 0.3012724003431351800, 0.3926396717943726500 ) ) ;
#4994 = DIRECTION ( 'NONE',  ( 1.000000000000000000, 0.0000000000000000000, 0.0000000000000000000 ) ) ;
#4995 = DIRECTION ( 'NONE',  ( -1.000000000000000000, 0.0000000000000000000, -1.084202172485504000E-015 ) ) ;
#4996 = CIRCLE ( 'NONE', #7808, 0.6099999999999994300 ) ;
#4997 = CARTESIAN_POINT ( 'NONE',  ( 1.270000000000000000, -1.294999999999999900, 0.6700000000000002600 ) ) ;
#4998 = CARTESIAN_POINT ( 'NONE',  ( -0.4439249933206987400, 0.3543379074933982200, 0.0000000000000000000 ) ) ;
#4999 = CARTESIAN_POINT ( 'NONE',  ( -1.208196601125011400, -1.395000000000000000, -0.6700000000000001500 ) ) ;
#5000 = SURFACE_STYLE_FILL_AREA ( #2493 ) ;
#5001 = ORIENTED_EDGE ( 'NONE', *, *, #5490, .F. ) ;
#5002 = PRODUCT_DEFINITION_SHAPE ( 'NONE', 'NONE',  #8293 ) ;
#5003 = CARTESIAN_POINT ( 'NONE',  ( 0.02774449929478702400, -1.184062503771265100, -0.1903610843361280000 ) ) ;
#5004 = CARTESIAN_POINT ( 'NONE',  ( -1.270000000000000500, 1.353578643762690200, -0.7700000000000003500 ) ) ;
#5005 = FILL_AREA_STYLE ('',( #3716 ) ) ;
#5006 = COLOUR_RGB ( '',1.000000000000000000, 0.8117647058823529400, 0.5019607843137254800 ) ;
#5007 = DIRECTION ( 'NONE',  ( 1.447553700753488400E-016, -1.000000000000000000, 0.0000000000000000000 ) ) ;
#5008 = CARTESIAN_POINT ( 'NONE',  ( -0.08247292516240373200, 0.3778669466608449700, 0.4036665093942919400 ) ) ;
#5009 = PRESENTATION_STYLE_ASSIGNMENT (( #1528 ) ) ;
#5010 = FILL_AREA_STYLE ('',( #548 ) ) ;
#5011 = EDGE_CURVE ( 'NONE', #4887, #2424, #1295, .T. ) ;
#5012 = DIRECTION ( 'NONE',  ( 0.0000000000000000000, 1.000000000000000000, 0.0000000000000000000 ) ) ;
#5013 = AXIS2_PLACEMENT_3D ( 'NONE', #2399, #6166, #1779 ) ;
#5014 = FILL_AREA_STYLE_COLOUR ( '', #4384 ) ;
#5015 = DIRECTION ( 'NONE',  ( -0.4472135954999580400, 0.0000000000000000000, -0.8944271909999157400 ) ) ;
#5016 = ADVANCED_FACE ( 'NONE', ( #7711 ), #508, .F. ) ;
#5017 = ORIENTED_EDGE ( 'NONE', *, *, #1250, .T. ) ;
#5018 = ORIENTED_EDGE ( 'NONE', *, *, #2928, .T. ) ;
#5019 = CARTESIAN_POINT ( 'NONE',  ( -0.08344277649442916100, 0.4007445121418329300, 0.4413878854250525300 ) ) ;
#5020 = CARTESIAN_POINT ( 'NONE',  ( -0.1398174752697405300, 0.2973114888993718700, 0.3628001891068554100 ) ) ;
#5021 = CARTESIAN_POINT ( 'NONE',  ( -0.04978749811896327600, -1.205082627581610000, 0.2976813273944591800 ) ) ;
#5022 = AXIS2_PLACEMENT_3D ( 'NONE', #5720, #1882, #6351 ) ;
#5023 = CARTESIAN_POINT ( 'NONE',  ( 0.1518986748799413000, 0.2634659119465356200, -0.4083876577056688700 ) ) ;
#5024 = SURFACE_STYLE_USAGE ( .BOTH. , #590 ) ;
#5025 =( LENGTH_UNIT ( ) NAMED_UNIT ( * ) SI_UNIT ( .MILLI., .METRE. ) );
#5026 = CARTESIAN_POINT ( 'NONE',  ( -1.270000000000000200, 1.294999999999999700, 0.7700000000000012400 ) ) ;
#5027 = UNCERTAINTY_MEASURE_WITH_UNIT (LENGTH_MEASURE( 1.000000000000000100E-005 ), #3352, 'distance_accuracy_value', 'NONE');
#5028 = ORIENTED_EDGE ( 'NONE', *, *, #4718, .T. ) ;
#5029 = AXIS2_PLACEMENT_3D ( 'NONE', #1487, #5952, #2132 ) ;
#5030 = UNCERTAINTY_MEASURE_WITH_UNIT (LENGTH_MEASURE( 1.000000000000000100E-005 ), #6036, 'distance_accuracy_value', 'NONE');
#5031 = DIRECTION ( 'NONE',  ( -1.000000000000000000, 0.0000000000000000000, 0.0000000000000000000 ) ) ;
#5032 = DIRECTION ( 'NONE',  ( 1.016439536705159400E-015, -0.08015153732955067300, -0.9967826899900047400 ) ) ;
#5033 = CARTESIAN_POINT ( 'NONE',  ( 1.244400193985224700, -1.394999999999999800, -0.7285786437626912100 ) ) ;
#5034 = CARTESIAN_POINT ( 'NONE',  ( -0.05780390862093081500, -0.7356903878576455100, -0.3151364890231296800 ) ) ;
#5035 = SURFACE_SIDE_STYLE ('',( #3711 ) ) ;
#5036 = ORIENTED_EDGE ( 'NONE', *, *, #7021, .T. ) ;
#5037 = CARTESIAN_POINT ( 'NONE',  ( 1.270000000000000000, -1.294999999999999900, -0.6700000000000002600 ) ) ;
#5038 = MECHANICAL_DESIGN_GEOMETRIC_PRESENTATION_REPRESENTATION (  '', ( #4169 ), #5462 ) ;
#5039 = ORIENTED_EDGE ( 'NONE', *, *, #3112, .F. ) ;
#5040 = EDGE_CURVE ( 'NONE', #770, #2044, #7888, .T. ) ;
#5041 = PRESENTATION_LAYER_ASSIGNMENT (  '', '', ( #4609 ) ) ;
#5042 = COLOUR_RGB ( '',0.1098039215686274500, 0.1098039215686274500, 0.1098039215686274500 ) ;
#5043 = FILL_AREA_STYLE ('',( #6960 ) ) ;
#5044 = ORIENTED_EDGE ( 'NONE', *, *, #31, .F. ) ;
#5045 = DIRECTION ( 'NONE',  ( 1.000000000000000000, 0.0000000000000000000, 0.0000000000000000000 ) ) ;
#5046 = DIRECTION ( 'NONE',  ( 0.0000000000000000000, 1.000000000000000000, 0.0000000000000000000 ) ) ;
#5047 = FACE_OUTER_BOUND ( 'NONE', #6406, .T. ) ;
#5048 = SURFACE_SIDE_STYLE ('',( #3785 ) ) ;
#5049 = VERTEX_POINT ( 'NONE', #2738 ) ;
#5050 = CIRCLE ( 'NONE', #2717, 0.1000000000000000500 ) ;
#5051 = ORIENTED_EDGE ( 'NONE', *, *, #4437, .T. ) ;
#5052 = PLANE ( 'NONE',  #1648 ) ;
#5053 = CARTESIAN_POINT ( 'NONE',  ( 0.1035414089365428400, 0.3455772700076089100, -0.3802909502608246000 ) ) ;
#5054 = DIRECTION ( 'NONE',  ( -0.0000000000000000000, 0.0000000000000000000, -1.000000000000000000 ) ) ;
#5055 = FILL_AREA_STYLE_COLOUR ( '', #7292 ) ;
#5056 = ORIENTED_EDGE ( 'NONE', *, *, #7594, .T. ) ;
#5057 = CARTESIAN_POINT ( 'NONE',  ( 0.1274222360536740600, 0.3525217918728547600, -0.4251583462475507200 ) ) ;
#5058 = TOROIDAL_SURFACE ( 'NONE', #5154, 0.3293303437365926500, 0.05000000000000000300 ) ;
#5059 = EDGE_LOOP ( 'NONE', ( #366, #5827, #712, #6242 ) ) ;
#5060 = ADVANCED_FACE ( 'NONE', ( #7104 ), #8010, .T. ) ;
#5061 = CARTESIAN_POINT ( 'NONE',  ( 0.05009764891080268500, -1.152798546761364200, -0.03076719300391887000 ) ) ;
#5062 = CARTESIAN_POINT ( 'NONE',  ( -0.07534309011336944000, -0.4740724754152366700, 0.3247379590039631300 ) ) ;
#5063 = EDGE_CURVE ( 'NONE', #118, #6561, #1400, .T. ) ;
#5064 = CARTESIAN_POINT ( 'NONE',  ( 0.1180253205482358100, 0.3525217918726917300, -0.3757417101686158500 ) ) ;
#5065 = CARTESIAN_POINT ( 'NONE',  ( -0.02513773585898711500, -1.222945504588554400, 0.2763272670030122400 ) ) ;
#5066 = ORIENTED_EDGE ( 'NONE', *, *, #1336, .F. ) ;
#5067 = PRESENTATION_STYLE_ASSIGNMENT (( #7247 ) ) ;
#5068 = DIRECTION ( 'NONE',  ( 0.0000000000000000000, -0.0000000000000000000, -1.000000000000000000 ) ) ;
#5069 = CARTESIAN_POINT ( 'NONE',  ( 0.1173041908704537700, 0.3531300969979753700, 0.3760263650921537600 ) ) ;
#5070 = CARTESIAN_POINT ( 'NONE',  ( -7.610520693444185800E-017, 0.9006430729718480900, 0.0000000000000000000 ) ) ;
#5071 = ORIENTED_EDGE ( 'NONE', *, *, #3946, .T. ) ;
#5072 = EDGE_CURVE ( 'NONE', #4106, #6582, #4770, .T. ) ;
#5073 = CARTESIAN_POINT ( 'NONE',  ( 0.04630770841790572700, -1.150767665139401000, 0.2525584207203405200 ) ) ;
#5074 = AXIS2_PLACEMENT_3D ( 'NONE', #1230, #5708, #4412 ) ;
#5075 =( NAMED_UNIT ( * ) PLANE_ANGLE_UNIT ( ) SI_UNIT ( $, .RADIAN. ) );
#5076 = CARTESIAN_POINT ( 'NONE',  ( -0.6115395010584837600, -0.1520042734262303800, 0.0000000000000000000 ) ) ;
#5077 = CARTESIAN_POINT ( 'NONE',  ( 0.1057554921673026200, 0.3678253753476034600, -0.4312508631763186700 ) ) ;
#5078 = CARTESIAN_POINT ( 'NONE',  ( -0.05041649842418017400, -1.152036863472201600, -0.01673918409889733900 ) ) ;
#5079 = ORIENTED_EDGE ( 'NONE', *, *, #8151, .T. ) ;
#5080 = CARTESIAN_POINT ( 'NONE',  ( -6.505213034913053200E-016, 1.395000000000000000, 0.6699999999999988200 ) ) ;
#5081 = FACE_OUTER_BOUND ( 'NONE', #4196, .T. ) ;
#5082 =( BOUNDED_SURFACE ( )  B_SPLINE_SURFACE ( 3, 2, ( 
 ( #6349, #5718, #7001 ),
 ( #3150, #7654, #3790 ),
 ( #10, #4417, #642 ),
 ( #5073, #1267, #5741 ) ),
 .UNSPECIFIED., .F., .F., .T. ) 
 B_SPLINE_SURFACE_WITH_KNOTS ( ( 4, 4 ),
 ( 3, 3 ),
 ( 0.0000000000000000000, 0.001425092352056775000 ),
 ( 0.0000000000000000000, 1.000000000000000000 ),
 .UNSPECIFIED. ) 
 GEOMETRIC_REPRESENTATION_ITEM ( )  RATIONAL_B_SPLINE_SURFACE ( (
 ( 1.000000000000000000, 0.8248820918441176500, 1.000000000000000000),
 ( 1.000000000000000000, 0.8125445255167127500, 1.000000000000000000),
 ( 1.000000000000000000, 0.7973642228864787900, 1.000000000000000000),
 ( 1.000000000000000000, 0.7698294312092933700, 1.000000000000000000) ) ) 
 REPRESENTATION_ITEM ( '' )  SURFACE ( )  );
#5083 = CARTESIAN_POINT ( 'NONE',  ( 0.08502503578814488100, 0.3906619999377830000, 0.3848638083151656500 ) ) ;
#5084 = PRESENTATION_LAYER_ASSIGNMENT (  '', '', ( #4208 ) ) ;
#5085 = MECHANICAL_DESIGN_GEOMETRIC_PRESENTATION_REPRESENTATION (  '', ( #4210 ), #5514 ) ;
#5086 = EDGE_CURVE ( 'NONE', #2424, #5458, #3075, .T. ) ;
#5087 = EDGE_LOOP ( 'NONE', ( #6951, #4098, #7308, #6064 ) ) ;
#5088 = CARTESIAN_POINT ( 'NONE',  ( -0.6638742588672274000, 0.004999999999999917700, 0.0000000000000000000 ) ) ;
#5089 = ORIENTED_EDGE ( 'NONE', *, *, #3870, .T. ) ;
#5090 = AXIS2_PLACEMENT_3D ( 'NONE', #4731, #7952, #4703 ) ;
#5091 = CARTESIAN_POINT ( 'NONE',  ( 0.1259123125717990800, 0.2802280841127959800, 0.3787471876861909800 ) ) ;
#5092 = CARTESIAN_POINT ( 'NONE',  ( 0.001081833334257162200, 0.4212810229437302100, -0.3942588679274846600 ) ) ;
#5093 = PRESENTATION_STYLE_ASSIGNMENT (( #2278 ) ) ;
#5094 = ORIENTED_EDGE ( 'NONE', *, *, #2822, .T. ) ;
#5095 = CARTESIAN_POINT ( 'NONE',  ( -1.270000000000000000, -1.294999999999999900, -0.6700000000000002600 ) ) ;
#5096 = VERTEX_POINT ( 'NONE', #1565 ) ;
#5097 = CARTESIAN_POINT ( 'NONE',  ( 0.04507414848472807900, -0.9255700167423669400, 0.2902958626632095600 ) ) ;
#5098 = CIRCLE ( 'NONE', #7629, 0.9099999999999992500 ) ;
#5099 = ADVANCED_FACE ( 'NONE', ( #6287, #2883 ), #3447, .F. ) ;
#5100 = ADVANCED_FACE ( 'NONE', ( #3990 ), #3408, .T. ) ;
#5101 = EDGE_CURVE ( 'NONE', #3097, #4735, #1925, .T. ) ;
#5102 =( LENGTH_UNIT ( ) NAMED_UNIT ( * ) SI_UNIT ( .MILLI., .METRE. ) );
#5103 = AXIS2_PLACEMENT_3D ( 'NONE', #6527, #2684, #7171 ) ;
#5104 = AXIS2_PLACEMENT_3D ( 'NONE', #7848, #3997, #208 ) ;
#5105 = AXIS2_PLACEMENT_3D ( 'NONE', #1664, #6134, #2315 ) ;
#5106 = CARTESIAN_POINT ( 'NONE',  ( 0.07599501632822158700, 0.3745991186151964600, -0.3675502493239707900 ) ) ;
#5107 =( LENGTH_UNIT ( ) NAMED_UNIT ( * ) SI_UNIT ( .MILLI., .METRE. ) );
#5108 = DIRECTION ( 'NONE',  ( 1.447553700753488400E-016, -1.000000000000000000, 0.0000000000000000000 ) ) ;
#5109 = CARTESIAN_POINT ( 'NONE',  ( -1.476660268557142700E-016, 1.395000000000000200, 0.0000000000000000000 ) ) ;
#5110 = CARTESIAN_POINT ( 'NONE',  ( -0.02738722604449465200, -1.189391662486750400, 0.2501484472521964800 ) ) ;
#5111 = CARTESIAN_POINT ( 'NONE',  ( 0.04842876966976157600, -1.162110184731978400, -0.1541957602073959800 ) ) ;
#5112 = CIRCLE ( 'NONE', #4250, 0.02999999999999997100 ) ;
#5113 = CARTESIAN_POINT ( 'NONE',  ( -0.08563530259168955500, 0.3890589364638125700, 0.3845042201494571200 ) ) ;
#5114 = STYLED_ITEM ( 'NONE', ( #104 ), #2350 ) ;
#5115 = ORIENTED_EDGE ( 'NONE', *, *, #8151, .F. ) ;
#5116 = ORIENTED_EDGE ( 'NONE', *, *, #7692, .T. ) ;
#5117 = CARTESIAN_POINT ( 'NONE',  ( -0.6399999999999993500, 0.03499999999999999600, 0.0000000000000000000 ) ) ;
#5118 = CARTESIAN_POINT ( 'NONE',  ( 0.08697063665170977300, 0.3662246223616866200, 0.4219186143245168800 ) ) ;
#5119 = CARTESIAN_POINT ( 'NONE',  ( -0.5146446609406718500, -2.780355339059327900, 0.0000000000000000000 ) ) ;
#5120 = COLOUR_RGB ( '',0.1098039215686274500, 0.1098039215686274500, 0.1098039215686274500 ) ;
#5121 = EDGE_LOOP ( 'NONE', ( #3901, #497, #6050, #5942, #7512, #7977 ) ) ;
#5122 = EDGE_CURVE ( 'NONE', #4471, #2244, #613, .T. ) ;
#5123 = DIRECTION ( 'NONE',  ( 0.4472135954999579800, 0.0000000000000000000, -0.8944271909999159700 ) ) ;
#5124 = AXIS2_PLACEMENT_3D ( 'NONE', #6035, #2215, #6692 ) ;
#5125 = CARTESIAN_POINT ( 'NONE',  ( 0.8262454205064517800, 1.345000000000000400, 0.0000000000000000000 ) ) ;
#5126 = DIRECTION ( 'NONE',  ( -1.000000000000000000, 0.0000000000000000000, 0.0000000000000000000 ) ) ;
#5127 = DIRECTION ( 'NONE',  ( -1.000000000000000000, 0.0000000000000000000, 0.0000000000000000000 ) ) ;
#5128 = UNCERTAINTY_MEASURE_WITH_UNIT (LENGTH_MEASURE( 1.000000000000000100E-005 ), #3394, 'distance_accuracy_value', 'NONE');
#5129 = ORIENTED_EDGE ( 'NONE', *, *, #7568, .F. ) ;
#5130 = B_SPLINE_CURVE_WITH_KNOTS ( 'NONE', 3,
 ( #2284, #3547, #5479, #1665, #6135, #2316, #6789, #2937, #7442, #3569 ),
 .UNSPECIFIED., .F., .F.,
 ( 4, 2, 2, 2, 4 ),
 ( 0.0000000000000000000, 0.0001146171626467349100, 0.0002292343252934698200, 0.0003438514879402047900, 0.0004584686505869397500 ),
 .UNSPECIFIED. ) ;
#5131 = CARTESIAN_POINT ( 'NONE',  ( -0.003401734235262663500, 0.4002344007844622600, -0.4308214858222937900 ) ) ;
#5132 = STYLED_ITEM ( 'NONE', ( #2807 ), #692 ) ;
#5133 =( NAMED_UNIT ( * ) PLANE_ANGLE_UNIT ( ) SI_UNIT ( $, .RADIAN. ) );
#5134 = DIRECTION ( 'NONE',  ( 2.168404344971007700E-015, 0.0000000000000000000, -1.000000000000000000 ) ) ;
#5135 = CARTESIAN_POINT ( 'NONE',  ( 7.764441927118195700E-017, -0.1614911064067355900, 0.0000000000000000000 ) ) ;
#5136 = AXIS2_PLACEMENT_3D ( 'NONE', #3675, #8203, #4315 ) ;
#5137 = CARTESIAN_POINT ( 'NONE',  ( 0.02994456013349171300, -1.151245959617459300, -0.2721492054816726000 ) ) ;
#5138 = CARTESIAN_POINT ( 'NONE',  ( 0.02797211224398006900, -1.180667383842868100, 0.1521897437495431100 ) ) ;
#5139 = MANIFOLD_SOLID_BREP ( 'Fillet5', #453 ) ;
#5140 = EDGE_LOOP ( 'NONE', ( #5313, #316, #5873, #5673 ) ) ;
#5141 = FILL_AREA_STYLE ('',( #3859 ) ) ;
#5142 = ADVANCED_FACE ( 'NONE', ( #2100, #3771 ), #6131, .F. ) ;
#5143 = ADVANCED_FACE ( 'NONE', ( #4255 ), #3657, .T. ) ;
#5144 = CARTESIAN_POINT ( 'NONE',  ( -0.02518493701633288700, -1.223104437731151300, 0.2780731727062177300 ) ) ;
#5145 = CARTESIAN_POINT ( 'NONE',  ( 0.09510935279697992100, 0.3577443645104317300, 0.4110287651300663100 ) ) ;
#5146 = CARTESIAN_POINT ( 'NONE',  ( 0.01062514165248273700, 0.4006154119413188300, 0.3968137582256817700 ) ) ;
#5147 = CARTESIAN_POINT ( 'NONE',  ( -0.04842876966976111100, -1.162110184731978400, 0.1541957602073979200 ) ) ;
#5148 = CARTESIAN_POINT ( 'NONE',  ( -0.1180273429977300000, 0.3525217918726890100, -0.3757410748851473500 ) ) ;
#5149 = VERTEX_POINT ( 'NONE', #4888 ) ;
#5150 = STYLED_ITEM ( 'NONE', ( #388 ), #1804 ) ;
#5151 = EDGE_CURVE ( 'NONE', #7826, #1154, #306, .T. ) ;
#5152 = SURFACE_STYLE_FILL_AREA ( #5141 ) ;
#5153 = AXIS2_PLACEMENT_3D ( 'NONE', #1445, #5914, #2085 ) ;
#5154 = AXIS2_PLACEMENT_3D ( 'NONE', #537, #8237, #4343 ) ;
#5155 = VERTEX_POINT ( 'NONE', #1741 ) ;
#5156 = FILL_AREA_STYLE_COLOUR ( '', #7334 ) ;
#5157 =( NAMED_UNIT ( * ) PLANE_ANGLE_UNIT ( ) SI_UNIT ( $, .RADIAN. ) );
#5158 = ORIENTED_EDGE ( 'NONE', *, *, #6285, .T. ) ;
#5159 = DIRECTION ( 'NONE',  ( -1.000000000000000000, 0.0000000000000000000, 0.0000000000000000000 ) ) ;
#5160 = CARTESIAN_POINT ( 'NONE',  ( 0.02751437367195733200, -1.187495103238358900, -0.2376390385171720500 ) ) ;
#5161 = DIRECTION ( 'NONE',  ( -1.447553700753488400E-016, 1.000000000000000000, -0.0000000000000000000 ) ) ;
#5162 = CARTESIAN_POINT ( 'NONE',  ( -0.08950239281696720200, 0.3637608757300500000, -0.3699400896968842400 ) ) ;
#5163 = ORIENTED_EDGE ( 'NONE', *, *, #2251, .T. ) ;
#5164 = CARTESIAN_POINT ( 'NONE',  ( -0.02781850316789392600, -1.182958647311183500, -0.2510745754592743600 ) ) ;
#5165 = DIRECTION ( 'NONE',  ( -0.0000000000000000000, 1.000000000000000000, -0.0000000000000000000 ) ) ;
#5166 = CARTESIAN_POINT ( 'NONE',  ( -0.1049532641402325000, 0.3434097392605768900, 0.3956287701370937400 ) ) ;
#5167 = DIRECTION ( 'NONE',  ( 0.0000000000000000000, 1.000000000000000000, -0.0000000000000000000 ) ) ;
#5168 = SURFACE_STYLE_FILL_AREA ( #1131 ) ;
#5169 = ORIENTED_EDGE ( 'NONE', *, *, #263, .T. ) ;
#5170 = DIRECTION ( 'NONE',  ( -1.224646799147353200E-016, -1.772742006221665100E-032, 1.000000000000000000 ) ) ;
#5171 = EDGE_CURVE ( 'NONE', #4416, #5685, #6890, .T. ) ;
#5172 = CARTESIAN_POINT ( 'NONE',  ( -0.07866355184313511600, 0.3725052436901373200, 0.4233336679973068200 ) ) ;
#5173 = CARTESIAN_POINT ( 'NONE',  ( -0.02797211224397972200, -1.180667383842868100, -0.1521897437495434400 ) ) ;
#5174 =( NAMED_UNIT ( * ) PLANE_ANGLE_UNIT ( ) SI_UNIT ( $, .RADIAN. ) );
#5175 = STYLED_ITEM ( 'NONE', ( #2159 ), #3092 ) ;
#5176 = CONTEXT_DEPENDENT_SHAPE_REPRESENTATION ( #6032, #6084 ) ;
#5177 = ORIENTED_EDGE ( 'NONE', *, *, #5122, .F. ) ;
#5178 = B_SPLINE_CURVE_WITH_KNOTS ( 'NONE', 3,
 ( #68, #7703, #5800, #1961, #6435, #2610, #7079, #3243, #7736, #3877, #96, #4501, #731, #5160, #1348, #5830 ),
 .UNSPECIFIED., .F., .F.,
 ( 4, 3, 3, 3, 3, 4 ),
 ( 0.0000000000000000000, 8.485306052686450100E-006, 2.192734812241252100E-005, 3.563410791424245400E-005, 4.958064880819448300E-005, 6.351100452191082300E-005 ),
 .UNSPECIFIED. ) ;
#5179 = CIRCLE ( 'NONE', #6564, 0.4439249933206987400 ) ;
#5180 = CARTESIAN_POINT ( 'NONE',  ( 4.920127644676020900E-017, 0.03500000000000009400, 0.0000000000000000000 ) ) ;
#5181 = ADVANCED_FACE ( 'NONE', ( #1991 ), #7804, .T. ) ;
#5182 = ADVANCED_FACE ( 'NONE', ( #4560 ), #2095, .F. ) ;
#5183 = CARTESIAN_POINT ( 'NONE',  ( 0.1125419470694069100, 0.3310702988320245500, -0.3916687649595590500 ) ) ;
#5184 = CARTESIAN_POINT ( 'NONE',  ( 0.2549999999999999500, -2.845000000000000600, 3.122849337825744400E-017 ) ) ;
#5185 = MECHANICAL_DESIGN_GEOMETRIC_PRESENTATION_REPRESENTATION (  '', ( #3042 ), #5627 ) ;
#5186 = EDGE_LOOP ( 'NONE', ( #4031, #1205, #4561, #5036 ) ) ;
#5187 = ORIENTED_EDGE ( 'NONE', *, *, #3264, .T. ) ;
#5188 = CARTESIAN_POINT ( 'NONE',  ( 0.1035414089365158100, 0.3455772700076503700, -0.3802909502608016700 ) ) ;
#5189 = AXIS2_PLACEMENT_3D ( 'NONE', #4137, #4753, #8036 ) ;
#5190 = B_SPLINE_CURVE_WITH_KNOTS ( 'NONE', 3,
 ( #1388, #2200, #3464, #7966, #4108, #312, #4744, #948, #5387, #1587 ),
 .UNSPECIFIED., .F., .F.,
 ( 4, 2, 2, 2, 4 ),
 ( 2.397071183994491200E-005, 0.0001626066444112525300, 0.0003012425769825601600, 0.0004398785095538677900, 0.0005785144421251754700 ),
 .UNSPECIFIED. ) ;
#5191 = CARTESIAN_POINT ( 'NONE',  ( -0.1248962915426118800, 0.2902756521826465000, -0.4484804473048466500 ) ) ;
#5192 = DIRECTION ( 'NONE',  ( 0.9958686209194701500, -0.09080578102716073400, 0.0000000000000000000 ) ) ;
#5193 = EDGE_LOOP ( 'NONE', ( #3931, #412, #889, #1989 ) ) ;
#5194 = CARTESIAN_POINT ( 'NONE',  ( -0.1173036806498769400, 0.3531317710974798400, 0.3760266897331933600 ) ) ;
#5195 = CARTESIAN_POINT ( 'NONE',  ( -0.1250000000000000300, 0.2666198487095667900, 0.3792098549233096100 ) ) ;
#5196 = VERTEX_POINT ( 'NONE', #8233 ) ;
#5197 = DIRECTION ( 'NONE',  ( 0.0000000000000000000, 0.0000000000000000000, 1.000000000000000000 ) ) ;
#5198 = CARTESIAN_POINT ( 'NONE',  ( -0.04600243441269139700, 0.4202628881996454100, -0.3939104578094814700 ) ) ;
#5199 = SURFACE_STYLE_FILL_AREA ( #6597 ) ;
#5200 = PRESENTATION_LAYER_ASSIGNMENT (  '', '', ( #4327 ) ) ;
#5201 = DIRECTION ( 'NONE',  ( 0.4472135954999588200, -0.0000000000000000000, -0.8944271909999155200 ) ) ;
#5202 = FILL_AREA_STYLE ('',( #3981 ) ) ;
#5203 = VECTOR ( 'NONE', #7894, 1000.000000000000000 ) ;
#5204 = EDGE_CURVE ( 'NONE', #970, #1800, #3763, .T. ) ;
#5205 = FACE_OUTER_BOUND ( 'NONE', #459, .T. ) ;
#5206 = CARTESIAN_POINT ( 'NONE',  ( -0.1223981047162033100, 0.3017194853530515400, 0.3797548768613616100 ) ) ;
#5207 = ORIENTED_EDGE ( 'NONE', *, *, #6708, .F. ) ;
#5208 = CARTESIAN_POINT ( 'NONE',  ( 1.270000000000001100, -1.294999999999999700, 0.7699999999999979100 ) ) ;
#5209 = CARTESIAN_POINT ( 'NONE',  ( -0.02857818474717663300, -1.171627086087609500, -0.2413803608990382800 ) ) ;
#5210 = PRESENTATION_STYLE_ASSIGNMENT (( #1696 ) ) ;
#5211 = CIRCLE ( 'NONE', #2416, 0.1000000000000000300 ) ;
#5212 = CARTESIAN_POINT ( 'NONE',  ( -0.02751749980527845200, -1.187448473213238900, -0.2283363398061075400 ) ) ;
#5213 = CARTESIAN_POINT ( 'NONE',  ( -3.909949929920257800E-017, 0.6449999999999999100, 0.0000000000000000000 ) ) ;
#5214 = FILL_AREA_STYLE ('',( #3300 ) ) ;
#5215 = VECTOR ( 'NONE', #2797, 1000.000000000000000 ) ;
#5216 = VERTEX_POINT ( 'NONE', #532 ) ;
#5217 = CARTESIAN_POINT ( 'NONE',  ( -1.047639320225002900, 1.395000000000000000, 1.214721359549995900 ) ) ;
#5218 = FILL_AREA_STYLE_COLOUR ( '', #5376 ) ;
#5219 = DIRECTION ( 'NONE',  ( -1.447553700753488400E-016, 1.000000000000000000, -0.0000000000000000000 ) ) ;
#5220 = CARTESIAN_POINT ( 'NONE',  ( 0.1049476582995810400, 0.3434191609326395200, -0.3956286048806619300 ) ) ;
#5221 = EDGE_LOOP ( 'NONE', ( #1857, #1727 ) ) ;
#5222 = ORIENTED_EDGE ( 'NONE', *, *, #336, .F. ) ;
#5223 = CARTESIAN_POINT ( 'NONE',  ( 1.019999999999998700, 1.294999999999999900, -1.270000000000000000 ) ) ;
#5224 = DIRECTION ( 'NONE',  ( -0.0000000000000000000, -0.0000000000000000000, -1.000000000000000000 ) ) ;
#5225 = EDGE_CURVE ( 'NONE', #6052, #4144, #5464, .T. ) ;
#5226 = DIRECTION ( 'NONE',  ( -1.000000000000000000, -1.442602988292481700E-016, 0.0000000000000000000 ) ) ;
#5227 = PLANE ( 'NONE',  #3480 ) ;
#5228 = ADVANCED_FACE ( 'NONE', ( #7206 ), #8092, .T. ) ;
#5229 = ADVANCED_FACE ( 'NONE', ( #4857 ), #1282, .F. ) ;
#5230 = AXIS2_PLACEMENT_3D ( 'NONE', #3100, #7599, #3730 ) ;
#5231 = DIRECTION ( 'NONE',  ( -1.084202172485505200E-015, 1.000000000000000000, -2.168404344971007700E-015 ) ) ;
#5232 = DIRECTION ( 'NONE',  ( -1.000000000000000000, 0.0000000000000000000, 8.881784197001252300E-016 ) ) ;
#5233 = FACE_OUTER_BOUND ( 'NONE', #7518, .T. ) ;
#5234 = VERTEX_POINT ( 'NONE', #4398 ) ;
#5235 = CARTESIAN_POINT ( 'NONE',  ( -0.1175578686438488200, -0.2361828567471634400, -0.3725520193522592300 ) ) ;
#5236 = FILL_AREA_STYLE_COLOUR ( '', #2793 ) ;
#5237 = CARTESIAN_POINT ( 'NONE',  ( -0.9581966011250113700, -1.294999999999999900, 1.169999999999999900 ) ) ;
#5238 = CARTESIAN_POINT ( 'NONE',  ( 0.1239136013936950900, 0.3543379074933978300, 0.4262802119315730600 ) ) ;
#5239 = PRESENTATION_STYLE_ASSIGNMENT (( #4730 ) ) ;
#5240 = EDGE_CURVE ( 'NONE', #4039, #260, #2965, .T. ) ;
#5241 = VERTEX_POINT ( 'NONE', #620 ) ;
#5242 =( GEOMETRIC_REPRESENTATION_CONTEXT ( 3 ) GLOBAL_UNCERTAINTY_ASSIGNED_CONTEXT ( ( #6216 ) ) GLOBAL_UNIT_ASSIGNED_CONTEXT ( ( #6253, #2440, #6913 ) ) REPRESENTATION_CONTEXT ( 'NONE', 'WORKASPACE' ) );
#5243 = UNCERTAINTY_MEASURE_WITH_UNIT (LENGTH_MEASURE( 1.000000000000000100E-005 ), #1660, 'distance_accuracy_value', 'NONE');
#5244 = CARTESIAN_POINT ( 'NONE',  ( -0.02513773585898713300, -1.222945504588554200, -0.2763272670030129100 ) ) ;
#5245 = DIRECTION ( 'NONE',  ( -1.000000000000000000, 0.0000000000000000000, 0.0000000000000000000 ) ) ;
#5246 = DIRECTION ( 'NONE',  ( 1.000000000000000000, 0.0000000000000000000, -1.084202172485506600E-015 ) ) ;
#5247 = CARTESIAN_POINT ( 'NONE',  ( -0.03638792666258065800, -1.216459714962222000, -0.2949462734239072800 ) ) ;
#5248 = LINE ( 'NONE', #3017, #196 ) ;
#5249 = ORIENTED_EDGE ( 'NONE', *, *, #4986, .T. ) ;
#5250 = FILL_AREA_STYLE ('',( #5218 ) ) ;
#5251 = TOROIDAL_SURFACE ( 'NONE', #2815, 0.4000000000000050200, 0.05000000000000000300 ) ;
#5252 =( GEOMETRIC_REPRESENTATION_CONTEXT ( 3 ) GLOBAL_UNCERTAINTY_ASSIGNED_CONTEXT ( ( #6374 ) ) GLOBAL_UNIT_ASSIGNED_CONTEXT ( ( #2097, #6574, #2735 ) ) REPRESENTATION_CONTEXT ( 'NONE', 'WORKASPACE' ) );
#5253 = CARTESIAN_POINT ( 'NONE',  ( 0.1249999999999999200, 0.2666198487095668400, -0.3787964849737372500 ) ) ;
#5254 = COLOUR_RGB ( '',1.000000000000000000, 0.8117647058823529400, 0.5019607843137254800 ) ;
#5255 = CARTESIAN_POINT ( 'NONE',  ( 0.02391479042398066800, 0.3982394219172625300, -0.4131057001809211900 ) ) ;
#5256 =( GEOMETRIC_REPRESENTATION_CONTEXT ( 3 ) GLOBAL_UNCERTAINTY_ASSIGNED_CONTEXT ( ( #6376 ) ) GLOBAL_UNIT_ASSIGNED_CONTEXT ( ( #7277, #3425, #7920 ) ) REPRESENTATION_CONTEXT ( 'NONE', 'WORKASPACE' ) );
#5257 = EDGE_CURVE ( 'NONE', #274, #4471, #6598, .T. ) ;
#5258 = DIRECTION ( 'NONE',  ( 0.8944271909999156300, 0.0000000000000000000, 0.4472135954999583700 ) ) ;
#5259 = CARTESIAN_POINT ( 'NONE',  ( -0.07625930529582314300, -0.6783374732234402900, 0.2908621438522396900 ) ) ;
#5260 = AXIS2_PLACEMENT_3D ( 'NONE', #1650, #410, #4846 ) ;
#5261 = VERTEX_POINT ( 'NONE', #1886 ) ;
#5262 = ORIENTED_EDGE ( 'NONE', *, *, #194, .F. ) ;
#5263 =( NAMED_UNIT ( * ) PLANE_ANGLE_UNIT ( ) SI_UNIT ( $, .RADIAN. ) );
#5264 = FILL_AREA_STYLE ('',( #7806 ) ) ;
#5265 = DIRECTION ( 'NONE',  ( -1.447553700753488400E-016, 1.000000000000000000, -0.0000000000000000000 ) ) ;
#5266 = CARTESIAN_POINT ( 'NONE',  ( 0.1201701407855162000, 0.3185597509240285000, 0.3874978137406023300 ) ) ;
#5267 = ORIENTED_EDGE ( 'NONE', *, *, #5040, .F. ) ;
#5268 = ORIENTED_EDGE ( 'NONE', *, *, #7594, .F. ) ;
#5269 = EDGE_CURVE ( 'NONE', #5395, #2633, #8143, .T. ) ;
#5270 = MECHANICAL_DESIGN_GEOMETRIC_PRESENTATION_REPRESENTATION (  '', ( #3992 ), #5714 ) ;
#5271 = CARTESIAN_POINT ( 'NONE',  ( 4.465033300665575300E-016, -2.709644660940672800, 0.0000000000000000000 ) ) ;
#5272 = CARTESIAN_POINT ( 'NONE',  ( -0.9099999999999993600, 1.394999999999999800, 0.0000000000000000000 ) ) ;
#5273 = ADVANCED_FACE ( 'NONE', ( #6379 ), #1084, .F. ) ;
#5274 = ADVANCED_FACE ( 'NONE', ( #3171 ), #1495, .T. ) ;
#5275 = ORIENTED_EDGE ( 'NONE', *, *, #5817, .F. ) ;
#5276 = SURFACE_STYLE_USAGE ( .BOTH. , #845 ) ;
#5277 = ORIENTED_EDGE ( 'NONE', *, *, #2068, .T. ) ;
#5278 = FILL_AREA_STYLE ('',( #2695 ) ) ;
#5279 = CARTESIAN_POINT ( 'NONE',  ( -0.1049532641402277800, 0.3434097392605841000, -0.3956287701370955200 ) ) ;
#5280 = ORIENTED_EDGE ( 'NONE', *, *, #1647, .F. ) ;
#5281 = DIRECTION ( 'NONE',  ( 1.000000000000000000, 1.468190441907455200E-016, 0.0000000000000000000 ) ) ;
#5282 = CARTESIAN_POINT ( 'NONE',  ( 4.516212052562301200E-016, -2.745000000000000600, 0.0000000000000000000 ) ) ;
#5283 = DIRECTION ( 'NONE',  ( -1.000000000000000000, -1.447553700753488400E-016, 0.0000000000000000000 ) ) ;
#5284 = FACE_OUTER_BOUND ( 'NONE', #245, .T. ) ;
#5285 = ORIENTED_EDGE ( 'NONE', *, *, #7404, .T. ) ;
#5286 = EDGE_CURVE ( 'NONE', #4850, #5645, #2780, .T. ) ;
#5287 = CARTESIAN_POINT ( 'NONE',  ( -0.5158374504826133100, 1.009174638727795300, 0.0000000000000000000 ) ) ;
#5288 = UNCERTAINTY_MEASURE_WITH_UNIT (LENGTH_MEASURE( 1.000000000000000100E-005 ), #1726, 'distance_accuracy_value', 'NONE');
#5289 = CARTESIAN_POINT ( 'NONE',  ( -0.01572551233615350500, 0.3992808933301945600, 0.4135223832599625400 ) ) ;
#5290 = CARTESIAN_POINT ( 'NONE',  ( 4.413854548768851300E-016, -2.674289321881344600, 0.0000000000000000000 ) ) ;
#5291 = PRESENTATION_STYLE_ASSIGNMENT (( #1232 ) ) ;
#5292 = ORIENTED_EDGE ( 'NONE', *, *, #7997, .T. ) ;
#5293 = ORIENTED_EDGE ( 'NONE', *, *, #1734, .F. ) ;
#5294 = DIRECTION ( 'NONE',  ( 1.447553700753488400E-016, -1.000000000000000000, 0.0000000000000000000 ) ) ;
#5295 = COLOUR_RGB ( '',0.1098039215686274500, 0.1098039215686274500, 0.1098039215686274500 ) ;
#5296 = DIRECTION ( 'NONE',  ( 0.0000000000000000000, 0.0000000000000000000, 1.000000000000000000 ) ) ;
#5297 = AXIS2_PLACEMENT_3D ( 'NONE', #7193, #3347, #2094 ) ;
#5298 = CARTESIAN_POINT ( 'NONE',  ( 0.1242571756171860900, 0.3417600358473942800, 0.3727556488345240000 ) ) ;
#5299 = AXIS2_PLACEMENT_3D ( 'NONE', #8000, #2862, #344 ) ;
#5300 = VERTEX_POINT ( 'NONE', #7057 ) ;
#5301 = DIRECTION ( 'NONE',  ( 1.084202172485505800E-015, 0.0000000000000000000, 1.000000000000000000 ) ) ;
#5302 = SURFACE_STYLE_FILL_AREA ( #6882 ) ;
#5303 = AXIS2_PLACEMENT_3D ( 'NONE', #3200, #7693, #3833 ) ;
#5304 = DIRECTION ( 'NONE',  ( 1.000000000000000000, 0.0000000000000000000, 0.0000000000000000000 ) ) ;
#5305 = COLOUR_RGB ( '',1.000000000000000000, 0.8117647058823529400, 0.5019607843137254800 ) ;
#5306 = DIRECTION ( 'NONE',  ( 1.000000000000000000, 1.221154686938586900E-016, -1.776356839400250500E-015 ) ) ;
#5307 = EDGE_CURVE ( 'NONE', #6570, #2742, #6175, .T. ) ;
#5308 = AXIS2_PLACEMENT_3D ( 'NONE', #6294, #5686, #8282 ) ;
#5309 = CARTESIAN_POINT ( 'NONE',  ( 1.208196601125010300, 1.395000000000000000, 0.6700000000000001500 ) ) ;
#5310 = SURFACE_SIDE_STYLE ('',( #3998 ) ) ;
#5311 = AXIS2_PLACEMENT_3D ( 'NONE', #4183, #399, #4833 ) ;
#5312 = VECTOR ( 'NONE', #6533, 1000.000000000000000 ) ;
#5313 = ORIENTED_EDGE ( 'NONE', *, *, #6243, .T. ) ;
#5314 = EDGE_LOOP ( 'NONE', ( #1699, #484, #7856, #1917 ) ) ;
#5315 = CARTESIAN_POINT ( 'NONE',  ( -0.1180273429977300300, 0.3525217918726890100, 0.3757410748851473500 ) ) ;
#5316 = DIRECTION ( 'NONE',  ( 1.447553700753488400E-016, -1.000000000000000000, 0.0000000000000000000 ) ) ;
#5317 = FILL_AREA_STYLE ('',( #5958 ) ) ;
#5318 = DIRECTION ( 'NONE',  ( 1.000000000000000000, 0.0000000000000000000, 0.0000000000000000000 ) ) ;
#5319 = VECTOR ( 'NONE', #7978, 1000.000000000000000 ) ;
#5320 = EDGE_LOOP ( 'NONE', ( #3715, #5818, #4662, #1559 ) ) ;
#5321 = CARTESIAN_POINT ( 'NONE',  ( 0.02758433254497533900, -1.186451582802488900, 0.2427705422203057000 ) ) ;
#5322 = CARTESIAN_POINT ( 'NONE',  ( 0.04626371558791461700, -1.167778472435152100, -0.2395377386675599500 ) ) ;
#5323 = SURFACE_STYLE_USAGE ( .BOTH. , #5503 ) ;
#5324 = CARTESIAN_POINT ( 'NONE',  ( 0.02878729518101612000, -1.168507953350743400, -0.2300327145525862300 ) ) ;
#5325 = DIRECTION ( 'NONE',  ( 0.0000000000000000000, 0.0000000000000000000, -1.000000000000000000 ) ) ;
#5326 = ORIENTED_EDGE ( 'NONE', *, *, #314, .T. ) ;
#5327 = EDGE_CURVE ( 'NONE', #1579, #812, #7904, .T. ) ;
#5328 = STYLED_ITEM ( 'NONE', ( #2658 ), #2967 ) ;
#5329 = DIRECTION ( 'NONE',  ( -1.447553700753488400E-016, 1.000000000000000000, -0.0000000000000000000 ) ) ;
#5330 = B_SPLINE_SURFACE_WITH_KNOTS ( 'NONE', 3, 1, ( 
 ( #3167, #4406 ),
 ( #656, #5091 ),
 ( #1279, #5757 ),
 ( #1924, #6392 ),
 ( #2564, #7039 ),
 ( #3203, #7695 ),
 ( #3835, #57 ),
 ( #4460, #684 ),
 ( #5118, #1311 ),
 ( #5787, #1953 ),
 ( #6425, #2595 ),
 ( #7067, #3234 ),
 ( #7721, #3864 ),
 ( #87, #4490 ),
 ( #717, #5146 ),
 ( #1337, #5822 ),
 ( #1982, #6453 ),
 ( #2625, #7100 ),
 ( #3259, #7748 ),
 ( #3896, #114 ),
 ( #4518, #752 ),
 ( #5172, #1366 ),
 ( #5846, #2010 ),
 ( #6483, #2654 ),
 ( #7129, #3290 ),
 ( #7778, #3928 ),
 ( #143, #4549 ),
 ( #782, #5206 ),
 ( #1396, #5870 ),
 ( #2039, #6521 ),
 ( #2680, #7164 ) ),
 .UNSPECIFIED., .F., .F., .F.,
 ( 4, 3, 3, 3, 3, 3, 3, 3, 3, 3, 4 ),
 ( 2, 2 ),
 ( 0.0000000000000000000, 0.09975080204926559100, 0.1993582537165742300, 0.3011914062871647300, 0.4057136696779195500, 0.5083981533732852000, 0.6077474757507838100, 0.7072350267031128900, 0.8100074748154609800, 0.9145250317480356800, 1.000000000000000000 ),
 ( 0.0000000000000000000, 1.000000000000000000 ),
 .UNSPECIFIED. ) ;
#5331 = CARTESIAN_POINT ( 'NONE',  ( -9.265898622708171300E-017, 1.015000000000000600, 0.0000000000000000000 ) ) ;
#5332 = CARTESIAN_POINT ( 'NONE',  ( 0.1049476582995810400, 0.3434191609326395200, -0.3956286048806619300 ) ) ;
#5333 = LINE ( 'NONE', #5223, #466 ) ;
#5334 = EDGE_LOOP ( 'NONE', ( #6642, #4283, #6488 ) ) ;
#5335 = B_SPLINE_CURVE_WITH_KNOTS ( 'NONE', 3,
 ( #5642, #4983, #1169, #1816, #6280, #2460, #6938, #3086, #7590, #3719 ),
 .UNSPECIFIED., .F., .F.,
 ( 4, 3, 3, 4 ),
 ( 0.0000000000000000000, 3.369560044597701200E-005, 7.872998320952720600E-005, 7.878998323812968900E-005 ),
 .UNSPECIFIED. ) ;
#5336 = CIRCLE ( 'NONE', #7547, 0.1000000000000000300 ) ;
#5337 = SURFACE_STYLE_FILL_AREA ( #6889 ) ;
#5338 = AXIS2_PLACEMENT_3D ( 'NONE', #3415, #2773, #964 ) ;
#5339 = AXIS2_PLACEMENT_3D ( 'NONE', #5271, #1463, #5936 ) ;
#5340 = ORIENTED_EDGE ( 'NONE', *, *, #7332, .T. ) ;
#5341 = CARTESIAN_POINT ( 'NONE',  ( -0.1325619045319563200, 0.3179826531459835100, 0.3675164792734712000 ) ) ;
#5342 = COLOUR_RGB ( '',0.1098039215686274500, 0.1098039215686274500, 0.1098039215686274500 ) ;
#5343 = ORIENTED_EDGE ( 'NONE', *, *, #1151, .T. ) ;
#5344 = CARTESIAN_POINT ( 'NONE',  ( 0.05041738640004460300, -1.152035011042852300, 4.268483521192151500E-005 ) ) ;
#5345 = APPLICATION_CONTEXT ( 'automotive_design' ) ;
#5346 = ORIENTED_EDGE ( 'NONE', *, *, #5515, .F. ) ;
#5347 = FILL_AREA_STYLE_COLOUR ( '', #929 ) ;
#5348 = ORIENTED_EDGE ( 'NONE', *, *, #175, .T. ) ;
#5349 = STYLED_ITEM ( 'NONE', ( #3070 ), #1261 ) ;
#5350 = FACE_OUTER_BOUND ( 'NONE', #7890, .T. ) ;
#5351 = AXIS2_PLACEMENT_3D ( 'NONE', #3673, #4312, #3068 ) ;
#5352 = EDGE_CURVE ( 'NONE', #7395, #6977, #6647, .T. ) ;
#5353 = CARTESIAN_POINT ( 'NONE',  ( 0.04509370141856863800, -1.161769410839485200, -0.2517611244628112400 ) ) ;
#5354 = DIRECTION ( 'NONE',  ( -0.5056284834390527600, 0.8292512751021637900, -0.2380801534705472800 ) ) ;
#5355 =( GEOMETRIC_REPRESENTATION_CONTEXT ( 3 ) GLOBAL_UNCERTAINTY_ASSIGNED_CONTEXT ( ( #3798 ) ) GLOBAL_UNIT_ASSIGNED_CONTEXT ( ( #6874, #3024, #7535 ) ) REPRESENTATION_CONTEXT ( 'NONE', 'WORKASPACE' ) );
#5356 = EDGE_LOOP ( 'NONE', ( #3548, #5409, #1614, #5459 ) ) ;
#5357 = FILL_AREA_STYLE_COLOUR ( '', #7627 ) ;
#5358 = ORIENTED_EDGE ( 'NONE', *, *, #7939, .T. ) ;
#5359 = CARTESIAN_POINT ( 'NONE',  ( 0.1170680565608259200, -0.2423166182148810400, 0.3717848444710318800 ) ) ;
#5360 = CARTESIAN_POINT ( 'NONE',  ( 2.518587945522486000E-016, -1.365000000000000000, 0.0000000000000000000 ) ) ;
#5361 =( LENGTH_UNIT ( ) NAMED_UNIT ( * ) SI_UNIT ( .MILLI., .METRE. ) );
#5362 = CARTESIAN_POINT ( 'NONE',  ( 0.1056262070595697900, 0.3423778207995454800, -0.3953858067441310400 ) ) ;
#5363 = FACE_OUTER_BOUND ( 'NONE', #5511, .T. ) ;
#5364 = AXIS2_PLACEMENT_3D ( 'NONE', #1313, #5789, #1955 ) ;
#5365 = VERTEX_POINT ( 'NONE', #320 ) ;
#5366 = PRODUCT_DEFINITION ( 'UNKNOWN', '', #5832, #7577 ) ;
#5367 =( NAMED_UNIT ( * ) PLANE_ANGLE_UNIT ( ) SI_UNIT ( $, .RADIAN. ) );
#5368 = CARTESIAN_POINT ( 'NONE',  ( -1.445391450605552900E-016, 1.373398854608770100, 0.0000000000000000000 ) ) ;
#5369 =( REPRESENTATION_RELATIONSHIP ('NONE','NONE', #3678, #2213 ) REPRESENTATION_RELATIONSHIP_WITH_TRANSFORMATION ( #506 )SHAPE_REPRESENTATION_RELATIONSHIP( ) );
#5370 = CARTESIAN_POINT ( 'NONE',  ( 0.04815525368730637400, -1.165334330167917800, -0.1902721288469527400 ) ) ;
#5371 = VECTOR ( 'NONE', #6077, 1000.000000000000000 ) ;
#5372 = SURFACE_STYLE_FILL_AREA ( #2157 ) ;
#5373 = ORIENTED_EDGE ( 'NONE', *, *, #223, .T. ) ;
#5374 = EDGE_CURVE ( 'NONE', #4680, #6619, #4447, .T. ) ;
#5375 = DIRECTION ( 'NONE',  ( -0.8944271909999158600, 0.0000000000000000000, -0.4472135954999580900 ) ) ;
#5376 = COLOUR_RGB ( '',0.1098039215686274500, 0.1098039215686274500, 0.1098039215686274500 ) ;
#5377 = STYLED_ITEM ( 'NONE', ( #1063 ), #2524 ) ;
#5378 = ORIENTED_EDGE ( 'NONE', *, *, #6459, .F. ) ;
#5379 = SURFACE_SIDE_STYLE ('',( #6569 ) ) ;
#5380 =( LENGTH_UNIT ( ) NAMED_UNIT ( * ) SI_UNIT ( .MILLI., .METRE. ) );
#5381 = UNCERTAINTY_MEASURE_WITH_UNIT (LENGTH_MEASURE( 1.000000000000000100E-005 ), #4304, 'distance_accuracy_value', 'NONE');
#5382 = EDGE_LOOP ( 'NONE', ( #375, #6836, #1792, #2463 ) ) ;
#5383 = UNCERTAINTY_MEASURE_WITH_UNIT (LENGTH_MEASURE( 1.000000000000000100E-005 ), #4049, 'distance_accuracy_value', 'NONE');
#5384 = LINE ( 'NONE', #5495, #3679 ) ;
#5385 = DIRECTION ( 'NONE',  ( 0.0000000000000000000, 1.000000000000000000, -0.0000000000000000000 ) ) ;
#5386 = COLOUR_RGB ( '',0.1098039215686274500, 0.1098039215686274500, 0.1098039215686274500 ) ;
#5387 = CARTESIAN_POINT ( 'NONE',  ( -0.02541777153005336100, -1.218768436935463700, 0.2303026521327291300 ) ) ;
#5388 = CARTESIAN_POINT ( 'NONE',  ( 0.09950373417811578200, -0.4951457862975194900, 0.3527858476656497400 ) ) ;
#5389 = CARTESIAN_POINT ( 'NONE',  ( 0.4438423657390882000, 0.3525217918728552600, 0.0000000000000000000 ) ) ;
#5390 = EDGE_CURVE ( 'NONE', #260, #1297, #4245, .T. ) ;
#5391 = DIRECTION ( 'NONE',  ( 0.0000000000000000000, 0.9960485673285175400, -0.08881019943006292200 ) ) ;
#5392 = EDGE_LOOP ( 'NONE', ( #2149, #3000, #3463, #1454 ) ) ;
#5393 = CARTESIAN_POINT ( 'NONE',  ( 0.02529458252240693000, -1.223183884379456200, 0.2789380977350282600 ) ) ;
#5394 = DIRECTION ( 'NONE',  ( 1.000000000000000000, 1.221382022286320500E-016, 0.0000000000000000000 ) ) ;
#5395 = VERTEX_POINT ( 'NONE', #5806 ) ;
#5396 = MECHANICAL_DESIGN_GEOMETRIC_PRESENTATION_REPRESENTATION (  '', ( #3265 ), #5852 ) ;
#5397 = CARTESIAN_POINT ( 'NONE',  ( -2.103352214621881800E-015, 1.395000000000000000, -0.6699999999999989300 ) ) ;
#5398 = CIRCLE ( 'NONE', #4859, 0.1000000000000000500 ) ;
#5399 = FACE_OUTER_BOUND ( 'NONE', #510, .T. ) ;
#5400 = CARTESIAN_POINT ( 'NONE',  ( 0.1049476582995811000, 0.3434191609326395200, 0.3956286048806620400 ) ) ;
#5401 = DIRECTION ( 'NONE',  ( -1.447553700753488400E-016, 1.000000000000000000, -0.0000000000000000000 ) ) ;
#5402 = CARTESIAN_POINT ( 'NONE',  ( -0.04591783395217268600, -1.154926136612982800, 0.2517853258962937100 ) ) ;
#5403 = COLOUR_RGB ( '',0.1098039215686274500, 0.1098039215686274500, 0.1098039215686274500 ) ;
#5404 = MECHANICAL_DESIGN_GEOMETRIC_PRESENTATION_REPRESENTATION (  '', ( #4534 ), #5861 ) ;
#5405 = LINE ( 'NONE', #2942, #342 ) ;
#5406 = PRESENTATION_LAYER_ASSIGNMENT (  '', '', ( #4975 ) ) ;
#5407 = EDGE_CURVE ( 'NONE', #7826, #1915, #2577, .T. ) ;
#5408 = CIRCLE ( 'NONE', #2837, 0.5146446609406722900 ) ;
#5409 = ORIENTED_EDGE ( 'NONE', *, *, #3870, .F. ) ;
#5410 = CARTESIAN_POINT ( 'NONE',  ( -0.1248013322665593900, 0.3538855392615846100, 0.4260221670331657600 ) ) ;
#5411 =( LENGTH_UNIT ( ) NAMED_UNIT ( * ) SI_UNIT ( .MILLI., .METRE. ) );
#5412 = PRESENTATION_STYLE_ASSIGNMENT (( #1221 ) ) ;
#5413 = CARTESIAN_POINT ( 'NONE',  ( -0.1165700903499645400, 0.3537364182653261500, 0.3762830385188349300 ) ) ;
#5414 = FILL_AREA_STYLE_COLOUR ( '', #6289 ) ;
#5415 = EDGE_CURVE ( 'NONE', #3038, #602, #5987, .T. ) ;
#5416 = DIRECTION ( 'NONE',  ( 1.447553700753488400E-016, -1.000000000000000000, 0.0000000000000000000 ) ) ;
#5417 = ORIENTED_EDGE ( 'NONE', *, *, #7830, .F. ) ;
#5418 = EDGE_LOOP ( 'NONE', ( #1567, #3124, #7918, #100 ) ) ;
#5419 = MECHANICAL_DESIGN_GEOMETRIC_PRESENTATION_REPRESENTATION (  '', ( #4554 ), #5876 ) ;
#5420 = CARTESIAN_POINT ( 'NONE',  ( -0.9581966011250113700, -1.395000000000000000, 1.270000000000000000 ) ) ;
#5421 = CARTESIAN_POINT ( 'NONE',  ( 0.03489345784979886600, 0.4002055608032900100, -0.4299091601897291300 ) ) ;
#5422 = CARTESIAN_POINT ( 'NONE',  ( -0.5999999999999995300, 1.395000000000000000, 0.0000000000000000000 ) ) ;
#5423 =( LENGTH_UNIT ( ) NAMED_UNIT ( * ) SI_UNIT ( .MILLI., .METRE. ) );
#5424 = CIRCLE ( 'NONE', #409, 0.3998154356757370700 ) ;
#5425 = ORIENTED_EDGE ( 'NONE', *, *, #606, .F. ) ;
#5426 = DIRECTION ( 'NONE',  ( -0.8536045658839291900, 0.5209215344964237500, -2.710505431213758700E-015 ) ) ;
#5427 = DIRECTION ( 'NONE',  ( 1.000000000000000000, 1.417260604930826400E-016, 0.0000000000000000000 ) ) ;
#5428 = LINE ( 'NONE', #2161, #369 ) ;
#5429 = ORIENTED_EDGE ( 'NONE', *, *, #4302, .T. ) ;
#5430 = SURFACE_STYLE_FILL_AREA ( #2776 ) ;
#5431 = ORIENTED_EDGE ( 'NONE', *, *, #8122, .F. ) ;
#5432 = DIRECTION ( 'NONE',  ( 0.0000000000000000000, 0.0000000000000000000, 1.000000000000000000 ) ) ;
#5433 = COLOUR_RGB ( '',0.1098039215686274500, 0.1098039215686274500, 0.1098039215686274500 ) ;
#5434 = ORIENTED_EDGE ( 'NONE', *, *, #1535, .T. ) ;
#5435 = CARTESIAN_POINT ( 'NONE',  ( -0.1271357273467387800, 0.3526718729515891900, 0.4252585001825737700 ) ) ;
#5436 = DIRECTION ( 'NONE',  ( -1.447553700753488400E-016, 1.000000000000000000, -0.0000000000000000000 ) ) ;
#5437 = EDGE_CURVE ( 'NONE', #1935, #3471, #7496, .T. ) ;
#5438 = CIRCLE ( 'NONE', #6407, 0.1000000000000000500 ) ;
#5439 = EDGE_LOOP ( 'NONE', ( #6807, #2096, #7463, #2904, #821, #6358, #4087, #6092 ) ) ;
#5440 = MECHANICAL_DESIGN_GEOMETRIC_PRESENTATION_REPRESENTATION (  '', ( #4579 ), #5902 ) ;
#5441 =( BOUNDED_SURFACE ( )  B_SPLINE_SURFACE ( 3, 2, ( 
 ( #639, #3756, #1259 ),
 ( #5737, #1906, #6369 ),
 ( #2548, #7025, #3179 ),
 ( #7673, #3816, #36 ) ),
 .UNSPECIFIED., .F., .F., .T. ) 
 B_SPLINE_SURFACE_WITH_KNOTS ( ( 4, 4 ),
 ( 3, 3 ),
 ( 0.0000000000000000000, 9.021693963420765900E-005 ),
 ( 0.0000000000000000000, 1.000000000000000000 ),
 .UNSPECIFIED. ) 
 GEOMETRIC_REPRESENTATION_ITEM ( )  RATIONAL_B_SPLINE_SURFACE ( (
 ( 1.000000000000000000, 0.8248820918441184300, 1.000000000000000000),
 ( 1.000000000000000000, 0.8217586088672430600, 1.000000000000000000),
 ( 1.000000000000000000, 0.8028896973709642700, 1.000000000000000000),
 ( 1.000000000000000000, 0.7770244616207004900, 1.000000000000000000) ) ) 
 REPRESENTATION_ITEM ( '' )  SURFACE ( )  );
#5442 =( LENGTH_UNIT ( ) NAMED_UNIT ( * ) SI_UNIT ( .MILLI., .METRE. ) );
#5443 =( NAMED_UNIT ( * ) PLANE_ANGLE_UNIT ( ) SI_UNIT ( $, .RADIAN. ) );
#5444 = CARTESIAN_POINT ( 'NONE',  ( -0.1056319831753036000, 0.3423694185346177800, -0.3953861412678175700 ) ) ;
#5445 = CIRCLE ( 'NONE', #1555, 0.6399999999999993500 ) ;
#5446 = FILL_AREA_STYLE_COLOUR ( '', #243 ) ;
#5447 = CARTESIAN_POINT ( 'NONE',  ( -0.1275070844567060800, 0.2954011586548933600, -0.4206765831417230200 ) ) ;
#5448 = SURFACE_SIDE_STYLE ('',( #7103 ) ) ;
#5449 = ORIENTED_EDGE ( 'NONE', *, *, #7433, .F. ) ;
#5450 =( NAMED_UNIT ( * ) PLANE_ANGLE_UNIT ( ) SI_UNIT ( $, .RADIAN. ) );
#5451 = DIRECTION ( 'NONE',  ( -1.000000000000000000, 0.0000000000000000000, -1.224646799147353000E-016 ) ) ;
#5452 = ORIENTED_EDGE ( 'NONE', *, *, #7397, .T. ) ;
#5453 = LINE ( 'NONE', #8272, #3751 ) ;
#5454 = STYLED_ITEM ( 'NONE', ( #5730 ), #434 ) ;
#5455 = CARTESIAN_POINT ( 'NONE',  ( 0.09243218876555935000, -0.2191680879543153300, 0.3822041574143735200 ) ) ;
#5456 = CARTESIAN_POINT ( 'NONE',  ( -1.476660268557142200E-016, 1.395000000000000000, 0.0000000000000000000 ) ) ;
#5457 = FILL_AREA_STYLE_COLOUR ( '', #3831 ) ;
#5458 = VERTEX_POINT ( 'NONE', #3521 ) ;
#5459 = ORIENTED_EDGE ( 'NONE', *, *, #1402, .F. ) ;
#5460 = COLOUR_RGB ( '',1.000000000000000000, 0.8117647058823529400, 0.5019607843137254800 ) ;
#5461 = DIRECTION ( 'NONE',  ( -1.000000000000000000, 0.0000000000000000000, 0.0000000000000000000 ) ) ;
#5462 =( GEOMETRIC_REPRESENTATION_CONTEXT ( 3 ) GLOBAL_UNCERTAINTY_ASSIGNED_CONTEXT ( ( #7521 ) ) GLOBAL_UNIT_ASSIGNED_CONTEXT ( ( #4267, #481, #4919 ) ) REPRESENTATION_CONTEXT ( 'NONE', 'WORKASPACE' ) );
#5463 = ORIENTED_EDGE ( 'NONE', *, *, #4927, .F. ) ;
#5464 = CIRCLE ( 'NONE', #6220, 0.5316896815425915500 ) ;
#5465 = ORIENTED_EDGE ( 'NONE', *, *, #6779, .F. ) ;
#5466 = EDGE_CURVE ( 'NONE', #4300, #6961, #4067, .T. ) ;
#5467 = MECHANICAL_DESIGN_GEOMETRIC_PRESENTATION_REPRESENTATION (  '', ( #4609 ), #5928 ) ;
#5468 = CARTESIAN_POINT ( 'NONE',  ( -0.09150301172960380300, -0.2330278770515777600, 0.3535703795692504700 ) ) ;
#5469 = COLOUR_RGB ( '',1.000000000000000000, 0.8117647058823529400, 0.5019607843137254800 ) ;
#5470 = CARTESIAN_POINT ( 'NONE',  ( -0.04165553146018161100, -1.212169986226596900, 0.2968996974739458400 ) ) ;
#5471 = CARTESIAN_POINT ( 'NONE',  ( -0.04507414848472787000, -0.9255700167423660500, -0.2902958626632096100 ) ) ;
#5472 = SURFACE_SIDE_STYLE ('',( #2819 ) ) ;
#5473 = COLOUR_RGB ( '',1.000000000000000000, 0.8117647058823529400, 0.5019607843137254800 ) ;
#5474 = VERTEX_POINT ( 'NONE', #8031 ) ;
#5475 = CARTESIAN_POINT ( 'NONE',  ( -0.2567686891652981000, -1.150767665139485100, 0.0000000000000000000 ) ) ;
#5476 = CARTESIAN_POINT ( 'NONE',  ( 0.02513773585898748300, -1.222945504588554200, 0.2763272670030129700 ) ) ;
#5477 = SURFACE_STYLE_USAGE ( .BOTH. , #1028 ) ;
#5478 = FACE_OUTER_BOUND ( 'NONE', #3932, .T. ) ;
#5479 = CARTESIAN_POINT ( 'NONE',  ( -0.02797188990901473100, -1.180670700235336900, -0.1522262788309297100 ) ) ;
#5480 = PRESENTATION_STYLE_ASSIGNMENT (( #1512 ) ) ;
#5481 = EDGE_LOOP ( 'NONE', ( #6396, #3451, #4841 ) ) ;
#5482 =( LENGTH_UNIT ( ) NAMED_UNIT ( * ) SI_UNIT ( .MILLI., .METRE. ) );
#5483 = PRESENTATION_STYLE_ASSIGNMENT (( #4477 ) ) ;
#5484 = COLOUR_RGB ( '',0.1098039215686274500, 0.1098039215686274500, 0.1098039215686274500 ) ;
#5485 = CIRCLE ( 'NONE', #1772, 0.3938423657390881000 ) ;
#5486 = CARTESIAN_POINT ( 'NONE',  ( -0.02796414439579637500, -1.180786233847886300, 0.2547347285350581900 ) ) ;
#5487 = ORIENTED_EDGE ( 'NONE', *, *, #7841, .T. ) ;
#5488 = UNCERTAINTY_MEASURE_WITH_UNIT (LENGTH_MEASURE( 1.000000000000000100E-005 ), #6832, 'distance_accuracy_value', 'NONE');
#5489 = ORIENTED_EDGE ( 'NONE', *, *, #5374, .T. ) ;
#5490 = EDGE_CURVE ( 'NONE', #261, #4544, #700, .T. ) ;
#5491 = B_SPLINE_CURVE_WITH_KNOTS ( 'NONE', 3,
 ( #5605, #1139, #6239, #2543, #7017, #3168, #7665, #3812, #27, #4434, #657, #5092, #1280, #5758, #1926, #6393, #2565, #7040, #3204, #7696, #3836, #58 ),
 .UNSPECIFIED., .F., .F.,
 ( 4, 3, 3, 3, 3, 3, 3, 4 ),
 ( 1.059080459563884100E-016, 1.702259138608292400E-005, 6.414090459580386800E-005, 0.0001089502904433018600, 0.0001589528107097033500, 0.0001865317488955659600, 0.0002355504197102841900, 0.0002827181347127119600 ),
 .UNSPECIFIED. ) ;
#5492 = CARTESIAN_POINT ( 'NONE',  ( 0.2550000000000010000, -6.859999999999995900, 3.122849337825754200E-017 ) ) ;
#5493 = FACE_OUTER_BOUND ( 'NONE', #6853, .T. ) ;
#5494 = ORIENTED_EDGE ( 'NONE', *, *, #8267, .T. ) ;
#5495 = CARTESIAN_POINT ( 'NONE',  ( 0.5999999999999993100, 1.395000000000000000, 7.347880794884112800E-017 ) ) ;
#5496 = PRESENTATION_STYLE_ASSIGNMENT (( #2401 ) ) ;
#5497 = EDGE_CURVE ( 'NONE', #4119, #418, #7299, .T. ) ;
#5498 = DIRECTION ( 'NONE',  ( -1.000000000000000000, 0.0000000000000000000, 0.0000000000000000000 ) ) ;
#5499 = CARTESIAN_POINT ( 'NONE',  ( 0.0000000000000000000, -6.859999999999995900, 0.0000000000000000000 ) ) ;
#5500 = CARTESIAN_POINT ( 'NONE',  ( -0.1486797928460099900, 0.3041556001593698800, 0.4135154067161560000 ) ) ;
#5501 = PRESENTATION_LAYER_ASSIGNMENT (  '', '', ( #4202 ) ) ;
#5502 =( LENGTH_UNIT ( ) NAMED_UNIT ( * ) SI_UNIT ( .MILLI., .METRE. ) );
#5503 = SURFACE_SIDE_STYLE ('',( #7029 ) ) ;
#5504 = CARTESIAN_POINT ( 'NONE',  ( 0.02666709960536417900, -1.222979491838891400, 0.2840257620198638500 ) ) ;
#5505 = CARTESIAN_POINT ( 'NONE',  ( 1.208196601125010500, -1.395000000000000000, -0.6700000000000002600 ) ) ;
#5506 = DIRECTION ( 'NONE',  ( -1.000000000000000000, -1.446471648388113700E-016, 0.0000000000000000000 ) ) ;
#5507 = DIRECTION ( 'NONE',  ( 0.0000000000000000000, 0.0000000000000000000, 1.000000000000000000 ) ) ;
#5508 = FACE_OUTER_BOUND ( 'NONE', #5977, .T. ) ;
#5509 = SURFACE_SIDE_STYLE ('',( #5622 ) ) ;
#5510 = MECHANICAL_DESIGN_GEOMETRIC_PRESENTATION_REPRESENTATION (  '', ( #4208 ), #5965 ) ;
#5511 = EDGE_LOOP ( 'NONE', ( #5740, #8132, #298, #6754, #5607 ) ) ;
#5512 = EDGE_LOOP ( 'NONE', ( #4344, #5293, #5784, #4814, #5378 ) ) ;
#5513 = DIRECTION ( 'NONE',  ( -1.000000000000000000, 0.0000000000000000000, 0.0000000000000000000 ) ) ;
#5514 =( GEOMETRIC_REPRESENTATION_CONTEXT ( 3 ) GLOBAL_UNCERTAINTY_ASSIGNED_CONTEXT ( ( #7272 ) ) GLOBAL_UNIT_ASSIGNED_CONTEXT ( ( #6808, #2958, #7459 ) ) REPRESENTATION_CONTEXT ( 'NONE', 'WORKASPACE' ) );
#5515 = EDGE_CURVE ( 'NONE', #1915, #4820, #5130, .T. ) ;
#5516 = AXIS2_PLACEMENT_3D ( 'NONE', #5368, #1574, #6031 ) ;
#5517 = CARTESIAN_POINT ( 'NONE',  ( -0.04506578428009926800, 0.3918940884980011100, 0.4258554626460350800 ) ) ;
#5518 = CARTESIAN_POINT ( 'NONE',  ( 0.04748845423716534900, -1.169016252668703100, 0.2318383475599942700 ) ) ;
#5519 = ADVANCED_FACE ( 'NONE', ( #5792 ), #4756, .F. ) ;
#5520 = LINE ( 'NONE', #3475, #5319 ) ;
#5521 = VERTEX_POINT ( 'NONE', #7465 ) ;
#5522 = DIRECTION ( 'NONE',  ( 0.0000000000000000000, 0.0000000000000000000, -1.000000000000000000 ) ) ;
#5523 = CYLINDRICAL_SURFACE ( 'NONE', #4742, 0.8999999999999993600 ) ;
#5524 = EDGE_LOOP ( 'NONE', ( #3151, #6257, #1206, #3375, #6034, #8123, #6790, #2160 ) ) ;
#5525 = CARTESIAN_POINT ( 'NONE',  ( -0.1388087223107994600, 0.3346109713219782600, -0.4199574507079821300 ) ) ;
#5526 = EDGE_CURVE ( 'NONE', #6158, #3097, #6487, .T. ) ;
#5527 =( NAMED_UNIT ( * ) PLANE_ANGLE_UNIT ( ) SI_UNIT ( $, .RADIAN. ) );
#5528 = AXIS2_PLACEMENT_3D ( 'NONE', #2629, #5123, #149 ) ;
#5529 =( GEOMETRIC_REPRESENTATION_CONTEXT ( 3 ) GLOBAL_UNCERTAINTY_ASSIGNED_CONTEXT ( ( #7569 ) ) GLOBAL_UNIT_ASSIGNED_CONTEXT ( ( #2078, #154, #7205 ) ) REPRESENTATION_CONTEXT ( 'NONE', 'WORKASPACE' ) );
#5530 = CARTESIAN_POINT ( 'NONE',  ( -0.1192785049732025700, 0.3160164861148606100, -0.3976914599229354200 ) ) ;
#5531 = PRESENTATION_STYLE_ASSIGNMENT (( #7399 ) ) ;
#5532 = CARTESIAN_POINT ( 'NONE',  ( 1.208196601125010300, 1.395000000000000000, 0.6700000000000001500 ) ) ;
#5533 = DIRECTION ( 'NONE',  ( -0.9138115486202594800, 0.4061384660534423400, 0.0000000000000000000 ) ) ;
#5534 = AXIS2_PLACEMENT_3D ( 'NONE', #3568, #8074, #4203 ) ;
#5535 = ORIENTED_EDGE ( 'NONE', *, *, #4389, .F. ) ;
#5536 = DIRECTION ( 'NONE',  ( 1.447553700753488400E-016, -1.000000000000000000, 0.0000000000000000000 ) ) ;
#5537 = CARTESIAN_POINT ( 'NONE',  ( 0.04933144428504521900, -1.205497527077971500, 0.2977156663328862600 ) ) ;
#5538 = PRESENTATION_STYLE_ASSIGNMENT (( #4497 ) ) ;
#5539 = B_SPLINE_CURVE_WITH_KNOTS ( 'NONE', 3,
 ( #2957, #6806, #8101, #4224, #444, #4886, #1078, #5530, #1711, #6183, #2357, #6839, #2989, #7491, #3613, #8138, #4257, #471, #4912, #1106, #5563, #1740, #6212, #2387, #6861, #3014, #7517, #3643, #8166, #4287, #499, #4938, #1130, #5596, #1768, #6231, #2420 ),
 .UNSPECIFIED., .F., .F.,
 ( 4, 3, 3, 3, 3, 3, 3, 3, 3, 3, 3, 3, 4 ),
 ( -5.999999368502792600E-008, 0.0000000000000000000, 3.548601872358615700E-005, 8.049009345159582400E-005, 0.0001232032941790182800, 0.0001629645470672187100, 0.0002021562337916613200, 0.0002440233139669035600, 0.0002888646729347594600, 0.0003330103540930207000, 0.0003739753996301649200, 0.0004189564531309008600, 0.0004190164531422333500 ),
 .UNSPECIFIED. ) ;
#5540 = CARTESIAN_POINT ( 'NONE',  ( 0.0000000000000000000, 1.294999999999999900, 1.169999999999999900 ) ) ;
#5541 = CIRCLE ( 'NONE', #1618, 0.8499999999999993100 ) ;
#5542 = CARTESIAN_POINT ( 'NONE',  ( -0.06161674357927092400, -0.6788173848205074600, -0.3101373001733535000 ) ) ;
#5543 = ORIENTED_EDGE ( 'NONE', *, *, #290, .T. ) ;
#5544 = SURFACE_STYLE_USAGE ( .BOTH. , #1089 ) ;
#5545 = TOROIDAL_SURFACE ( 'NONE', #7974, 0.4792893218813447700, 0.05000000000000000300 ) ;
#5546 = PRESENTATION_LAYER_ASSIGNMENT (  '', '', ( #5114 ) ) ;
#5547 = CIRCLE ( 'NONE', #138, 0.6025658350974743000 ) ;
#5548 = CARTESIAN_POINT ( 'NONE',  ( -0.04565971932673121300, -1.159160228019566100, -0.2500558844060319400 ) ) ;
#5549 = ORIENTED_EDGE ( 'NONE', *, *, #881, .T. ) ;
#5550 = CARTESIAN_POINT ( 'NONE',  ( -0.1250026613919872900, 0.2666596192853436000, 0.3897231212597500000 ) ) ;
#5551 = ORIENTED_EDGE ( 'NONE', *, *, #7715, .T. ) ;
#5552 = CARTESIAN_POINT ( 'NONE',  ( 0.04565971932673154600, -1.159160228019565900, 0.2500558844060319400 ) ) ;
#5553 = PRESENTATION_STYLE_ASSIGNMENT (( #2659 ) ) ;
#5554 = CARTESIAN_POINT ( 'NONE',  ( -0.8799999999999992300, 0.6849999999999999400, 1.096058885236880300E-016 ) ) ;
#5555 = LINE ( 'NONE', #4293, #2175 ) ;
#5556 = EDGE_CURVE ( 'NONE', #4990, #1551, #3274, .T. ) ;
#5557 = AXIS2_PLACEMENT_3D ( 'NONE', #4121, #329, #4758 ) ;
#5558 = EDGE_LOOP ( 'NONE', ( #2973, #279, #176, #6613 ) ) ;
#5559 = FACE_OUTER_BOUND ( 'NONE', #7008, .T. ) ;
#5560 = VERTEX_POINT ( 'NONE', #4892 ) ;
#5561 = DIRECTION ( 'NONE',  ( 1.000000000000000000, 1.447553700753488400E-016, 0.0000000000000000000 ) ) ;
#5562 = CARTESIAN_POINT ( 'NONE',  ( -0.1250039849278215800, 0.2666795068524428500, 0.3792148574800757700 ) ) ;
#5563 = CARTESIAN_POINT ( 'NONE',  ( 0.02100258615746622100, 0.3992583533951467600, -0.4294220695332782200 ) ) ;
#5564 = CARTESIAN_POINT ( 'NONE',  ( -0.7265572809000089300, 1.294999999999999700, 1.633278640450004600 ) ) ;
#5565 = FILL_AREA_STYLE_COLOUR ( '', #7913 ) ;
#5566 = CARTESIAN_POINT ( 'NONE',  ( 1.270000000000000200, 1.294999999999999700, -0.7699999999999988000 ) ) ;
#5567 = CARTESIAN_POINT ( 'NONE',  ( -1.476660268557142200E-016, 1.395000000000000000, 0.0000000000000000000 ) ) ;
#5568 = ORIENTED_EDGE ( 'NONE', *, *, #5040, .T. ) ;
#5569 = DIRECTION ( 'NONE',  ( 1.000000000000000000, 0.0000000000000000000, 0.0000000000000000000 ) ) ;
#5570 = COLOUR_RGB ( '',1.000000000000000000, 0.8117647058823529400, 0.5019607843137254800 ) ;
#5571 = ORIENTED_EDGE ( 'NONE', *, *, #3542, .F. ) ;
#5572 = ADVANCED_FACE ( 'NONE', ( #4956 ), #7993, .T. ) ;
#5573 = AXIS2_PLACEMENT_3D ( 'NONE', #6732, #2879, #7381 ) ;
#5574 = AXIS2_PLACEMENT_3D ( 'NONE', #2390, #6864, #5600 ) ;
#5575 = DIRECTION ( 'NONE',  ( 0.0000000000000000000, 0.0000000000000000000, -1.000000000000000000 ) ) ;
#5576 = DIRECTION ( 'NONE',  ( -0.0000000000000000000, 1.000000000000000000, -0.0000000000000000000 ) ) ;
#5577 = DIRECTION ( 'NONE',  ( 0.0000000000000000000, 0.0000000000000000000, -1.000000000000000000 ) ) ;
#5578 = LINE ( 'NONE', #105, #710 ) ;
#5579 = ORIENTED_EDGE ( 'NONE', *, *, #6723, .F. ) ;
#5580 = CARTESIAN_POINT ( 'NONE',  ( 0.1518986748799413000, 0.2634659119465356200, -0.4083876577056689300 ) ) ;
#5581 = VECTOR ( 'NONE', #5599, 1000.000000000000100 ) ;
#5582 = DIRECTION ( 'NONE',  ( -0.0000000000000000000, -1.084202172485504000E-015, -1.000000000000000000 ) ) ;
#5583 = AXIS2_PLACEMENT_3D ( 'NONE', #4386, #3145, #7649 ) ;
#5584 = FILL_AREA_STYLE_COLOUR ( '', #2423 ) ;
#5585 = TOROIDAL_SURFACE ( 'NONE', #5299, 0.4239249933206987700, 0.02000000000000000000 ) ;
#5586 = EDGE_CURVE ( 'NONE', #3537, #6969, #1381, .T. ) ;
#5587 = CARTESIAN_POINT ( 'NONE',  ( 0.8499999999999993100, 0.7450000000000001100, 1.040949779275249400E-016 ) ) ;
#5588 = ORIENTED_EDGE ( 'NONE', *, *, #5864, .T. ) ;
#5589 = AXIS2_PLACEMENT_3D ( 'NONE', #5891, #2056, #6503 ) ;
#5590 = STYLED_ITEM ( 'NONE', ( #6368 ), #5710 ) ;
#5591 = FACE_OUTER_BOUND ( 'NONE', #7549, .T. ) ;
#5592 = CARTESIAN_POINT ( 'NONE',  ( 0.1389626919345830500, 0.2842237949493581200, -0.3618493508431629400 ) ) ;
#5593 = DIRECTION ( 'NONE',  ( 0.0000000000000000000, -0.0000000000000000000, -1.000000000000000000 ) ) ;
#5594 = CIRCLE ( 'NONE', #417, 0.2549999999999996700 ) ;
#5595 = COLOUR_RGB ( '',0.1098039215686274500, 0.1098039215686274500, 0.1098039215686274500 ) ;
#5596 = CARTESIAN_POINT ( 'NONE',  ( 0.1250039846494755400, 0.2666795043640977600, -0.3897248044916986600 ) ) ;
#5597 = ORIENTED_EDGE ( 'NONE', *, *, #6144, .F. ) ;
#5598 = SURFACE_SIDE_STYLE ('',( #5168 ) ) ;
#5599 = DIRECTION ( 'NONE',  ( 0.4472135954999580400, -0.0000000000000000000, -0.8944271909999157400 ) ) ;
#5600 = DIRECTION ( 'NONE',  ( -1.000000000000000000, -2.409338161078900700E-016, 0.0000000000000000000 ) ) ;
#5601 = ORIENTED_EDGE ( 'NONE', *, *, #8178, .T. ) ;
#5602 = COLOUR_RGB ( '',1.000000000000000000, 0.8117647058823529400, 0.5019607843137254800 ) ;
#5603 = DIRECTION ( 'NONE',  ( 1.000000000000000000, 1.333035457973982000E-016, 0.0000000000000000000 ) ) ;
#5604 = CYLINDRICAL_SURFACE ( 'NONE', #4989, 0.3939249933206986400 ) ;
#5605 = CARTESIAN_POINT ( 'NONE',  ( -0.1158231730575406100, 0.3543379074933980000, -0.3765128058188664800 ) ) ;
#5606 = PRESENTATION_STYLE_ASSIGNMENT (( #7138 ) ) ;
#5607 = ORIENTED_EDGE ( 'NONE', *, *, #3006, .F. ) ;
#5608 = DIRECTION ( 'NONE',  ( -0.8944271909999159700, 0.0000000000000000000, 0.4472135954999579800 ) ) ;
#5609 = ORIENTED_EDGE ( 'NONE', *, *, #111, .T. ) ;
#5610 = CARTESIAN_POINT ( 'NONE',  ( -0.1378435408756131200, 0.2670981431876250400, -0.3606053945049982900 ) ) ;
#5611 = UNCERTAINTY_MEASURE_WITH_UNIT (LENGTH_MEASURE( 1.000000000000000100E-005 ), #7075, 'distance_accuracy_value', 'NONE');
#5612 = CARTESIAN_POINT ( 'NONE',  ( 0.02820282449103589000, -1.222213169675451700, -0.2871043138259515300 ) ) ;
#5613 = FACE_OUTER_BOUND ( 'NONE', #7358, .T. ) ;
#5614 = CARTESIAN_POINT ( 'NONE',  ( 0.05800982344403930700, -0.7326189214847270700, -0.3163088543493390300 ) ) ;
#5615 = EDGE_CURVE ( 'NONE', #7084, #5049, #8208, .T. ) ;
#5616 = EDGE_LOOP ( 'NONE', ( #6419, #6883, #5028 ) ) ;
#5617 = DIRECTION ( 'NONE',  ( -1.000000000000000000, 0.0000000000000000000, 0.0000000000000000000 ) ) ;
#5618 = PRESENTATION_LAYER_ASSIGNMENT (  '', '', ( #5175 ) ) ;
#5619 = SURFACE_SIDE_STYLE ('',( #4700 ) ) ;
#5620 = TOROIDAL_SURFACE ( 'NONE', #6496, 0.8499999999999993100, 0.05000000000000000300 ) ;
#5621 = ADVANCED_FACE ( 'NONE', ( #6270 ), #596, .F. ) ;
#5622 = SURFACE_STYLE_FILL_AREA ( #1061 ) ;
#5623 = VECTOR ( 'NONE', #6219, 1000.000000000000000 ) ;
#5624 = CARTESIAN_POINT ( 'NONE',  ( -0.1239110127981695700, 0.3543379074933982700, -0.4262809643909921700 ) ) ;
#5625 = CARTESIAN_POINT ( 'NONE',  ( 2.234677677640098700E-016, -1.168868921937331600, 0.0000000000000000000 ) ) ;
#5626 = ORIENTED_EDGE ( 'NONE', *, *, #7134, .T. ) ;
#5627 =( GEOMETRIC_REPRESENTATION_CONTEXT ( 3 ) GLOBAL_UNCERTAINTY_ASSIGNED_CONTEXT ( ( #7990 ) ) GLOBAL_UNIT_ASSIGNED_CONTEXT ( ( #6126, #2307, #6785 ) ) REPRESENTATION_CONTEXT ( 'NONE', 'WORKASPACE' ) );
#5628 =( NAMED_UNIT ( * ) PLANE_ANGLE_UNIT ( ) SI_UNIT ( $, .RADIAN. ) );
#5629 = SURFACE_STYLE_USAGE ( .BOTH. , #1159 ) ;
#5630 = DIRECTION ( 'NONE',  ( 0.0000000000000000000, 0.0000000000000000000, 1.000000000000000000 ) ) ;
#5631 = DIRECTION ( 'NONE',  ( 0.0000000000000000000, 1.000000000000000000, 0.0000000000000000000 ) ) ;
#5632 = STYLED_ITEM ( 'NONE', ( #1306 ), #4247 ) ;
#5633 = CARTESIAN_POINT ( 'NONE',  ( 0.1040189192043880500, 0.3448923351581970600, 0.3798923895787926800 ) ) ;
#5634 = FILL_AREA_STYLE_COLOUR ( '', #7394 ) ;
#5635 = DIRECTION ( 'NONE',  ( -0.4472135954999580400, -0.0000000000000000000, 0.8944271909999157400 ) ) ;
#5636 = ORIENTED_EDGE ( 'NONE', *, *, #635, .F. ) ;
#5637 = ORIENTED_EDGE ( 'NONE', *, *, #147, .F. ) ;
#5638 = SURFACE_STYLE_USAGE ( .BOTH. , #1165 ) ;
#5639 = DIRECTION ( 'NONE',  ( 0.0000000000000000000, 0.0000000000000000000, 1.000000000000000000 ) ) ;
#5640 =( NAMED_UNIT ( * ) PLANE_ANGLE_UNIT ( ) SI_UNIT ( $, .RADIAN. ) );
#5641 = MECHANICAL_DESIGN_GEOMETRIC_PRESENTATION_REPRESENTATION (  '', ( #4327 ), #6065 ) ;
#5642 = CARTESIAN_POINT ( 'NONE',  ( 0.1069180516808265300, 0.3402937159746541900, 0.3947436973228081200 ) ) ;
#5643 = EDGE_CURVE ( 'NONE', #4442, #2314, #718, .T. ) ;
#5644 = VECTOR ( 'NONE', #2663, 1000.000000000000000 ) ;
#5645 = VERTEX_POINT ( 'NONE', #6235 ) ;
#5646 = DIRECTION ( 'NONE',  ( -0.0000000000000000000, -1.000000000000000000, -0.0000000000000000000 ) ) ;
#5647 = SURFACE_SIDE_STYLE ('',( #4105 ) ) ;
#5648 = VERTEX_POINT ( 'NONE', #1774 ) ;
#5649 = FILL_AREA_STYLE_COLOUR ( '', #4988 ) ;
#5650 = EDGE_LOOP ( 'NONE', ( #6777, #347, #4787, #5268, #6227 ) ) ;
#5651 = CARTESIAN_POINT ( 'NONE',  ( 0.1193854899517579900, 0.3283519445658925600, 0.4264694617685297900 ) ) ;
#5652 = SURFACE_STYLE_FILL_AREA ( #5719 ) ;
#5653 = DIRECTION ( 'NONE',  ( 0.0000000000000000000, -2.168404344971007700E-015, -1.000000000000000000 ) ) ;
#5654 = CARTESIAN_POINT ( 'NONE',  ( -1.476660268557142400E-016, 1.395000000000000200, 0.0000000000000000000 ) ) ;
#5655 = DIRECTION ( 'NONE',  ( 1.447553700753488400E-016, -1.000000000000000000, 0.0000000000000000000 ) ) ;
#5656 = B_SPLINE_CURVE_WITH_KNOTS ( 'NONE', 3,
 ( #6988, #2515, #3777, #130, #4407, #633, #5065 ),
 .UNSPECIFIED., .F., .F.,
 ( 4, 3, 4 ),
 ( 0.0000000000000000000, 0.0007623817026795888000, 0.001497213828109549100 ),
 .UNSPECIFIED. ) ;
#5657 = B_SPLINE_CURVE_WITH_KNOTS ( 'NONE', 3,
 ( #5166, #706, #2003, #6476 ),
 .UNSPECIFIED., .F., .F.,
 ( 4, 4 ),
 ( 0.0000000000000000000, 3.797208018435799600E-006 ),
 .UNSPECIFIED. ) ;
#5658 = CARTESIAN_POINT ( 'NONE',  ( -0.08968981535968081900, -0.4735941809371781400, -0.3056265312436862200 ) ) ;
#5659 = CARTESIAN_POINT ( 'NONE',  ( 0.5316896815425913300, 1.015000000000000300, 6.511320666408101600E-017 ) ) ;
#5660 = VECTOR ( 'NONE', #4182, 1000.000000000000000 ) ;
#5661 = ORIENTED_EDGE ( 'NONE', *, *, #3668, .T. ) ;
#5662 = ADVANCED_FACE ( 'NONE', ( #2271 ), #5058, .F. ) ;
#5663 = DIRECTION ( 'NONE',  ( -1.447553700753488400E-016, 1.000000000000000000, -0.0000000000000000000 ) ) ;
#5664 = SURFACE_STYLE_USAGE ( .BOTH. , #1191 ) ;
#5665 = EDGE_CURVE ( 'NONE', #6519, #4144, #4, .T. ) ;
#5666 = FILL_AREA_STYLE_COLOUR ( '', #4699 ) ;
#5667 = ORIENTED_EDGE ( 'NONE', *, *, #3443, .F. ) ;
#5668 = COLOUR_RGB ( '',0.1098039215686274500, 0.1098039215686274500, 0.1098039215686274500 ) ;
#5669 = CARTESIAN_POINT ( 'NONE',  ( -0.03905297052356777900, 0.4003363636516529800, 0.3939342128793280100 ) ) ;
#5670 = ORIENTED_EDGE ( 'NONE', *, *, #7917, .T. ) ;
#5671 = AXIS2_PLACEMENT_3D ( 'NONE', #1794, #558, #4994 ) ;
#5672 = SURFACE_STYLE_USAGE ( .BOTH. , #1193 ) ;
#5673 = ORIENTED_EDGE ( 'NONE', *, *, #8065, .F. ) ;
#5674 = CARTESIAN_POINT ( 'NONE',  ( -4.054705299995608100E-017, 0.6550000000000001400, 0.0000000000000000000 ) ) ;
#5675 = SURFACE_STYLE_FILL_AREA ( #1802 ) ;
#5676 = CARTESIAN_POINT ( 'NONE',  ( 0.3939249933206985800, 0.8878219273820067100, 4.824189821743360500E-017 ) ) ;
#5677 = ORIENTED_EDGE ( 'NONE', *, *, #5204, .F. ) ;
#5678 = CARTESIAN_POINT ( 'NONE',  ( -0.9305572809000090000, -1.395000000000000000, -1.225278640450004700 ) ) ;
#5679 = EDGE_CURVE ( 'NONE', #7300, #4039, #3374, .T. ) ;
#5680 = CARTESIAN_POINT ( 'NONE',  ( -0.06872379082211294000, 0.3850419644817978900, 0.4217729044019211100 ) ) ;
#5681 = STYLED_ITEM ( 'NONE', ( #5833 ), #3848 ) ;
#5682 = CARTESIAN_POINT ( 'NONE',  ( -0.1267463336077947800, 0.2926685074281180600, 0.3813914973680463900 ) ) ;
#5683 = EDGE_LOOP ( 'NONE', ( #2833, #1698, #5277, #669 ) ) ;
#5684 = CARTESIAN_POINT ( 'NONE',  ( 0.9581966011250107100, 1.294999999999999900, -1.169999999999999900 ) ) ;
#5685 = VERTEX_POINT ( 'NONE', #4970 ) ;
#5686 = DIRECTION ( 'NONE',  ( 0.0000000000000000000, -1.000000000000000000, 0.0000000000000000000 ) ) ;
#5687 =( NAMED_UNIT ( * ) PLANE_ANGLE_UNIT ( ) SI_UNIT ( $, .RADIAN. ) );
#5688 =( NAMED_UNIT ( * ) SI_UNIT ( $, .STERADIAN. ) SOLID_ANGLE_UNIT ( ) );
#5689 = CARTESIAN_POINT ( 'NONE',  ( -1.270000000000000000, -1.294999999999999700, -0.7700000000000016800 ) ) ;
#5690 = CONICAL_SURFACE ( 'NONE', #7093, 0.6638742588672274000, 0.3217505543966418000 ) ;
#5691 = SURFACE_SIDE_STYLE ('',( #1651 ) ) ;
#5692 = SURFACE_SIDE_STYLE ('',( #1488 ) ) ;
#5693 = FACE_OUTER_BOUND ( 'NONE', #6332, .T. ) ;
#5694 = AXIS2_PLACEMENT_3D ( 'NONE', #1482, #5948, #2126 ) ;
#5695 = ORIENTED_EDGE ( 'NONE', *, *, #7, .F. ) ;
#5696 = AXIS2_PLACEMENT_3D ( 'NONE', #4084, #291, #4723 ) ;
#5697 = EDGE_CURVE ( 'NONE', #6288, #8286, #1670, .T. ) ;
#5698 = CARTESIAN_POINT ( 'NONE',  ( -0.09109214503312550200, -0.2391564462479855400, -0.3527891271054460800 ) ) ;
#5699 =( LENGTH_UNIT ( ) NAMED_UNIT ( * ) SI_UNIT ( .MILLI., .METRE. ) );
#5700 = FACE_OUTER_BOUND ( 'NONE', #5512, .T. ) ;
#5701 = AXIS2_PLACEMENT_3D ( 'NONE', #2609, #7078, #3242 ) ;
#5702 = FILL_AREA_STYLE ('',( #5666 ) ) ;
#5703 = CIRCLE ( 'NONE', #5029, 0.02000000000000002500 ) ;
#5704 = DIRECTION ( 'NONE',  ( 0.0000000000000000000, -0.0000000000000000000, -1.000000000000000000 ) ) ;
#5705 = ORIENTED_EDGE ( 'NONE', *, *, #2265, .T. ) ;
#5706 = CIRCLE ( 'NONE', #6718, 0.05000000000000002400 ) ;
#5707 = SURFACE_STYLE_USAGE ( .BOTH. , #1229 ) ;
#5708 = DIRECTION ( 'NONE',  ( -0.4472135954999580900, 0.0000000000000000000, 0.8944271909999158600 ) ) ;
#5709 = FILL_AREA_STYLE ('',( #4387 ) ) ;
#5710 = ADVANCED_FACE ( 'NONE', ( #8084 ), #2572, .T. ) ;
#5711 = EDGE_CURVE ( 'NONE', #386, #4368, #4505, .T. ) ;
#5712 =( LENGTH_UNIT ( ) NAMED_UNIT ( * ) SI_UNIT ( .MILLI., .METRE. ) );
#5713 = LINE ( 'NONE', #1571, #3786 ) ;
#5714 =( GEOMETRIC_REPRESENTATION_CONTEXT ( 3 ) GLOBAL_UNCERTAINTY_ASSIGNED_CONTEXT ( ( #8194 ) ) GLOBAL_UNIT_ASSIGNED_CONTEXT ( ( #5712, #1880, #6346 ) ) REPRESENTATION_CONTEXT ( 'NONE', 'WORKASPACE' ) );
#5715 = ORIENTED_EDGE ( 'NONE', *, *, #1018, .F. ) ;
#5716 = STYLED_ITEM ( 'NONE', ( #7679 ), #5883 ) ;
#5717 = ORIENTED_EDGE ( 'NONE', *, *, #2038, .T. ) ;
#5718 = CARTESIAN_POINT ( 'NONE',  ( 0.1250656858299101500, 0.2675996315862969600, 0.3655387589310535900 ) ) ;
#5719 = FILL_AREA_STYLE ('',( #2471 ) ) ;
#5720 = CARTESIAN_POINT ( 'NONE',  ( 7.787932489870817000E-017, -0.1631138830084182300, 0.0000000000000000000 ) ) ;
#5721 = SURFACE_STYLE_FILL_AREA ( #7385 ) ;
#5722 = FILL_AREA_STYLE_COLOUR ( '', #1202 ) ;
#5723 = DIRECTION ( 'NONE',  ( -0.0000000000000000000, 0.0000000000000000000, -1.000000000000000000 ) ) ;
#5724 = DIRECTION ( 'NONE',  ( -0.0000000000000000000, -1.000000000000000000, -0.0000000000000000000 ) ) ;
#5725 = CARTESIAN_POINT ( 'NONE',  ( -0.04794293639382192500, -1.167685209284097900, 0.2168341263630811900 ) ) ;
#5726 = ORIENTED_EDGE ( 'NONE', *, *, #7265, .F. ) ;
#5727 = CARTESIAN_POINT ( 'NONE',  ( 0.05041738696757706200, -1.152035009858910700, -3.621884594992799600E-017 ) ) ;
#5728 = CARTESIAN_POINT ( 'NONE',  ( -0.08703057877145485600, 0.3807358214104054600, 0.4354163358657332000 ) ) ;
#5729 = UNCERTAINTY_MEASURE_WITH_UNIT (LENGTH_MEASURE( 1.000000000000000100E-005 ), #512, 'distance_accuracy_value', 'NONE');
#5730 = PRESENTATION_STYLE_ASSIGNMENT (( #4418 ) ) ;
#5731 = LINE ( 'NONE', #8115, #641 ) ;
#5732 = CARTESIAN_POINT ( 'NONE',  ( 0.05041738696757794300, -1.152035009858909200, -0.01025944218955162100 ) ) ;
#5733 = CARTESIAN_POINT ( 'NONE',  ( -0.1084458459607381400, 0.01969480127398060300, 0.3614336424822666100 ) ) ;
#5734 = FILL_AREA_STYLE_COLOUR ( '', #800 ) ;
#5735 = EDGE_CURVE ( 'NONE', #4695, #6811, #895, .T. ) ;
#5736 = CARTESIAN_POINT ( 'NONE',  ( -0.02513773585898711500, -1.222945504588554400, 0.2763272670030122400 ) ) ;
#5737 = CARTESIAN_POINT ( 'NONE',  ( 0.1398182339382001100, 0.2973236011342904600, -0.3628010814640028100 ) ) ;
#5738 = DIRECTION ( 'NONE',  ( 1.000000000000000000, 2.362879837979762600E-016, 0.0000000000000000000 ) ) ;
#5739 = ORIENTED_EDGE ( 'NONE', *, *, #162, .T. ) ;
#5740 = ORIENTED_EDGE ( 'NONE', *, *, #2700, .T. ) ;
#5741 = CARTESIAN_POINT ( 'NONE',  ( 0.02994456013349170900, -1.151245959617459300, 0.2721492054816740400 ) ) ;
#5742 = PRESENTATION_LAYER_ASSIGNMENT (  '', '', ( #4419 ) ) ;
#5743 = PRESENTATION_LAYER_ASSIGNMENT (  '', '', ( #4860 ) ) ;
#5744 = CARTESIAN_POINT ( 'NONE',  ( 0.07724552453996169600, 0.3864147832071676000, -0.4372762921678581300 ) ) ;
#5745 = CARTESIAN_POINT ( 'NONE',  ( -0.04975845228880797200, -1.153873168739429500, -0.05005137297963054000 ) ) ;
#5746 = ORIENTED_EDGE ( 'NONE', *, *, #5999, .F. ) ;
#5747 = STYLED_ITEM ( 'NONE', ( #311 ), #4543 ) ;
#5748 = CARTESIAN_POINT ( 'NONE',  ( -4.488971410221654300E-017, 0.6850000000000000500, 0.0000000000000000000 ) ) ;
#5749 = CARTESIAN_POINT ( 'NONE',  ( 0.02751749980527880600, -1.187448473213238900, -0.2283363398061076000 ) ) ;
#5750 = CARTESIAN_POINT ( 'NONE',  ( 0.05983400831692197600, 0.4068193108991992000, 0.3895546018487522900 ) ) ;
#5751 = ORIENTED_EDGE ( 'NONE', *, *, #5586, .T. ) ;
#5752 = ADVANCED_FACE ( 'NONE', ( #4059 ), #3031, .T. ) ;
#5753 = ADVANCED_FACE ( 'NONE', ( #5559 ), #4950, .T. ) ;
#5754 = DIRECTION ( 'NONE',  ( -0.5388493481944169900, -0.8259325522870216700, 0.1657612711796646000 ) ) ;
#5755 = COLOUR_RGB ( '',1.000000000000000000, 0.8117647058823529400, 0.5019607843137254800 ) ;
#5756 = VERTEX_POINT ( 'NONE', #4541 ) ;
#5757 = CARTESIAN_POINT ( 'NONE',  ( 0.1245474411000188400, 0.2941907802027475800, 0.3791569658688749800 ) ) ;
#5758 = CARTESIAN_POINT ( 'NONE',  ( 0.02640795290742467500, 0.4179137765655139800, -0.3931439879760781400 ) ) ;
#5759 = DIRECTION ( 'NONE',  ( -1.000000000000000000, -1.447553700753488400E-016, 0.0000000000000000000 ) ) ;
#5760 = AXIS2_PLACEMENT_3D ( 'NONE', #5117, #1308, #5785 ) ;
#5761 = SURFACE_STYLE_FILL_AREA ( #3874 ) ;
#5762 = VERTEX_POINT ( 'NONE', #774 ) ;
#5763 = EDGE_CURVE ( 'NONE', #1107, #1800, #1763, .T. ) ;
#5764 = AXIS2_PLACEMENT_3D ( 'NONE', #7655, #1238, #4397 ) ;
#5765 = CIRCLE ( 'NONE', #8232, 0.1000000000000000500 ) ;
#5766 = STYLED_ITEM ( 'NONE', ( #2186 ), #5519 ) ;
#5767 = VERTEX_POINT ( 'NONE', #2032 ) ;
#5768 = FILL_AREA_STYLE_COLOUR ( '', #3207 ) ;
#5769 = CARTESIAN_POINT ( 'NONE',  ( 0.1180253205482357900, 0.3525217918726916700, 0.3757417101686157900 ) ) ;
#5770 =( NAMED_UNIT ( * ) SI_UNIT ( $, .STERADIAN. ) SOLID_ANGLE_UNIT ( ) );
#5771 =( BOUNDED_CURVE ( )  B_SPLINE_CURVE ( 3, ( #5532, #1079, #4889, #1713 ),
 .UNSPECIFIED., .F., .T. ) 
 B_SPLINE_CURVE_WITH_KNOTS ( ( 4, 4 ),
 ( 1.570796326794897400, 3.141592653589795300 ),
 .UNSPECIFIED. ) 
 CURVE ( )  GEOMETRIC_REPRESENTATION_ITEM ( )  RATIONAL_B_SPLINE_CURVE ( ( 1.000000000000000000, 0.8047378541243646000, 0.8047378541243646000, 1.000000000000000000 ) ) 
 REPRESENTATION_ITEM ( '' )  );
#5772 = CARTESIAN_POINT ( 'NONE',  ( 0.02569776217078015300, -1.214592040963858400, -0.1842794003555445800 ) ) ;
#5773 = UNCERTAINTY_MEASURE_WITH_UNIT (LENGTH_MEASURE( 1.000000000000000100E-005 ), #6840, 'distance_accuracy_value', 'NONE');
#5774 = ORIENTED_EDGE ( 'NONE', *, *, #6255, .T. ) ;
#5775 = VERTEX_POINT ( 'NONE', #134 ) ;
#5776 = CARTESIAN_POINT ( 'NONE',  ( 0.06474188712309260400, 0.3831853566218939600, -0.3656221521917411000 ) ) ;
#5777 = CIRCLE ( 'NONE', #2439, 0.6099999999999994300 ) ;
#5778 =( NAMED_UNIT ( * ) SI_UNIT ( $, .STERADIAN. ) SOLID_ANGLE_UNIT ( ) );
#5779 = DIRECTION ( 'NONE',  ( 1.000000000000000000, 2.551063935260012500E-016, 0.0000000000000000000 ) ) ;
#5780 = CARTESIAN_POINT ( 'NONE',  ( -0.02916825541113899100, -1.162825474942536200, 0.2549967015353988800 ) ) ;
#5781 = CARTESIAN_POINT ( 'NONE',  ( 0.02970380687202064600, -1.154837083051973200, -0.07787462031778595600 ) ) ;
#5782 = ORIENTED_EDGE ( 'NONE', *, *, #2846, .T. ) ;
#5783 = CARTESIAN_POINT ( 'NONE',  ( -0.1077183062805882300, 0.3673915350105531100, 0.3790060314749598100 ) ) ;
#5784 = ORIENTED_EDGE ( 'NONE', *, *, #7858, .F. ) ;
#5785 = DIRECTION ( 'NONE',  ( -1.000000000000000000, 0.0000000000000000000, 0.0000000000000000000 ) ) ;
#5786 = EDGE_CURVE ( 'NONE', #7659, #3523, #108, .T. ) ;
#5787 = CARTESIAN_POINT ( 'NONE',  ( 0.07599501632822158700, 0.3745991186151964600, 0.4237991634308502800 ) ) ;
#5788 = CARTESIAN_POINT ( 'NONE',  ( -0.02751749980527845900, -1.187448473213238900, 0.2283363398061077100 ) ) ;
#5789 = DIRECTION ( 'NONE',  ( 1.000000000000000000, 0.0000000000000000000, 0.0000000000000000000 ) ) ;
#5790 = PRESENTATION_LAYER_ASSIGNMENT (  '', '', ( #5328 ) ) ;
#5791 = EDGE_LOOP ( 'NONE', ( #4843, #2393, #2898, #6783 ) ) ;
#5792 = FACE_OUTER_BOUND ( 'NONE', #2934, .T. ) ;
#5793 = ORIENTED_EDGE ( 'NONE', *, *, #6274, .F. ) ;
#5794 = FILL_AREA_STYLE_COLOUR ( '', #4646 ) ;
#5795 = DIRECTION ( 'NONE',  ( -1.000000000000000000, 0.0000000000000000000, 0.0000000000000000000 ) ) ;
#5796 = CIRCLE ( 'NONE', #301, 0.01999999999999997300 ) ;
#5797 = ADVANCED_FACE ( 'NONE', ( #3455, #3267 ), #4569, .T. ) ;
#5798 = ADVANCED_FACE ( 'NONE', ( #6681 ), #115, .T. ) ;
#5799 = CARTESIAN_POINT ( 'NONE',  ( -0.1158231730575406100, 0.3543379074933980000, -0.3765128058188664800 ) ) ;
#5800 = CARTESIAN_POINT ( 'NONE',  ( 0.02956793532768565600, -1.156863769976026200, -0.2713882135712402700 ) ) ;
#5801 = VERTEX_POINT ( 'NONE', #6540 ) ;
#5802 = STYLED_ITEM ( 'NONE', ( #4396 ), #123 ) ;
#5803 = CARTESIAN_POINT ( 'NONE',  ( -0.01698699319169541500, 0.3998653852408294900, -0.4309241852911149800 ) ) ;
#5804 = ITEM_DEFINED_TRANSFORMATION ( 'NONE', 'NONE', #8137,  #5104 ) ;
#5805 = CIRCLE ( 'NONE', #4022, 0.4438423657390882000 ) ;
#5806 = CARTESIAN_POINT ( 'NONE',  ( 0.1239136013937068300, 0.3543379074933978300, -0.4262802119315696700 ) ) ;
#5807 = DIRECTION ( 'NONE',  ( 1.000000000000000000, 1.333035457973982000E-016, 0.0000000000000000000 ) ) ;
#5808 = EDGE_LOOP ( 'NONE', ( #805, #1129, #3903, #6072 ) ) ;
#5809 = CARTESIAN_POINT ( 'NONE',  ( 2.287098961263472300E-016, -1.205082627581609600, 0.0000000000000000000 ) ) ;
#5810 = CARTESIAN_POINT ( 'NONE',  ( 0.04843057194962155400, -1.162087848920619000, 0.1539485632165524500 ) ) ;
#5811 = FACE_OUTER_BOUND ( 'NONE', #4831, .T. ) ;
#5812 = SURFACE_STYLE_USAGE ( .BOTH. , #1332 ) ;
#5813 = TOROIDAL_SURFACE ( 'NONE', #4721, 0.3049999999999997200, 0.05000000000000000300 ) ;
#5814 = PRESENTATION_LAYER_ASSIGNMENT (  '', '', ( #5349 ) ) ;
#5815 = FACE_OUTER_BOUND ( 'NONE', #5334, .T. ) ;
#5816 = AXIS2_PLACEMENT_3D ( 'NONE', #5654, #1831, #6295 ) ;
#5817 = EDGE_CURVE ( 'NONE', #7659, #1319, #4749, .T. ) ;
#5818 = ORIENTED_EDGE ( 'NONE', *, *, #2673, .T. ) ;
#5819 = CARTESIAN_POINT ( 'NONE',  ( 0.07352983993381771700, 0.3764315386879695200, 0.4188267342200730500 ) ) ;
#5820 = ORIENTED_EDGE ( 'NONE', *, *, #7647, .T. ) ;
#5821 = AXIS2_PLACEMENT_3D ( 'NONE', #7587, #3717, #8245 ) ;
#5822 = CARTESIAN_POINT ( 'NONE',  ( -0.003401734235262663500, 0.4002344007844622600, 0.3967077202982847700 ) ) ;
#5823 = CARTESIAN_POINT ( 'NONE',  ( -0.02970380687202038600, -1.154837083051973200, 0.07787462031778376300 ) ) ;
#5824 = FACE_OUTER_BOUND ( 'NONE', #5683, .T. ) ;
#5825 = SURFACE_STYLE_FILL_AREA ( #6491 ) ;
#5826 = B_SPLINE_CURVE_WITH_KNOTS ( 'NONE', 3,
 ( #4649, #7879, #4682, #896, #5322, #1531, #5992, #2168, #6640, #2798, #7293, #3437, #7935, #4071, #281, #4710 ),
 .UNSPECIFIED., .F., .F.,
 ( 4, 3, 3, 3, 3, 4 ),
 ( 0.0000000000000000000, 7.271379421503596000E-006, 1.438678819316186900E-005, 2.125242423484730400E-005, 2.792517051366449200E-005, 3.213622484119881900E-005 ),
 .UNSPECIFIED. ) ;
#5827 = ORIENTED_EDGE ( 'NONE', *, *, #3293, .T. ) ;
#5828 = DIRECTION ( 'NONE',  ( 1.000000000000000000, 0.0000000000000000000, 0.0000000000000000000 ) ) ;
#5829 = VERTEX_POINT ( 'NONE', #3365 ) ;
#5830 = CARTESIAN_POINT ( 'NONE',  ( 0.02751749980527879600, -1.187448473213238900, -0.2283363398061075700 ) ) ;
#5831 = STYLED_ITEM ( 'NONE', ( #1062 ), #2024 ) ;
#5832 = PRODUCT_DEFINITION_FORMATION_WITH_SPECIFIED_SOURCE ( 'ANY', '', #3930, .NOT_KNOWN. ) ;
#5833 = PRESENTATION_STYLE_ASSIGNMENT (( #1822 ) ) ;
#5834 = CARTESIAN_POINT ( 'NONE',  ( 0.1180253205481717500, 0.3525217918728290600, -0.3757417101686518800 ) ) ;
#5835 = CARTESIAN_POINT ( 'NONE',  ( -0.09897661204258267900, 0.3530595351822681800, -0.3720411454953223000 ) ) ;
#5836 = CARTESIAN_POINT ( 'NONE',  ( -0.02813856354319625000, -1.178184563225319800, -0.2585844265815918600 ) ) ;
#5837 = DIRECTION ( 'NONE',  ( -1.447553700753488400E-016, 1.000000000000000000, -0.0000000000000000000 ) ) ;
#5838 = FILL_AREA_STYLE ('',( #5055 ) ) ;
#5839 = EDGE_CURVE ( 'NONE', #7015, #6857, #7983, .T. ) ;
#5840 = ADVANCED_FACE ( 'NONE', ( #3052 ), #2469, .T. ) ;
#5841 = ADVANCED_FACE ( 'NONE', ( #3958 ), #1666, .T. ) ;
#5842 = PRESENTATION_LAYER_ASSIGNMENT (  '', '', ( #5377 ) ) ;
#5843 = PRESENTATION_STYLE_ASSIGNMENT (( #6015 ) ) ;
#5844 = ORIENTED_EDGE ( 'NONE', *, *, #6755, .F. ) ;
#5845 = FILL_AREA_STYLE ('',( #6450 ) ) ;
#5846 = CARTESIAN_POINT ( 'NONE',  ( -0.08950239281696720200, 0.3637608757300500000, 0.4214093230579368200 ) ) ;
#5847 = CARTESIAN_POINT ( 'NONE',  ( -0.04843057194962133900, -1.162087848920619000, -0.1539485632165527900 ) ) ;
#5848 = ORIENTED_EDGE ( 'NONE', *, *, #3095, .F. ) ;
#5849 = ORIENTED_EDGE ( 'NONE', *, *, #4487, .T. ) ;
#5850 = EDGE_CURVE ( 'NONE', #1319, #2101, #5050, .T. ) ;
#5851 = DIRECTION ( 'NONE',  ( -1.000000000000000000, -1.444121746138480700E-016, 0.0000000000000000000 ) ) ;
#5852 =( GEOMETRIC_REPRESENTATION_CONTEXT ( 3 ) GLOBAL_UNCERTAINTY_ASSIGNED_CONTEXT ( ( #3858 ) ) GLOBAL_UNIT_ASSIGNED_CONTEXT ( ( #1847, #6311, #2489 ) ) REPRESENTATION_CONTEXT ( 'NONE', 'WORKASPACE' ) );
#5853 = DIRECTION ( 'NONE',  ( 0.06667680617049649700, -0.9945644753231651600, -0.07997317015136581900 ) ) ;
#5854 = ORIENTED_EDGE ( 'NONE', *, *, #2683, .F. ) ;
#5855 = CARTESIAN_POINT ( 'NONE',  ( 0.8799999999999992300, 0.6850000000000001600, 0.0000000000000000000 ) ) ;
#5856 = CARTESIAN_POINT ( 'NONE',  ( 0.04630770841790421400, -1.150767665139485100, -0.2525584207203315200 ) ) ;
#5857 = CIRCLE ( 'NONE', #5701, 0.9099999999999992500 ) ;
#5858 = EDGE_LOOP ( 'NONE', ( #2574, #5018, #3893 ) ) ;
#5859 = CARTESIAN_POINT ( 'NONE',  ( -0.1257847930699634000, 0.2783259779124367900, -0.4487451452183733900 ) ) ;
#5860 = ORIENTED_EDGE ( 'NONE', *, *, #6983, .T. ) ;
#5861 =( GEOMETRIC_REPRESENTATION_CONTEXT ( 3 ) GLOBAL_UNCERTAINTY_ASSIGNED_CONTEXT ( ( #4015 ) ) GLOBAL_UNIT_ASSIGNED_CONTEXT ( ( #7717, #3862, #82 ) ) REPRESENTATION_CONTEXT ( 'NONE', 'WORKASPACE' ) );
#5862 = CARTESIAN_POINT ( 'NONE',  ( -0.1371271796324765000, 0.3017080774894865800, -0.3642922621713878800 ) ) ;
#5863 = MECHANICAL_DESIGN_GEOMETRIC_PRESENTATION_REPRESENTATION (  '', ( #4975 ), #6273 ) ;
#5864 = EDGE_CURVE ( 'NONE', #6977, #4354, #202, .T. ) ;
#5865 = CARTESIAN_POINT ( 'NONE',  ( -0.1062846475798131200, 0.3413351182546808200, 0.3950933144495005800 ) ) ;
#5866 = EDGE_LOOP ( 'NONE', ( #7341, #1174 ) ) ;
#5867 = CARTESIAN_POINT ( 'NONE',  ( -0.04159065251185041500, 0.4002652675654535000, -0.4139097440247013200 ) ) ;
#5868 = FILL_AREA_STYLE ('',( #139 ) ) ;
#5869 = CARTESIAN_POINT ( 'NONE',  ( 0.9305572809000085500, -1.395000000000000000, 1.225278640450004000 ) ) ;
#5870 = CARTESIAN_POINT ( 'NONE',  ( -0.1248962915426118800, 0.2902756521826465000, 0.3790487588157319100 ) ) ;
#5871 = CARTESIAN_POINT ( 'NONE',  ( -0.6638742588672274000, 0.004999999999999917700, 0.0000000000000000000 ) ) ;
#5872 = CARTESIAN_POINT ( 'NONE',  ( -0.04784238332213226800, -1.168868921937333400, -0.2301144326776939400 ) ) ;
#5873 = ORIENTED_EDGE ( 'NONE', *, *, #5011, .F. ) ;
#5874 = LINE ( 'NONE', #1871, #4332 ) ;
#5875 = EDGE_CURVE ( 'NONE', #400, #1394, #3913, .T. ) ;
#5876 =( GEOMETRIC_REPRESENTATION_CONTEXT ( 3 ) GLOBAL_UNCERTAINTY_ASSIGNED_CONTEXT ( ( #4295 ) ) GLOBAL_UNIT_ASSIGNED_CONTEXT ( ( #7958, #4101, #305 ) ) REPRESENTATION_CONTEXT ( 'NONE', 'WORKASPACE' ) );
#5877 = STYLED_ITEM ( 'NONE', ( #6258 ), #5840 ) ;
#5878 = UNCERTAINTY_MEASURE_WITH_UNIT (LENGTH_MEASURE( 1.000000000000000100E-005 ), #7532, 'distance_accuracy_value', 'NONE');
#5879 = ORIENTED_EDGE ( 'NONE', *, *, #414, .T. ) ;
#5880 = DIRECTION ( 'NONE',  ( -1.447553700753488400E-016, 1.000000000000000000, -0.0000000000000000000 ) ) ;
#5881 = ADVANCED_FACE ( 'NONE', ( #3367, #1596 ), #7963, .F. ) ;
#5882 = ORIENTED_EDGE ( 'NONE', *, *, #1455, .T. ) ;
#5883 = ADVANCED_FACE ( 'NONE', ( #1066 ), #4126, .T. ) ;
#5884 = CARTESIAN_POINT ( 'NONE',  ( 0.1274222360536740600, 0.3525217918728547600, -0.4251583462475507200 ) ) ;
#5885 = SURFACE_STYLE_USAGE ( .BOTH. , #1408 ) ;
#5886 = DIRECTION ( 'NONE',  ( 0.0000000000000000000, 1.000000000000000000, -0.0000000000000000000 ) ) ;
#5887 = B_SPLINE_CURVE_WITH_KNOTS ( 'NONE', 3,
 ( #7194, #3286, #3320, #7094, #7221, #3950, #3861, #4547, #7833, #7892 ),
 .UNSPECIFIED., .F., .F.,
 ( 4, 3, 3, 4 ),
 ( 0.0000000000000000000, 3.369210019577331100E-005, 7.872449621034312000E-005, 7.878449622063082600E-005 ),
 .UNSPECIFIED. ) ;
#5888 = ORIENTED_EDGE ( 'NONE', *, *, #5526, .T. ) ;
#5889 = CARTESIAN_POINT ( 'NONE',  ( -7.199432022583334800E-017, 0.8722442183630781900, 0.0000000000000000000 ) ) ;
#5890 = ORIENTED_EDGE ( 'NONE', *, *, #336, .T. ) ;
#5891 = CARTESIAN_POINT ( 'NONE',  ( -1.476660268557142200E-016, 1.395000000000000000, 0.0000000000000000000 ) ) ;
#5892 = DIRECTION ( 'NONE',  ( 1.447553700753488400E-016, -1.000000000000000000, 0.0000000000000000000 ) ) ;
#5893 = DIRECTION ( 'NONE',  ( -1.447553700753488400E-016, 1.000000000000000000, 0.0000000000000000000 ) ) ;
#5894 = FILL_AREA_STYLE ('',( #2475 ) ) ;
#5895 = ORIENTED_EDGE ( 'NONE', *, *, #3504, .T. ) ;
#5896 = ORIENTED_EDGE ( 'NONE', *, *, #999, .F. ) ;
#5897 = SURFACE_SIDE_STYLE ('',( #1695 ) ) ;
#5898 = EDGE_CURVE ( 'NONE', #3029, #7084, #7069, .T. ) ;
#5899 = CARTESIAN_POINT ( 'NONE',  ( -0.05984158145819829700, -0.7052960553653575500, -0.3446300716582956800 ) ) ;
#5900 = CARTESIAN_POINT ( 'NONE',  ( -0.1049532641402325000, 0.3434097392605768900, 0.3956287701370937400 ) ) ;
#5901 = DIRECTION ( 'NONE',  ( 0.8944271909999156300, 0.0000000000000000000, -0.4472135954999583700 ) ) ;
#5902 =( GEOMETRIC_REPRESENTATION_CONTEXT ( 3 ) GLOBAL_UNCERTAINTY_ASSIGNED_CONTEXT ( ( #4193 ) ) GLOBAL_UNIT_ASSIGNED_CONTEXT ( ( #4323, #542, #4978 ) ) REPRESENTATION_CONTEXT ( 'NONE', 'WORKASPACE' ) );
#5903 = VERTEX_POINT ( 'NONE', #335 ) ;
#5904 = CARTESIAN_POINT ( 'NONE',  ( -3.909949929920257800E-017, 0.6449999999999999100, 0.0000000000000000000 ) ) ;
#5905 = DIRECTION ( 'NONE',  ( 1.447553700753488400E-016, -1.000000000000000000, 0.0000000000000000000 ) ) ;
#5906 = LINE ( 'NONE', #815, #2501 ) ;
#5907 = LINE ( 'NONE', #861, #2298 ) ;
#5908 = PRESENTATION_LAYER_ASSIGNMENT (  '', '', ( #5454 ) ) ;
#5909 = MECHANICAL_DESIGN_GEOMETRIC_PRESENTATION_REPRESENTATION (  '', ( #3735 ), #6324 ) ;
#5910 = ORIENTED_EDGE ( 'NONE', *, *, #2346, .F. ) ;
#5911 = CARTESIAN_POINT ( 'NONE',  ( -0.04165553146018161100, -1.212169986226596900, -0.2968996974739458400 ) ) ;
#5912 = AXIS2_PLACEMENT_3D ( 'NONE', #4035, #247, #4666 ) ;
#5913 = SURFACE_STYLE_USAGE ( .BOTH. , #1444 ) ;
#5914 = DIRECTION ( 'NONE',  ( 1.447553700753488400E-016, -1.000000000000000000, 0.0000000000000000000 ) ) ;
#5915 = CARTESIAN_POINT ( 'NONE',  ( 0.0009680963135210825700, 0.4011428980052652600, -0.4142746126850973000 ) ) ;
#5916 = SURFACE_STYLE_FILL_AREA ( #1621 ) ;
#5917 = ORIENTED_EDGE ( 'NONE', *, *, #7246, .F. ) ;
#5918 = CARTESIAN_POINT ( 'NONE',  ( -0.03003326316415963500, -1.149922847605604700, 0.2556207292921415200 ) ) ;
#5919 = ORIENTED_EDGE ( 'NONE', *, *, #966, .F. ) ;
#5920 = FACE_OUTER_BOUND ( 'NONE', #7425, .T. ) ;
#5921 = ADVANCED_FACE ( 'NONE', ( #475 ), #6471, .T. ) ;
#5922 = ADVANCED_FACE ( 'NONE', ( #7976 ), #2260, .T. ) ;
#5923 = PRESENTATION_LAYER_ASSIGNMENT (  '', '', ( #6337 ) ) ;
#5924 = TOROIDAL_SURFACE ( 'NONE', #2903, 0.5000000000000051100, 0.05000000000000000300 ) ;
#5925 = SURFACE_STYLE_USAGE ( .BOTH. , #1453 ) ;
#5926 = EDGE_CURVE ( 'NONE', #3523, #848, #4138, .T. ) ;
#5927 =( BOUNDED_CURVE ( )  B_SPLINE_CURVE ( 3, ( #2481, #4371, #5033, #1217 ),
 .UNSPECIFIED., .F., .T. ) 
 B_SPLINE_CURVE_WITH_KNOTS ( ( 4, 4 ),
 ( 3.141592653589793100, 4.712388980384689700 ),
 .UNSPECIFIED. ) 
 CURVE ( )  GEOMETRIC_REPRESENTATION_ITEM ( )  RATIONAL_B_SPLINE_CURVE ( ( 1.000000000000000000, 0.8047378541243649400, 0.8047378541243649400, 1.000000000000000000 ) ) 
 REPRESENTATION_ITEM ( '' )  );
#5928 =( GEOMETRIC_REPRESENTATION_CONTEXT ( 3 ) GLOBAL_UNCERTAINTY_ASSIGNED_CONTEXT ( ( #256 ) ) GLOBAL_UNIT_ASSIGNED_CONTEXT ( ( #6762, #2911, #7405 ) ) REPRESENTATION_CONTEXT ( 'NONE', 'WORKASPACE' ) );
#5929 = CARTESIAN_POINT ( 'NONE',  ( 5.354393754902067000E-017, 0.005000000000000077300, 0.0000000000000000000 ) ) ;
#5930 = UNCERTAINTY_MEASURE_WITH_UNIT (LENGTH_MEASURE( 1.000000000000000100E-005 ), #229, 'distance_accuracy_value', 'NONE');
#5931 = VERTEX_POINT ( 'NONE', #2912 ) ;
#5932 = CARTESIAN_POINT ( 'NONE',  ( -0.09754949968484479000, 0.3547580007083959700, 0.3982757991289155900 ) ) ;
#5933 = FILL_AREA_STYLE_COLOUR ( '', #1360 ) ;
#5934 = CARTESIAN_POINT ( 'NONE',  ( 0.1326020296073423500, 0.3273490054101360600, 0.3687570877325441200 ) ) ;
#5935 = CIRCLE ( 'NONE', #4591, 0.05000000000000002400 ) ;
#5936 = DIRECTION ( 'NONE',  ( 1.000000000000000000, 0.0000000000000000000, 0.0000000000000000000 ) ) ;
#5937 = CARTESIAN_POINT ( 'NONE',  ( 1.047639320225002300, -1.954016994374949500, -1.214721359549995500 ) ) ;
#5938 =( NAMED_UNIT ( * ) PLANE_ANGLE_UNIT ( ) SI_UNIT ( $, .RADIAN. ) );
#5939 = CIRCLE ( 'NONE', #4469, 0.1000000000000000500 ) ;
#5940 = CARTESIAN_POINT ( 'NONE',  ( 0.6099999999999994300, 0.03500000000000017700, 7.470345474798846700E-017 ) ) ;
#5941 = SURFACE_STYLE_USAGE ( .BOTH. , #1474 ) ;
#5942 = ORIENTED_EDGE ( 'NONE', *, *, #2174, .T. ) ;
#5943 = ORIENTED_EDGE ( 'NONE', *, *, #7807, .F. ) ;
#5944 = FILL_AREA_STYLE_COLOUR ( '', #2254 ) ;
#5945 = EDGE_CURVE ( 'NONE', #261, #7371, #3952, .T. ) ;
#5946 = CARTESIAN_POINT ( 'NONE',  ( -1.433233657534537400E-016, 1.365000000000000000, 0.0000000000000000000 ) ) ;
#5947 = DIRECTION ( 'NONE',  ( -0.0000000000000000000, 1.000000000000000000, 0.0000000000000000000 ) ) ;
#5948 = DIRECTION ( 'NONE',  ( 0.06671744847473913600, 0.9951707040017723200, 0.07200036087157782300 ) ) ;
#5949 = ORIENTED_EDGE ( 'NONE', *, *, #4249, .F. ) ;
#5950 = CARTESIAN_POINT ( 'NONE',  ( 0.01438074771423423700, 0.4003069937067886300, 0.4139288558039946900 ) ) ;
#5951 = DIRECTION ( 'NONE',  ( 1.000000000000000000, 0.0000000000000000000, 0.0000000000000000000 ) ) ;
#5952 = DIRECTION ( 'NONE',  ( -0.06671916257971218000, 0.9951962719317780600, 0.07164449509733820900 ) ) ;
#5953 = ORIENTED_EDGE ( 'NONE', *, *, #3927, .T. ) ;
#5954 = AXIS2_PLACEMENT_3D ( 'NONE', #7960, #940, #2147 ) ;
#5955 = ORIENTED_EDGE ( 'NONE', *, *, #2413, .F. ) ;
#5956 = MECHANICAL_DESIGN_GEOMETRIC_PRESENTATION_REPRESENTATION (  '', ( #4202 ), #6375 ) ;
#5957 = CARTESIAN_POINT ( 'NONE',  ( 1.270000000000000000, 1.395000000000000000, 0.6700000000000002600 ) ) ;
#5958 = FILL_AREA_STYLE_COLOUR ( '', #6136 ) ;
#5959 = CARTESIAN_POINT ( 'NONE',  ( -5.080000000000000100, 0.0000000000000000000, 0.0000000000000000000 ) ) ;
#5960 = VERTEX_POINT ( 'NONE', #4832 ) ;
#5961 = VECTOR ( 'NONE', #8262, 1000.000000000000000 ) ;
#5962 = SURFACE_SIDE_STYLE ('',( #6936 ) ) ;
#5963 = ORIENTED_EDGE ( 'NONE', *, *, #1787, .T. ) ;
#5964 = CARTESIAN_POINT ( 'NONE',  ( 2.518587945522486000E-016, -1.365000000000000000, 0.6399999999999993500 ) ) ;
#5965 =( GEOMETRIC_REPRESENTATION_CONTEXT ( 3 ) GLOBAL_UNCERTAINTY_ASSIGNED_CONTEXT ( ( #7269 ) ) GLOBAL_UNIT_ASSIGNED_CONTEXT ( ( #6809, #2959, #7461 ) ) REPRESENTATION_CONTEXT ( 'NONE', 'WORKASPACE' ) );
#5966 = EDGE_CURVE ( 'NONE', #4813, #6944, #7379, .T. ) ;
#5967 = DIRECTION ( 'NONE',  ( -1.000000000000000000, -1.447553700753488400E-016, 0.0000000000000000000 ) ) ;
#5968 = AXIS2_PLACEMENT_3D ( 'NONE', #4675, #890, #3433 ) ;
#5969 = ORIENTED_EDGE ( 'NONE', *, *, #1701, .T. ) ;
#5970 = CARTESIAN_POINT ( 'NONE',  ( 1.270000000000000000, -1.395000000000000000, -0.6700000000000003700 ) ) ;
#5971 = SURFACE_STYLE_FILL_AREA ( #6017 ) ;
#5972 = ORIENTED_EDGE ( 'NONE', *, *, #1874, .F. ) ;
#5973 = DIRECTION ( 'NONE',  ( 0.4472135954999579300, -0.0000000000000000000, 0.8944271909999158600 ) ) ;
#5974 = CARTESIAN_POINT ( 'NONE',  ( -1.270000000000000000, -1.294999999999999700, 0.0000000000000000000 ) ) ;
#5975 =( LENGTH_UNIT ( ) NAMED_UNIT ( * ) SI_UNIT ( .MILLI., .METRE. ) );
#5976 = B_SPLINE_CURVE_WITH_KNOTS ( 'NONE', 3,
 ( #3383, #7877, #233, #4647, #872, #5298, #1498 ),
 .UNSPECIFIED., .F., .F.,
 ( 4, 3, 4 ),
 ( 0.0000000000000000000, 5.162161245727735000E-005, 8.969792181880791000E-005 ),
 .UNSPECIFIED. ) ;
#5977 = EDGE_LOOP ( 'NONE', ( #832, #1268, #3241, #5919 ) ) ;
#5978 = ORIENTED_EDGE ( 'NONE', *, *, #2156, .T. ) ;
#5979 = PRESENTATION_LAYER_ASSIGNMENT (  '', '', ( #4668 ) ) ;
#5980 = VECTOR ( 'NONE', #2409, 1000.000000000000000 ) ;
#5981 = AXIS2_PLACEMENT_3D ( 'NONE', #1378, #792, #3332 ) ;
#5982 = AXIS2_PLACEMENT_3D ( 'NONE', #2337, #6813, #2962 ) ;
#5983 = CARTESIAN_POINT ( 'NONE',  ( -1.208196601125011400, 1.395000000000000000, 0.6700000000000001500 ) ) ;
#5984 = SURFACE_STYLE_USAGE ( .BOTH. , #1523 ) ;
#5985 = ORIENTED_EDGE ( 'NONE', *, *, #1364, .T. ) ;
#5986 = DIRECTION ( 'NONE',  ( 0.0000000000000000000, 0.0000000000000000000, 1.000000000000000000 ) ) ;
#5987 = CIRCLE ( 'NONE', #4036, 0.1000000000000000500 ) ;
#5988 = ORIENTED_EDGE ( 'NONE', *, *, #4539, .T. ) ;
#5989 = TOROIDAL_SURFACE ( 'NONE', #6935, 0.9399999999999991700, 0.02999999999999999900 ) ;
#5990 = CARTESIAN_POINT ( 'NONE',  ( 0.02781850316789425200, -1.182958647311183500, 0.2510745754592744700 ) ) ;
#5991 =( NAMED_UNIT ( * ) PLANE_ANGLE_UNIT ( ) SI_UNIT ( $, .RADIAN. ) );
#5992 = CARTESIAN_POINT ( 'NONE',  ( 0.04585327536996168500, -1.165537802254656500, -0.2437516708821135000 ) ) ;
#5993 = MECHANICAL_DESIGN_GEOMETRIC_PRESENTATION_REPRESENTATION (  '', ( #5114 ), #6422 ) ;
#5994 = ORIENTED_EDGE ( 'NONE', *, *, #2822, .F. ) ;
#5995 = CARTESIAN_POINT ( 'NONE',  ( -0.9581966011250111500, 1.294999999999999900, -1.169999999999999900 ) ) ;
#5996 = DIRECTION ( 'NONE',  ( -1.000000000000000000, 0.0000000000000000000, 0.0000000000000000000 ) ) ;
#5997 = SURFACE_STYLE_FILL_AREA ( #7199 ) ;
#5998 = VERTEX_POINT ( 'NONE', #6788 ) ;
#5999 = EDGE_CURVE ( 'NONE', #7947, #3416, #798, .T. ) ;
#6000 = CARTESIAN_POINT ( 'NONE',  ( -0.6499999999999994700, 0.04500000000000002600, 7.960204194457789300E-017 ) ) ;
#6001 = AXIS2_PLACEMENT_3D ( 'NONE', #6061, #2242, #6721 ) ;
#6002 = ORIENTED_EDGE ( 'NONE', *, *, #6939, .F. ) ;
#6003 = ORIENTED_EDGE ( 'NONE', *, *, #7353, .F. ) ;
#6004 = CARTESIAN_POINT ( 'NONE',  ( -0.1389627131970416200, 0.2842241203151386100, 0.3618493744767641900 ) ) ;
#6005 = DIRECTION ( 'NONE',  ( 1.000000000000000000, 1.447553700753488400E-016, 0.0000000000000000000 ) ) ;
#6006 = CARTESIAN_POINT ( 'NONE',  ( 0.05041649842418051400, -1.152036863472201600, 0.01673918409889721800 ) ) ;
#6007 = PRODUCT_CONTEXT ( 'NONE', #5345, 'mechanical' ) ;
#6008 = FACE_OUTER_BOUND ( 'NONE', #5808, .T. ) ;
#6009 = AXIS2_PLACEMENT_3D ( 'NONE', #4743, #947, #7992 ) ;
#6010 = STYLED_ITEM ( 'NONE', ( #8095 ), #4632 ) ;
#6011 = ORIENTED_EDGE ( 'NONE', *, *, #3366, .T. ) ;
#6012 = CARTESIAN_POINT ( 'NONE',  ( 2.237306602527612600E-016, -1.170685037557874600, 0.0000000000000000000 ) ) ;
#6013 = ORIENTED_EDGE ( 'NONE', *, *, #1674, .T. ) ;
#6014 = SURFACE_STYLE_FILL_AREA ( #3979 ) ;
#6015 = SURFACE_STYLE_USAGE ( .BOTH. , #4684 ) ;
#6016 = CARTESIAN_POINT ( 'NONE',  ( 0.02846945051321379800, -1.173248987503749300, -0.2703796362847962800 ) ) ;
#6017 = FILL_AREA_STYLE ('',( #3485 ) ) ;
#6018 = UNCERTAINTY_MEASURE_WITH_UNIT (LENGTH_MEASURE( 1.000000000000000100E-005 ), #8179, 'distance_accuracy_value', 'NONE');
#6019 = UNCERTAINTY_MEASURE_WITH_UNIT (LENGTH_MEASURE( 1.000000000000000100E-005 ), #6327, 'distance_accuracy_value', 'NONE');
#6020 = PRESENTATION_LAYER_ASSIGNMENT (  '', '', ( #5150 ) ) ;
#6021 = FILL_AREA_STYLE ('',( #5357 ) ) ;
#6022 = DIRECTION ( 'NONE',  ( 1.000000000000000000, 1.447553700753488400E-016, 0.0000000000000000000 ) ) ;
#6023 = EDGE_CURVE ( 'NONE', #1934, #5241, #576, .T. ) ;
#6024 = DIRECTION ( 'NONE',  ( 0.0000000000000000000, 0.0000000000000000000, 1.000000000000000000 ) ) ;
#6025 = CARTESIAN_POINT ( 'NONE',  ( 0.1249999999999998900, 0.2666198487095668400, -0.3897197719169302500 ) ) ;
#6026 =( NAMED_UNIT ( * ) SI_UNIT ( $, .STERADIAN. ) SOLID_ANGLE_UNIT ( ) );
#6027 = PRESENTATION_LAYER_ASSIGNMENT (  '', '', ( #5590 ) ) ;
#6028 = CARTESIAN_POINT ( 'NONE',  ( 0.1049476582995810400, 0.3434191609326395200, -0.3956286048806619300 ) ) ;
#6029 = ORIENTED_EDGE ( 'NONE', *, *, #2490, .F. ) ;
#6030 = CIRCLE ( 'NONE', #6756, 0.3018161156205430600 ) ;
#6031 = DIRECTION ( 'NONE',  ( -1.000000000000000000, -2.761970602221055800E-016, 0.0000000000000000000 ) ) ;
#6032 =( REPRESENTATION_RELATIONSHIP ('NONE','NONE', #3678, #2213 ) REPRESENTATION_RELATIONSHIP_WITH_TRANSFORMATION ( #1995 )SHAPE_REPRESENTATION_RELATIONSHIP( ) );
#6033 = ORIENTED_EDGE ( 'NONE', *, *, #8191, .T. ) ;
#6034 = ORIENTED_EDGE ( 'NONE', *, *, #3515, .T. ) ;
#6035 = CARTESIAN_POINT ( 'NONE',  ( 0.1217041786288463900, 0.3543379074932535000, 0.3956286048806620400 ) ) ;
#6036 =( LENGTH_UNIT ( ) NAMED_UNIT ( * ) SI_UNIT ( .MILLI., .METRE. ) );
#6037 =( NAMED_UNIT ( * ) SI_UNIT ( $, .STERADIAN. ) SOLID_ANGLE_UNIT ( ) );
#6038 = CIRCLE ( 'NONE', #4818, 0.1000000000000000500 ) ;
#6039 = ORIENTED_EDGE ( 'NONE', *, *, #2133, .T. ) ;
#6040 = EDGE_CURVE ( 'NONE', #3038, #1383, #5438, .T. ) ;
#6041 = MECHANICAL_DESIGN_GEOMETRIC_PRESENTATION_REPRESENTATION (  '', ( #5175 ), #6486 ) ;
#6042 = SURFACE_SIDE_STYLE ('',( #7019 ) ) ;
#6043 = FACE_OUTER_BOUND ( 'NONE', #1992, .T. ) ;
#6044 = VERTEX_POINT ( 'NONE', #4854 ) ;
#6045 = CARTESIAN_POINT ( 'NONE',  ( 0.06651721462602235000, -0.9685039053754099800, 0.3167547351728144900 ) ) ;
#6046 = FILL_AREA_STYLE_COLOUR ( '', #3102 ) ;
#6047 = CARTESIAN_POINT ( 'NONE',  ( 0.5000000000000003300, -2.795000000000000400, 6.123233995736764800E-017 ) ) ;
#6048 = PRESENTATION_STYLE_ASSIGNMENT (( #7885 ) ) ;
#6049 = DIRECTION ( 'NONE',  ( -1.447553700753488400E-016, 1.000000000000000000, -0.0000000000000000000 ) ) ;
#6050 = ORIENTED_EDGE ( 'NONE', *, *, #2599, .T. ) ;
#6051 = DIRECTION ( 'NONE',  ( 1.447553700753488400E-016, -1.000000000000000000, 0.0000000000000000000 ) ) ;
#6052 = VERTEX_POINT ( 'NONE', #6156 ) ;
#6053 = AXIS2_PLACEMENT_3D ( 'NONE', #1681, #6150, #2330 ) ;
#6054 = PRESENTATION_LAYER_ASSIGNMENT (  '', '', ( #4751 ) ) ;
#6055 = PRESENTATION_LAYER_ASSIGNMENT (  '', '', ( #5632 ) ) ;
#6056 = CARTESIAN_POINT ( 'NONE',  ( -0.02529458252240660000, -1.223183884379456200, -0.2789380977350282600 ) ) ;
#6057 = ORIENTED_EDGE ( 'NONE', *, *, #6243, .F. ) ;
#6058 = CARTESIAN_POINT ( 'NONE',  ( -0.04566121531820460000, -1.159086993105501500, 0.2501001023489880500 ) ) ;
#6059 = SPHERICAL_SURFACE ( 'NONE', #7704, 0.2550000000000012300 ) ;
#6060 = CYLINDRICAL_SURFACE ( 'NONE', #7716, 0.2549999999999996700 ) ;
#6061 = CARTESIAN_POINT ( 'NONE',  ( -1.433233657534537400E-016, 1.365000000000000000, 0.9399999999999991700 ) ) ;
#6062 = ADVANCED_BREP_SHAPE_REPRESENTATION ( '', ( #3845, #7476, #5139, #5104 ), #5529 ) ;
#6063 = ORIENTED_EDGE ( 'NONE', *, *, #2016, .T. ) ;
#6064 = ORIENTED_EDGE ( 'NONE', *, *, #3955, .T. ) ;
#6065 =( GEOMETRIC_REPRESENTATION_CONTEXT ( 3 ) GLOBAL_UNCERTAINTY_ASSIGNED_CONTEXT ( ( #5128 ) ) GLOBAL_UNIT_ASSIGNED_CONTEXT ( ( #3394, #7889, #4028 ) ) REPRESENTATION_CONTEXT ( 'NONE', 'WORKASPACE' ) );
#6066 = EDGE_CURVE ( 'NONE', #2718, #7898, #2462, .T. ) ;
#6067 = DIRECTION ( 'NONE',  ( 0.4472135954999583200, -4.848699518061082200E-016, -0.8944271909999156300 ) ) ;
#6068 =( NAMED_UNIT ( * ) SI_UNIT ( $, .STERADIAN. ) SOLID_ANGLE_UNIT ( ) );
#6069 = AXIS2_PLACEMENT_3D ( 'NONE', #6602, #2763, #7251 ) ;
#6070 = B_SPLINE_CURVE_WITH_KNOTS ( 'NONE', 3,
 ( #3011, #6208, #495, #4936, #1127, #5592, #1765 ),
 .UNSPECIFIED., .F., .F.,
 ( 4, 3, 4 ),
 ( 0.0000000000000000000, 3.836810855205204100E-005, 9.038532512264778100E-005 ),
 .UNSPECIFIED. ) ;
#6071 = EDGE_LOOP ( 'NONE', ( #2320, #226, #7473, #2444, #7224 ) ) ;
#6072 = ORIENTED_EDGE ( 'NONE', *, *, #6389, .T. ) ;
#6073 = DIRECTION ( 'NONE',  ( -1.447553700753488400E-016, 1.000000000000000000, -0.0000000000000000000 ) ) ;
#6074 = FILL_AREA_STYLE_COLOUR ( '', #1124 ) ;
#6075 = FACE_OUTER_BOUND ( 'NONE', #4942, .T. ) ;
#6076 = CARTESIAN_POINT ( 'NONE',  ( 0.04245213417854953200, 0.4183777189199386300, -0.4498255275621509400 ) ) ;
#6077 = DIRECTION ( 'NONE',  ( -1.447553700753488400E-016, 1.000000000000000000, -0.0000000000000000000 ) ) ;
#6078 =( NAMED_UNIT ( * ) SI_UNIT ( $, .STERADIAN. ) SOLID_ANGLE_UNIT ( ) );
#6079 = CARTESIAN_POINT ( 'NONE',  ( 1.270000000000000000, -1.294999999999999900, -0.6700000000000002600 ) ) ;
#6080 = ORIENTED_EDGE ( 'NONE', *, *, #3653, .F. ) ;
#6081 = VERTEX_POINT ( 'NONE', #7464 ) ;
#6082 = DIRECTION ( 'NONE',  ( 1.447553700753488400E-016, -1.000000000000000000, 0.0000000000000000000 ) ) ;
#6083 = SURFACE_SIDE_STYLE ('',( #5916 ) ) ;
#6084 = PRODUCT_DEFINITION_SHAPE ( 'NONE', 'NONE',  #8295 ) ;
#6085 = CARTESIAN_POINT ( 'NONE',  ( 0.6099999999999994300, 0.6550000000000002500, 7.470345474798846700E-017 ) ) ;
#6086 = ORIENTED_EDGE ( 'NONE', *, *, #1065, .T. ) ;
#6087 = EDGE_CURVE ( 'NONE', #1682, #6519, #3741, .T. ) ;
#6088 = STYLED_ITEM ( 'NONE', ( #3949 ), #2647 ) ;
#6089 =( NAMED_UNIT ( * ) PLANE_ANGLE_UNIT ( ) SI_UNIT ( $, .RADIAN. ) );
#6090 = FILL_AREA_STYLE_COLOUR ( '', #5755 ) ;
#6091 = FILL_AREA_STYLE_COLOUR ( '', #1368 ) ;
#6092 = ORIENTED_EDGE ( 'NONE', *, *, #838, .T. ) ;
#6093 =( NAMED_UNIT ( * ) SI_UNIT ( $, .STERADIAN. ) SOLID_ANGLE_UNIT ( ) );
#6094 = FACE_OUTER_BOUND ( 'NONE', #2998, .T. ) ;
#6095 = CARTESIAN_POINT ( 'NONE',  ( -0.1165737814268222300, 0.3537334026232324400, -0.3762819030667959300 ) ) ;
#6096 = SURFACE_STYLE_FILL_AREA ( #1823 ) ;
#6097 = EDGE_CURVE ( 'NONE', #1297, #7954, #4766, .T. ) ;
#6098 = SURFACE_SIDE_STYLE ('',( #6816 ) ) ;
#6099 = VERTEX_POINT ( 'NONE', #6865 ) ;
#6100 = CARTESIAN_POINT ( 'NONE',  ( -0.1249999999999990000, 0.2666198487095668400, -0.3897197719169240300 ) ) ;
#6101 =( LENGTH_UNIT ( ) NAMED_UNIT ( * ) SI_UNIT ( .MILLI., .METRE. ) );
#6102 = ORIENTED_EDGE ( 'NONE', *, *, #7291, .T. ) ;
#6103 = AXIS2_PLACEMENT_3D ( 'NONE', #7565, #3697, #8222 ) ;
#6104 = PRESENTATION_STYLE_ASSIGNMENT (( #6675 ) ) ;
#6105 = SURFACE_STYLE_FILL_AREA ( #6343 ) ;
#6106 = EDGE_LOOP ( 'NONE', ( #1189, #6772, #6758, #4779 ) ) ;
#6107 = CARTESIAN_POINT ( 'NONE',  ( 0.05800982344403921000, -0.7326189214847285100, 0.3163088543493389200 ) ) ;
#6108 = CARTESIAN_POINT ( 'NONE',  ( 0.04989976583503034900, -1.152583780759944400, 0.2721492054816726000 ) ) ;
#6109 = DIRECTION ( 'NONE',  ( 1.447553700753488400E-016, -1.000000000000000000, 0.0000000000000000000 ) ) ;
#6110 = CARTESIAN_POINT ( 'NONE',  ( 0.6099999999999995400, -0.1614911064067355000, 7.470345474798846700E-017 ) ) ;
#6111 = VECTOR ( 'NONE', #4338, 1000.000000000000000 ) ;
#6112 = AXIS2_PLACEMENT_3D ( 'NONE', #4607, #3370, #7864 ) ;
#6113 = CARTESIAN_POINT ( 'NONE',  ( -0.02975596909783420300, -1.154059020938208700, 0.2719230065400993200 ) ) ;
#6114 = AXIS2_PLACEMENT_3D ( 'NONE', #6653, #2812, #7304 ) ;
#6115 = EDGE_CURVE ( 'NONE', #2379, #6867, #378, .T. ) ;
#6116 = COLOUR_RGB ( '',1.000000000000000000, 0.8117647058823529400, 0.5019607843137254800 ) ;
#6117 = UNCERTAINTY_MEASURE_WITH_UNIT (LENGTH_MEASURE( 1.000000000000000100E-005 ), #829, 'distance_accuracy_value', 'NONE');
#6118 = AXIS2_PLACEMENT_3D ( 'NONE', #4500, #730, #5159 ) ;
#6119 =( BOUNDED_CURVE ( )  B_SPLINE_CURVE ( 3, ( #4999, #1833, #1212, #5689 ),
 .UNSPECIFIED., .F., .T. ) 
 B_SPLINE_CURVE_WITH_KNOTS ( ( 4, 4 ),
 ( 1.570796326794897400, 3.141592653589793100 ),
 .UNSPECIFIED. ) 
 CURVE ( )  GEOMETRIC_REPRESENTATION_ITEM ( )  RATIONAL_B_SPLINE_CURVE ( ( 1.000000000000000000, 0.8047378541243652700, 0.8047378541243652700, 1.000000000000000000 ) ) 
 REPRESENTATION_ITEM ( '' )  );
#6120 = COLOUR_RGB ( '',1.000000000000000000, 0.8117647058823529400, 0.5019607843137254800 ) ;
#6121 = CARTESIAN_POINT ( 'NONE',  ( 1.270000000000000000, -1.395000000000000000, 0.7700000000000003500 ) ) ;
#6122 = CIRCLE ( 'NONE', #4013, 0.02000000000000000000 ) ;
#6123 = CARTESIAN_POINT ( 'NONE',  ( -0.05984158145819591000, -0.7052960553653532200, 0.3446300716582961200 ) ) ;
#6124 = CARTESIAN_POINT ( 'NONE',  ( -0.03638792666258065800, -1.216459714962222000, 0.2949462734239072800 ) ) ;
#6125 = EDGE_CURVE ( 'NONE', #1253, #386, #3536, .T. ) ;
#6126 =( LENGTH_UNIT ( ) NAMED_UNIT ( * ) SI_UNIT ( .MILLI., .METRE. ) );
#6127 = ORIENTED_EDGE ( 'NONE', *, *, #2442, .T. ) ;
#6128 = ORIENTED_EDGE ( 'NONE', *, *, #3989, .T. ) ;
#6129 = STYLED_ITEM ( 'NONE', ( #1515 ), #8210 ) ;
#6130 = CARTESIAN_POINT ( 'NONE',  ( 0.08968981535968081900, -0.4735941809371805300, 0.3056265312436861100 ) ) ;
#6131 = PLANE ( 'NONE',  #6825 ) ;
#6132 =( NAMED_UNIT ( * ) PLANE_ANGLE_UNIT ( ) SI_UNIT ( $, .RADIAN. ) );
#6133 = AXIS2_PLACEMENT_3D ( 'NONE', #6699, #2851, #7352 ) ;
#6134 = DIRECTION ( 'NONE',  ( -0.0000000000000000000, -1.000000000000000000, -0.0000000000000000000 ) ) ;
#6135 = CARTESIAN_POINT ( 'NONE',  ( -0.02864714725154810000, -1.170598427684240500, -0.03799772065156831900 ) ) ;
#6136 = COLOUR_RGB ( '',0.1098039215686274500, 0.1098039215686274500, 0.1098039215686274500 ) ;
#6137 = EDGE_LOOP ( 'NONE', ( #1256, #6226, #5910, #4643 ) ) ;
#6138 = SURFACE_STYLE_USAGE ( .BOTH. , #1668 ) ;
#6139 =( NAMED_UNIT ( * ) SI_UNIT ( $, .STERADIAN. ) SOLID_ANGLE_UNIT ( ) );
#6140 = CARTESIAN_POINT ( 'NONE',  ( 0.02529458252240693000, -1.223183884379456200, 0.2789380977350282600 ) ) ;
#6141 = DIRECTION ( 'NONE',  ( -1.447553700753488400E-016, 1.000000000000000000, -0.0000000000000000000 ) ) ;
#6142 = CARTESIAN_POINT ( 'NONE',  ( -0.02766456134498637400, -1.185254874097137800, 0.2465700299196692300 ) ) ;
#6143 = ORIENTED_EDGE ( 'NONE', *, *, #7871, .F. ) ;
#6144 = EDGE_CURVE ( 'NONE', #1957, #6811, #5248, .T. ) ;
#6145 = EDGE_LOOP ( 'NONE', ( #4308, #5705, #2771, #7991 ) ) ;
#6146 = STYLED_ITEM ( 'NONE', ( #2740 ), #3317 ) ;
#6147 = CARTESIAN_POINT ( 'NONE',  ( -1.270000000000000000, 1.294999999999999900, 0.6700000000000002600 ) ) ;
#6148 = FACE_OUTER_BOUND ( 'NONE', #3834, .T. ) ;
#6149 = CARTESIAN_POINT ( 'NONE',  ( 0.1249999999999997400, 0.2666198487095638400, 0.4322904116447698900 ) ) ;
#6150 = DIRECTION ( 'NONE',  ( -1.447553700753488400E-016, 1.000000000000000000, -0.0000000000000000000 ) ) ;
#6151 = FACE_OUTER_BOUND ( 'NONE', #4984, .T. ) ;
#6152 = DIRECTION ( 'NONE',  ( -1.000000000000000000, -1.447553700753488400E-016, 0.0000000000000000000 ) ) ;
#6153 = SURFACE_SIDE_STYLE ('',( #1501 ) ) ;
#6154 = SURFACE_SIDE_STYLE ('',( #615 ) ) ;
#6155 = CARTESIAN_POINT ( 'NONE',  ( -0.1388069790625194300, 0.3346098392508813900, 0.4199579159115302000 ) ) ;
#6156 = CARTESIAN_POINT ( 'NONE',  ( -0.5316896815425915500, 1.015000000000000300, 0.0000000000000000000 ) ) ;
#6157 =( NAMED_UNIT ( * ) SI_UNIT ( $, .STERADIAN. ) SOLID_ANGLE_UNIT ( ) );
#6158 = VERTEX_POINT ( 'NONE', #4916 ) ;
#6159 = CARTESIAN_POINT ( 'NONE',  ( 0.02820282449103589000, -1.222213169675451700, 0.2871043138259515300 ) ) ;
#6160 = ADVANCED_FACE ( 'NONE', ( #1865 ), #3306, .T. ) ;
#6161 = MECHANICAL_DESIGN_GEOMETRIC_PRESENTATION_REPRESENTATION (  '', ( #4419 ), #6612 ) ;
#6162 = PRESENTATION_LAYER_ASSIGNMENT (  '', '', ( #5747 ) ) ;
#6163 =( BOUNDED_SURFACE ( )  B_SPLINE_SURFACE ( 3, 2, ( 
 ( #3951, #3324, #2541 ),
 ( #4576, #809, #5235 ),
 ( #1430, #5899, #2070 ),
 ( #6547, #2708, #7198 ) ),
 .UNSPECIFIED., .F., .F., .F. ) 
 B_SPLINE_SURFACE_WITH_KNOTS ( ( 4, 4 ),
 ( 3, 3 ),
 ( -1.450265255664487700E-017, 0.001506231223347975300 ),
 ( 0.0000000000000000000, 1.000000000000000000 ),
 .UNSPECIFIED. ) 
 GEOMETRIC_REPRESENTATION_ITEM ( )  RATIONAL_B_SPLINE_SURFACE ( (
 ( 1.000000000000000000, 0.5690035219446314400, 1.000000000000000000),
 ( 1.000000000000000000, 0.5876933641492647600, 1.000000000000000000),
 ( 1.000000000000000000, 0.6105280666899819400, 1.000000000000000000),
 ( 1.000000000000000000, 0.6463599364778642700, 1.000000000000000000) ) ) 
 REPRESENTATION_ITEM ( '' )  SURFACE ( )  );
#6164 = DIRECTION ( 'NONE',  ( 1.000000000000000000, -0.0000000000000000000, 0.0000000000000000000 ) ) ;
#6165 = FILL_AREA_STYLE_COLOUR ( '', #5595 ) ;
#6166 = DIRECTION ( 'NONE',  ( 0.0000000000000000000, -1.000000000000000000, 0.0000000000000000000 ) ) ;
#6167 =( LENGTH_UNIT ( ) NAMED_UNIT ( * ) SI_UNIT ( .MILLI., .METRE. ) );
#6168 = ORIENTED_EDGE ( 'NONE', *, *, #1605, .F. ) ;
#6169 = CIRCLE ( 'NONE', #6172, 0.2350352011263656900 ) ;
#6170 = CARTESIAN_POINT ( 'NONE',  ( -0.04630770841790388800, -1.150767665139485100, -0.2525584207203315200 ) ) ;
#6171 = CARTESIAN_POINT ( 'NONE',  ( -0.06865833474735670600, 0.3805683806534542200, 0.4205632025081290600 ) ) ;
#6172 = AXIS2_PLACEMENT_3D ( 'NONE', #3635, #8156, #4274 ) ;
#6173 = EDGE_LOOP ( 'NONE', ( #5222, #2407, #7905, #4728 ) ) ;
#6174 = CARTESIAN_POINT ( 'NONE',  ( 0.04784238332212933900, -1.168868921937331400, 0.2301144326776780900 ) ) ;
#6175 = LINE ( 'NONE', #3219, #7698 ) ;
#6176 = ORIENTED_EDGE ( 'NONE', *, *, #4654, .F. ) ;
#6177 = EDGE_CURVE ( 'NONE', #4719, #4106, #1819, .T. ) ;
#6178 = AXIS2_PLACEMENT_3D ( 'NONE', #7030, #3189, #7682 ) ;
#6179 = PRESENTATION_LAYER_ASSIGNMENT (  '', '', ( #5766 ) ) ;
#6180 = SURFACE_SIDE_STYLE ('',( #2013 ) ) ;
#6181 = CARTESIAN_POINT ( 'NONE',  ( -0.1486797928469933100, 0.3041556001613312000, -0.4135154067159924600 ) ) ;
#6182 = VERTEX_POINT ( 'NONE', #8172 ) ;
#6183 = CARTESIAN_POINT ( 'NONE',  ( -0.1059026770558878000, 0.3419315564787344700, -0.4055833773356273300 ) ) ;
#6184 = SURFACE_SIDE_STYLE ('',( #910 ) ) ;
#6185 = CARTESIAN_POINT ( 'NONE',  ( 4.639429981346379600E-016, -2.830121490636196700, 0.0000000000000000000 ) ) ;
#6186 = CARTESIAN_POINT ( 'NONE',  ( -1.476660268557142200E-016, 1.395000000000000000, 0.0000000000000000000 ) ) ;
#6187 = CARTESIAN_POINT ( 'NONE',  ( 0.04978749811896360900, -1.205082627581610000, 0.2976813273944592400 ) ) ;
#6188 = LINE ( 'NONE', #5871, #1100 ) ;
#6189 = ORIENTED_EDGE ( 'NONE', *, *, #580, .T. ) ;
#6190 = CARTESIAN_POINT ( 'NONE',  ( 0.1541048631466162600, 0.2955653112643708600, 0.4106898798622716200 ) ) ;
#6191 = FILL_AREA_STYLE_COLOUR ( '', #4778 ) ;
#6192 = CARTESIAN_POINT ( 'NONE',  ( -0.03003326316415975600, -1.149922847605602900, -0.2556207292921416900 ) ) ;
#6193 =( NAMED_UNIT ( * ) PLANE_ANGLE_UNIT ( ) SI_UNIT ( $, .RADIAN. ) );
#6194 = LINE ( 'NONE', #4415, #4468 ) ;
#6195 = CARTESIAN_POINT ( 'NONE',  ( -0.04565974490879757400, -1.162634734544614000, -0.2472574374139734400 ) ) ;
#6196 = EDGE_LOOP ( 'NONE', ( #1283, #8171, #7022 ) ) ;
#6197 = ORIENTED_EDGE ( 'NONE', *, *, #2068, .F. ) ;
#6198 = EDGE_CURVE ( 'NONE', #1085, #142, #3359, .T. ) ;
#6199 = COLOUR_RGB ( '',0.1098039215686274500, 0.1098039215686274500, 0.1098039215686274500 ) ;
#6200 = CARTESIAN_POINT ( 'NONE',  ( -0.1250000000000000600, 0.2666198487095667900, 0.3897197719169305200 ) ) ;
#6201 = MECHANICAL_DESIGN_GEOMETRIC_PRESENTATION_REPRESENTATION (  '', ( #5328 ), #6649 ) ;
#6202 = CARTESIAN_POINT ( 'NONE',  ( 0.04588176495623878800, -1.155142525717586500, 0.2518506063042313400 ) ) ;
#6203 = TOROIDAL_SURFACE ( 'NONE', #7648, 0.3739249933206986200, 0.02000000000000000000 ) ;
#6204 = ADVANCED_FACE ( 'NONE', ( #6959 ), #4426, .T. ) ;
#6205 = DIRECTION ( 'NONE',  ( 0.0000000000000000000, 0.0000000000000000000, -1.000000000000000000 ) ) ;
#6206 = ORIENTED_EDGE ( 'NONE', *, *, #2901, .F. ) ;
#6207 = ORIENTED_EDGE ( 'NONE', *, *, #3112, .T. ) ;
#6208 = CARTESIAN_POINT ( 'NONE',  ( 0.1242571756174138000, 0.3417600358470010400, -0.3727556488344149200 ) ) ;
#6209 = CARTESIAN_POINT ( 'NONE',  ( -0.1242674578923853200, 0.2965723130304062100, 0.3829640067155222200 ) ) ;
#6210 = SURFACE_STYLE_FILL_AREA ( #5702 ) ;
#6211 = PRESENTATION_LAYER_ASSIGNMENT (  '', '', ( #5802 ) ) ;
#6212 = CARTESIAN_POINT ( 'NONE',  ( 0.04839978943675556100, 0.3914981653104741000, -0.4256415705023034500 ) ) ;
#6213 = CARTESIAN_POINT ( 'NONE',  ( 0.6499999999999994700, 0.6450000000000000200, 7.960204194457789300E-017 ) ) ;
#6214 = FACE_OUTER_BOUND ( 'NONE', #637, .T. ) ;
#6215 = SURFACE_SIDE_STYLE ('',( #7243 ) ) ;
#6216 = UNCERTAINTY_MEASURE_WITH_UNIT (LENGTH_MEASURE( 1.000000000000000100E-005 ), #6253, 'distance_accuracy_value', 'NONE');
#6217 = MECHANICAL_DESIGN_GEOMETRIC_PRESENTATION_REPRESENTATION (  '', ( #5349 ), #6668 ) ;
#6218 = ORIENTED_EDGE ( 'NONE', *, *, #8013, .T. ) ;
#6219 = DIRECTION ( 'NONE',  ( -0.0000000000000000000, -1.000000000000000000, -0.0000000000000000000 ) ) ;
#6220 = AXIS2_PLACEMENT_3D ( 'NONE', #7603, #3736, #8259 ) ;
#6221 = EDGE_CURVE ( 'NONE', #3038, #5801, #2765, .T. ) ;
#6222 = AXIS2_PLACEMENT_3D ( 'NONE', #4270, #8183, #4298 ) ;
#6223 = CARTESIAN_POINT ( 'NONE',  ( 1.270000000000000000, -1.294999999999999900, 1.270000000000000000 ) ) ;
#6224 = DIRECTION ( 'NONE',  ( -1.447553700753488400E-016, 1.000000000000000000, -0.0000000000000000000 ) ) ;
#6225 = DIRECTION ( 'NONE',  ( 1.000000000000000000, 0.0000000000000000000, 1.224646799147353200E-016 ) ) ;
#6226 = ORIENTED_EDGE ( 'NONE', *, *, #2777, .T. ) ;
#6227 = ORIENTED_EDGE ( 'NONE', *, *, #1923, .T. ) ;
#6228 = COLOUR_RGB ( '',0.1098039215686274500, 0.1098039215686274500, 0.1098039215686274500 ) ;
#6229 = PRESENTATION_LAYER_ASSIGNMENT (  '', '', ( #5831 ) ) ;
#6230 = PRODUCT_RELATED_PRODUCT_CATEGORY ( 'part', '', ( #3930 ) ) ;
#6231 = CARTESIAN_POINT ( 'NONE',  ( 0.1250013331071874200, 0.2666397336004603900, -0.3897214494418239600 ) ) ;
#6232 =( LENGTH_UNIT ( ) NAMED_UNIT ( * ) SI_UNIT ( .MILLI., .METRE. ) );
#6233 = ORIENTED_EDGE ( 'NONE', *, *, #4100, .T. ) ;
#6234 = DIRECTION ( 'NONE',  ( -1.447553700753488400E-016, 1.000000000000000000, -0.0000000000000000000 ) ) ;
#6235 = CARTESIAN_POINT ( 'NONE',  ( 1.270000000000000000, -1.395000000000000000, 0.6700000000000002600 ) ) ;
#6236 = SURFACE_STYLE_FILL_AREA ( #3431 ) ;
#6237 = ORIENTED_EDGE ( 'NONE', *, *, #544, .T. ) ;
#6238 = ADVANCED_FACE ( 'NONE', ( #4216 ), #4044, .F. ) ;
#6239 = CARTESIAN_POINT ( 'NONE',  ( -0.1096363436295452200, 0.3636838253243800400, -0.3783778678274724000 ) ) ;
#6240 = CIRCLE ( 'NONE', #8055, 0.2350352011263657500 ) ;
#6241 = CARTESIAN_POINT ( 'NONE',  ( -1.270000000000000000, 1.395000000000000000, 0.6700000000000002600 ) ) ;
#6242 = ORIENTED_EDGE ( 'NONE', *, *, #2346, .T. ) ;
#6243 = EDGE_CURVE ( 'NONE', #3531, #5458, #5765, .T. ) ;
#6244 = CARTESIAN_POINT ( 'NONE',  ( -0.1266854386894171500, 0.2949091907903617600, -0.3676260228884744000 ) ) ;
#6245 = CARTESIAN_POINT ( 'NONE',  ( 0.02666709960536417900, -1.222979491838891400, -0.2840257620198638500 ) ) ;
#6246 = SURFACE_STYLE_FILL_AREA ( #2996 ) ;
#6247 = MECHANICAL_DESIGN_GEOMETRIC_PRESENTATION_REPRESENTATION (  '', ( #5377 ), #6695 ) ;
#6248 = COLOUR_RGB ( '',0.1098039215686274500, 0.1098039215686274500, 0.1098039215686274500 ) ;
#6249 = EDGE_LOOP ( 'NONE', ( #4051, #5895, #7016, #897 ) ) ;
#6250 = CARTESIAN_POINT ( 'NONE',  ( 0.02440953029113148600, -1.233807563378102900, -0.2991301420150900300 ) ) ;
#6251 = CARTESIAN_POINT ( 'NONE',  ( -0.1518986748799410500, 0.2634659119465302400, -0.4083876577056684300 ) ) ;
#6252 = VERTEX_POINT ( 'NONE', #5727 ) ;
#6253 =( LENGTH_UNIT ( ) NAMED_UNIT ( * ) SI_UNIT ( .MILLI., .METRE. ) );
#6254 = DIRECTION ( 'NONE',  ( -1.224646799147353200E-016, -1.772742006221665100E-032, 1.000000000000000000 ) ) ;
#6255 = EDGE_CURVE ( 'NONE', #6690, #7964, #7472, .T. ) ;
#6256 = AXIS2_PLACEMENT_3D ( 'NONE', #1752, #575, #3117 ) ;
#6257 = ORIENTED_EDGE ( 'NONE', *, *, #5269, .F. ) ;
#6258 = PRESENTATION_STYLE_ASSIGNMENT (( #4027 ) ) ;
#6259 = VERTEX_POINT ( 'NONE', #2532 ) ;
#6260 = CARTESIAN_POINT ( 'NONE',  ( 1.047639320225002100, 1.294999999999999900, 1.214721359549995900 ) ) ;
#6261 = DIRECTION ( 'NONE',  ( 1.000000000000000000, 0.0000000000000000000, 0.0000000000000000000 ) ) ;
#6262 = FACE_OUTER_BOUND ( 'NONE', #2435, .T. ) ;
#6263 =( NAMED_UNIT ( * ) PLANE_ANGLE_UNIT ( ) SI_UNIT ( $, .RADIAN. ) );
#6264 = FILL_AREA_STYLE ('',( #4967 ) ) ;
#6265 = B_SPLINE_CURVE_WITH_KNOTS ( 'NONE', 3,
 ( #2569, #3209, #7700, #3841, #65, #4464, #689 ),
 .UNSPECIFIED., .F., .F.,
 ( 4, 3, 4 ),
 ( 1.069203420196697600E-016, 3.093231531291963800E-006, 4.107219666188871600E-006 ),
 .UNSPECIFIED. ) ;
#6266 = UNCERTAINTY_MEASURE_WITH_UNIT (LENGTH_MEASURE( 1.000000000000000100E-005 ), #1006, 'distance_accuracy_value', 'NONE');
#6267 = CARTESIAN_POINT ( 'NONE',  ( 0.1049476583071639200, 0.3434191609210023900, 0.3956286048806832400 ) ) ;
#6268 = SURFACE_SIDE_STYLE ('',( #5675 ) ) ;
#6269 = EDGE_LOOP ( 'NONE', ( #5972, #3345, #4006, #6168 ) ) ;
#6270 = FACE_OUTER_BOUND ( 'NONE', #2832, .T. ) ;
#6271 = ORIENTED_EDGE ( 'NONE', *, *, #8249, .F. ) ;
#6272 = STYLED_ITEM ( 'NONE', ( #2302 ), #789 ) ;
#6273 =( GEOMETRIC_REPRESENTATION_CONTEXT ( 3 ) GLOBAL_UNCERTAINTY_ASSIGNED_CONTEXT ( ( #7002 ) ) GLOBAL_UNIT_ASSIGNED_CONTEXT ( ( #7242, #3387, #7884 ) ) REPRESENTATION_CONTEXT ( 'NONE', 'WORKASPACE' ) );
#6274 = EDGE_CURVE ( 'NONE', #6578, #5149, #7669, .T. ) ;
#6275 =( NAMED_UNIT ( * ) PLANE_ANGLE_UNIT ( ) SI_UNIT ( $, .RADIAN. ) );
#6276 = CARTESIAN_POINT ( 'NONE',  ( 1.370000000000000100, 1.294999999999999900, -0.6700000000000002600 ) ) ;
#6277 = ORIENTED_EDGE ( 'NONE', *, *, #3282, .F. ) ;
#6278 = COLOUR_RGB ( '',1.000000000000000000, 0.8117647058823529400, 0.5019607843137254800 ) ;
#6279 = VERTEX_POINT ( 'NONE', #646 ) ;
#6280 = CARTESIAN_POINT ( 'NONE',  ( 0.1242654087441211800, 0.2965769158829660300, 0.3829572652913901800 ) ) ;
#6281 = CARTESIAN_POINT ( 'NONE',  ( -0.9581966011250111500, -1.294999999999999900, -1.169999999999999900 ) ) ;
#6282 =( LENGTH_UNIT ( ) NAMED_UNIT ( * ) SI_UNIT ( .MILLI., .METRE. ) );
#6283 = CYLINDRICAL_SURFACE ( 'NONE', #48, 0.5999999999999998700 ) ;
#6284 = ADVANCED_FACE ( 'NONE', ( #1058 ), #7165, .T. ) ;
#6285 = EDGE_CURVE ( 'NONE', #7151, #400, #7278, .T. ) ;
#6286 = SURFACE_SIDE_STYLE ('',( #6096 ) ) ;
#6287 = FACE_BOUND ( 'NONE', #2458, .T. ) ;
#6288 = VERTEX_POINT ( 'NONE', #5137 ) ;
#6289 = COLOUR_RGB ( '',1.000000000000000000, 0.8117647058823529400, 0.5019607843137254800 ) ;
#6290 = CARTESIAN_POINT ( 'NONE',  ( 0.08353267560629731900, 0.4006561957264891900, 0.4413591502439696000 ) ) ;
#6291 = COLOUR_RGB ( '',0.1098039215686274500, 0.1098039215686274500, 0.1098039215686274500 ) ;
#6292 = CARTESIAN_POINT ( 'NONE',  ( -0.1378435408756131200, 0.2670981431876250400, 0.3606053945049982900 ) ) ;
#6293 = CARTESIAN_POINT ( 'NONE',  ( -1.020000000000000700, -1.395000000000000000, 1.169999999999999900 ) ) ;
#6294 = CARTESIAN_POINT ( 'NONE',  ( -0.9581966011250111500, 0.0000000000000000000, -1.169999999999999900 ) ) ;
#6295 = DIRECTION ( 'NONE',  ( 1.000000000000000000, 2.624407096431315500E-016, 0.0000000000000000000 ) ) ;
#6296 = FILL_AREA_STYLE_COLOUR ( '', #3289 ) ;
#6297 = ORIENTED_EDGE ( 'NONE', *, *, #7332, .F. ) ;
#6298 = CARTESIAN_POINT ( 'NONE',  ( -0.1217074279400322500, 0.02017754323096077700, -0.3426698175347145400 ) ) ;
#6299 = DIRECTION ( 'NONE',  ( 1.000000000000000000, -0.0000000000000000000, 1.084202172485506600E-015 ) ) ;
#6300 = CYLINDRICAL_SURFACE ( 'NONE', #4973, 0.4500000000000050600 ) ;
#6301 = CARTESIAN_POINT ( 'NONE',  ( -3.004353683232363100E-017, 1.365000000000000000, -0.9099999999999992500 ) ) ;
#6302 = FACE_OUTER_BOUND ( 'NONE', #780, .T. ) ;
#6303 = CIRCLE ( 'NONE', #1438, 0.02999999999999997100 ) ;
#6304 = ORIENTED_EDGE ( 'NONE', *, *, #5999, .T. ) ;
#6305 = CARTESIAN_POINT ( 'NONE',  ( -1.270000000000000000, 1.294999999999999700, -0.7700000000000016800 ) ) ;
#6306 =( NAMED_UNIT ( * ) PLANE_ANGLE_UNIT ( ) SI_UNIT ( $, .RADIAN. ) );
#6307 = ORIENTED_EDGE ( 'NONE', *, *, #4960, .T. ) ;
#6308 = DIRECTION ( 'NONE',  ( -1.447553700753488400E-016, 1.000000000000000000, -0.0000000000000000000 ) ) ;
#6309 = CARTESIAN_POINT ( 'NONE',  ( 0.04600981859934907100, 0.4202062387990520600, 0.3939100174632089200 ) ) ;
#6310 = CIRCLE ( 'NONE', #45, 0.3018161156205430600 ) ;
#6311 =( NAMED_UNIT ( * ) PLANE_ANGLE_UNIT ( ) SI_UNIT ( $, .RADIAN. ) );
#6312 = EDGE_CURVE ( 'NONE', #4952, #2216, #5541, .T. ) ;
#6313 = ORIENTED_EDGE ( 'NONE', *, *, #363, .F. ) ;
#6314 = STYLED_ITEM ( 'NONE', ( #2637 ), #3224 ) ;
#6315 = DIRECTION ( 'NONE',  ( 1.000000000000000000, 1.777380610631976200E-016, 0.0000000000000000000 ) ) ;
#6316 = CARTESIAN_POINT ( 'NONE',  ( -0.7265572809000089300, -1.395000000000000000, 1.633278640450004800 ) ) ;
#6317 = CIRCLE ( 'NONE', #1617, 0.05000000000000002400 ) ;
#6318 = SURFACE_STYLE_FILL_AREA ( #4900 ) ;
#6319 = CARTESIAN_POINT ( 'NONE',  ( -0.1193942137457870100, 0.3283423490761812600, 0.4264692654299008800 ) ) ;
#6320 = CARTESIAN_POINT ( 'NONE',  ( -0.1187226156114863500, 0.3224458288446893600, 0.3732063262255538300 ) ) ;
#6321 = DIRECTION ( 'NONE',  ( 0.0000000000000000000, 0.0000000000000000000, -1.000000000000000000 ) ) ;
#6322 = MECHANICAL_DESIGN_GEOMETRIC_PRESENTATION_REPRESENTATION (  '', ( #5454 ), #6767 ) ;
#6323 = SURFACE_SIDE_STYLE ('',( #2015 ) ) ;
#6324 =( GEOMETRIC_REPRESENTATION_CONTEXT ( 3 ) GLOBAL_UNCERTAINTY_ASSIGNED_CONTEXT ( ( #2694 ) ) GLOBAL_UNIT_ASSIGNED_CONTEXT ( ( #3972, #188, #4601 ) ) REPRESENTATION_CONTEXT ( 'NONE', 'WORKASPACE' ) );
#6325 = DIRECTION ( 'NONE',  ( -1.000000000000000000, -1.441759817635564500E-016, 0.0000000000000000000 ) ) ;
#6326 =( LENGTH_UNIT ( ) NAMED_UNIT ( * ) SI_UNIT ( .MILLI., .METRE. ) );
#6327 =( LENGTH_UNIT ( ) NAMED_UNIT ( * ) SI_UNIT ( .MILLI., .METRE. ) );
#6328 = CYLINDRICAL_SURFACE ( 'NONE', #3560, 0.1000000000000000500 ) ;
#6329 =( BOUNDED_CURVE ( )  B_SPLINE_CURVE ( 3, ( #228, #4642, #2138, #6609 ),
 .UNSPECIFIED., .F., .T. ) 
 B_SPLINE_CURVE_WITH_KNOTS ( ( 4, 4 ),
 ( 1.570796326794896600, 3.141592653589793100 ),
 .UNSPECIFIED. ) 
 CURVE ( )  GEOMETRIC_REPRESENTATION_ITEM ( )  RATIONAL_B_SPLINE_CURVE ( ( 1.000000000000000000, 0.8047378541243649400, 0.8047378541243649400, 1.000000000000000000 ) ) 
 REPRESENTATION_ITEM ( '' )  );
#6330 = ADVANCED_FACE ( 'NONE', ( #2558 ), #3840, .F. ) ;
#6331 = ORIENTED_EDGE ( 'NONE', *, *, #2877, .T. ) ;
#6332 = EDGE_LOOP ( 'NONE', ( #6176, #1350, #6817, #1502 ) ) ;
#6333 = CARTESIAN_POINT ( 'NONE',  ( -0.1250000000000000600, 0.2666198487095667900, -0.3897197719169305200 ) ) ;
#6334 =( NAMED_UNIT ( * ) SI_UNIT ( $, .STERADIAN. ) SOLID_ANGLE_UNIT ( ) );
#6335 = SURFACE_STYLE_USAGE ( .BOTH. , #1870 ) ;
#6336 = CARTESIAN_POINT ( 'NONE',  ( 0.4500000000000054500, -2.382506345545577700, 5.510910596163153700E-017 ) ) ;
#6337 = STYLED_ITEM ( 'NONE', ( #4347 ), #1441 ) ;
#6338 = EDGE_CURVE ( 'NONE', #770, #4713, #5657, .T. ) ;
#6339 = LINE ( 'NONE', #3410, #2922 ) ;
#6340 = EDGE_LOOP ( 'NONE', ( #5079, #5551, #5888, #3580 ) ) ;
#6341 = AXIS2_PLACEMENT_3D ( 'NONE', #4852, #1048, #5498 ) ;
#6342 =( NAMED_UNIT ( * ) PLANE_ANGLE_UNIT ( ) SI_UNIT ( $, .RADIAN. ) );
#6343 = FILL_AREA_STYLE ('',( #5014 ) ) ;
#6344 = FACE_OUTER_BOUND ( 'NONE', #2310, .T. ) ;
#6345 = SURFACE_STYLE_USAGE ( .BOTH. , #1878 ) ;
#6346 =( NAMED_UNIT ( * ) SI_UNIT ( $, .STERADIAN. ) SOLID_ANGLE_UNIT ( ) );
#6347 = CONICAL_SURFACE ( 'NONE', #4021, 0.6638742588672274000, 0.3217505543966418000 ) ;
#6348 = ORIENTED_EDGE ( 'NONE', *, *, #4008, .F. ) ;
#6349 = CARTESIAN_POINT ( 'NONE',  ( 0.1378435408756127900, 0.2670981431876220900, 0.3606053945049981200 ) ) ;
#6350 = SURFACE_STYLE_USAGE ( .BOTH. , #1881 ) ;
#6351 = DIRECTION ( 'NONE',  ( -1.000000000000000000, -1.355252715606880800E-016, 0.0000000000000000000 ) ) ;
#6352 = COLOUR_RGB ( '',0.1098039215686274500, 0.1098039215686274500, 0.1098039215686274500 ) ;
#6353 = CARTESIAN_POINT ( 'NONE',  ( 4.057622586006971300E-016, -2.428196922976590500, 0.0000000000000000000 ) ) ;
#6354 = DIRECTION ( 'NONE',  ( 1.447553700753488400E-016, -1.000000000000000000, 0.0000000000000000000 ) ) ;
#6355 = CARTESIAN_POINT ( 'NONE',  ( 1.208196601125010500, 1.395000000000000000, -0.6700000000000001500 ) ) ;
#6356 = CARTESIAN_POINT ( 'NONE',  ( 0.6638742588672274000, 0.005000000000000108500, 8.130114861580714300E-017 ) ) ;
#6357 = CARTESIAN_POINT ( 'NONE',  ( -0.04631214031219224600, 0.4005438535648656600, 0.4419944494817917800 ) ) ;
#6358 = ORIENTED_EDGE ( 'NONE', *, *, #8275, .T. ) ;
#6359 = CARTESIAN_POINT ( 'NONE',  ( 0.02513773585898746900, -1.222945504588554400, -0.2763272670030122400 ) ) ;
#6360 = TOROIDAL_SURFACE ( 'NONE', #4953, 0.2818987432021535800, 0.02000000000000000000 ) ;
#6361 = EDGE_CURVE ( 'NONE', #8034, #577, #883, .T. ) ;
#6362 = CARTESIAN_POINT ( 'NONE',  ( 0.1158236843077577200, 0.3543379074933975500, -0.3765126485472823400 ) ) ;
#6363 = DIRECTION ( 'NONE',  ( -1.447553700753488400E-016, 1.000000000000000000, -0.0000000000000000000 ) ) ;
#6364 = EDGE_LOOP ( 'NONE', ( #237, #3764, #876, #6313 ) ) ;
#6365 = STYLED_ITEM ( 'NONE', ( #5538 ), #2732 ) ;
#6366 = SURFACE_STYLE_FILL_AREA ( #3238 ) ;
#6367 = SURFACE_SIDE_STYLE ('',( #588 ) ) ;
#6368 = PRESENTATION_STYLE_ASSIGNMENT (( #1864 ) ) ;
#6369 = CARTESIAN_POINT ( 'NONE',  ( 0.1267477734239711700, 0.2926899840119931400, -0.3813956756481617400 ) ) ;
#6370 = ORIENTED_EDGE ( 'NONE', *, *, #1753, .F. ) ;
#6371 = ADVANCED_FACE ( 'NONE', ( #2166 ), #4149, .T. ) ;
#6372 = CIRCLE ( 'NONE', #4873, 0.01999999999999999700 ) ;
#6373 = AXIS2_PLACEMENT_3D ( 'NONE', #992, #4790, #5432 ) ;
#6374 = UNCERTAINTY_MEASURE_WITH_UNIT (LENGTH_MEASURE( 1.000000000000000100E-005 ), #2097, 'distance_accuracy_value', 'NONE');
#6375 =( GEOMETRIC_REPRESENTATION_CONTEXT ( 3 ) GLOBAL_UNCERTAINTY_ASSIGNED_CONTEXT ( ( #7106 ) ) GLOBAL_UNIT_ASSIGNED_CONTEXT ( ( #3211, #7701, #3844 ) ) REPRESENTATION_CONTEXT ( 'NONE', 'WORKASPACE' ) );
#6376 = UNCERTAINTY_MEASURE_WITH_UNIT (LENGTH_MEASURE( 1.000000000000000100E-005 ), #7277, 'distance_accuracy_value', 'NONE');
#6377 = ORIENTED_EDGE ( 'NONE', *, *, #7841, .F. ) ;
#6378 = FILL_AREA_STYLE_COLOUR ( '', #2622 ) ;
#6379 = FACE_OUTER_BOUND ( 'NONE', #5059, .T. ) ;
#6380 = ORIENTED_EDGE ( 'NONE', *, *, #463, .F. ) ;
#6381 = CARTESIAN_POINT ( 'NONE',  ( 0.02343254947541281000, 0.4059097860328112500, -0.4439039166474935100 ) ) ;
#6382 = CARTESIAN_POINT ( 'NONE',  ( -0.04829662313706697300, -1.163521602282940400, -0.1701217961384089200 ) ) ;
#6383 = DIRECTION ( 'NONE',  ( 1.000000000000000000, 1.232047923278983400E-016, 0.0000000000000000000 ) ) ;
#6384 = CARTESIAN_POINT ( 'NONE',  ( 7.787932489870817000E-017, -0.1631138830084182300, 0.0000000000000000000 ) ) ;
#6385 = CARTESIAN_POINT ( 'NONE',  ( 0.03175291794948254000, 0.4163899191660049800, 0.3926431618714451600 ) ) ;
#6386 = AXIS2_PLACEMENT_3D ( 'NONE', #472, #4914, #1108 ) ;
#6387 = ORIENTED_EDGE ( 'NONE', *, *, #5556, .F. ) ;
#6388 = STYLED_ITEM ( 'NONE', ( #2591 ), #5143 ) ;
#6389 = EDGE_CURVE ( 'NONE', #6279, #5560, #5333, .T. ) ;
#6390 = CARTESIAN_POINT ( 'NONE',  ( 0.1249999999999997400, 0.2666198487095638400, 0.3897197719169301400 ) ) ;
#6391 = AXIS2_PLACEMENT_3D ( 'NONE', #4755, #1623, #5427 ) ;
#6392 = CARTESIAN_POINT ( 'NONE',  ( 0.1210356286896722700, 0.3073357932227794900, 0.3801376711287675100 ) ) ;
#6393 = CARTESIAN_POINT ( 'NONE',  ( 0.04400638469335627800, 0.4127249643228005900, -0.3914592424109217800 ) ) ;
#6394 = PRESENTATION_STYLE_ASSIGNMENT (( #933 ) ) ;
#6395 = TOROIDAL_SURFACE ( 'NONE', #7152, 0.5499999999999998200, 0.05000000000000000300 ) ;
#6396 = ORIENTED_EDGE ( 'NONE', *, *, #7376, .T. ) ;
#6397 = FILL_AREA_STYLE ('',( #3815 ) ) ;
#6398 = CARTESIAN_POINT ( 'NONE',  ( -0.02499999999999977900, -1.225000000000000100, 0.4493050188902907900 ) ) ;
#6399 = SURFACE_STYLE_FILL_AREA ( #7148 ) ;
#6400 = DIRECTION ( 'NONE',  ( -0.0000000000000000000, 0.0000000000000000000, 1.000000000000000000 ) ) ;
#6401 = DIRECTION ( 'NONE',  ( 1.447553700753488400E-016, -1.000000000000000000, 0.0000000000000000000 ) ) ;
#6402 = LINE ( 'NONE', #640, #1305 ) ;
#6403 = CIRCLE ( 'NONE', #4752, 0.02000000000000002500 ) ;
#6404 = MECHANICAL_DESIGN_GEOMETRIC_PRESENTATION_REPRESENTATION (  '', ( #4668 ), #6835 ) ;
#6405 = STYLED_ITEM ( 'NONE', ( #231 ), #6062 ) ;
#6406 = EDGE_LOOP ( 'NONE', ( #5326, #2519, #6997, #5963 ) ) ;
#6407 = AXIS2_PLACEMENT_3D ( 'NONE', #8107, #4229, #448 ) ;
#6408 = VERTEX_POINT ( 'NONE', #7121 ) ;
#6409 = CARTESIAN_POINT ( 'NONE',  ( 0.02513773585898746900, -1.222945504588554400, -0.2763272670030122400 ) ) ;
#6410 = FACE_BOUND ( 'NONE', #6443, .T. ) ;
#6411 = CARTESIAN_POINT ( 'NONE',  ( 0.05180290865074894300, 0.3899539996405546000, -0.3638714674929913700 ) ) ;
#6412 = DIRECTION ( 'NONE',  ( -1.000000000000000000, -2.382861917550561300E-016, 0.0000000000000000000 ) ) ;
#6413 = DIRECTION ( 'NONE',  ( -1.447553700753488400E-016, 1.000000000000000000, -0.0000000000000000000 ) ) ;
#6414 = CARTESIAN_POINT ( 'NONE',  ( 0.05780390862093088400, -0.7356903878576471800, 0.3151364890231295700 ) ) ;
#6415 = SURFACE_STYLE_FILL_AREA ( #1958 ) ;
#6416 = ORIENTED_EDGE ( 'NONE', *, *, #4148, .F. ) ;
#6417 = CARTESIAN_POINT ( 'NONE',  ( -0.04630770841790457500, -1.150767665139444700, 0.2525584207203381800 ) ) ;
#6418 = CARTESIAN_POINT ( 'NONE',  ( 0.02864444290494156200, -1.170638766255006400, -0.03857980552985022800 ) ) ;
#6419 = ORIENTED_EDGE ( 'NONE', *, *, #5151, .T. ) ;
#6420 = ADVANCED_FACE ( 'NONE', ( #278 ), #4523, .T. ) ;
#6421 = ADVANCED_FACE ( 'NONE', ( #1357 ), #3037, .T. ) ;
#6422 =( GEOMETRIC_REPRESENTATION_CONTEXT ( 3 ) GLOBAL_UNCERTAINTY_ASSIGNED_CONTEXT ( ( #1371 ) ) GLOBAL_UNIT_ASSIGNED_CONTEXT ( ( #1974, #6448, #2621 ) ) REPRESENTATION_CONTEXT ( 'NONE', 'WORKASPACE' ) );
#6423 = CIRCLE ( 'NONE', #5821, 0.2549999999999999500 ) ;
#6424 = COLOUR_RGB ( '',0.1098039215686274500, 0.1098039215686274500, 0.1098039215686274500 ) ;
#6425 = CARTESIAN_POINT ( 'NONE',  ( 0.06474188712309260400, 0.3831853566218939600, 0.4257272605630799700 ) ) ;
#6426 = DIRECTION ( 'NONE',  ( 0.0000000000000000000, 0.0000000000000000000, -1.000000000000000000 ) ) ;
#6427 = FACE_OUTER_BOUND ( 'NONE', #2408, .T. ) ;
#6428 = EDGE_CURVE ( 'NONE', #5241, #1934, #7969, .T. ) ;
#6429 = UNCERTAINTY_MEASURE_WITH_UNIT (LENGTH_MEASURE( 1.000000000000000100E-005 ), #703, 'distance_accuracy_value', 'NONE');
#6430 = CIRCLE ( 'NONE', #5557, 0.4439249933206986800 ) ;
#6431 = CARTESIAN_POINT ( 'NONE',  ( 0.1449552057015385500, 0.2652820275670818000, -0.3792098549233096100 ) ) ;
#6432 = STYLED_ITEM ( 'NONE', ( #4494 ), #3585 ) ;
#6433 = SURFACE_SIDE_STYLE ('',( #6415 ) ) ;
#6434 = DIRECTION ( 'NONE',  ( 0.9977602850769320400, 0.06689105712424778200, 0.0000000000000000000 ) ) ;
#6435 = CARTESIAN_POINT ( 'NONE',  ( 0.02910281676341102900, -1.163801570800779600, -0.2692655299612583500 ) ) ;
#6436 = COLOUR_RGB ( '',0.1098039215686274500, 0.1098039215686274500, 0.1098039215686274500 ) ;
#6437 = ORIENTED_EDGE ( 'NONE', *, *, #5240, .T. ) ;
#6438 = CARTESIAN_POINT ( 'NONE',  ( -8.976387882557473100E-017, 0.9950000000000004400, 0.0000000000000000000 ) ) ;
#6439 = CARTESIAN_POINT ( 'NONE',  ( -0.03068726934371115300, 0.3972158409712646100, -0.4316749862256187800 ) ) ;
#6440 = PRESENTATION_LAYER_ASSIGNMENT (  '', '', ( #5132 ) ) ;
#6441 = DIRECTION ( 'NONE',  ( 1.000000000000000000, 1.447553700753488400E-016, 0.0000000000000000000 ) ) ;
#6442 = CARTESIAN_POINT ( 'NONE',  ( 6.505213034913053200E-016, -1.395000000000000000, 0.6699999999999988200 ) ) ;
#6443 = EDGE_LOOP ( 'NONE', ( #8224, #7181 ) ) ;
#6444 = ORIENTED_EDGE ( 'NONE', *, *, #8043, .F. ) ;
#6445 = PRESENTATION_LAYER_ASSIGNMENT (  '', '', ( #6010 ) ) ;
#6446 = DIRECTION ( 'NONE',  ( 1.000000000000000000, 0.0000000000000000000, 0.0000000000000000000 ) ) ;
#6447 = CARTESIAN_POINT ( 'NONE',  ( 0.02901923514738362000, -1.165048290775332300, 0.1918829827296008000 ) ) ;
#6448 =( NAMED_UNIT ( * ) PLANE_ANGLE_UNIT ( ) SI_UNIT ( $, .RADIAN. ) );
#6449 = FACE_OUTER_BOUND ( 'NONE', #3172, .T. ) ;
#6450 = FILL_AREA_STYLE_COLOUR ( '', #2508 ) ;
#6451 = CARTESIAN_POINT ( 'NONE',  ( 0.04839978943642035700, 0.3914981653105227800, 0.4256415704960742100 ) ) ;
#6452 = EDGE_LOOP ( 'NONE', ( #1604, #3749, #5626, #6725 ) ) ;
#6453 = CARTESIAN_POINT ( 'NONE',  ( -0.01698699319169541500, 0.3998653852408294900, 0.3966050208294635800 ) ) ;
#6454 = CARTESIAN_POINT ( 'NONE',  ( -0.02864444290494122900, -1.170638766255006200, 0.03857980552985058200 ) ) ;
#6455 = CARTESIAN_POINT ( 'NONE',  ( -0.03003326316415412500, -1.149922847605686900, -0.2556207292921333600 ) ) ;
#6456 = MECHANICAL_DESIGN_GEOMETRIC_PRESENTATION_REPRESENTATION (  '', ( #5150 ), #6880 ) ;
#6457 = CIRCLE ( 'NONE', #2348, 0.5999999999999994200 ) ;
#6458 = ORIENTED_EDGE ( 'NONE', *, *, #6097, .T. ) ;
#6459 = EDGE_CURVE ( 'NONE', #5775, #5829, #6240, .T. ) ;
#6460 = AXIS2_PLACEMENT_3D ( 'NONE', #7146, #7795, #3943 ) ;
#6461 = MECHANICAL_DESIGN_GEOMETRIC_PRESENTATION_REPRESENTATION (  '', ( #5590 ), #6888 ) ;
#6462 = ORIENTED_EDGE ( 'NONE', *, *, #5204, .T. ) ;
#6463 = CARTESIAN_POINT ( 'NONE',  ( 4.607412273058643300E-016, -2.808002996330203300, 0.0000000000000000000 ) ) ;
#6464 = DIRECTION ( 'NONE',  ( 0.0000000000000000000, 0.0000000000000000000, 1.000000000000000000 ) ) ;
#6465 = LINE ( 'NONE', #3373, #4528 ) ;
#6466 = ADVANCED_FACE ( 'NONE', ( #2847 ), #3727, .T. ) ;
#6467 = ADVANCED_FACE ( 'NONE', ( #569 ), #6347, .F. ) ;
#6468 = DIRECTION ( 'NONE',  ( -1.447553700753488400E-016, 1.000000000000000000, -0.0000000000000000000 ) ) ;
#6469 = DIRECTION ( 'NONE',  ( 0.7399400733959484700, 0.6726727939963071900, 9.061652424452059800E-017 ) ) ;
#6470 = DIRECTION ( 'NONE',  ( -1.000000000000000000, -1.221154686938587200E-016, 0.0000000000000000000 ) ) ;
#6471 = SPHERICAL_SURFACE ( 'NONE', #2961, 0.1000000000000000100 ) ;
#6472 = ORIENTED_EDGE ( 'NONE', *, *, #3530, .T. ) ;
#6473 = CARTESIAN_POINT ( 'NONE',  ( -0.1063473373305611300, 0.3412228871188086600, -0.3738338304855131600 ) ) ;
#6474 = CARTESIAN_POINT ( 'NONE',  ( -0.02856786908935850600, -1.171780956487152400, -0.2646136928188284100 ) ) ;
#6475 = CARTESIAN_POINT ( 'NONE',  ( 1.270000000000001100, -1.294999999999999700, 0.7699999999999979100 ) ) ;
#6476 = CARTESIAN_POINT ( 'NONE',  ( -0.1069241233671471000, 0.3402872455622173400, 0.3947430299118224200 ) ) ;
#6477 = SURFACE_STYLE_USAGE ( .BOTH. , #2004 ) ;
#6478 = EDGE_LOOP ( 'NONE', ( #6591, #5849, #2990, #3381 ) ) ;
#6479 = CARTESIAN_POINT ( 'NONE',  ( -1.433233657534537400E-016, 1.365000000000000000, 0.0000000000000000000 ) ) ;
#6480 = ORIENTED_EDGE ( 'NONE', *, *, #6177, .T. ) ;
#6481 = SURFACE_STYLE_USAGE ( .BOTH. , #2007 ) ;
#6482 = EDGE_CURVE ( 'NONE', #812, #1579, #1461, .T. ) ;
#6483 = CARTESIAN_POINT ( 'NONE',  ( -0.09897661204258267900, 0.3530595351822681800, 0.4193082672594987100 ) ) ;
#6484 = CARTESIAN_POINT ( 'NONE',  ( -0.02901923514738235700, -1.165048290775333200, -0.1918829827296002800 ) ) ;
#6485 = DIRECTION ( 'NONE',  ( -1.000000000000000000, -1.447553700753488400E-016, 0.0000000000000000000 ) ) ;
#6486 =( GEOMETRIC_REPRESENTATION_CONTEXT ( 3 ) GLOBAL_UNCERTAINTY_ASSIGNED_CONTEXT ( ( #402 ) ) GLOBAL_UNIT_ASSIGNED_CONTEXT ( ( #3551, #8059, #4187 ) ) REPRESENTATION_CONTEXT ( 'NONE', 'WORKASPACE' ) );
#6487 = CIRCLE ( 'NONE', #7922, 0.2800826275816102900 ) ;
#6488 = ORIENTED_EDGE ( 'NONE', *, *, #1506, .F. ) ;
#6489 = SURFACE_SIDE_STYLE ('',( #687 ) ) ;
#6490 =( BOUNDED_CURVE ( )  B_SPLINE_CURVE ( 3, ( #1521, #1491, #2137, #5983 ),
 .UNSPECIFIED., .F., .T. ) 
 B_SPLINE_CURVE_WITH_KNOTS ( ( 4, 4 ),
 ( 0.0000000000000000000, 1.570796326794896800 ),
 .UNSPECIFIED. ) 
 CURVE ( )  GEOMETRIC_REPRESENTATION_ITEM ( )  RATIONAL_B_SPLINE_CURVE ( ( 1.000000000000000000, 0.8047378541243649400, 0.8047378541243649400, 1.000000000000000000 ) ) 
 REPRESENTATION_ITEM ( '' )  );
#6491 = FILL_AREA_STYLE ('',( #5156 ) ) ;
#6492 = CARTESIAN_POINT ( 'NONE',  ( 1.270000000000000000, -1.294999999999999900, -0.6700000000000002600 ) ) ;
#6493 = EDGE_LOOP ( 'NONE', ( #7615, #8076, #1746, #6102 ) ) ;
#6494 = CARTESIAN_POINT ( 'NONE',  ( -0.1398566066356277400, 0.2639457934735198200, 0.4129133576693511700 ) ) ;
#6495 = ORIENTED_EDGE ( 'NONE', *, *, #5643, .T. ) ;
#6496 = AXIS2_PLACEMENT_3D ( 'NONE', #393, #7434, #3562 ) ;
#6497 = MECHANICAL_DESIGN_GEOMETRIC_PRESENTATION_REPRESENTATION (  '', ( #4751 ), #6923 ) ;
#6498 = SURFACE_STYLE_FILL_AREA ( #8260 ) ;
#6499 = MECHANICAL_DESIGN_GEOMETRIC_PRESENTATION_REPRESENTATION (  '', ( #5632 ), #6926 ) ;
#6500 = PRODUCT_DEFINITION_CONTEXT ( 'detailed design', #3453, 'design' ) ;
#6501 = CARTESIAN_POINT ( 'NONE',  ( -0.1250000000000000600, 0.2666198487095667900, -0.4485182164429416500 ) ) ;
#6502 = ITEM_DEFINED_TRANSFORMATION ( 'NONE', 'NONE', #2816,  #5104 ) ;
#6503 = DIRECTION ( 'NONE',  ( -1.000000000000000000, 0.0000000000000000000, 0.0000000000000000000 ) ) ;
#6504 = COLOUR_RGB ( '',1.000000000000000000, 0.8117647058823529400, 0.5019607843137254800 ) ;
#6505 = CARTESIAN_POINT ( 'NONE',  ( -0.1291690999468843900, 0.3300775332361590200, -0.3699126412412640500 ) ) ;
#6506 = ORIENTED_EDGE ( 'NONE', *, *, #5966, .F. ) ;
#6507 = CARTESIAN_POINT ( 'NONE',  ( -0.1040200976050764000, 0.3448874452955533200, 0.3798933547604618800 ) ) ;
#6508 = FACE_OUTER_BOUND ( 'NONE', #2396, .T. ) ;
#6509 = CARTESIAN_POINT ( 'NONE',  ( -0.9581966011250112600, -1.395000000000000000, -1.170000000000000200 ) ) ;
#6510 = CARTESIAN_POINT ( 'NONE',  ( -0.07830374971940036500, 0.3825827510681674700, -0.3871111667109090600 ) ) ;
#6511 = ADVANCED_FACE ( 'NONE', ( #3136 ), #6548, .T. ) ;
#6512 = ADVANCED_FACE ( 'NONE', ( #2931, #8276 ), #4737, .F. ) ;
#6513 = AXIS2_PLACEMENT_3D ( 'NONE', #2778, #6082, #2258 ) ;
#6514 = SURFACE_STYLE_USAGE ( .BOTH. , #2036 ) ;
#6515 = VECTOR ( 'NONE', #6469, 1000.000000000000000 ) ;
#6516 = VECTOR ( 'NONE', #5576, 1000.000000000000000 ) ;
#6517 = CARTESIAN_POINT ( 'NONE',  ( 0.8999999999999993600, 0.7450000000000001100, 1.102182119232617000E-016 ) ) ;
#6518 = EDGE_CURVE ( 'NONE', #4099, #2641, #4038, .T. ) ;
#6519 = VERTEX_POINT ( 'NONE', #968 ) ;
#6520 = AXIS2_PLACEMENT_3D ( 'NONE', #7226, #833, #4634 ) ;
#6521 = CARTESIAN_POINT ( 'NONE',  ( -0.1257847930699634000, 0.2783259779124367900, 0.3787840609022052300 ) ) ;
#6522 = CARTESIAN_POINT ( 'NONE',  ( 1.208196601125010500, -1.395000000000000000, 0.6700000000000001500 ) ) ;
#6523 = CARTESIAN_POINT ( 'NONE',  ( -0.02751749980527843500, -1.187448473213239300, -0.2283363398061075700 ) ) ;
#6524 = CIRCLE ( 'NONE', #178, 0.3939249933206986400 ) ;
#6525 = COLOUR_RGB ( '',1.000000000000000000, 0.8117647058823529400, 0.5019607843137254800 ) ;
#6526 = ORIENTED_EDGE ( 'NONE', *, *, #2195, .F. ) ;
#6527 = CARTESIAN_POINT ( 'NONE',  ( -9.265898622708171300E-017, 1.015000000000000600, 0.0000000000000000000 ) ) ;
#6528 = ORIENTED_EDGE ( 'NONE', *, *, #302, .F. ) ;
#6529 = CARTESIAN_POINT ( 'NONE',  ( 0.09330660253071859600, -0.2061251586726500200, -0.3451767922991252300 ) ) ;
#6530 = DIRECTION ( 'NONE',  ( 1.000000000000000000, -0.0000000000000000000, 0.0000000000000000000 ) ) ;
#6531 =( NAMED_UNIT ( * ) PLANE_ANGLE_UNIT ( ) SI_UNIT ( $, .RADIAN. ) );
#6532 = PRESENTATION_STYLE_ASSIGNMENT (( #7359 ) ) ;
#6533 = DIRECTION ( 'NONE',  ( -0.0000000000000000000, 1.000000000000000000, 0.0000000000000000000 ) ) ;
#6534 = ORIENTED_EDGE ( 'NONE', *, *, #3323, .F. ) ;
#6535 = DIRECTION ( 'NONE',  ( 1.000000000000000000, 2.409338161078871600E-016, 0.0000000000000000000 ) ) ;
#6536 = LINE ( 'NONE', #2500, #849 ) ;
#6537 = CARTESIAN_POINT ( 'NONE',  ( 0.1249999999999999200, 0.2666198487095668400, -0.4485182164429416000 ) ) ;
#6538 = DIRECTION ( 'NONE',  ( 0.0000000000000000000, 0.0000000000000000000, -1.000000000000000000 ) ) ;
#6539 = FILL_AREA_STYLE_COLOUR ( '', #1956 ) ;
#6540 = CARTESIAN_POINT ( 'NONE',  ( 1.047639320225002300, -1.294999999999999900, -1.214721359549995700 ) ) ;
#6541 = EDGE_CURVE ( 'NONE', #4850, #5521, #2344, .T. ) ;
#6542 = CARTESIAN_POINT ( 'NONE',  ( -0.04989976583503001600, -1.152583780759944400, -0.2721492054816726500 ) ) ;
#6543 = SURFACE_STYLE_USAGE ( .BOTH. , #2061 ) ;
#6544 = DIRECTION ( 'NONE',  ( -1.447553700753488400E-016, 1.000000000000000000, -0.0000000000000000000 ) ) ;
#6545 =( LENGTH_UNIT ( ) NAMED_UNIT ( * ) SI_UNIT ( .MILLI., .METRE. ) );
#6546 =( BOUNDED_SURFACE ( )  B_SPLINE_SURFACE ( 3, 2, ( 
 ( #7131, #6455, #7781 ),
 ( #3929, #144, #4550 ),
 ( #784, #5209, #1397 ),
 ( #5872, #2041, #6523 ) ),
 .UNSPECIFIED., .F., .F., .F. ) 
 B_SPLINE_SURFACE_WITH_KNOTS ( ( 4, 4 ),
 ( 3, 3 ),
 ( 2.670528645085719800E-005, 8.971031877610981800E-005 ),
 ( 0.0000000000000000000, 1.000000000000000000 ),
 .UNSPECIFIED. ) 
 GEOMETRIC_REPRESENTATION_ITEM ( )  RATIONAL_B_SPLINE_SURFACE ( (
 ( 1.000000000000000000, 0.7698294312092887100, 1.000000000000000000),
 ( 1.000000000000000000, 0.7775621934751992800, 1.000000000000000000),
 ( 1.000000000000000000, 0.7621724503005894400, 1.000000000000000000),
 ( 1.000000000000000000, 0.7239379160847961800, 1.000000000000000000) ) ) 
 REPRESENTATION_ITEM ( '' )  SURFACE ( )  );
#6547 = CARTESIAN_POINT ( 'NONE',  ( -0.02453759532154851600, -1.231897319965140800, -0.2755977471172811900 ) ) ;
#6548 =( BOUNDED_SURFACE ( )  B_SPLINE_SURFACE ( 3, 2, ( 
 ( #2804, #5324, #4077 ),
 ( #284, #4714, #922 ),
 ( #5353, #1556, #6016 ),
 ( #2192, #6671, #2827 ) ),
 .UNSPECIFIED., .F., .F., .T. ) 
 B_SPLINE_SURFACE_WITH_KNOTS ( ( 4, 4 ),
 ( 3, 3 ),
 ( 2.830271873054797200E-005, 9.129228335735347000E-005 ),
 ( 0.0000000000000000000, 1.000000000000000000 ),
 .UNSPECIFIED. ) 
 GEOMETRIC_REPRESENTATION_ITEM ( )  RATIONAL_B_SPLINE_SURFACE ( (
 ( 1.000000000000000000, 0.7239379160847395600, 1.000000000000000000),
 ( 1.000000000000000000, 0.7622221296108985200, 1.000000000000000000),
 ( 1.000000000000000000, 0.7775343599645894200, 1.000000000000000000),
 ( 1.000000000000000000, 0.7698294312092592900, 1.000000000000000000) ) ) 
 REPRESENTATION_ITEM ( '' )  SURFACE ( )  );
#6549 = DIRECTION ( 'NONE',  ( -1.000000000000000000, 1.084202172485504000E-015, 0.0000000000000000000 ) ) ;
#6550 = FILL_AREA_STYLE ('',( #3292 ) ) ;
#6551 = CARTESIAN_POINT ( 'NONE',  ( -0.1398566066356064800, 0.2639457934735553500, -0.4129133576693453900 ) ) ;
#6552 = ORIENTED_EDGE ( 'NONE', *, *, #2650, .T. ) ;
#6553 = VERTEX_POINT ( 'NONE', #2875 ) ;
#6554 = EDGE_CURVE ( 'NONE', #386, #2698, #3535, .T. ) ;
#6555 = PRESENTATION_LAYER_ASSIGNMENT (  '', '', ( #5681 ) ) ;
#6556 = DIRECTION ( 'NONE',  ( -1.000000000000000000, -1.807003620809175900E-016, 0.0000000000000000000 ) ) ;
#6557 = ADVANCED_FACE ( 'NONE', ( #7460 ), #8168, .T. ) ;
#6558 = ADVANCED_FACE ( 'NONE', ( #84 ), #7762, .T. ) ;
#6559 = DIRECTION ( 'NONE',  ( 1.224646799147353200E-016, 1.772742006221665100E-032, 1.000000000000000000 ) ) ;
#6560 = FILL_AREA_STYLE_COLOUR ( '', #4170 ) ;
#6561 = VERTEX_POINT ( 'NONE', #1017 ) ;
#6562 = CARTESIAN_POINT ( 'NONE',  ( -0.04665775062062619400, -1.207915624153599300, -0.2978556382280117000 ) ) ;
#6563 =( NAMED_UNIT ( * ) PLANE_ANGLE_UNIT ( ) SI_UNIT ( $, .RADIAN. ) );
#6564 = AXIS2_PLACEMENT_3D ( 'NONE', #4663, #880, #5306 ) ;
#6565 = CARTESIAN_POINT ( 'NONE',  ( 0.1259123125717990800, 0.2802280841127959800, -0.3790602869651832400 ) ) ;
#6566 = CARTESIAN_POINT ( 'NONE',  ( -0.02881787333637749300, 0.3969100280115850400, -0.4125746346931100100 ) ) ;
#6567 = AXIS2_PLACEMENT_3D ( 'NONE', #5974, #172, #270 ) ;
#6568 = EDGE_CURVE ( 'NONE', #1383, #5645, #4313, .T. ) ;
#6569 = SURFACE_STYLE_FILL_AREA ( #6643 ) ;
#6570 = VERTEX_POINT ( 'NONE', #5492 ) ;
#6571 = AXIS2_PLACEMENT_3D ( 'NONE', #1988, #6468, #2631 ) ;
#6572 = CARTESIAN_POINT ( 'NONE',  ( 0.9581966011250107100, -1.294999999999999900, -1.169999999999999900 ) ) ;
#6573 = SURFACE_STYLE_FILL_AREA ( #5709 ) ;
#6574 =( NAMED_UNIT ( * ) PLANE_ANGLE_UNIT ( ) SI_UNIT ( $, .RADIAN. ) );
#6575 = DIRECTION ( 'NONE',  ( -1.000000000000000000, -1.442602988292481700E-016, 0.0000000000000000000 ) ) ;
#6576 =( NAMED_UNIT ( * ) PLANE_ANGLE_UNIT ( ) SI_UNIT ( $, .RADIAN. ) );
#6577 = CARTESIAN_POINT ( 'NONE',  ( 0.1049099008976872700, 0.3435871649238989000, 0.3790075054516562300 ) ) ;
#6578 = VERTEX_POINT ( 'NONE', #1933 ) ;
#6579 = EDGE_CURVE ( 'NONE', #260, #3185, #6038, .T. ) ;
#6580 = AXIS2_PLACEMENT_3D ( 'NONE', #5070, #1263, #5738 ) ;
#6581 = PRESENTATION_LAYER_ASSIGNMENT (  '', '', ( #5716 ) ) ;
#6582 = VERTEX_POINT ( 'NONE', #7702 ) ;
#6583 = SURFACE_SIDE_STYLE ('',( #8240 ) ) ;
#6584 = SURFACE_STYLE_FILL_AREA ( #308 ) ;
#6585 = CARTESIAN_POINT ( 'NONE',  ( -1.476660268557142400E-016, 1.395000000000000200, 0.0000000000000000000 ) ) ;
#6586 = VERTEX_POINT ( 'NONE', #1045 ) ;
#6587 = DIRECTION ( 'NONE',  ( 0.0000000000000000000, 1.000000000000000000, 0.0000000000000000000 ) ) ;
#6588 = CARTESIAN_POINT ( 'NONE',  ( -1.208196601125011400, 1.395000000000000000, -0.6700000000000002600 ) ) ;
#6589 = VECTOR ( 'NONE', #1835, 1000.000000000000100 ) ;
#6590 =( NAMED_UNIT ( * ) PLANE_ANGLE_UNIT ( ) SI_UNIT ( $, .RADIAN. ) );
#6591 = ORIENTED_EDGE ( 'NONE', *, *, #4825, .F. ) ;
#6592 = MECHANICAL_DESIGN_GEOMETRIC_PRESENTATION_REPRESENTATION (  '', ( #530 ), #7012 ) ;
#6593 = SURFACE_SIDE_STYLE ('',( #7005 ) ) ;
#6594 = DIRECTION ( 'NONE',  ( -1.447553700753488400E-016, 1.000000000000000000, -0.0000000000000000000 ) ) ;
#6595 = CARTESIAN_POINT ( 'NONE',  ( 0.6399999999999994600, -0.1614911064067355000, 0.0000000000000000000 ) ) ;
#6596 = FILL_AREA_STYLE ('',( #2092 ) ) ;
#6597 = FILL_AREA_STYLE ('',( #858 ) ) ;
#6598 = CIRCLE ( 'NONE', #110, 0.05000000000000002400 ) ;
#6599 = ORIENTED_EDGE ( 'NONE', *, *, #6255, .F. ) ;
#6600 = FACE_OUTER_BOUND ( 'NONE', #5392, .T. ) ;
#6601 = EDGE_CURVE ( 'NONE', #8083, #2363, #5857, .T. ) ;
#6602 = CARTESIAN_POINT ( 'NONE',  ( -0.4139249933206986500, 0.8795106857790894200, 5.069119181572831200E-017 ) ) ;
#6603 = CARTESIAN_POINT ( 'NONE',  ( 0.04169594215226031500, 0.3938867988593339800, 0.4113680430888576600 ) ) ;
#6604 = CARTESIAN_POINT ( 'NONE',  ( 0.02551473994300772200, -1.223343405455788800, 0.2806747823464544300 ) ) ;
#6605 =( BOUNDED_SURFACE ( )  B_SPLINE_SURFACE ( 3, 2, ( 
 ( #3166, #654, #8226 ),
 ( #4336, #555, #4993 ),
 ( #1177, #5651, #1826 ),
 ( #6290, #2468, #6946 ),
 ( #3098, #7598, #3729 ),
 ( #8256, #4360, #584 ),
 ( #5019, #1207, #5680 ),
 ( #1858, #6319, #2498 ),
 ( #6967, #3128, #7625 ),
 ( #3761, #8278, #4394 ) ),
 .UNSPECIFIED., .F., .F., .T. ) 
 B_SPLINE_SURFACE_WITH_KNOTS ( ( 4, 2, 2, 2, 4 ),
 ( 3, 3 ),
 ( -2.886688284242655600E-018, 0.0001199729598196696100, 0.0002399459196393420900, 0.0003599188794590146000, 0.0004798918392786870500 ),
 ( 0.0000000000000000000, 1.000000000000000000 ),
 .UNSPECIFIED. ) 
 GEOMETRIC_REPRESENTATION_ITEM ( )  RATIONAL_B_SPLINE_SURFACE ( (
 ( 1.000000000000000000, 0.5690035219446330000, 1.000000000000000000),
 ( 1.000000000000000000, 0.5743875454755034100, 1.000000000000000000),
 ( 1.000000000000000000, 0.6220222835497388700, 1.000000000000000000),
 ( 1.000000000000000000, 0.7043631999490416200, 1.000000000000000000),
 ( 1.000000000000000000, 0.7383799745424846100, 1.000000000000000000),
 ( 1.000000000000000000, 0.7386471029169965300, 1.000000000000000000),
 ( 1.000000000000000000, 0.7044708702063633400, 1.000000000000000000),
 ( 1.000000000000000000, 0.6219754216729949100, 1.000000000000000000),
 ( 1.000000000000000000, 0.5745583296934239100, 1.000000000000000000),
 ( 1.000000000000000000, 0.5690035219450039200, 1.000000000000000000) ) ) 
 REPRESENTATION_ITEM ( '' )  SURFACE ( )  );
#6606 = FACE_OUTER_BOUND ( 'NONE', #3788, .T. ) ;
#6607 = ORIENTED_EDGE ( 'NONE', *, *, #3095, .T. ) ;
#6608 = CARTESIAN_POINT ( 'NONE',  ( 0.1271363873288738100, 0.3526719237013085700, -0.4252583076315872300 ) ) ;
#6609 = CARTESIAN_POINT ( 'NONE',  ( -1.270000000000000200, -1.294999999999999900, 0.7700000000000012400 ) ) ;
#6610 = CARTESIAN_POINT ( 'NONE',  ( 0.6115395010584839800, -0.1520042734262302100, 7.809656893407565400E-017 ) ) ;
#6611 = DIRECTION ( 'NONE',  ( 1.000000000000000000, 0.0000000000000000000, 0.0000000000000000000 ) ) ;
#6612 =( GEOMETRIC_REPRESENTATION_CONTEXT ( 3 ) GLOBAL_UNCERTAINTY_ASSIGNED_CONTEXT ( ( #4615 ) ) GLOBAL_UNIT_ASSIGNED_CONTEXT ( ( #3395, #7891, #4029 ) ) REPRESENTATION_CONTEXT ( 'NONE', 'WORKASPACE' ) );
#6613 = ORIENTED_EDGE ( 'NONE', *, *, #4986, .F. ) ;
#6614 = CARTESIAN_POINT ( 'NONE',  ( 0.9581966011250105900, -1.395000000000000000, 1.169999999999999900 ) ) ;
#6615 = MECHANICAL_DESIGN_GEOMETRIC_PRESENTATION_REPRESENTATION (  '', ( #5747 ), #7032 ) ;
#6616 = VECTOR ( 'NONE', #1395, 1000.000000000000000 ) ;
#6617 = DIRECTION ( 'NONE',  ( 0.0000000000000000000, 0.0000000000000000000, 1.000000000000000000 ) ) ;
#6618 = TOROIDAL_SURFACE ( 'NONE', #2601, 0.6499999999999994700, 0.05000000000000000300 ) ;
#6619 = VERTEX_POINT ( 'NONE', #5799 ) ;
#6620 = DIRECTION ( 'NONE',  ( 0.0000000000000000000, -1.000000000000000000, 0.0000000000000000000 ) ) ;
#6621 = ORIENTED_EDGE ( 'NONE', *, *, #1170, .T. ) ;
#6622 = CARTESIAN_POINT ( 'NONE',  ( -0.1518986748799022700, 0.2634659119459659100, 0.4083876577056279600 ) ) ;
#6623 = AXIS2_PLACEMENT_3D ( 'NONE', #1122, #5582, #1754 ) ;
#6624 = CARTESIAN_POINT ( 'NONE',  ( -1.047639320225002900, -1.294999999999999900, 1.214721359549995900 ) ) ;
#6625 = DIRECTION ( 'NONE',  ( -1.000000000000000000, 0.0000000000000000000, -3.252606517456511700E-015 ) ) ;
#6626 = EDGE_CURVE ( 'NONE', #7522, #4719, #956, .T. ) ;
#6627 = STYLED_ITEM ( 'NONE', ( #7823 ), #7687 ) ;
#6628 = CARTESIAN_POINT ( 'NONE',  ( -0.02529458252240660000, -1.223183884379456200, -0.2789380977350282600 ) ) ;
#6629 = EDGE_LOOP ( 'NONE', ( #3019, #1008, #1478, #6080 ) ) ;
#6630 = SURFACE_SIDE_STYLE ('',( #5372 ) ) ;
#6631 =( NAMED_UNIT ( * ) SI_UNIT ( $, .STERADIAN. ) SOLID_ANGLE_UNIT ( ) );
#6632 = MECHANICAL_DESIGN_GEOMETRIC_PRESENTATION_REPRESENTATION (  '', ( #5766 ), #7047 ) ;
#6633 = ORIENTED_EDGE ( 'NONE', *, *, #4553, .T. ) ;
#6634 = FACE_OUTER_BOUND ( 'NONE', #1147, .T. ) ;
#6635 = CARTESIAN_POINT ( 'NONE',  ( 3.238291957217206500E-018, 0.3525217918728552100, 0.0000000000000000000 ) ) ;
#6636 =( NAMED_UNIT ( * ) PLANE_ANGLE_UNIT ( ) SI_UNIT ( $, .RADIAN. ) );
#6637 =( LENGTH_UNIT ( ) NAMED_UNIT ( * ) SI_UNIT ( .MILLI., .METRE. ) );
#6638 = CARTESIAN_POINT ( 'NONE',  ( 0.02813856354319657600, -1.178184563225319600, 0.2585844265815918600 ) ) ;
#6639 = CONICAL_SURFACE ( 'NONE', #1705, 0.4439249933206986800, 0.09093103908173233400 ) ;
#6640 = CARTESIAN_POINT ( 'NONE',  ( 0.04563148714754382300, -1.162689442590120600, -0.2473901528439950100 ) ) ;
#6641 = ORIENTED_EDGE ( 'NONE', *, *, #5307, .F. ) ;
#6642 = ORIENTED_EDGE ( 'NONE', *, *, #3122, .T. ) ;
#6643 = FILL_AREA_STYLE ('',( #4104 ) ) ;
#6644 = FILL_AREA_STYLE_COLOUR ( '', #6776 ) ;
#6645 = UNCERTAINTY_MEASURE_WITH_UNIT (LENGTH_MEASURE( 1.000000000000000100E-005 ), #2704, 'distance_accuracy_value', 'NONE');
#6646 = EDGE_CURVE ( 'NONE', #1085, #5395, #4127, .T. ) ;
#6647 = B_SPLINE_CURVE_WITH_KNOTS ( 'NONE', 3,
 ( #6028, #5362, #3469, #7971 ),
 .UNSPECIFIED., .F., .F.,
 ( 4, 4 ),
 ( 0.0000000000000000000, 3.799199606258811400E-006 ),
 .UNSPECIFIED. ) ;
#6648 = CYLINDRICAL_SURFACE ( 'NONE', #5013, 0.1000000000000000500 ) ;
#6649 =( GEOMETRIC_REPRESENTATION_CONTEXT ( 3 ) GLOBAL_UNCERTAINTY_ASSIGNED_CONTEXT ( ( #4821 ) ) GLOBAL_UNIT_ASSIGNED_CONTEXT ( ( #275, #4702, #913 ) ) REPRESENTATION_CONTEXT ( 'NONE', 'WORKASPACE' ) );
#6650 = DIRECTION ( 'NONE',  ( -1.000000000000000000, 0.0000000000000000000, 0.0000000000000000000 ) ) ;
#6651 = CARTESIAN_POINT ( 'NONE',  ( -0.1056320419789229500, 0.3423693284024800800, -0.3953860902465080600 ) ) ;
#6652 = EDGE_LOOP ( 'NONE', ( #2129, #2110, #2567, #3718, #5489, #7688 ) ) ;
#6653 = CARTESIAN_POINT ( 'NONE',  ( 0.4139249933206985400, 0.8795106857790896400, 0.0000000000000000000 ) ) ;
#6654 = DIRECTION ( 'NONE',  ( 1.000000000000000000, 0.0000000000000000000, -1.224646799147353200E-016 ) ) ;
#6655 = SPHERICAL_SURFACE ( 'NONE', #7354, 0.1000000000000000100 ) ;
#6656 = MECHANICAL_DESIGN_GEOMETRIC_PRESENTATION_REPRESENTATION (  '', ( #5802 ), #7081 ) ;
#6657 = ORIENTED_EDGE ( 'NONE', *, *, #6066, .T. ) ;
#6658 = STYLED_ITEM ( 'NONE', ( #4785 ), #4017 ) ;
#6659 = CARTESIAN_POINT ( 'NONE',  ( 0.9305572809000078900, 1.395000000000000000, -1.225278640450005600 ) ) ;
#6660 = DIRECTION ( 'NONE',  ( -1.447553700753488400E-016, 1.000000000000000000, -0.0000000000000000000 ) ) ;
#6661 = CARTESIAN_POINT ( 'NONE',  ( 0.04975845228880829800, -1.153873168739429500, 0.05005137297963068600 ) ) ;
#6662 = APPLICATION_PROTOCOL_DEFINITION ( 'draft international standard', 'automotive_design', 1998, #2185 ) ;
#6663 = CIRCLE ( 'NONE', #1507, 0.01999999999999999700 ) ;
#6664 = ORIENTED_EDGE ( 'NONE', *, *, #5466, .T. ) ;
#6665 = DIRECTION ( 'NONE',  ( 1.224646799147353200E-016, 1.772742006221665100E-032, 1.000000000000000000 ) ) ;
#6666 = EDGE_LOOP ( 'NONE', ( #8160, #5292, #2286, #7663 ) ) ;
#6667 = CARTESIAN_POINT ( 'NONE',  ( 0.02529458252240696400, -1.223183884379456200, -0.2789380977350282600 ) ) ;
#6668 =( GEOMETRIC_REPRESENTATION_CONTEXT ( 3 ) GLOBAL_UNCERTAINTY_ASSIGNED_CONTEXT ( ( #1309 ) ) GLOBAL_UNIT_ASSIGNED_CONTEXT ( ( #5025, #1211, #5688 ) ) REPRESENTATION_CONTEXT ( 'NONE', 'WORKASPACE' ) );
#6669 = STYLED_ITEM ( 'NONE', ( #2285 ), #5228 ) ;
#6670 = EDGE_CURVE ( 'NONE', #2805, #6977, #7414, .T. ) ;
#6671 = CARTESIAN_POINT ( 'NONE',  ( 0.03003326316415764300, -1.149922847605639800, -0.2556207292921386400 ) ) ;
#6672 = CARTESIAN_POINT ( 'NONE',  ( -0.09950373417811581000, -0.4951457862975171000, 0.3527858476656498500 ) ) ;
#6673 = ORIENTED_EDGE ( 'NONE', *, *, #7830, .T. ) ;
#6674 = ORIENTED_EDGE ( 'NONE', *, *, #3202, .T. ) ;
#6675 = SURFACE_STYLE_USAGE ( .BOTH. , #2197 ) ;
#6676 = SURFACE_STYLE_FILL_AREA ( #4326 ) ;
#6677 = DIRECTION ( 'NONE',  ( 1.224646799147353200E-016, 1.772742006221665100E-032, 1.000000000000000000 ) ) ;
#6678 = SURFACE_SIDE_STYLE ('',( #1188 ) ) ;
#6679 = DIRECTION ( 'NONE',  ( -1.084202172485505800E-015, 0.0000000000000000000, -1.000000000000000000 ) ) ;
#6680 = DIRECTION ( 'NONE',  ( -1.447553700753488400E-016, 1.000000000000000000, -0.0000000000000000000 ) ) ;
#6681 = FACE_OUTER_BOUND ( 'NONE', #6837, .T. ) ;
#6682 = ORIENTED_EDGE ( 'NONE', *, *, #6885, .T. ) ;
#6683 = MECHANICAL_DESIGN_GEOMETRIC_PRESENTATION_REPRESENTATION (  '', ( #5831 ), #7111 ) ;
#6684 = PRODUCT_DEFINITION_FORMATION_WITH_SPECIFIED_SOURCE ( 'ANY', '', #2657, .NOT_KNOWN. ) ;
#6685 = DIRECTION ( 'NONE',  ( 1.447553700753488400E-016, -1.000000000000000000, 0.0000000000000000000 ) ) ;
#6686 = CARTESIAN_POINT ( 'NONE',  ( -0.6499999999999994700, 0.6949999999999998400, 0.0000000000000000000 ) ) ;
#6687 = CARTESIAN_POINT ( 'NONE',  ( 0.2956967040367778400, -2.808002996330203300, 3.621240221170616600E-017 ) ) ;
#6688 =( REPRESENTATION_RELATIONSHIP ('NONE','NONE', #3678, #2213 ) REPRESENTATION_RELATIONSHIP_WITH_TRANSFORMATION ( #3476 )SHAPE_REPRESENTATION_RELATIONSHIP( ) );
#6689 = VECTOR ( 'NONE', #3596, 1000.000000000000000 ) ;
#6690 = VERTEX_POINT ( 'NONE', #5855 ) ;
#6691 = COLOUR_RGB ( '',0.1098039215686274500, 0.1098039215686274500, 0.1098039215686274500 ) ;
#6692 = DIRECTION ( 'NONE',  ( 0.8378260164632646000, 0.5459373280306976100, 2.710505431213760700E-015 ) ) ;
#6693 = UNCERTAINTY_MEASURE_WITH_UNIT (LENGTH_MEASURE( 1.000000000000000100E-005 ), #5102, 'distance_accuracy_value', 'NONE');
#6694 = EDGE_CURVE ( 'NONE', #4680, #1529, #7364, .T. ) ;
#6695 =( GEOMETRIC_REPRESENTATION_CONTEXT ( 3 ) GLOBAL_UNCERTAINTY_ASSIGNED_CONTEXT ( ( #2239 ) ) GLOBAL_UNIT_ASSIGNED_CONTEXT ( ( #997, #5443, #1632 ) ) REPRESENTATION_CONTEXT ( 'NONE', 'WORKASPACE' ) );
#6696 = ORIENTED_EDGE ( 'NONE', *, *, #4639, .F. ) ;
#6697 = ORIENTED_EDGE ( 'NONE', *, *, #4349, .T. ) ;
#6698 =( NAMED_UNIT ( * ) SI_UNIT ( $, .STERADIAN. ) SOLID_ANGLE_UNIT ( ) );
#6699 = CARTESIAN_POINT ( 'NONE',  ( 0.0000000000000000000, -1.395000000000000000, 1.270000000000000000 ) ) ;
#6700 = CIRCLE ( 'NONE', #4924, 0.02000000000000000000 ) ;
#6701 = UNCERTAINTY_MEASURE_WITH_UNIT (LENGTH_MEASURE( 1.000000000000000100E-005 ), #191, 'distance_accuracy_value', 'NONE');
#6702 =( LENGTH_UNIT ( ) NAMED_UNIT ( * ) SI_UNIT ( .MILLI., .METRE. ) );
#6703 = CONTEXT_DEPENDENT_SHAPE_REPRESENTATION ( #6688, #2480 ) ;
#6704 = CARTESIAN_POINT ( 'NONE',  ( 2.284470036375957900E-016, -1.203266511961066800, 0.0000000000000000000 ) ) ;
#6705 = CARTESIAN_POINT ( 'NONE',  ( 1.370000000000000100, 1.294999999999999900, 0.6700000000000002600 ) ) ;
#6706 = CARTESIAN_POINT ( 'NONE',  ( -0.9099999999999992500, 0.7149999999999999700, 0.0000000000000000000 ) ) ;
#6707 = ORIENTED_EDGE ( 'NONE', *, *, #7454, .T. ) ;
#6708 = EDGE_CURVE ( 'NONE', #5234, #4695, #2651, .T. ) ;
#6709 = FILL_AREA_STYLE ('',( #6046 ) ) ;
#6710 = CARTESIAN_POINT ( 'NONE',  ( 0.1273231490023189500, 0.3012724003432556400, -0.3926396717943608800 ) ) ;
#6711 = CARTESIAN_POINT ( 'NONE',  ( -9.265898622708170100E-017, 1.015000000000000300, 0.0000000000000000000 ) ) ;
#6712 = CIRCLE ( 'NONE', #8289, 0.5158374504826133100 ) ;
#6713 = AXIS2_PLACEMENT_3D ( 'NONE', #1227, #5704, #1873 ) ;
#6714 = CIRCLE ( 'NONE', #2477, 0.4500000000000050600 ) ;
#6715 = ORIENTED_EDGE ( 'NONE', *, *, #6285, .F. ) ;
#6716 = DIRECTION ( 'NONE',  ( 0.4472135954999562100, 0.0000000000000000000, -0.8944271909999167400 ) ) ;
#6717 = CARTESIAN_POINT ( 'NONE',  ( -0.04563148714754349000, -1.162689442590120600, 0.2473901528439950700 ) ) ;
#6718 = AXIS2_PLACEMENT_3D ( 'NONE', #750, #5170, #1363 ) ;
#6719 = CIRCLE ( 'NONE', #6736, 0.6115395010584838700 ) ;
#6720 = FACE_OUTER_BOUND ( 'NONE', #2839, .T. ) ;
#6721 = DIRECTION ( 'NONE',  ( 0.0000000000000000000, 0.0000000000000000000, 1.000000000000000000 ) ) ;
#6722 = AXIS2_PLACEMENT_3D ( 'NONE', #1954, #6426, #2596 ) ;
#6723 = EDGE_CURVE ( 'NONE', #6044, #6578, #3939, .T. ) ;
#6724 = ORIENTED_EDGE ( 'NONE', *, *, #3542, .T. ) ;
#6725 = ORIENTED_EDGE ( 'NONE', *, *, #6428, .F. ) ;
#6726 =( NAMED_UNIT ( * ) SI_UNIT ( $, .STERADIAN. ) SOLID_ANGLE_UNIT ( ) );
#6727 = VECTOR ( 'NONE', #5973, 1000.000000000000000 ) ;
#6728 = DIRECTION ( 'NONE',  ( -0.0000000000000000000, 1.000000000000000000, -0.0000000000000000000 ) ) ;
#6729 = CARTESIAN_POINT ( 'NONE',  ( 0.8159999999999999500, -1.954016994374949500, 1.677999999999999900 ) ) ;
#6730 = CIRCLE ( 'NONE', #8279, 0.6099999999999994300 ) ;
#6731 = ORIENTED_EDGE ( 'NONE', *, *, #3144, .F. ) ;
#6732 = CARTESIAN_POINT ( 'NONE',  ( -7.304618040577853400E-017, 0.8795106857790895300, 0.0000000000000000000 ) ) ;
#6733 = DIRECTION ( 'NONE',  ( -1.447553700753488400E-016, 1.000000000000000000, -0.0000000000000000000 ) ) ;
#6734 = FILL_AREA_STYLE ('',( #5414 ) ) ;
#6735 = EDGE_CURVE ( 'NONE', #4720, #1612, #2451, .T. ) ;
#6736 = AXIS2_PLACEMENT_3D ( 'NONE', #3479, #7984, #4124 ) ;
#6737 = CARTESIAN_POINT ( 'NONE',  ( 0.04630770841790421400, -1.150767665139485100, 0.2525584207203315200 ) ) ;
#6738 = CARTESIAN_POINT ( 'NONE',  ( -0.03669984145454299700, 0.4003606294745034000, -0.4482196778388593500 ) ) ;
#6739 = DIRECTION ( 'NONE',  ( -1.447553700753488400E-016, 1.000000000000000000, -0.0000000000000000000 ) ) ;
#6740 = SURFACE_STYLE_FILL_AREA ( #5010 ) ;
#6741 = DIRECTION ( 'NONE',  ( 0.0000000000000000000, 1.000000000000000000, 0.0000000000000000000 ) ) ;
#6742 = DIRECTION ( 'NONE',  ( 0.0000000000000000000, 0.0000000000000000000, -1.000000000000000000 ) ) ;
#6743 = FACE_OUTER_BOUND ( 'NONE', #1692, .T. ) ;
#6744 = CLOSED_SHELL ( 'NONE', ( #1056, #7443, #5016, #2967, #3977, #479, #8110, #2607, #4933, #5840, #1477, #7733, #5182, #1931, #2350, #5922, #8254, #4543, #3848, #4204, #4588, #4333, #747, #38, #4632, #6512, #3049, #5142, #4414, #6557, #124, #3005, #5099, #3758, #3317, #5143, #5519, #828, #5662, #2024, #7051, #123, #7689, #4017, #167, #2441, #1975, #3803, #827 ) ) ;
#6745 = FILL_AREA_STYLE ('',( #4835 ) ) ;
#6746 =( LENGTH_UNIT ( ) NAMED_UNIT ( * ) SI_UNIT ( .MILLI., .METRE. ) );
#6747 = CARTESIAN_POINT ( 'NONE',  ( -0.1274216735989316100, 0.3525217918728549300, -0.4251585148178475000 ) ) ;
#6748 = EDGE_LOOP ( 'NONE', ( #442, #3667, #7578, #5782, #5601, #982, #6437, #2415, #4552, #7453, #6304, #3066 ) ) ;
#6749 = ORIENTED_EDGE ( 'NONE', *, *, #5735, .T. ) ;
#6750 = CARTESIAN_POINT ( 'NONE',  ( 1.449757355770272100E-013, -1001.147437826952700, 0.0000000000000000000 ) ) ;
#6751 = UNCERTAINTY_MEASURE_WITH_UNIT (LENGTH_MEASURE( 1.000000000000000100E-005 ), #6101, 'distance_accuracy_value', 'NONE');
#6752 = VERTEX_POINT ( 'NONE', #5884 ) ;
#6753 = FILL_AREA_STYLE ('',( #6090 ) ) ;
#6754 = ORIENTED_EDGE ( 'NONE', *, *, #7153, .F. ) ;
#6755 = EDGE_CURVE ( 'NONE', #5261, #274, #561, .T. ) ;
#6756 = AXIS2_PLACEMENT_3D ( 'NONE', #8243, #4348, #570 ) ;
#6757 = CARTESIAN_POINT ( 'NONE',  ( -1.592512904589490000E-032, 0.6850000000000000500, 0.0000000000000000000 ) ) ;
#6758 = ORIENTED_EDGE ( 'NONE', *, *, #1235, .F. ) ;
#6759 = CARTESIAN_POINT ( 'NONE',  ( -0.04955977419589136700, -1.205290237872890000, 0.2977002210804753400 ) ) ;
#6760 = CARTESIAN_POINT ( 'NONE',  ( -0.1250000000000000600, 0.2666198487095667900, -0.3792098549233096100 ) ) ;
#6761 = CARTESIAN_POINT ( 'NONE',  ( -0.1035444897624457200, 0.3455690675064073100, -0.3802899842792635800 ) ) ;
#6762 =( LENGTH_UNIT ( ) NAMED_UNIT ( * ) SI_UNIT ( .MILLI., .METRE. ) );
#6763 = CARTESIAN_POINT ( 'NONE',  ( -0.1518986748799406600, 0.2634659119465388400, -0.4083876577056597100 ) ) ;
#6764 =( NAMED_UNIT ( * ) SI_UNIT ( $, .STERADIAN. ) SOLID_ANGLE_UNIT ( ) );
#6765 = ORIENTED_EDGE ( 'NONE', *, *, #5011, .T. ) ;
#6766 = CARTESIAN_POINT ( 'NONE',  ( 3.302361896976791300E-016, -1.365000000000000000, -0.6399999999999993500 ) ) ;
#6767 =( GEOMETRIC_REPRESENTATION_CONTEXT ( 3 ) GLOBAL_UNCERTAINTY_ASSIGNED_CONTEXT ( ( #823 ) ) GLOBAL_UNIT_ASSIGNED_CONTEXT ( ( #643, #5075, #1269 ) ) REPRESENTATION_CONTEXT ( 'NONE', 'WORKASPACE' ) );
#6768 = AXIS2_PLACEMENT_3D ( 'NONE', #2088, #5892, #2728 ) ;
#6769 = CARTESIAN_POINT ( 'NONE',  ( 0.08300968199367726700, -0.7357752447042117400, 0.3356694795434635400 ) ) ;
#6770 = DIRECTION ( 'NONE',  ( 0.0000000000000000000, 0.08015153732945305700, -0.9967826899900124000 ) ) ;
#6771 = FILL_AREA_STYLE ('',( #5457 ) ) ;
#6772 = ORIENTED_EDGE ( 'NONE', *, *, #781, .T. ) ;
#6773 = CIRCLE ( 'NONE', #4937, 0.1000000000000000300 ) ;
#6774 =( NAMED_UNIT ( * ) SI_UNIT ( $, .STERADIAN. ) SOLID_ANGLE_UNIT ( ) );
#6775 = ORIENTED_EDGE ( 'NONE', *, *, #1949, .F. ) ;
#6776 = COLOUR_RGB ( '',0.1098039215686274500, 0.1098039215686274500, 0.1098039215686274500 ) ;
#6777 = ORIENTED_EDGE ( 'NONE', *, *, #2856, .F. ) ;
#6778 = AXIS2_PLACEMENT_3D ( 'NONE', #5540, #6164, #5575 ) ;
#6779 = EDGE_CURVE ( 'NONE', #4136, #2331, #7161, .T. ) ;
#6780 = SURFACE_SIDE_STYLE ('',( #1558 ) ) ;
#6781 = AXIS2_PLACEMENT_3D ( 'NONE', #1611, #8049, #4179 ) ;
#6782 = CARTESIAN_POINT ( 'NONE',  ( -0.04766718213877874100, -1.235051256728168800, 0.2952605299464017300 ) ) ;
#6783 = ORIENTED_EDGE ( 'NONE', *, *, #8178, .F. ) ;
#6784 = CARTESIAN_POINT ( 'NONE',  ( -0.03223724755186172000, -1.219553329243469700, 0.2918992484371495900 ) ) ;
#6785 =( NAMED_UNIT ( * ) SI_UNIT ( $, .STERADIAN. ) SOLID_ANGLE_UNIT ( ) );
#6786 = CARTESIAN_POINT ( 'NONE',  ( 0.1217074279400320700, 0.02017754323095796000, 0.3426698175347143200 ) ) ;
#6787 = FILL_AREA_STYLE_COLOUR ( '', #2103 ) ;
#6788 = CARTESIAN_POINT ( 'NONE',  ( -0.1274216735989316100, 0.3525217918728549300, -0.4251585148178475000 ) ) ;
#6789 = CARTESIAN_POINT ( 'NONE',  ( -0.02839801843284011800, -1.174314482592944400, 0.07640497171854207500 ) ) ;
#6790 = ORIENTED_EDGE ( 'NONE', *, *, #4359, .T. ) ;
#6791 = UNCERTAINTY_MEASURE_WITH_UNIT (LENGTH_MEASURE( 1.000000000000000100E-005 ), #6167, 'distance_accuracy_value', 'NONE');
#6792 =( NAMED_UNIT ( * ) PLANE_ANGLE_UNIT ( ) SI_UNIT ( $, .RADIAN. ) );
#6793 = DIRECTION ( 'NONE',  ( -1.000000000000000000, 0.0000000000000000000, 0.0000000000000000000 ) ) ;
#6794 = FILL_AREA_STYLE_COLOUR ( '', #6932 ) ;
#6795 = ORIENTED_EDGE ( 'NONE', *, *, #3630, .F. ) ;
#6796 = CARTESIAN_POINT ( 'NONE',  ( -0.02751437367195699500, -1.187495103238358900, 0.2376390385171720500 ) ) ;
#6797 = EDGE_CURVE ( 'NONE', #6561, #1671, #5424, .T. ) ;
#6798 = AXIS2_PLACEMENT_3D ( 'NONE', #6398, #6434, #2606 ) ;
#6799 = ADVANCED_FACE ( 'NONE', ( #3720 ), #2050, .T. ) ;
#6800 = VERTEX_POINT ( 'NONE', #3357 ) ;
#6801 = COLOUR_RGB ( '',1.000000000000000000, 0.8117647058823529400, 0.5019607843137254800 ) ;
#6802 = DIRECTION ( 'NONE',  ( 2.168404344971007700E-015, 0.0000000000000000000, 1.000000000000000000 ) ) ;
#6803 = CARTESIAN_POINT ( 'NONE',  ( -0.3049999999999992200, -2.867118494305994400, 0.0000000000000000000 ) ) ;
#6804 = FILL_AREA_STYLE_COLOUR ( '', #5403 ) ;
#6805 = STYLED_ITEM ( 'NONE', ( #4712 ), #37 ) ;
#6806 = CARTESIAN_POINT ( 'NONE',  ( -0.1250013331169635700, 0.2666397337462811400, -0.3897214476344246200 ) ) ;
#6807 = ORIENTED_EDGE ( 'NONE', *, *, #1436, .F. ) ;
#6808 =( LENGTH_UNIT ( ) NAMED_UNIT ( * ) SI_UNIT ( .MILLI., .METRE. ) );
#6809 =( LENGTH_UNIT ( ) NAMED_UNIT ( * ) SI_UNIT ( .MILLI., .METRE. ) );
#6810 = CARTESIAN_POINT ( 'NONE',  ( -0.1298371962130997800, 0.3488777234733824200, 0.4240801208536950600 ) ) ;
#6811 = VERTEX_POINT ( 'NONE', #1465 ) ;
#6812 = PRESENTATION_LAYER_ASSIGNMENT (  '', '', ( #7258 ) ) ;
#6813 = DIRECTION ( 'NONE',  ( -1.447553700753488400E-016, 1.000000000000000000, -0.0000000000000000000 ) ) ;
#6814 = DIRECTION ( 'NONE',  ( -1.000000000000000000, -1.480297366166852900E-016, 0.0000000000000000000 ) ) ;
#6815 = CARTESIAN_POINT ( 'NONE',  ( 0.03057919643951956600, -1.220719472394179900, 0.2903075681394132700 ) ) ;
#6816 = SURFACE_STYLE_FILL_AREA ( #1637 ) ;
#6817 = ORIENTED_EDGE ( 'NONE', *, *, #4211, .F. ) ;
#6818 = DIRECTION ( 'NONE',  ( 1.447553700753488400E-016, -1.000000000000000000, 0.0000000000000000000 ) ) ;
#6819 = CARTESIAN_POINT ( 'NONE',  ( 1.270000000000000000, 1.294999999999999900, -0.6700000000000002600 ) ) ;
#6820 = DIRECTION ( 'NONE',  ( 1.000000000000000000, -0.0000000000000000000, 2.168404344971010100E-015 ) ) ;
#6821 = ORIENTED_EDGE ( 'NONE', *, *, #904, .T. ) ;
#6822 =( NAMED_UNIT ( * ) SI_UNIT ( $, .STERADIAN. ) SOLID_ANGLE_UNIT ( ) );
#6823 = SURFACE_STYLE_FILL_AREA ( #5868 ) ;
#6824 = AXIS2_PLACEMENT_3D ( 'NONE', #1050, #8103, #4226 ) ;
#6825 = AXIS2_PLACEMENT_3D ( 'NONE', #8102, #4225, #445 ) ;
#6826 = EDGE_CURVE ( 'NONE', #5801, #4427, #6948, .T. ) ;
#6827 = AXIS2_PLACEMENT_3D ( 'NONE', #7419, #3552, #8060 ) ;
#6828 = CARTESIAN_POINT ( 'NONE',  ( -0.08930139472735537700, 0.3639323229894608800, 0.4135067913442587200 ) ) ;
#6829 = CARTESIAN_POINT ( 'NONE',  ( 0.04716643717787604600, -1.168966892875068700, 0.2335985046747819100 ) ) ;
#6830 = CARTESIAN_POINT ( 'NONE',  ( 0.0000000000000000000, -6.859999999999995900, 0.0000000000000000000 ) ) ;
#6831 = CIRCLE ( 'NONE', #3843, 0.02000000000000005200 ) ;
#6832 =( LENGTH_UNIT ( ) NAMED_UNIT ( * ) SI_UNIT ( .MILLI., .METRE. ) );
#6833 = CARTESIAN_POINT ( 'NONE',  ( -0.1528365209496182800, 0.2771113002136889000, -0.4093663275833519500 ) ) ;
#6834 = DIRECTION ( 'NONE',  ( 1.000000000000000000, 0.0000000000000000000, 0.0000000000000000000 ) ) ;
#6835 =( GEOMETRIC_REPRESENTATION_CONTEXT ( 3 ) GLOBAL_UNCERTAINTY_ASSIGNED_CONTEXT ( ( #350 ) ) GLOBAL_UNIT_ASSIGNED_CONTEXT ( ( #1166, #5640, #1812 ) ) REPRESENTATION_CONTEXT ( 'NONE', 'WORKASPACE' ) );
#6836 = ORIENTED_EDGE ( 'NONE', *, *, #111, .F. ) ;
#6837 = EDGE_LOOP ( 'NONE', ( #702, #3940, #2811, #5994 ) ) ;
#6838 = PRESENTATION_LAYER_ASSIGNMENT (  '', '', ( #6405 ) ) ;
#6839 = CARTESIAN_POINT ( 'NONE',  ( -0.08930139472585152400, 0.3639323229909619000, -0.4135067913449582700 ) ) ;
#6840 =( LENGTH_UNIT ( ) NAMED_UNIT ( * ) SI_UNIT ( .MILLI., .METRE. ) );
#6841 = CARTESIAN_POINT ( 'NONE',  ( 0.04509336079446793500, -1.161775126922636800, 0.2517606570222673500 ) ) ;
#6842 = AXIS2_PLACEMENT_3D ( 'NONE', #6185, #2361, #6843 ) ;
#6843 = DIRECTION ( 'NONE',  ( -1.000000000000000000, 0.0000000000000000000, 0.0000000000000000000 ) ) ;
#6844 = DIRECTION ( 'NONE',  ( -1.000000000000000000, 0.0000000000000000000, 0.0000000000000000000 ) ) ;
#6845 = CARTESIAN_POINT ( 'NONE',  ( 0.9581966011250104800, -1.294999999999999900, 1.169999999999999900 ) ) ;
#6846 = ADVANCED_FACE ( 'NONE', ( #5233 ), #7865, .T. ) ;
#6847 = VERTEX_POINT ( 'NONE', #2139 ) ;
#6848 = FILL_AREA_STYLE_COLOUR ( '', #6691 ) ;
#6849 = CARTESIAN_POINT ( 'NONE',  ( -7.424927725979431300E-017, 0.8878219273820058300, 0.0000000000000000000 ) ) ;
#6850 =( BOUNDED_SURFACE ( )  B_SPLINE_SURFACE ( 3, 2, ( 
 ( #5580, #2406, #3659 ),
 ( #8185, #4301, #518 ),
 ( #4954, #1146, #5614 ),
 ( #1785, #6250, #2436 ) ),
 .UNSPECIFIED., .F., .F., .T. ) 
 B_SPLINE_SURFACE_WITH_KNOTS ( ( 4, 4 ),
 ( 3, 3 ),
 ( 0.0000000000000000000, 0.001506231222728192900 ),
 ( 0.0000000000000000000, 1.000000000000000000 ),
 .UNSPECIFIED. ) 
 GEOMETRIC_REPRESENTATION_ITEM ( )  RATIONAL_B_SPLINE_SURFACE ( (
 ( 1.000000000000000000, 0.5690035219446320000, 1.000000000000000000),
 ( 1.000000000000000000, 0.5876933641502860600, 1.000000000000000000),
 ( 1.000000000000000000, 0.6105280666444312700, 1.000000000000000000),
 ( 1.000000000000000000, 0.6463599364788029700, 1.000000000000000000) ) ) 
 REPRESENTATION_ITEM ( '' )  SURFACE ( )  );
#6851 = PRESENTATION_LAYER_ASSIGNMENT (  '', '', ( #7295 ) ) ;
#6852 = CARTESIAN_POINT ( 'NONE',  ( -0.04582308236504344100, -1.165611245768674900, -0.2438594071229866500 ) ) ;
#6853 = EDGE_LOOP ( 'NONE', ( #5163, #8271, #528, #3658 ) ) ;
#6854 = CARTESIAN_POINT ( 'NONE',  ( 0.04630770841790421400, -1.150767665139485100, 0.2525584207203315200 ) ) ;
#6855 = EDGE_CURVE ( 'NONE', #6961, #1902, #6339, .T. ) ;
#6856 = PRESENTATION_STYLE_ASSIGNMENT (( #7827 ) ) ;
#6857 = VERTEX_POINT ( 'NONE', #6610 ) ;
#6858 = PRESENTATION_LAYER_ASSIGNMENT (  '', '', ( #6432 ) ) ;
#6859 = CARTESIAN_POINT ( 'NONE',  ( -0.1170318680200569900, 0.3209844147781588100, 0.3887347037613020400 ) ) ;
#6860 = FACE_OUTER_BOUND ( 'NONE', #3799, .T. ) ;
#6861 = CARTESIAN_POINT ( 'NONE',  ( 0.07352983993418539500, 0.3764315386877032400, -0.4188267342203617600 ) ) ;
#6862 = DIRECTION ( 'NONE',  ( -1.447553700753488400E-016, 1.000000000000000000, -0.0000000000000000000 ) ) ;
#6863 = FILL_AREA_STYLE ('',( #5565 ) ) ;
#6864 = DIRECTION ( 'NONE',  ( -1.447553700753488400E-016, 1.000000000000000000, -0.0000000000000000000 ) ) ;
#6865 = CARTESIAN_POINT ( 'NONE',  ( 1.047639320225002100, -1.294999999999999900, 1.214721359549995900 ) ) ;
#6866 = DIRECTION ( 'NONE',  ( 1.000000000000000000, 0.0000000000000000000, 1.224646799147353200E-016 ) ) ;
#6867 = VERTEX_POINT ( 'NONE', #4041 ) ;
#6868 = MECHANICAL_DESIGN_GEOMETRIC_PRESENTATION_REPRESENTATION (  '', ( #5132 ), #7316 ) ;
#6869 = LINE ( 'NONE', #2509, #3454 ) ;
#6870 = MECHANICAL_DESIGN_GEOMETRIC_PRESENTATION_REPRESENTATION (  '', ( #6010 ), #7318 ) ;
#6871 = CARTESIAN_POINT ( 'NONE',  ( -0.3939249933206987500, 0.8795106857790894200, 0.0000000000000000000 ) ) ;
#6872 = SURFACE_SIDE_STYLE ('',( #3302 ) ) ;
#6873 = CARTESIAN_POINT ( 'NONE',  ( 2.975399468465936100E-018, 0.3543379074933976100, 0.0000000000000000000 ) ) ;
#6874 =( LENGTH_UNIT ( ) NAMED_UNIT ( * ) SI_UNIT ( .MILLI., .METRE. ) );
#6875 = CARTESIAN_POINT ( 'NONE',  ( 0.04665775062062555600, -1.207915624153598400, -0.2978556382280119800 ) ) ;
#6876 = VERTEX_POINT ( 'NONE', #253 ) ;
#6877 = PRESENTATION_STYLE_ASSIGNMENT (( #7591 ) ) ;
#6878 = CARTESIAN_POINT ( 'NONE',  ( 4.567390804459024100E-016, -2.780355339059327900, 0.0000000000000000000 ) ) ;
#6879 = FILL_AREA_STYLE_COLOUR ( '', #4239 ) ;
#6880 =( GEOMETRIC_REPRESENTATION_CONTEXT ( 3 ) GLOBAL_UNCERTAINTY_ASSIGNED_CONTEXT ( ( #7776 ) ) GLOBAL_UNIT_ASSIGNED_CONTEXT ( ( #7023, #3177, #7670 ) ) REPRESENTATION_CONTEXT ( 'NONE', 'WORKASPACE' ) );
#6881 = EDGE_LOOP ( 'NONE', ( #5637, #2803, #6599, #3440 ) ) ;
#6882 = FILL_AREA_STYLE ('',( #8157 ) ) ;
#6883 = ORIENTED_EDGE ( 'NONE', *, *, #1647, .T. ) ;
#6884 = ADVANCED_FACE ( 'NONE', ( #4620 ), #2154, .F. ) ;
#6885 = EDGE_CURVE ( 'NONE', #6252, #5775, #2924, .T. ) ;
#6886 = CARTESIAN_POINT ( 'NONE',  ( 0.6638742588672274000, 0.005000000000000108500, 8.130114861580714300E-017 ) ) ;
#6887 = STYLED_ITEM ( 'NONE', ( #6907 ), #7816 ) ;
#6888 =( GEOMETRIC_REPRESENTATION_CONTEXT ( 3 ) GLOBAL_UNCERTAINTY_ASSIGNED_CONTEXT ( ( #6019 ) ) GLOBAL_UNIT_ASSIGNED_CONTEXT ( ( #6327, #2507, #6976 ) ) REPRESENTATION_CONTEXT ( 'NONE', 'WORKASPACE' ) );
#6889 = FILL_AREA_STYLE ('',( #1103 ) ) ;
#6890 = CIRCLE ( 'NONE', #1093, 0.02999999999999997100 ) ;
#6891 = ORIENTED_EDGE ( 'NONE', *, *, #2919, .T. ) ;
#6892 = DIRECTION ( 'NONE',  ( -1.447553700753488400E-016, 1.000000000000000000, -0.0000000000000000000 ) ) ;
#6893 =( NAMED_UNIT ( * ) SI_UNIT ( $, .STERADIAN. ) SOLID_ANGLE_UNIT ( ) );
#6894 = FILL_AREA_STYLE_COLOUR ( '', #716 ) ;
#6895 = B_SPLINE_CURVE_WITH_KNOTS ( 'NONE', 3,
 ( #6390, #56, #2594, #7065, #3232, #7719, #3863, #83, #4488, #714, #5145, #1335, #5819, #1981, #6451, #3582, #8088, #4214, #432, #4872, #1067, #5517, #1700, #6171, #2347, #6828, #2975, #7477, #3607, #8127, #4243, #460, #4903, #1096, #5550, #1731, #6200 ),
 .UNSPECIFIED., .F., .F.,
 ( 4, 3, 3, 3, 3, 3, 3, 3, 3, 3, 3, 3, 4 ),
 ( -5.999999358898470000E-008, 0.0000000000000000000, 4.462954405505827700E-005, 8.527446366938276600E-005, 0.0001290751634731807700, 0.0001735661046333045700, 0.0002151060098382216600, 0.0002539914287512095700, 0.0002934419628895943600, 0.0003358213765409756800, 0.0003804737619008992900, 0.0004156824711664647900, 0.0004157424711611784100 ),
 .UNSPECIFIED. ) ;
#6896 = UNCERTAINTY_MEASURE_WITH_UNIT (LENGTH_MEASURE( 1.000000000000000100E-005 ), #239, 'distance_accuracy_value', 'NONE');
#6897 = CARTESIAN_POINT ( 'NONE',  ( 0.1069180516808254700, 0.3402937159746560200, 0.3947436973228087800 ) ) ;
#6898 = CARTESIAN_POINT ( 'NONE',  ( 0.1249999999999997400, 0.2666198487095638400, -0.3897197719169306400 ) ) ;
#6899 = DIRECTION ( 'NONE',  ( 0.0000000000000000000, -0.0000000000000000000, -1.000000000000000000 ) ) ;
#6900 = EDGE_CURVE ( 'NONE', #1422, #1383, #5906, .T. ) ;
#6901 = VERTEX_POINT ( 'NONE', #2747 ) ;
#6902 = CARTESIAN_POINT ( 'NONE',  ( -0.02513773585898713300, -1.222945504588554200, -0.2763272670030129100 ) ) ;
#6903 = DIRECTION ( 'NONE',  ( -0.0000000000000000000, 1.000000000000000000, 0.0000000000000000000 ) ) ;
#6904 = CIRCLE ( 'NONE', #5694, 0.02000000000000000000 ) ;
#6905 = CARTESIAN_POINT ( 'NONE',  ( -0.1201726680761350800, 0.3185776069583067200, -0.3874854634624675400 ) ) ;
#6906 = CARTESIAN_POINT ( 'NONE',  ( 0.02551473994300775300, -1.223343405455788800, -0.2806747823464544300 ) ) ;
#6907 = PRESENTATION_STYLE_ASSIGNMENT (( #5913 ) ) ;
#6908 = ORIENTED_EDGE ( 'NONE', *, *, #4076, .T. ) ;
#6909 = ORIENTED_EDGE ( 'NONE', *, *, #5466, .F. ) ;
#6910 = EDGE_CURVE ( 'NONE', #6408, #1107, #660, .T. ) ;
#6911 = FILL_AREA_STYLE_COLOUR ( '', #295 ) ;
#6912 = AXIS2_PLACEMENT_3D ( 'NONE', #2940, #7446, #3576 ) ;
#6913 =( NAMED_UNIT ( * ) SI_UNIT ( $, .STERADIAN. ) SOLID_ANGLE_UNIT ( ) );
#6914 = PRESENTATION_STYLE_ASSIGNMENT (( #2503 ) ) ;
#6915 = CARTESIAN_POINT ( 'NONE',  ( 0.04630770841790421400, -1.150767665139485100, 0.2525584207203315200 ) ) ;
#6916 = EDGE_LOOP ( 'NONE', ( #6657, #5494, #5071, #678 ) ) ;
#6917 = ORIENTED_EDGE ( 'NONE', *, *, #580, .F. ) ;
#6918 = CYLINDRICAL_SURFACE ( 'NONE', #5297, 0.1000000000000000500 ) ;
#6919 = SURFACE_SIDE_STYLE ('',( #7973 ) ) ;
#6920 = LINE ( 'NONE', #2737, #5203 ) ;
#6921 = AXIS2_PLACEMENT_3D ( 'NONE', #7458, #3592, #8097 ) ;
#6922 = DIRECTION ( 'NONE',  ( -0.0000000000000000000, 0.0000000000000000000, 1.000000000000000000 ) ) ;
#6923 =( GEOMETRIC_REPRESENTATION_CONTEXT ( 3 ) GLOBAL_UNCERTAINTY_ASSIGNED_CONTEXT ( ( #352 ) ) GLOBAL_UNIT_ASSIGNED_CONTEXT ( ( #6326, #2506, #6975 ) ) REPRESENTATION_CONTEXT ( 'NONE', 'WORKASPACE' ) );
#6924 = DIRECTION ( 'NONE',  ( -1.447553700753488400E-016, 1.000000000000000000, -0.0000000000000000000 ) ) ;
#6925 = SURFACE_STYLE_USAGE ( .BOTH. , #2452 ) ;
#6926 =( GEOMETRIC_REPRESENTATION_CONTEXT ( 3 ) GLOBAL_UNCERTAINTY_ASSIGNED_CONTEXT ( ( #557 ) ) GLOBAL_UNIT_ASSIGNED_CONTEXT ( ( #5482, #1669, #6139 ) ) REPRESENTATION_CONTEXT ( 'NONE', 'WORKASPACE' ) );
#6927 = ORIENTED_EDGE ( 'NONE', *, *, #8021, .F. ) ;
#6928 = CARTESIAN_POINT ( 'NONE',  ( 0.1158236843077004900, 0.3543379074933757400, 0.3765126485473019300 ) ) ;
#6929 =( LENGTH_UNIT ( ) NAMED_UNIT ( * ) SI_UNIT ( .MILLI., .METRE. ) );
#6930 = CARTESIAN_POINT ( 'NONE',  ( 0.02751749980527879600, -1.187448473213238900, 0.2283363398061075700 ) ) ;
#6931 = ADVANCED_FACE ( 'NONE', ( #7260 ), #757, .F. ) ;
#6932 = COLOUR_RGB ( '',0.1098039215686274500, 0.1098039215686274500, 0.1098039215686274500 ) ;
#6933 = CARTESIAN_POINT ( 'NONE',  ( 0.6399999999999993500, 0.6850000000000001600, 0.0000000000000000000 ) ) ;
#6934 = DIRECTION ( 'NONE',  ( 1.000000000000000000, 0.0000000000000000000, 0.0000000000000000000 ) ) ;
#6935 = AXIS2_PLACEMENT_3D ( 'NONE', #5946, #4658, #877 ) ;
#6936 = SURFACE_STYLE_FILL_AREA ( #2296 ) ;
#6937 = EDGE_LOOP ( 'NONE', ( #3960, #942, #3689, #5890 ) ) ;
#6938 = CARTESIAN_POINT ( 'NONE',  ( 0.1250039847877977300, 0.2666795064426569200, 0.3792148628950601800 ) ) ;
#6939 = EDGE_CURVE ( 'NONE', #2805, #4442, #5520, .T. ) ;
#6940 = AXIS2_PLACEMENT_3D ( 'NONE', #2783, #7276, #3424 ) ;
#6941 = FILL_AREA_STYLE ('',( #6911 ) ) ;
#6942 =( NAMED_UNIT ( * ) SI_UNIT ( $, .STERADIAN. ) SOLID_ANGLE_UNIT ( ) );
#6943 =( LENGTH_UNIT ( ) NAMED_UNIT ( * ) SI_UNIT ( .MILLI., .METRE. ) );
#6944 = VERTEX_POINT ( 'NONE', #6687 ) ;
#6945 = ORIENTED_EDGE ( 'NONE', *, *, #2928, .F. ) ;
#6946 = CARTESIAN_POINT ( 'NONE',  ( 0.06880018261063174100, 0.3849631580912019100, 0.4217451063880403600 ) ) ;
#6947 = DIRECTION ( 'NONE',  ( 0.0000000000000000000, 1.000000000000000000, 0.0000000000000000000 ) ) ;
#6948 = LINE ( 'NONE', #5937, #365 ) ;
#6949 = CARTESIAN_POINT ( 'NONE',  ( 0.1449552057015383900, 0.2652820275670788600, 0.3792098549233094400 ) ) ;
#6950 = DIRECTION ( 'NONE',  ( 1.224646799147353200E-016, 1.772742006221665100E-032, 1.000000000000000000 ) ) ;
#6951 = ORIENTED_EDGE ( 'NONE', *, *, #724, .F. ) ;
#6952 = UNCERTAINTY_MEASURE_WITH_UNIT (LENGTH_MEASURE( 1.000000000000000100E-005 ), #2522, 'distance_accuracy_value', 'NONE');
#6953 = FACE_OUTER_BOUND ( 'NONE', #2660, .T. ) ;
#6954 = ORIENTED_EDGE ( 'NONE', *, *, #5735, .F. ) ;
#6955 = ORIENTED_EDGE ( 'NONE', *, *, #3293, .F. ) ;
#6956 = EDGE_CURVE ( 'NONE', #2208, #2300, #1472, .T. ) ;
#6957 = CARTESIAN_POINT ( 'NONE',  ( 0.04157926065825130700, 0.4002162662394627100, 0.4139092811724751100 ) ) ;
#6958 = PRESENTATION_LAYER_ASSIGNMENT (  '', '', ( #6088 ) ) ;
#6959 = FACE_OUTER_BOUND ( 'NONE', #4650, .T. ) ;
#6960 = FILL_AREA_STYLE_COLOUR ( '', #1168 ) ;
#6961 = VERTEX_POINT ( 'NONE', #327 ) ;
#6962 = SURFACE_SIDE_STYLE ('',( #5000 ) ) ;
#6963 = ADVANCED_FACE ( 'NONE', ( #2429 ), #2229, .T. ) ;
#6964 = CARTESIAN_POINT ( 'NONE',  ( 0.02569776231328228500, -1.214592038838268500, 0.1842793770107373200 ) ) ;
#6965 = FACE_OUTER_BOUND ( 'NONE', #7163, .T. ) ;
#6966 = EDGE_CURVE ( 'NONE', #5998, #2633, #2, .T. ) ;
#6967 = CARTESIAN_POINT ( 'NONE',  ( -0.1546666456076533400, 0.3037474859024987300, 0.4112769338056022600 ) ) ;
#6968 = MECHANICAL_DESIGN_GEOMETRIC_PRESENTATION_REPRESENTATION (  '', ( #5681 ), #7408 ) ;
#6969 = VERTEX_POINT ( 'NONE', #6085 ) ;
#6970 = CARTESIAN_POINT ( 'NONE',  ( -0.1180273429977311100, 0.3525217918726870600, 0.3757410748851467400 ) ) ;
#6971 =( LENGTH_UNIT ( ) NAMED_UNIT ( * ) SI_UNIT ( .MILLI., .METRE. ) );
#6972 = CARTESIAN_POINT ( 'NONE',  ( 2.237306602527612600E-016, -1.170685037557874600, 0.0000000000000000000 ) ) ;
#6973 = CARTESIAN_POINT ( 'NONE',  ( -0.02529458252240660000, -1.223183884379456200, 0.2789380977350282600 ) ) ;
#6974 = CARTESIAN_POINT ( 'NONE',  ( 0.5999999999999999800, -0.1631138830084181400, 7.347880794884117800E-017 ) ) ;
#6975 =( NAMED_UNIT ( * ) SI_UNIT ( $, .STERADIAN. ) SOLID_ANGLE_UNIT ( ) );
#6976 =( NAMED_UNIT ( * ) SI_UNIT ( $, .STERADIAN. ) SOLID_ANGLE_UNIT ( ) );
#6977 = VERTEX_POINT ( 'NONE', #3526 ) ;
#6978 = CARTESIAN_POINT ( 'NONE',  ( 0.04978749811896360900, -1.205082627581610000, 0.2976813273944592400 ) ) ;
#6979 = ORIENTED_EDGE ( 'NONE', *, *, #1589, .T. ) ;
#6980 = AXIS2_PLACEMENT_3D ( 'NONE', #2153, #6625, #2782 ) ;
#6981 = PRESENTATION_STYLE_ASSIGNMENT (( #5638 ) ) ;
#6982 = STYLED_ITEM ( 'NONE', ( #7811 ), #5099 ) ;
#6983 = EDGE_CURVE ( 'NONE', #4039, #1015, #452, .T. ) ;
#6984 = CARTESIAN_POINT ( 'NONE',  ( -0.6499999999999994700, -0.005000000000000094600, 0.0000000000000000000 ) ) ;
#6985 = DIRECTION ( 'NONE',  ( 0.0000000000000000000, 0.0000000000000000000, 1.000000000000000000 ) ) ;
#6986 = AXIS2_PLACEMENT_3D ( 'NONE', #153, #4559, #791 ) ;
#6987 =( NAMED_UNIT ( * ) PLANE_ANGLE_UNIT ( ) SI_UNIT ( $, .RADIAN. ) );
#6988 = CARTESIAN_POINT ( 'NONE',  ( -0.1250000000000000600, 0.2666198487095667900, 0.3897197719169305200 ) ) ;
#6989 = ORIENTED_EDGE ( 'NONE', *, *, #3839, .T. ) ;
#6990 = ORIENTED_EDGE ( 'NONE', *, *, #3606, .F. ) ;
#6991 = CARTESIAN_POINT ( 'NONE',  ( -1.404282583519467900E-016, 1.345000000000000200, 0.0000000000000000000 ) ) ;
#6992 = SURFACE_STYLE_USAGE ( .BOTH. , #2521 ) ;
#6993 =( NAMED_UNIT ( * ) PLANE_ANGLE_UNIT ( ) SI_UNIT ( $, .RADIAN. ) );
#6994 = EDGE_CURVE ( 'NONE', #1253, #1682, #7346, .T. ) ;
#6995 = DIRECTION ( 'NONE',  ( -1.000000000000000000, 0.0000000000000000000, 0.0000000000000000000 ) ) ;
#6996 = PRESENTATION_STYLE_ASSIGNMENT (( #3565 ) ) ;
#6997 = ORIENTED_EDGE ( 'NONE', *, *, #5926, .T. ) ;
#6998 = AXIS2_PLACEMENT_3D ( 'NONE', #1203, #4390, #6995 ) ;
#6999 = MECHANICAL_DESIGN_GEOMETRIC_PRESENTATION_REPRESENTATION (  '', ( #5716 ), #7440 ) ;
#7000 =( BOUNDED_SURFACE ( )  B_SPLINE_SURFACE ( 3, 2, ( 
 ( #3509, #971, #389 ),
 ( #4822, #1021, #5468 ),
 ( #1653, #6123, #2304 ),
 ( #6782, #2925, #7430 ) ),
 .UNSPECIFIED., .F., .F., .T. ) 
 B_SPLINE_SURFACE_WITH_KNOTS ( ( 4, 4 ),
 ( 3, 3 ),
 ( -1.498843303241001900E-018, 0.001506231223347975300 ),
 ( 0.0000000000000000000, 1.000000000000000000 ),
 .UNSPECIFIED. ) 
 GEOMETRIC_REPRESENTATION_ITEM ( )  RATIONAL_B_SPLINE_SURFACE ( (
 ( 1.000000000000000000, 0.5690035219446314400, 1.000000000000000000),
 ( 1.000000000000000000, 0.5876933641492648700, 1.000000000000000000),
 ( 1.000000000000000000, 0.6105280666899821600, 1.000000000000000000),
 ( 1.000000000000000000, 0.6463599364778642700, 1.000000000000000000) ) ) 
 REPRESENTATION_ITEM ( '' )  SURFACE ( )  );
#7001 = CARTESIAN_POINT ( 'NONE',  ( 0.1249999999999997400, 0.2666198487095638400, 0.3792098549233094400 ) ) ;
#7002 = UNCERTAINTY_MEASURE_WITH_UNIT (LENGTH_MEASURE( 1.000000000000000100E-005 ), #7242, 'distance_accuracy_value', 'NONE');
#7003 = DIRECTION ( 'NONE',  ( 0.4472135954999580900, -0.0000000000000000000, 0.8944271909999158600 ) ) ;
#7004 = DIRECTION ( 'NONE',  ( -1.000000000000000000, 0.0000000000000000000, 0.0000000000000000000 ) ) ;
#7005 = SURFACE_STYLE_FILL_AREA ( #2115 ) ;
#7006 = CARTESIAN_POINT ( 'NONE',  ( 0.1049476582995787400, 0.3434191609326430700, -0.3956286048806627000 ) ) ;
#7007 = CARTESIAN_POINT ( 'NONE',  ( -0.04815525368730604700, -1.165334330167917800, 0.1902721288469527400 ) ) ;
#7008 = EDGE_LOOP ( 'NONE', ( #2512, #6370, #553, #921 ) ) ;
#7009 = CARTESIAN_POINT ( 'NONE',  ( 0.02276341092520388700, 0.4060173435856843100, 0.4439408009513051700 ) ) ;
#7010 = CARTESIAN_POINT ( 'NONE',  ( 0.5299470081275747800, 1.015000000000000600, 6.489979072211510600E-017 ) ) ;
#7011 = ADVANCED_FACE ( 'NONE', ( #3918 ), #7133, .F. ) ;
#7012 =( GEOMETRIC_REPRESENTATION_CONTEXT ( 3 ) GLOBAL_UNCERTAINTY_ASSIGNED_CONTEXT ( ( #5027 ) ) GLOBAL_UNIT_ASSIGNED_CONTEXT ( ( #3352, #7838, #3986 ) ) REPRESENTATION_CONTEXT ( 'NONE', 'WORKASPACE' ) );
#7013 = FACE_OUTER_BOUND ( 'NONE', #7357, .T. ) ;
#7014 = PRESENTATION_STYLE_ASSIGNMENT (( #2259 ) ) ;
#7015 = VERTEX_POINT ( 'NONE', #6110 ) ;
#7016 = ORIENTED_EDGE ( 'NONE', *, *, #1387, .F. ) ;
#7017 = CARTESIAN_POINT ( 'NONE',  ( -0.09664169430466182400, 0.3800407898022525300, -0.3820143417708763400 ) ) ;
#7018 = CARTESIAN_POINT ( 'NONE',  ( 3.991483021557144700E-016, -2.382506345545577700, 0.0000000000000000000 ) ) ;
#7019 = SURFACE_STYLE_FILL_AREA ( #1584 ) ;
#7020 = PRESENTATION_STYLE_ASSIGNMENT (( #7048 ) ) ;
#7021 = EDGE_CURVE ( 'NONE', #7294, #6944, #3700, .T. ) ;
#7022 = ORIENTED_EDGE ( 'NONE', *, *, #4539, .F. ) ;
#7023 =( LENGTH_UNIT ( ) NAMED_UNIT ( * ) SI_UNIT ( .MILLI., .METRE. ) );
#7024 = DIRECTION ( 'NONE',  ( 1.447553700753488400E-016, -1.000000000000000000, 0.0000000000000000000 ) ) ;
#7025 = CARTESIAN_POINT ( 'NONE',  ( 0.1187129824162729100, 0.3224212513723950200, -0.3732063447752787000 ) ) ;
#7026 = FILL_AREA_STYLE_COLOUR ( '', #8118 ) ;
#7027 = COLOUR_RGB ( '',1.000000000000000000, 0.8117647058823529400, 0.5019607843137254800 ) ;
#7028 = CARTESIAN_POINT ( 'NONE',  ( 0.1117898246928620300, 0.3331452681402512500, -0.4448473373206982000 ) ) ;
#7029 = SURFACE_STYLE_FILL_AREA ( #476 ) ;
#7030 = CARTESIAN_POINT ( 'NONE',  ( -0.9581966011250113700, 1.294999999999999900, 1.169999999999999900 ) ) ;
#7031 = CARTESIAN_POINT ( 'NONE',  ( -0.04560131492474169700, 0.4008046145208382600, -0.4420829618971498500 ) ) ;
#7032 =( GEOMETRIC_REPRESENTATION_CONTEXT ( 3 ) GLOBAL_UNCERTAINTY_ASSIGNED_CONTEXT ( ( #6751 ) ) GLOBAL_UNIT_ASSIGNED_CONTEXT ( ( #6101, #2280, #6764 ) ) REPRESENTATION_CONTEXT ( 'NONE', 'WORKASPACE' ) );
#7033 = DIRECTION ( 'NONE',  ( 1.000000000000000000, -0.0000000000000000000, -1.084202172485506600E-015 ) ) ;
#7034 = DIRECTION ( 'NONE',  ( -1.000000000000000000, -1.355252715606880800E-016, 0.0000000000000000000 ) ) ;
#7035 = LINE ( 'NONE', #5217, #5312 ) ;
#7036 = CARTESIAN_POINT ( 'NONE',  ( -0.001128244919526994700, 0.4212940703017977200, 0.3942587245718270400 ) ) ;
#7037 = EDGE_LOOP ( 'NONE', ( #5588, #1162, #6277, #4273 ) ) ;
#7038 = EDGE_LOOP ( 'NONE', ( #1620, #4358, #1652, #8196, #6297 ) ) ;
#7039 = CARTESIAN_POINT ( 'NONE',  ( 0.1175265972888180500, 0.3204703966873699300, 0.3811175997667001800 ) ) ;
#7040 = CARTESIAN_POINT ( 'NONE',  ( 0.07340492231276205000, 0.3992048752146421500, -0.3872283701737905800 ) ) ;
#7041 = CARTESIAN_POINT ( 'NONE',  ( -1.020000000000000500, 1.395000000000000000, -1.169999999999999900 ) ) ;
#7042 = STYLED_ITEM ( 'NONE', ( #1277 ), #1677 ) ;
#7043 = EDGE_CURVE ( 'NONE', #7699, #4416, #5405, .T. ) ;
#7044 = ORIENTED_EDGE ( 'NONE', *, *, #7616, .T. ) ;
#7045 = PRESENTATION_LAYER_ASSIGNMENT (  '', '', ( #6627 ) ) ;
#7046 = B_SPLINE_CURVE_WITH_KNOTS ( 'NONE', 3,
 ( #6737, #396, #1658, #6130, #2309, #6786, #2929 ),
 .UNSPECIFIED., .F., .F.,
 ( 4, 3, 4 ),
 ( 8.216586644078459700E-017, 0.0006806336454097782900, 0.001424922211873021600 ),
 .UNSPECIFIED. ) ;
#7047 =( GEOMETRIC_REPRESENTATION_CONTEXT ( 3 ) GLOBAL_UNCERTAINTY_ASSIGNED_CONTEXT ( ( #3633 ) ) GLOBAL_UNIT_ASSIGNED_CONTEXT ( ( #5502, #1688, #6157 ) ) REPRESENTATION_CONTEXT ( 'NONE', 'WORKASPACE' ) );
#7048 = SURFACE_STYLE_USAGE ( .BOTH. , #2571 ) ;
#7049 = CARTESIAN_POINT ( 'NONE',  ( 0.1165697312117606000, 0.3537363802477031000, 0.3762831478879514200 ) ) ;
#7050 = ADVANCED_FACE ( 'NONE', ( #2030 ), #1437, .T. ) ;
#7051 = ADVANCED_FACE ( 'NONE', ( #2910 ), #7435, .T. ) ;
#7052 = UNCERTAINTY_MEASURE_WITH_UNIT (LENGTH_MEASURE( 1.000000000000000100E-005 ), #8108, 'distance_accuracy_value', 'NONE');
#7053 = ORIENTED_EDGE ( 'NONE', *, *, #2400, .T. ) ;
#7054 = CARTESIAN_POINT ( 'NONE',  ( -1.476660268557142200E-016, 1.395000000000000000, 0.0000000000000000000 ) ) ;
#7055 = CARTESIAN_POINT ( 'NONE',  ( 0.03824400469747926000, 0.3943005575860810700, -0.3627149571478219800 ) ) ;
#7056 = CARTESIAN_POINT ( 'NONE',  ( -0.02751749980527845200, -1.187448473213238900, -0.2283363398061075400 ) ) ;
#7057 = CARTESIAN_POINT ( 'NONE',  ( -0.1180273429977300000, 0.3525217918726890100, -0.3757410748851473500 ) ) ;
#7058 = CARTESIAN_POINT ( 'NONE',  ( 0.09109214503312536300, -0.2391564462479880100, 0.3527891271054459100 ) ) ;
#7059 = CARTESIAN_POINT ( 'NONE',  ( -0.02994456013349121300, -1.151245959617462000, 0.2721492054816754300 ) ) ;
#7060 = CARTESIAN_POINT ( 'NONE',  ( 0.05040578780721547600, -1.152059224824062000, -0.04002103866582496000 ) ) ;
#7061 = ORIENTED_EDGE ( 'NONE', *, *, #6428, .T. ) ;
#7062 = FACE_OUTER_BOUND ( 'NONE', #7728, .T. ) ;
#7063 = CYLINDRICAL_SURFACE ( 'NONE', #7986, 0.6099999999999994300 ) ;
#7064 = SURFACE_SIDE_STYLE ('',( #8017 ) ) ;
#7065 = CARTESIAN_POINT ( 'NONE',  ( 0.1250039846481580400, 0.2666795043442997100, 0.3897248045160951500 ) ) ;
#7066 = EDGE_CURVE ( 'NONE', #6099, #4850, #5731, .T. ) ;
#7067 = CARTESIAN_POINT ( 'NONE',  ( 0.05180290865074894300, 0.3899539996405546000, 0.4274779452618296900 ) ) ;
#7068 = CARTESIAN_POINT ( 'NONE',  ( -0.02878729518101560600, -1.168507953350746100, 0.2300327145526186400 ) ) ;
#7069 = CIRCLE ( 'NONE', #9, 0.6499999999999994700 ) ;
#7070 = ORIENTED_EDGE ( 'NONE', *, *, #4328, .T. ) ;
#7071 = STYLED_ITEM ( 'NONE', ( #5239 ), #3005 ) ;
#7072 = VECTOR ( 'NONE', #5635, 1000.000000000000100 ) ;
#7073 = DIRECTION ( 'NONE',  ( 0.0000000000000000000, 0.07180449027731516900, 0.9974187261005355000 ) ) ;
#7074 = ORIENTED_EDGE ( 'NONE', *, *, #2525, .F. ) ;
#7075 =( LENGTH_UNIT ( ) NAMED_UNIT ( * ) SI_UNIT ( .MILLI., .METRE. ) );
#7076 = CARTESIAN_POINT ( 'NONE',  ( 0.6000000000000003100, -2.674289321881344600, 7.347880794884120200E-017 ) ) ;
#7077 = ORIENTED_EDGE ( 'NONE', *, *, #5269, .T. ) ;
#7078 = DIRECTION ( 'NONE',  ( 0.0000000000000000000, 1.000000000000000000, 0.0000000000000000000 ) ) ;
#7079 = CARTESIAN_POINT ( 'NONE',  ( 0.02859097773673102000, -1.171436263316180800, -0.2645665737518475000 ) ) ;
#7080 = SURFACE_STYLE_FILL_AREA ( #6941 ) ;
#7081 =( GEOMETRIC_REPRESENTATION_CONTEXT ( 3 ) GLOBAL_UNCERTAINTY_ASSIGNED_CONTEXT ( ( #7052 ) ) GLOBAL_UNIT_ASSIGNED_CONTEXT ( ( #8108, #8077, #4232 ) ) REPRESENTATION_CONTEXT ( 'NONE', 'WORKASPACE' ) );
#7082 = DIRECTION ( 'NONE',  ( -1.000000000000000000, -1.447553700753488400E-016, 0.0000000000000000000 ) ) ;
#7083 = PRESENTATION_LAYER_ASSIGNMENT (  '', '', ( #6658 ) ) ;
#7084 = VERTEX_POINT ( 'NONE', #4922 ) ;
#7085 = CARTESIAN_POINT ( 'NONE',  ( -0.04338467537588928900, 0.3925287066132329100, -0.4329048773303269000 ) ) ;
#7086 = ORIENTED_EDGE ( 'NONE', *, *, #4131, .T. ) ;
#7087 = DIRECTION ( 'NONE',  ( -0.0000000000000000000, -1.000000000000000000, -0.0000000000000000000 ) ) ;
#7088 = DIRECTION ( 'NONE',  ( -1.447553700753488400E-016, 1.000000000000000000, -0.0000000000000000000 ) ) ;
#7089 = CARTESIAN_POINT ( 'NONE',  ( 0.02751749980527881700, -1.187448473213238900, 0.2283363398061077100 ) ) ;
#7090 = TOROIDAL_SURFACE ( 'NONE', #3683, 0.3739249933206986200, 0.02000000000000000000 ) ;
#7091 = ADVANCED_FACE ( 'NONE', ( #4014 ), #1710, .T. ) ;
#7092 = ADVANCED_FACE ( 'NONE', ( #3214 ), #2327, .T. ) ;
#7093 = AXIS2_PLACEMENT_3D ( 'NONE', #3737, #6924, #6325 ) ;
#7094 = CARTESIAN_POINT ( 'NONE',  ( -0.1201444030969727500, 0.3104830563081733000, -0.3862523219097586100 ) ) ;
#7095 = VERTEX_POINT ( 'NONE', #513 ) ;
#7096 = PRESENTATION_LAYER_ASSIGNMENT (  '', '', ( #6669 ) ) ;
#7097 = DIRECTION ( 'NONE',  ( -1.000000000000000000, 0.0000000000000000000, -1.084202172485506600E-015 ) ) ;
#7098 = EDGE_CURVE ( 'NONE', #6570, #6961, #6423, .T. ) ;
#7099 = AXIS2_PLACEMENT_3D ( 'NONE', #1845, #6308, #2486 ) ;
#7100 = CARTESIAN_POINT ( 'NONE',  ( -0.03068726934371115300, 0.3972158409712646100, 0.3958542198949597800 ) ) ;
#7101 = CARTESIAN_POINT ( 'NONE',  ( -0.05040578780721540600, -1.152059224824062000, 0.04002103866582533400 ) ) ;
#7102 = CARTESIAN_POINT ( 'NONE',  ( 0.9581966011250107100, 1.294999999999999900, -1.169999999999999900 ) ) ;
#7103 = SURFACE_STYLE_FILL_AREA ( #1004 ) ;
#7104 = FACE_OUTER_BOUND ( 'NONE', #7554, .T. ) ;
#7105 = ORIENTED_EDGE ( 'NONE', *, *, #4948, .F. ) ;
#7106 = UNCERTAINTY_MEASURE_WITH_UNIT (LENGTH_MEASURE( 1.000000000000000100E-005 ), #3211, 'distance_accuracy_value', 'NONE');
#7107 = DIRECTION ( 'NONE',  ( -1.000000000000000000, 0.0000000000000000000, 0.0000000000000000000 ) ) ;
#7108 = CIRCLE ( 'NONE', #4280, 0.4500000000000050600 ) ;
#7109 = SURFACE_SIDE_STYLE ('',( #3891 ) ) ;
#7110 = PRESENTATION_STYLE_ASSIGNMENT (( #3272 ) ) ;
#7111 =( GEOMETRIC_REPRESENTATION_CONTEXT ( 3 ) GLOBAL_UNCERTAINTY_ASSIGNED_CONTEXT ( ( #8032 ) ) GLOBAL_UNIT_ASSIGNED_CONTEXT ( ( #754, #5174, #1369 ) ) REPRESENTATION_CONTEXT ( 'NONE', 'WORKASPACE' ) );
#7112 = PRODUCT_RELATED_PRODUCT_CATEGORY ( 'part', '', ( #2657 ) ) ;
#7113 = VERTEX_POINT ( 'NONE', #6933 ) ;
#7114 = VERTEX_POINT ( 'NONE', #4350 ) ;
#7115 = CARTESIAN_POINT ( 'NONE',  ( 0.1173023355465844000, 0.3531317127251695800, -0.3760271022964901100 ) ) ;
#7116 = FACE_OUTER_BOUND ( 'NONE', #7622, .T. ) ;
#7117 = CARTESIAN_POINT ( 'NONE',  ( -0.1138354600963323600, 0.3291977104406091900, -0.3756550685268764100 ) ) ;
#7118 = CIRCLE ( 'NONE', #2326, 0.6399999999999993500 ) ;
#7119 = CARTESIAN_POINT ( 'NONE',  ( -0.02908889619311677600, -1.164009212790337600, -0.2689008448169058500 ) ) ;
#7120 = VERTEX_POINT ( 'NONE', #573 ) ;
#7121 = CARTESIAN_POINT ( 'NONE',  ( 0.7850932023777778000, 1.373398854608770100, 9.614618773242908000E-017 ) ) ;
#7122 =( NAMED_UNIT ( * ) PLANE_ANGLE_UNIT ( ) SI_UNIT ( $, .RADIAN. ) );
#7123 = ORIENTED_EDGE ( 'NONE', *, *, #8191, .F. ) ;
#7124 = EDGE_CURVE ( 'NONE', #118, #1529, #8136, .T. ) ;
#7125 = SURFACE_SIDE_STYLE ('',( #4335 ) ) ;
#7126 = CARTESIAN_POINT ( 'NONE',  ( -0.9581966011250113700, 1.294999999999999700, 1.169999999999999900 ) ) ;
#7127 = TOROIDAL_SURFACE ( 'NONE', #6520, 0.4239249933206987700, 0.02000000000000000000 ) ;
#7128 =( NAMED_UNIT ( * ) PLANE_ANGLE_UNIT ( ) SI_UNIT ( $, .RADIAN. ) );
#7129 = CARTESIAN_POINT ( 'NONE',  ( -0.1063473373305611300, 0.3412228871188086600, 0.4175155822693079100 ) ) ;
#7130 = CARTESIAN_POINT ( 'NONE',  ( -0.02751749980527845900, -1.187448473213238900, -0.2283363398061075400 ) ) ;
#7131 = CARTESIAN_POINT ( 'NONE',  ( -0.04630770841790004400, -1.150767665139485100, -0.2525584207203323000 ) ) ;
#7132 = CIRCLE ( 'NONE', #6053, 0.4500000000000050600 ) ;
#7133 = TOROIDAL_SURFACE ( 'NONE', #7694, 0.3739249933206986200, 0.02000000000000000000 ) ;
#7134 = EDGE_CURVE ( 'NONE', #2453, #1934, #55, .T. ) ;
#7135 = FACE_OUTER_BOUND ( 'NONE', #5650, .T. ) ;
#7136 =( LENGTH_UNIT ( ) NAMED_UNIT ( * ) SI_UNIT ( .MILLI., .METRE. ) );
#7137 = AXIS2_PLACEMENT_3D ( 'NONE', #6991, #3143, #7646 ) ;
#7138 = SURFACE_STYLE_USAGE ( .BOTH. , #2661 ) ;
#7139 = DIRECTION ( 'NONE',  ( 0.0000000000000000000, 1.000000000000000000, 1.084202172485503800E-015 ) ) ;
#7140 = ADVANCED_FACE ( 'NONE', ( #1533 ), #4485, .T. ) ;
#7141 = ADVANCED_FACE ( 'NONE', ( #6634 ), #4103, .T. ) ;
#7142 = CARTESIAN_POINT ( 'NONE',  ( -0.1518986748799022700, 0.2634659119459659100, 0.4083876577056279600 ) ) ;
#7143 = ORIENTED_EDGE ( 'NONE', *, *, #4639, .T. ) ;
#7144 = DIRECTION ( 'NONE',  ( -1.447553700753488400E-016, 1.000000000000000000, -0.0000000000000000000 ) ) ;
#7145 = SPHERICAL_SURFACE ( 'NONE', #1020, 0.1000000000000000100 ) ;
#7146 = CARTESIAN_POINT ( 'NONE',  ( -8.976387882557473100E-017, 0.9950000000000004400, 0.0000000000000000000 ) ) ;
#7147 = AXIS2_PLACEMENT_3D ( 'NONE', #4251, #1948, #713 ) ;
#7148 = FILL_AREA_STYLE ('',( #768 ) ) ;
#7149 = CARTESIAN_POINT ( 'NONE',  ( -0.1180273429977300000, 0.3525217918726890100, -0.3757410748851473500 ) ) ;
#7150 = EDGE_LOOP ( 'NONE', ( #7705, #3253, #6552, #2980, #1755, #924, #2864, #70, #6013, #8209, #4409, #8241 ) ) ;
#7151 = VERTEX_POINT ( 'NONE', #632 ) ;
#7152 = AXIS2_PLACEMENT_3D ( 'NONE', #7184, #236, #509 ) ;
#7153 = EDGE_CURVE ( 'NONE', #4354, #5960, #7668, .T. ) ;
#7154 = CARTESIAN_POINT ( 'NONE',  ( -0.1158231730575406700, 0.3543379074933323300, 0.3765128058188666500 ) ) ;
#7155 = DIRECTION ( 'NONE',  ( 1.224646799147353200E-016, 1.772742006221665100E-032, 1.000000000000000000 ) ) ;
#7156 = MECHANICAL_DESIGN_GEOMETRIC_PRESENTATION_REPRESENTATION (  '', ( #4860 ), #7586 ) ;
#7157 = CARTESIAN_POINT ( 'NONE',  ( 0.3050000000000002200, -2.867118494305994400, 3.735172737399423300E-017 ) ) ;
#7158 = CARTESIAN_POINT ( 'NONE',  ( -0.1158231730575436800, 0.3543379074932623300, -0.3765128058188695900 ) ) ;
#7159 = ORIENTED_EDGE ( 'NONE', *, *, #655, .F. ) ;
#7160 =( NAMED_UNIT ( * ) PLANE_ANGLE_UNIT ( ) SI_UNIT ( $, .RADIAN. ) );
#7161 = CIRCLE ( 'NONE', #3881, 0.05000000000000002400 ) ;
#7162 =( BOUNDED_SURFACE ( )  B_SPLINE_SURFACE ( 3, 2, ( 
 ( #7588, #7560, #8246 ),
 ( #4352, #574, #5008 ),
 ( #1192, #5669, #1846 ),
 ( #6309, #2487, #6957 ),
 ( #3116, #7613, #3748 ),
 ( #8269, #4382, #600 ) ),
 .UNSPECIFIED., .F., .F., .T. ) 
 B_SPLINE_SURFACE_WITH_KNOTS ( ( 4, 2, 4 ),
 ( 3, 3 ),
 ( 0.0002600340791155557100, 0.0004057222728346026400, 0.0005514104665536495600 ),
 ( 0.0000000000000000000, 1.000000000000000000 ),
 .UNSPECIFIED. ) 
 GEOMETRIC_REPRESENTATION_ITEM ( )  RATIONAL_B_SPLINE_SURFACE ( (
 ( 1.000000000000000000, 0.7893827206240431300, 1.000000000000000000),
 ( 1.000000000000000000, 0.7546986951988334800, 1.000000000000000000),
 ( 1.000000000000000000, 0.7070061412501302800, 1.000000000000000000),
 ( 1.000000000000000000, 0.7072077710257485000, 1.000000000000000000),
 ( 1.000000000000000000, 0.7545164619810974500, 1.000000000000000000),
 ( 1.000000000000000000, 0.7894116659238674700, 1.000000000000000000) ) ) 
 REPRESENTATION_ITEM ( '' )  SURFACE ( )  );
#7163 = EDGE_LOOP ( 'NONE', ( #6696, #8016, #1872, #3707 ) ) ;
#7164 = CARTESIAN_POINT ( 'NONE',  ( -0.1250000000000000600, 0.2666198487095667900, 0.3790109896776369100 ) ) ;
#7165 =( BOUNDED_SURFACE ( )  B_SPLINE_SURFACE ( 3, 2, ( 
 ( #3828, #2556, #50 ),
 ( #4452, #676, #5110 ),
 ( #1299, #5780, #1943 ),
 ( #6417, #2587, #7059 ) ),
 .UNSPECIFIED., .F., .F., .T. ) 
 B_SPLINE_SURFACE_WITH_KNOTS ( ( 4, 4 ),
 ( 3, 3 ),
 ( 2.830271873054801900E-005, 9.129228335735353800E-005 ),
 ( 0.0000000000000000000, 1.000000000000000000 ),
 .UNSPECIFIED. ) 
 GEOMETRIC_REPRESENTATION_ITEM ( )  RATIONAL_B_SPLINE_SURFACE ( (
 ( 1.000000000000000000, 0.7239379160847394500, 1.000000000000000000),
 ( 1.000000000000000000, 0.7622221296108986400, 1.000000000000000000),
 ( 1.000000000000000000, 0.7775343599645891900, 1.000000000000000000),
 ( 1.000000000000000000, 0.7698294312092595100, 1.000000000000000000) ) ) 
 REPRESENTATION_ITEM ( '' )  SURFACE ( )  );
#7166 = TOROIDAL_SURFACE ( 'NONE', #7509, 0.8499999999999993100, 0.05000000000000000300 ) ;
#7167 = EDGE_CURVE ( 'NONE', #2750, #2244, #749, .T. ) ;
#7168 = AXIS2_PLACEMENT_3D ( 'NONE', #939, #5375, #1578 ) ;
#7169 = PRESENTATION_STYLE_ASSIGNMENT (( #3420 ) ) ;
#7170 = PRESENTATION_LAYER_ASSIGNMENT (  '', '', ( #5877 ) ) ;
#7171 = DIRECTION ( 'NONE',  ( -1.000000000000000000, 0.0000000000000000000, 0.0000000000000000000 ) ) ;
#7172 = ORIENTED_EDGE ( 'NONE', *, *, #7584, .T. ) ;
#7173 = CARTESIAN_POINT ( 'NONE',  ( 0.1069500050131804300, -0.2056458439791737400, -0.3262666793310079500 ) ) ;
#7174 = CARTESIAN_POINT ( 'NONE',  ( -0.1056392930043149300, -0.2267241590923740600, 0.3244054615139409500 ) ) ;
#7175 = DIRECTION ( 'NONE',  ( -1.447553700753488400E-016, 1.000000000000000000, -0.0000000000000000000 ) ) ;
#7176 = FACE_OUTER_BOUND ( 'NONE', #2536, .T. ) ;
#7177 = ORIENTED_EDGE ( 'NONE', *, *, #241, .T. ) ;
#7178 = CARTESIAN_POINT ( 'NONE',  ( -0.02666709960536384600, -1.222979491838891400, -0.2840257620198638500 ) ) ;
#7179 = VECTOR ( 'NONE', #7441, 1000.000000000000100 ) ;
#7180 = PRODUCT_DEFINITION_SHAPE ( 'NONE', 'NONE',  #8297 ) ;
#7181 = ORIENTED_EDGE ( 'NONE', *, *, #1402, .T. ) ;
#7182 = CARTESIAN_POINT ( 'NONE',  ( 0.06020760464785775800, -0.6998363808173625500, -0.3077258192088515000 ) ) ;
#7183 = TOROIDAL_SURFACE ( 'NONE', #1121, 0.9399999999999991700, 0.02999999999999999900 ) ;
#7184 = CARTESIAN_POINT ( 'NONE',  ( 4.413854548768852300E-016, -2.674289321881345000, 0.0000000000000000000 ) ) ;
#7185 = FILL_AREA_STYLE ('',( #6539 ) ) ;
#7186 = CARTESIAN_POINT ( 'NONE',  ( -1.270000000000000000, -1.395000000000000000, 1.270000000000000000 ) ) ;
#7187 = EDGE_LOOP ( 'NONE', ( #4963, #7172 ) ) ;
#7188 = DIRECTION ( 'NONE',  ( 0.0000000000000000000, -0.08015153732945326500, -0.9967826899900124000 ) ) ;
#7189 =( NAMED_UNIT ( * ) PLANE_ANGLE_UNIT ( ) SI_UNIT ( $, .RADIAN. ) );
#7190 = ADVANCED_FACE ( 'NONE', ( #5613 ), #5330, .T. ) ;
#7191 = ORIENTED_EDGE ( 'NONE', *, *, #3817, .F. ) ;
#7192 = ADVANCED_FACE ( 'NONE', ( #2419 ), #6163, .T. ) ;
#7193 = CARTESIAN_POINT ( 'NONE',  ( 0.0000000000000000000, -1.294999999999999900, 1.169999999999999900 ) ) ;
#7194 = CARTESIAN_POINT ( 'NONE',  ( -0.1069241233671471100, 0.3402872455622174000, -0.3947430299118225300 ) ) ;
#7195 = VECTOR ( 'NONE', #3, 1000.000000000000000 ) ;
#7196 =( NAMED_UNIT ( * ) SI_UNIT ( $, .STERADIAN. ) SOLID_ANGLE_UNIT ( ) );
#7197 = EDGE_CURVE ( 'NONE', #651, #6800, #7343, .T. ) ;
#7198 = CARTESIAN_POINT ( 'NONE',  ( -0.04766718213877874100, -1.235051256728168800, -0.2952605299464017300 ) ) ;
#7199 = FILL_AREA_STYLE ('',( #5236 ) ) ;
#7200 = SURFACE_STYLE_USAGE ( .BOTH. , #2710 ) ;
#7201 = CARTESIAN_POINT ( 'NONE',  ( 0.1250656858299102600, 0.2675996315862999000, 0.3655387589310534800 ) ) ;
#7202 = AXIS2_PLACEMENT_3D ( 'NONE', #6241, #6903, #5639 ) ;
#7203 = ORIENTED_EDGE ( 'NONE', *, *, #8087, .F. ) ;
#7204 = FILL_AREA_STYLE_COLOUR ( '', #6525 ) ;
#7205 =( NAMED_UNIT ( * ) SI_UNIT ( $, .STERADIAN. ) SOLID_ANGLE_UNIT ( ) );
#7206 = FACE_OUTER_BOUND ( 'NONE', #4217, .T. ) ;
#7207 = ORIENTED_EDGE ( 'NONE', *, *, #1605, .T. ) ;
#7208 = AXIS2_PLACEMENT_3D ( 'NONE', #777, #5201, #1393 ) ;
#7209 = AXIS2_PLACEMENT_3D ( 'NONE', #4626, #855, #5281 ) ;
#7210 = FACE_OUTER_BOUND ( 'NONE', #6145, .T. ) ;
#7211 = CARTESIAN_POINT ( 'NONE',  ( -0.04933144428504314400, -1.205497527077969500, -0.2977156663328867100 ) ) ;
#7212 = STYLED_ITEM ( 'NONE', ( #5480 ), #4414 ) ;
#7213 = SURFACE_STYLE_FILL_AREA ( #7520 ) ;
#7214 = CARTESIAN_POINT ( 'NONE',  ( 0.1245474411000188400, 0.2941907802027475800, -0.3786505087824992800 ) ) ;
#7215 = CARTESIAN_POINT ( 'NONE',  ( -0.05421343510942220500, 0.3886835179476939000, -0.4093323357824851800 ) ) ;
#7216 = ORIENTED_EDGE ( 'NONE', *, *, #862, .F. ) ;
#7217 = VECTOR ( 'NONE', #7438, 1000.000000000000200 ) ;
#7218 = DIRECTION ( 'NONE',  ( 0.0000000000000000000, 0.0000000000000000000, -1.000000000000000000 ) ) ;
#7219 = MECHANICAL_DESIGN_GEOMETRIC_PRESENTATION_REPRESENTATION (  '', ( #6337 ), #7644 ) ;
#7220 = CARTESIAN_POINT ( 'NONE',  ( -0.3939249933206986900, 0.8878219273820064900, 0.0000000000000000000 ) ) ;
#7221 = CARTESIAN_POINT ( 'NONE',  ( -0.1242674578911140800, 0.2965723130342417000, -0.3829640067149451800 ) ) ;
#7222 = COLOUR_RGB ( '',1.000000000000000000, 0.8117647058823529400, 0.5019607843137254800 ) ;
#7223 = EDGE_CURVE ( 'NONE', #3513, #1447, #2219, .T. ) ;
#7224 = ORIENTED_EDGE ( 'NONE', *, *, #3559, .F. ) ;
#7225 = STYLED_ITEM ( 'NONE', ( #2614 ), #7566 ) ;
#7226 = CARTESIAN_POINT ( 'NONE',  ( 2.975399468465875600E-018, 0.3543379074933979400, 0.0000000000000000000 ) ) ;
#7227 = CARTESIAN_POINT ( 'NONE',  ( -0.08822236710007450000, 0.3649771011190223700, 0.4012744531600260200 ) ) ;
#7228 = CARTESIAN_POINT ( 'NONE',  ( -1.370000000000000100, -1.294999999999999700, -0.6700000000000002600 ) ) ;
#7229 =( BOUNDED_SURFACE ( )  B_SPLINE_SURFACE ( 3, 2, ( 
 ( #4207, #1694, #3600 ),
 ( #8113, #4236, #457 ),
 ( #4898, #1088, #5542 ),
 ( #1724, #6192, #2368 ) ),
 .UNSPECIFIED., .F., .F., .T. ) 
 B_SPLINE_SURFACE_WITH_KNOTS ( ( 4, 4 ),
 ( 3, 3 ),
 ( 2.168404344971008900E-019, 0.001425092352056778700 ),
 ( 0.0000000000000000000, 1.000000000000000000 ),
 .UNSPECIFIED. ) 
 GEOMETRIC_REPRESENTATION_ITEM ( )  RATIONAL_B_SPLINE_SURFACE ( (
 ( 1.000000000000000000, 0.8248820918441176500, 1.000000000000000000),
 ( 1.000000000000000000, 0.8125445255167136300, 1.000000000000000000),
 ( 1.000000000000000000, 0.7973642228864782400, 1.000000000000000000),
 ( 1.000000000000000000, 0.7698294312092935900, 1.000000000000000000) ) ) 
 REPRESENTATION_ITEM ( '' )  SURFACE ( )  );
#7230 = FACE_OUTER_BOUND ( 'NONE', #6452, .T. ) ;
#7231 = TOROIDAL_SURFACE ( 'NONE', #4391, 0.6499999999999994700, 0.05000000000000000300 ) ;
#7232 = CIRCLE ( 'NONE', #2210, 0.02000000000000001800 ) ;
#7233 = ORIENTED_EDGE ( 'NONE', *, *, #2133, .F. ) ;
#7234 = VERTEX_POINT ( 'NONE', #4381 ) ;
#7235 =( LENGTH_UNIT ( ) NAMED_UNIT ( * ) SI_UNIT ( .MILLI., .METRE. ) );
#7236 = DIRECTION ( 'NONE',  ( 1.000000000000000000, 2.624407096431315500E-016, 0.0000000000000000000 ) ) ;
#7237 = ADVANCED_FACE ( 'NONE', ( #5399 ), #7127, .T. ) ;
#7238 = DIRECTION ( 'NONE',  ( 0.0000000000000000000, 0.0000000000000000000, -1.000000000000000000 ) ) ;
#7239 = COLOUR_RGB ( '',0.1098039215686274500, 0.1098039215686274500, 0.1098039215686274500 ) ;
#7240 = DIRECTION ( 'NONE',  ( -0.7399400733959486900, 0.6726727939963069700, 0.0000000000000000000 ) ) ;
#7241 = ORIENTED_EDGE ( 'NONE', *, *, #4927, .T. ) ;
#7242 =( LENGTH_UNIT ( ) NAMED_UNIT ( * ) SI_UNIT ( .MILLI., .METRE. ) );
#7243 = SURFACE_STYLE_FILL_AREA ( #1751 ) ;
#7244 = FILL_AREA_STYLE ('',( #1475 ) ) ;
#7245 = DIRECTION ( 'NONE',  ( -1.000000000000000000, 0.0000000000000000000, 0.0000000000000000000 ) ) ;
#7246 = EDGE_CURVE ( 'NONE', #1529, #1671, #3692, .T. ) ;
#7247 = SURFACE_STYLE_USAGE ( .BOTH. , #2758 ) ;
#7248 = PRESENTATION_LAYER_ASSIGNMENT (  '', '', ( #6365 ) ) ;
#7249 = SURFACE_STYLE_USAGE ( .BOTH. , #2760 ) ;
#7250 = DIRECTION ( 'NONE',  ( -0.4472135954999580400, 0.0000000000000000000, -0.8944271909999157400 ) ) ;
#7251 = DIRECTION ( 'NONE',  ( 1.000000000000000000, 0.0000000000000000000, -1.224646799147352700E-016 ) ) ;
#7252 = CARTESIAN_POINT ( 'NONE',  ( 0.06535385726855361100, 0.3818727794480135100, 0.4069302113129805700 ) ) ;
#7253 = DIRECTION ( 'NONE',  ( -1.447553700753488400E-016, 1.000000000000000000, -0.0000000000000000000 ) ) ;
#7254 = TOROIDAL_SURFACE ( 'NONE', #438, 0.5299470081275748900, 0.02000000000000000000 ) ;
#7255 = ORIENTED_EDGE ( 'NONE', *, *, #1317, .T. ) ;
#7256 = ORIENTED_EDGE ( 'NONE', *, *, #741, .T. ) ;
#7257 = PRESENTATION_LAYER_ASSIGNMENT (  '', '', ( #6805 ) ) ;
#7258 = STYLED_ITEM ( 'NONE', ( #8130 ), #3936 ) ;
#7259 = DIRECTION ( 'NONE',  ( 0.0000000000000000000, 0.0000000000000000000, 1.000000000000000000 ) ) ;
#7260 = FACE_OUTER_BOUND ( 'NONE', #6340, .T. ) ;
#7261 = VERTEX_POINT ( 'NONE', #5287 ) ;
#7262 = CARTESIAN_POINT ( 'NONE',  ( 0.5299470081275747800, 0.9950000000000004400, 6.489979072211510600E-017 ) ) ;
#7263 = CIRCLE ( 'NONE', #4305, 0.1000000000000000300 ) ;
#7264 = PRESENTATION_LAYER_ASSIGNMENT (  '', '', ( #6388 ) ) ;
#7265 = EDGE_CURVE ( 'NONE', #1015, #986, #6920, .T. ) ;
#7266 = SURFACE_SIDE_STYLE ('',( #5430 ) ) ;
#7267 = FILL_AREA_STYLE ('',( #1476 ) ) ;
#7268 = SURFACE_STYLE_FILL_AREA ( #6753 ) ;
#7269 = UNCERTAINTY_MEASURE_WITH_UNIT (LENGTH_MEASURE( 1.000000000000000100E-005 ), #6809, 'distance_accuracy_value', 'NONE');
#7270 = ORIENTED_EDGE ( 'NONE', *, *, #6198, .T. ) ;
#7271 = AXIS2_PLACEMENT_3D ( 'NONE', #7447, #3577, #8081 ) ;
#7272 = UNCERTAINTY_MEASURE_WITH_UNIT (LENGTH_MEASURE( 1.000000000000000100E-005 ), #6808, 'distance_accuracy_value', 'NONE');
#7273 = CARTESIAN_POINT ( 'NONE',  ( -0.9581966011250112600, -1.294999999999999900, 1.169999999999999900 ) ) ;
#7274 = FACE_OUTER_BOUND ( 'NONE', #4598, .T. ) ;
#7275 = CARTESIAN_POINT ( 'NONE',  ( -0.1062900833488716500, 0.3413262108343320100, -0.3950903511691981100 ) ) ;
#7276 = DIRECTION ( 'NONE',  ( 1.000000000000000000, -0.0000000000000000000, 1.224646799147353200E-016 ) ) ;
#7277 =( LENGTH_UNIT ( ) NAMED_UNIT ( * ) SI_UNIT ( .MILLI., .METRE. ) );
#7278 = CIRCLE ( 'NONE', #795, 0.3018161156205430600 ) ;
#7279 = DIRECTION ( 'NONE',  ( -1.000000000000000000, 0.0000000000000000000, 0.0000000000000000000 ) ) ;
#7280 = EDGE_LOOP ( 'NONE', ( #1046, #6526, #3287, #5431 ) ) ;
#7281 = STYLED_ITEM ( 'NONE', ( #4142 ), #1975 ) ;
#7282 = MECHANICAL_DESIGN_GEOMETRIC_PRESENTATION_REPRESENTATION (  '', ( #6405 ), #7706 ) ;
#7283 = AXIS2_PLACEMENT_3D ( 'NONE', #8144, #4260, #474 ) ;
#7284 = CARTESIAN_POINT ( 'NONE',  ( -0.4500000000000051200, 0.8722442183630780800, 0.0000000000000000000 ) ) ;
#7285 = DIRECTION ( 'NONE',  ( 1.000000000000000000, 1.221382022286320500E-016, 0.0000000000000000000 ) ) ;
#7286 = ORIENTED_EDGE ( 'NONE', *, *, #7483, .F. ) ;
#7287 =( NAMED_UNIT ( * ) SI_UNIT ( $, .STERADIAN. ) SOLID_ANGLE_UNIT ( ) );
#7288 = COLOUR_RGB ( '',0.1098039215686274500, 0.1098039215686274500, 0.1098039215686274500 ) ;
#7289 = LINE ( 'NONE', #538, #7072 ) ;
#7290 = CARTESIAN_POINT ( 'NONE',  ( 0.02856786908935882900, -1.171780956487152400, 0.2646136928188284600 ) ) ;
#7291 = EDGE_CURVE ( 'NONE', #5521, #2641, #2026, .T. ) ;
#7292 = COLOUR_RGB ( '',0.1098039215686274500, 0.1098039215686274500, 0.1098039215686274500 ) ;
#7293 = CARTESIAN_POINT ( 'NONE',  ( 0.04566121531820492600, -1.159086993105501500, -0.2501001023489880000 ) ) ;
#7294 = VERTEX_POINT ( 'NONE', #244 ) ;
#7295 = STYLED_ITEM ( 'NONE', ( #7784 ), #2395 ) ;
#7296 = CARTESIAN_POINT ( 'NONE',  ( -5.357503630673745900E-017, 0.7450000000000000000, 0.0000000000000000000 ) ) ;
#7297 = CARTESIAN_POINT ( 'NONE',  ( -0.04978749811896327600, -1.205082627581610000, 0.2976813273944591800 ) ) ;
#7298 = DIRECTION ( 'NONE',  ( -1.000000000000000000, -0.0000000000000000000, 2.168404344971008100E-015 ) ) ;
#7299 = CIRCLE ( 'NONE', #5311, 0.4203069233026771000 ) ;
#7300 = VERTEX_POINT ( 'NONE', #5309 ) ;
#7301 = CARTESIAN_POINT ( 'NONE',  ( 0.8262454205064517800, 1.395000000000000500, 0.0000000000000000000 ) ) ;
#7302 = FACE_OUTER_BOUND ( 'NONE', #6748, .T. ) ;
#7303 = EDGE_CURVE ( 'NONE', #2852, #2236, #155, .T. ) ;
#7304 = DIRECTION ( 'NONE',  ( -1.000000000000000000, 0.0000000000000000000, 0.0000000000000000000 ) ) ;
#7305 = CARTESIAN_POINT ( 'NONE',  ( -6.505213034913053200E-016, -1.294999999999999900, 0.6699999999999988200 ) ) ;
#7306 = MECHANICAL_DESIGN_GEOMETRIC_PRESENTATION_REPRESENTATION (  '', ( #6432 ), #7729 ) ;
#7307 = CIRCLE ( 'NONE', #2001, 0.8499999999999993100 ) ;
#7308 = ORIENTED_EDGE ( 'NONE', *, *, #4522, .T. ) ;
#7309 = SURFACE_STYLE_FILL_AREA ( #7551 ) ;
#7310 = CARTESIAN_POINT ( 'NONE',  ( 0.4203069233026775500, -2.428196922976590500, 5.147275282820957200E-017 ) ) ;
#7311 = FILL_AREA_STYLE_COLOUR ( '', #3725 ) ;
#7312 = CARTESIAN_POINT ( 'NONE',  ( 0.04829662313706730600, -1.163521602282940400, 0.1701217961384089700 ) ) ;
#7313 = PRODUCT_CONTEXT ( 'NONE', #4704, 'mechanical' ) ;
#7314 = ITEM_DEFINED_TRANSFORMATION ( 'NONE', 'NONE', #697,  #5104 ) ;
#7315 = VECTOR ( 'NONE', #4113, 1000.000000000000100 ) ;
#7316 =( GEOMETRIC_REPRESENTATION_CONTEXT ( 3 ) GLOBAL_UNCERTAINTY_ASSIGNED_CONTEXT ( ( #216 ) ) GLOBAL_UNIT_ASSIGNED_CONTEXT ( ( #5442, #1631, #6093 ) ) REPRESENTATION_CONTEXT ( 'NONE', 'WORKASPACE' ) );
#7317 = VERTEX_POINT ( 'NONE', #2128 ) ;
#7318 =( GEOMETRIC_REPRESENTATION_CONTEXT ( 3 ) GLOBAL_UNCERTAINTY_ASSIGNED_CONTEXT ( ( #7626 ) ) GLOBAL_UNIT_ASSIGNED_CONTEXT ( ( #3069, #7575, #3710 ) ) REPRESENTATION_CONTEXT ( 'NONE', 'WORKASPACE' ) );
#7319 = UNCERTAINTY_MEASURE_WITH_UNIT (LENGTH_MEASURE( 1.000000000000000100E-005 ), #2111, 'distance_accuracy_value', 'NONE');
#7320 = SURFACE_SIDE_STYLE ('',( #7333 ) ) ;
#7321 = FACE_OUTER_BOUND ( 'NONE', #4760, .T. ) ;
#7322 = TOROIDAL_SURFACE ( 'NONE', #865, 0.8799999999999992300, 0.02999999999999999900 ) ;
#7323 = CYLINDRICAL_SURFACE ( 'NONE', #8236, 0.6099999999999994300 ) ;
#7324 = ORIENTED_EDGE ( 'NONE', *, *, #4512, .T. ) ;
#7325 = CARTESIAN_POINT ( 'NONE',  ( -0.1345165463631135500, 0.01056098416514933900, 0.3902488968370596600 ) ) ;
#7326 = ORIENTED_EDGE ( 'NONE', *, *, #4172, .F. ) ;
#7327 = FACE_OUTER_BOUND ( 'NONE', #1040, .T. ) ;
#7328 = STYLED_ITEM ( 'NONE', ( #2949 ), #1852 ) ;
#7329 =( NAMED_UNIT ( * ) PLANE_ANGLE_UNIT ( ) SI_UNIT ( $, .RADIAN. ) );
#7330 = CARTESIAN_POINT ( 'NONE',  ( 0.4500000000000035600, 0.8878219273820059400, 5.510910596163133300E-017 ) ) ;
#7331 = CARTESIAN_POINT ( 'NONE',  ( -1.404282583519467900E-016, 1.345000000000000200, 0.0000000000000000000 ) ) ;
#7332 = EDGE_CURVE ( 'NONE', #3062, #2849, #4664, .T. ) ;
#7333 = SURFACE_STYLE_FILL_AREA ( #2823 ) ;
#7334 = COLOUR_RGB ( '',1.000000000000000000, 0.8117647058823529400, 0.5019607843137254800 ) ;
#7335 = PRESENTATION_LAYER_ASSIGNMENT (  '', '', ( #6887 ) ) ;
#7336 = CARTESIAN_POINT ( 'NONE',  ( -0.9581966011250113700, 1.294999999999999900, 1.169999999999999900 ) ) ;
#7337 = EDGE_LOOP ( 'NONE', ( #4436, #6664, #4181 ) ) ;
#7338 =( LENGTH_UNIT ( ) NAMED_UNIT ( * ) SI_UNIT ( .MILLI., .METRE. ) );
#7339 = CARTESIAN_POINT ( 'NONE',  ( 0.5146446609406727400, -2.780355339059327900, 6.735557395310438800E-017 ) ) ;
#7340 = AXIS2_PLACEMENT_3D ( 'NONE', #6384, #2557, #7034 ) ;
#7341 = ORIENTED_EDGE ( 'NONE', *, *, #6755, .T. ) ;
#7342 = DIRECTION ( 'NONE',  ( -1.000000000000000000, -0.0000000000000000000, 1.084202172485506600E-015 ) ) ;
#7343 = CIRCLE ( 'NONE', #3487, 0.6399999999999993500 ) ;
#7344 = CARTESIAN_POINT ( 'NONE',  ( 0.1069180516808265300, 0.3402937159746541900, 0.3947436973228081200 ) ) ;
#7345 =( REPRESENTATION_RELATIONSHIP ('NONE','NONE', #3678, #2213 ) REPRESENTATION_RELATIONSHIP_WITH_TRANSFORMATION ( #4971 )SHAPE_REPRESENTATION_RELATIONSHIP( ) );
#7346 = LINE ( 'NONE', #7393, #540 ) ;
#7347 = DIRECTION ( 'NONE',  ( -0.4472135954999579800, 0.0000000000000000000, -0.8944271909999159700 ) ) ;
#7348 = CIRCLE ( 'NONE', #8162, 0.05000000000000002400 ) ;
#7349 = CARTESIAN_POINT ( 'NONE',  ( 0.5999999999999996400, -0.1549999999999998900, 7.347880794884114100E-017 ) ) ;
#7350 = ORIENTED_EDGE ( 'NONE', *, *, #31, .T. ) ;
#7351 = CARTESIAN_POINT ( 'NONE',  ( -1.781099959080319800E-032, 1.395000000000000200, 0.0000000000000000000 ) ) ;
#7352 = DIRECTION ( 'NONE',  ( 0.0000000000000000000, -0.0000000000000000000, 1.000000000000000000 ) ) ;
#7353 = EDGE_CURVE ( 'NONE', #4427, #7954, #3908, .T. ) ;
#7354 = AXIS2_PLACEMENT_3D ( 'NONE', #4809, #4837, #1038 ) ;
#7355 =( NAMED_UNIT ( * ) SI_UNIT ( $, .STERADIAN. ) SOLID_ANGLE_UNIT ( ) );
#7356 = CARTESIAN_POINT ( 'NONE',  ( -0.5499999999999993800, -2.674289321881345000, 6.735557395310440100E-017 ) ) ;
#7357 = EDGE_LOOP ( 'NONE', ( #5343, #5751, #5089, #2179 ) ) ;
#7358 = EDGE_LOOP ( 'NONE', ( #2148, #5373, #2665, #5568, #7326, #2676, #8154, #7534 ) ) ;
#7359 = SURFACE_STYLE_USAGE ( .BOTH. , #2860 ) ;
#7360 = CARTESIAN_POINT ( 'NONE',  ( 0.1546579313914774600, 0.3036234618367155100, -0.4112681092845816800 ) ) ;
#7361 = DIRECTION ( 'NONE',  ( -0.09080578102716054000, 0.9958686209194701500, 0.0000000000000000000 ) ) ;
#7362 = STYLED_ITEM ( 'NONE', ( #3698 ), #204 ) ;
#7363 = AXIS2_PLACEMENT_3D ( 'NONE', #624, #3108, #1244 ) ;
#7364 = LINE ( 'NONE', #1347, #5644 ) ;
#7365 = ORIENTED_EDGE ( 'NONE', *, *, #4608, .T. ) ;
#7366 = AXIS2_PLACEMENT_3D ( 'NONE', #6819, #2969, #7471 ) ;
#7367 = CARTESIAN_POINT ( 'NONE',  ( 3.238291957217229300E-018, 0.3525217918728547600, 0.0000000000000000000 ) ) ;
#7368 = CARTESIAN_POINT ( 'NONE',  ( -1.476660268557142200E-016, 1.395000000000000000, 0.0000000000000000000 ) ) ;
#7369 = CARTESIAN_POINT ( 'NONE',  ( -0.04585327536996134500, -1.165537802254656500, 0.2437516708821135200 ) ) ;
#7370 = SURFACE_SIDE_STYLE ('',( #7946 ) ) ;
#7371 = VERTEX_POINT ( 'NONE', #1539 ) ;
#7372 = UNCERTAINTY_MEASURE_WITH_UNIT (LENGTH_MEASURE( 1.000000000000000100E-005 ), #456, 'distance_accuracy_value', 'NONE');
#7373 = AXIS2_PLACEMENT_3D ( 'NONE', #3524, #8035, #4164 ) ;
#7374 = CARTESIAN_POINT ( 'NONE',  ( -1.476660268557142200E-016, 1.395000000000000000, 0.0000000000000000000 ) ) ;
#7375 = CIRCLE ( 'NONE', #5230, 0.6399999999999993500 ) ;
#7376 = EDGE_CURVE ( 'NONE', #7659, #5762, #3497, .T. ) ;
#7377 = DIRECTION ( 'NONE',  ( 0.4472135954999579300, 0.0000000000000000000, -0.8944271909999158600 ) ) ;
#7378 = AXIS2_PLACEMENT_3D ( 'NONE', #3445, #7943, #4083 ) ;
#7379 = CIRCLE ( 'NONE', #5534, 0.05000000000000002400 ) ;
#7380 = ORIENTED_EDGE ( 'NONE', *, *, #2301, .T. ) ;
#7381 = DIRECTION ( 'NONE',  ( 1.000000000000000000, 2.752306126468202000E-016, 0.0000000000000000000 ) ) ;
#7382 = CARTESIAN_POINT ( 'NONE',  ( -0.1180273429977300300, 0.3525217918726890100, 0.3757410748851473500 ) ) ;
#7383 = SURFACE_STYLE_USAGE ( .BOTH. , #2881 ) ;
#7384 = CARTESIAN_POINT ( 'NONE',  ( -0.1217036414218948500, 0.3543379074932666600, 0.3956287701370961300 ) ) ;
#7385 = FILL_AREA_STYLE ('',( #2885 ) ) ;
#7386 = CARTESIAN_POINT ( 'NONE',  ( -0.06872379082272261900, 0.3850419644813430900, -0.4217729044023094100 ) ) ;
#7387 = FILL_AREA_STYLE ('',( #3545 ) ) ;
#7388 = CARTESIAN_POINT ( 'NONE',  ( 4.660967422637649700E-016, -2.845000000000000600, 0.0000000000000000000 ) ) ;
#7389 = SURFACE_STYLE_FILL_AREA ( #7267 ) ;
#7390 = ORIENTED_EDGE ( 'NONE', *, *, #554, .T. ) ;
#7391 = CARTESIAN_POINT ( 'NONE',  ( 0.1249999999999997400, 0.2666198487095638400, 0.3897197719169303000 ) ) ;
#7392 =( NAMED_UNIT ( * ) SI_UNIT ( $, .STERADIAN. ) SOLID_ANGLE_UNIT ( ) );
#7393 = CARTESIAN_POINT ( 'NONE',  ( -0.4439249933206989000, 1.395000000000000000, 0.0000000000000000000 ) ) ;
#7394 = COLOUR_RGB ( '',1.000000000000000000, 0.8117647058823529400, 0.5019607843137254800 ) ;
#7395 = VERTEX_POINT ( 'NONE', #5332 ) ;
#7396 = CARTESIAN_POINT ( 'NONE',  ( 3.238291957217229300E-018, 0.3525217918728547600, 0.0000000000000000000 ) ) ;
#7397 = EDGE_CURVE ( 'NONE', #7371, #7317, #4996, .T. ) ;
#7398 = VERTEX_POINT ( 'NONE', #4722 ) ;
#7399 = SURFACE_STYLE_USAGE ( .BOTH. , #2902 ) ;
#7400 = FACE_OUTER_BOUND ( 'NONE', #1401, .T. ) ;
#7401 = DIRECTION ( 'NONE',  ( 1.000000000000000000, 1.447553700753488400E-016, 0.0000000000000000000 ) ) ;
#7402 = DIRECTION ( 'NONE',  ( 0.0000000000000000000, -0.0000000000000000000, -1.000000000000000000 ) ) ;
#7403 = EDGE_LOOP ( 'NONE', ( #2248, #1115, #4256, #8182, #8047, #6189, #6674, #5056 ) ) ;
#7404 = EDGE_CURVE ( 'NONE', #5155, #170, #1815, .T. ) ;
#7405 =( NAMED_UNIT ( * ) SI_UNIT ( $, .STERADIAN. ) SOLID_ANGLE_UNIT ( ) );
#7406 = DIRECTION ( 'NONE',  ( -1.000000000000000000, 0.0000000000000000000, 0.0000000000000000000 ) ) ;
#7407 = CIRCLE ( 'NONE', #3385, 0.05000000000000002400 ) ;
#7408 =( GEOMETRIC_REPRESENTATION_CONTEXT ( 3 ) GLOBAL_UNCERTAINTY_ASSIGNED_CONTEXT ( ( #4726 ) ) GLOBAL_UNIT_ASSIGNED_CONTEXT ( ( #6282, #2465, #6942 ) ) REPRESENTATION_CONTEXT ( 'NONE', 'WORKASPACE' ) );
#7409 = DIRECTION ( 'NONE',  ( 1.224646799147347800E-016, 0.0000000000000000000, -1.000000000000000000 ) ) ;
#7410 = CYLINDRICAL_SURFACE ( 'NONE', #5981, 0.1000000000000000500 ) ;
#7411 = CONICAL_SURFACE ( 'NONE', #4594, 0.4500000000000036200, 0.6040459290661867000 ) ;
#7412 = B_SPLINE_CURVE_WITH_KNOTS ( 'NONE', 3,
 ( #6930, #2456, #3072, #7580, #3712, #8238, #4345, #565, #5003, #1187 ),
 .UNSPECIFIED., .F., .F.,
 ( 4, 2, 2, 2, 4 ),
 ( 0.0000000000000000000, 0.0001146171626467349600, 0.0002292343252934699300, 0.0003438514879402047900, 0.0004584686505869397500 ),
 .UNSPECIFIED. ) ;
#7413 = ORIENTED_EDGE ( 'NONE', *, *, #5497, .T. ) ;
#7414 = B_SPLINE_CURVE_WITH_KNOTS ( 'NONE', 3,
 ( #7735, #3876, #3271, #7760, #3906, #125, #4529, #763, #5183, #1377 ),
 .UNSPECIFIED., .F., .F.,
 ( 4, 3, 3, 4 ),
 ( -5.999999353117974400E-008, 1.749652431672164100E-020, 4.463716768404131400E-005, 7.803556406295660200E-005 ),
 .UNSPECIFIED. ) ;
#7415 = CARTESIAN_POINT ( 'NONE',  ( 0.02440953029113148600, -1.233807563378102900, 0.2991301420150900300 ) ) ;
#7416 = DIRECTION ( 'NONE',  ( -1.447553700753488400E-016, 1.000000000000000000, -0.0000000000000000000 ) ) ;
#7417 = SURFACE_STYLE_USAGE ( .BOTH. , #2915 ) ;
#7418 = SURFACE_STYLE_FILL_AREA ( #5845 ) ;
#7419 = CARTESIAN_POINT ( 'NONE',  ( 1.270000000000000000, 1.294999999999999900, 0.6700000000000002600 ) ) ;
#7420 = AXIS2_PLACEMENT_3D ( 'NONE', #7916, #4054, #267 ) ;
#7421 = CARTESIAN_POINT ( 'NONE',  ( -0.02956793532768535800, -1.156863769976026000, 0.2713882135712402700 ) ) ;
#7422 = PRESENTATION_LAYER_ASSIGNMENT (  '', '', ( #6982 ) ) ;
#7423 = EDGE_CURVE ( 'NONE', #5365, #6553, #3321, .T. ) ;
#7424 = EDGE_LOOP ( 'NONE', ( #2018, #307, #965, #5739 ) ) ;
#7425 = EDGE_LOOP ( 'NONE', ( #5661, #5549, #323 ) ) ;
#7426 = AXIS2_PLACEMENT_3D ( 'NONE', #2689, #7175, #3331 ) ;
#7427 = VECTOR ( 'NONE', #2230, 1000.000000000000000 ) ;
#7428 =( LENGTH_UNIT ( ) NAMED_UNIT ( * ) SI_UNIT ( .MILLI., .METRE. ) );
#7429 = ORIENTED_EDGE ( 'NONE', *, *, #2513, .T. ) ;
#7430 = CARTESIAN_POINT ( 'NONE',  ( -0.02453759532154851600, -1.231897319965140800, 0.2755977471172811900 ) ) ;
#7431 = FACE_OUTER_BOUND ( 'NONE', #686, .T. ) ;
#7432 = CARTESIAN_POINT ( 'NONE',  ( -0.02917838675610607800, -1.221599968234500000, 0.2884193327292977100 ) ) ;
#7433 = EDGE_CURVE ( 'NONE', #1085, #6519, #8247, .T. ) ;
#7434 = DIRECTION ( 'NONE',  ( -1.447553700753488400E-016, 1.000000000000000000, -0.0000000000000000000 ) ) ;
#7435 = TOROIDAL_SURFACE ( 'NONE', #4080, 0.5499999999999998200, 0.05000000000000000300 ) ;
#7436 = PRESENTATION_LAYER_ASSIGNMENT (  '', '', ( #6129 ) ) ;
#7437 = SURFACE_SIDE_STYLE ('',( #404 ) ) ;
#7438 = DIRECTION ( 'NONE',  ( 0.9958686209194700400, -0.09080578102716181700, 0.0000000000000000000 ) ) ;
#7439 = DIRECTION ( 'NONE',  ( 0.0000000000000000000, 1.000000000000000000, 0.0000000000000000000 ) ) ;
#7440 =( GEOMETRIC_REPRESENTATION_CONTEXT ( 3 ) GLOBAL_UNCERTAINTY_ASSIGNED_CONTEXT ( ( #959 ) ) GLOBAL_UNIT_ASSIGNED_CONTEXT ( ( #5411, #1603, #6068 ) ) REPRESENTATION_CONTEXT ( 'NONE', 'WORKASPACE' ) );
#7441 = DIRECTION ( 'NONE',  ( -0.4472135954999580400, 0.0000000000000000000, 0.8944271909999157400 ) ) ;
#7442 = CARTESIAN_POINT ( 'NONE',  ( -0.02774449929478668700, -1.184062503771265100, 0.1903610843361279700 ) ) ;
#7443 = ADVANCED_FACE ( 'NONE', ( #1428 ), #5924, .T. ) ;
#7444 = DIRECTION ( 'NONE',  ( -1.447553700753488400E-016, 1.000000000000000000, -0.0000000000000000000 ) ) ;
#7445 = DIRECTION ( 'NONE',  ( 1.000000000000000000, -0.0000000000000000000, 1.084202172485506600E-015 ) ) ;
#7446 = DIRECTION ( 'NONE',  ( 1.000000000000000000, -0.0000000000000000000, 2.168404344971008100E-015 ) ) ;
#7447 = CARTESIAN_POINT ( 'NONE',  ( 4.607412273058643300E-016, -2.808002996330203300, 0.0000000000000000000 ) ) ;
#7448 = AXIS2_PLACEMENT_3D ( 'NONE', #5290, #1486, #5951 ) ;
#7449 = EDGE_LOOP ( 'NONE', ( #6472, #5267, #1310, #109 ) ) ;
#7450 = EDGE_LOOP ( 'NONE', ( #2579, #2652, #1527, #7910, #3449 ) ) ;
#7451 = CARTESIAN_POINT ( 'NONE',  ( -0.02751749980527845200, -1.187448473213238900, 0.2283363398061075400 ) ) ;
#7452 = SURFACE_STYLE_USAGE ( .BOTH. , #1 ) ;
#7453 = ORIENTED_EDGE ( 'NONE', *, *, #1985, .T. ) ;
#7454 = EDGE_CURVE ( 'NONE', #6901, #8034, #2517, .T. ) ;
#7455 = PRESENTATION_LAYER_ASSIGNMENT (  '', '', ( #6146 ) ) ;
#7456 = DIRECTION ( 'NONE',  ( -1.447553700753488400E-016, 1.000000000000000000, -0.0000000000000000000 ) ) ;
#7457 = DIRECTION ( 'NONE',  ( -1.000000000000000000, 0.0000000000000000000, 0.0000000000000000000 ) ) ;
#7458 = CARTESIAN_POINT ( 'NONE',  ( -1.476660268557142700E-016, 1.395000000000000200, 0.0000000000000000000 ) ) ;
#7459 =( NAMED_UNIT ( * ) SI_UNIT ( $, .STERADIAN. ) SOLID_ANGLE_UNIT ( ) );
#7460 = FACE_OUTER_BOUND ( 'NONE', #1518, .T. ) ;
#7461 =( NAMED_UNIT ( * ) SI_UNIT ( $, .STERADIAN. ) SOLID_ANGLE_UNIT ( ) );
#7462 = CARTESIAN_POINT ( 'NONE',  ( -0.1285795267162506100, 0.3508031453358853000, 0.4246460479030591500 ) ) ;
#7463 = ORIENTED_EDGE ( 'NONE', *, *, #5711, .F. ) ;
#7464 = CARTESIAN_POINT ( 'NONE',  ( -0.4500000000000047300, -2.382506345545577700, 0.0000000000000000000 ) ) ;
#7465 = CARTESIAN_POINT ( 'NONE',  ( 1.270000000000001100, 1.294999999999999700, 0.7699999999999979100 ) ) ;
#7466 = CARTESIAN_POINT ( 'NONE',  ( 0.03397201354942408500, -1.218260360858893300, 0.2931727449421186500 ) ) ;
#7467 = CIRCLE ( 'NONE', #3778, 0.05000000000000002400 ) ;
#7468 = AXIS2_PLACEMENT_3D ( 'NONE', #7273, #3422, #7915 ) ;
#7469 = PRESENTATION_LAYER_ASSIGNMENT (  '', '', ( #7908 ) ) ;
#7470 = CARTESIAN_POINT ( 'NONE',  ( -0.5999999999999994200, 0.6449999999999998000, 0.0000000000000000000 ) ) ;
#7471 = DIRECTION ( 'NONE',  ( 0.0000000000000000000, 0.0000000000000000000, 1.000000000000000000 ) ) ;
#7472 = CIRCLE ( 'NONE', #349, 0.8799999999999992300 ) ;
#7473 = ORIENTED_EDGE ( 'NONE', *, *, #436, .F. ) ;
#7474 = DIRECTION ( 'NONE',  ( 1.447553700753488400E-016, -1.000000000000000000, 0.0000000000000000000 ) ) ;
#7475 = B_SPLINE_CURVE_WITH_KNOTS ( 'NONE', 3,
 ( #3941, #3305, #2693, #7178, #3335, #7821, #3962, #183, #4593, #818, #5247, #1442, #5911, #2081, #6562, #2722, #7211, #3358, #7850 ),
 .UNSPECIFIED., .F., .F.,
 ( 4, 3, 3, 3, 3, 3, 4 ),
 ( 0.0000000000000000000, 5.273509962903252100E-006, 1.049801969254637800E-005, 1.803078722487463100E-005, 2.855146381452501300E-005, 3.844086914946562000E-005, 3.936707361176790400E-005 ),
 .UNSPECIFIED. ) ;
#7476 = MANIFOLD_SOLID_BREP ( 'Fillet1', #3693 ) ;
#7477 = CARTESIAN_POINT ( 'NONE',  ( -0.1059026770571225200, 0.3419315564767814700, 0.4055833773351896800 ) ) ;
#7478 = ORIENTED_EDGE ( 'NONE', *, *, #4123, .F. ) ;
#7479 = PRESENTATION_LAYER_ASSIGNMENT (  '', '', ( #7042 ) ) ;
#7480 = CARTESIAN_POINT ( 'NONE',  ( 0.04652516203801344100, -1.168374285843216200, 0.2375800498673374100 ) ) ;
#7481 = SPHERICAL_SURFACE ( 'NONE', #2014, 0.1000000000000000100 ) ;
#7482 = ADVANCED_FACE ( 'NONE', ( #1911 ), #1316, .F. ) ;
#7483 = EDGE_CURVE ( 'NONE', #8090, #4346, #7046, .T. ) ;
#7484 = DIRECTION ( 'NONE',  ( 1.000000000000000000, 0.0000000000000000000, 0.0000000000000000000 ) ) ;
#7485 = MECHANICAL_DESIGN_GEOMETRIC_PRESENTATION_REPRESENTATION (  '', ( #6627 ), #7919 ) ;
#7486 = AXIS2_PLACEMENT_3D ( 'NONE', #1031, #8053, #6814 ) ;
#7487 =( NAMED_UNIT ( * ) SI_UNIT ( $, .STERADIAN. ) SOLID_ANGLE_UNIT ( ) );
#7488 = EDGE_LOOP ( 'NONE', ( #6127, #7713, #4741, #5340 ) ) ;
#7489 = CARTESIAN_POINT ( 'NONE',  ( -7.304618040577854600E-017, 0.8795106857790895300, 0.0000000000000000000 ) ) ;
#7490 = DIRECTION ( 'NONE',  ( -1.447553700753488400E-016, 1.000000000000000000, -0.0000000000000000000 ) ) ;
#7491 = CARTESIAN_POINT ( 'NONE',  ( -0.06865833474570294500, 0.3805683806545178700, -0.4205632025086945600 ) ) ;
#7492 =( NAMED_UNIT ( * ) SI_UNIT ( $, .STERADIAN. ) SOLID_ANGLE_UNIT ( ) );
#7493 = CARTESIAN_POINT ( 'NONE',  ( 0.02846876768769502100, -1.173259172664719500, 0.2703770910035376300 ) ) ;
#7494 = CARTESIAN_POINT ( 'NONE',  ( 0.6099999999999993200, 1.395000000000000000, 7.470345474798846700E-017 ) ) ;
#7495 = SURFACE_SIDE_STYLE ('',( #6246 ) ) ;
#7496 = LINE ( 'NONE', #8002, #2378 ) ;
#7497 = ORIENTED_EDGE ( 'NONE', *, *, #2461, .T. ) ;
#7498 = CARTESIAN_POINT ( 'NONE',  ( -1.476660268557142200E-016, 1.395000000000000000, 0.0000000000000000000 ) ) ;
#7499 = CIRCLE ( 'NONE', #7373, 0.6115395010584838700 ) ;
#7500 = FILL_AREA_STYLE ('',( #6848 ) ) ;
#7501 = CARTESIAN_POINT ( 'NONE',  ( 1.270000000000000200, -1.954016994374949500, -0.7699999999999988000 ) ) ;
#7502 = DIRECTION ( 'NONE',  ( 1.000000000000000000, 1.447553700753488400E-016, 0.0000000000000000000 ) ) ;
#7503 = CIRCLE ( 'NONE', #2845, 0.1000000000000000500 ) ;
#7504 = COLOUR_RGB ( '',1.000000000000000000, 0.8117647058823529400, 0.5019607843137254800 ) ;
#7505 = VERTEX_POINT ( 'NONE', #2252 ) ;
#7506 = CARTESIAN_POINT ( 'NONE',  ( -0.04623025374724036600, -1.167670199821964700, -0.2398263902832494000 ) ) ;
#7507 = EDGE_CURVE ( 'NONE', #8291, #7261, #7930, .T. ) ;
#7508 = DIRECTION ( 'NONE',  ( -1.000000000000000000, -1.447553700753488400E-016, 0.0000000000000000000 ) ) ;
#7509 = AXIS2_PLACEMENT_3D ( 'NONE', #4674, #1548, #6005 ) ;
#7510 = SHAPE_DEFINITION_REPRESENTATION ( #354, #2213 ) ;
#7511 = VECTOR ( 'NONE', #7361, 1000.000000000000200 ) ;
#7512 = ORIENTED_EDGE ( 'NONE', *, *, #1734, .T. ) ;
#7513 = COLOUR_RGB ( '',1.000000000000000000, 0.8117647058823529400, 0.5019607843137254800 ) ;
#7514 = CARTESIAN_POINT ( 'NONE',  ( 7.559054153381473700E-017, -0.1473024947075762300, 0.0000000000000000000 ) ) ;
#7515 = CARTESIAN_POINT ( 'NONE',  ( -0.1069241233671471000, 0.3402872455622173400, 0.3947430299118224200 ) ) ;
#7516 = STYLED_ITEM ( 'NONE', ( #1226 ), #124 ) ;
#7517 = CARTESIAN_POINT ( 'NONE',  ( 0.09510935279723688200, 0.3577443645101482400, -0.4110287651296215500 ) ) ;
#7518 = EDGE_LOOP ( 'NONE', ( #742, #5579, #4525, #4403 ) ) ;
#7519 = SURFACE_STYLE_USAGE ( .BOTH. , #3016 ) ;
#7520 = FILL_AREA_STYLE ('',( #4890 ) ) ;
#7521 = UNCERTAINTY_MEASURE_WITH_UNIT (LENGTH_MEASURE( 1.000000000000000100E-005 ), #4267, 'distance_accuracy_value', 'NONE');
#7522 = VERTEX_POINT ( 'NONE', #5475 ) ;
#7523 = MECHANICAL_DESIGN_GEOMETRIC_PRESENTATION_REPRESENTATION (  '', ( #6658 ), #7949 ) ;
#7524 = UNCERTAINTY_MEASURE_WITH_UNIT (LENGTH_MEASURE( 1.000000000000000100E-005 ), #6929, 'distance_accuracy_value', 'NONE');
#7525 = SURFACE_SIDE_STYLE ('',( #3061 ) ) ;
#7526 = CARTESIAN_POINT ( 'NONE',  ( 4.588589737599975400E-016, -2.795000000000000800, 0.0000000000000000000 ) ) ;
#7527 = ADVANCED_FACE ( 'NONE', ( #2809 ), #6203, .F. ) ;
#7528 = CIRCLE ( 'NONE', #3295, 0.02999999999999997100 ) ;
#7529 = CIRCLE ( 'NONE', #671, 0.2956967040367773900 ) ;
#7530 = VERTEX_POINT ( 'NONE', #1026 ) ;
#7531 = SURFACE_SIDE_STYLE ('',( #2682 ) ) ;
#7532 =( LENGTH_UNIT ( ) NAMED_UNIT ( * ) SI_UNIT ( .MILLI., .METRE. ) );
#7533 = DIRECTION ( 'NONE',  ( -1.000000000000000000, -1.376153063234101000E-016, 8.881784197001252300E-016 ) ) ;
#7534 = ORIENTED_EDGE ( 'NONE', *, *, #1627, .T. ) ;
#7535 =( NAMED_UNIT ( * ) SI_UNIT ( $, .STERADIAN. ) SOLID_ANGLE_UNIT ( ) );
#7536 = CARTESIAN_POINT ( 'NONE',  ( 0.04165553146018188800, -1.212169986226597100, -0.2968996974739459000 ) ) ;
#7537 = AXIS2_PLACEMENT_3D ( 'NONE', #1241, #5724, #1887 ) ;
#7538 = DIRECTION ( 'NONE',  ( 1.000000000000000000, 0.0000000000000000000, 0.0000000000000000000 ) ) ;
#7539 = MECHANICAL_DESIGN_GEOMETRIC_PRESENTATION_REPRESENTATION (  '', ( #6669 ), #7961 ) ;
#7540 = EDGE_CURVE ( 'NONE', #7234, #4442, #5539, .T. ) ;
#7541 = TOROIDAL_SURFACE ( 'NONE', #6103, 0.6399999999999993500, 0.02999999999999999900 ) ;
#7542 = FILL_AREA_STYLE ('',( #6879 ) ) ;
#7543 = SURFACE_STYLE_USAGE ( .BOTH. , #3034 ) ;
#7544 = DIRECTION ( 'NONE',  ( -1.447553700753488400E-016, 1.000000000000000000, -0.0000000000000000000 ) ) ;
#7545 = SURFACE_STYLE_USAGE ( .BOTH. , #3040 ) ;
#7546 = CARTESIAN_POINT ( 'NONE',  ( -1.270000000000000000, -1.294999999999999700, -0.6700000000000002600 ) ) ;
#7547 = AXIS2_PLACEMENT_3D ( 'NONE', #5237, #1433, #5901 ) ;
#7548 = FACE_OUTER_BOUND ( 'NONE', #4595, .T. ) ;
#7549 = EDGE_LOOP ( 'NONE', ( #993, #1462 ) ) ;
#7550 = DIRECTION ( 'NONE',  ( 0.8944271909999156300, 0.0000000000000000000, -0.4472135954999583700 ) ) ;
#7551 = FILL_AREA_STYLE ('',( #6894 ) ) ;
#7552 = CARTESIAN_POINT ( 'NONE',  ( 0.07414175358417564300, -0.4919918495344916000, -0.3336163795114312500 ) ) ;
#7553 = CARTESIAN_POINT ( 'NONE',  ( 0.08968981535968081900, -0.4735941809371805300, -0.3056265312436861100 ) ) ;
#7554 = EDGE_LOOP ( 'NONE', ( #2917, #2794, #1573, #5275 ) ) ;
#7555 = ORIENTED_EDGE ( 'NONE', *, *, #7021, .F. ) ;
#7556 = FILL_AREA_STYLE_COLOUR ( '', #5460 ) ;
#7557 = FILL_AREA_STYLE ('',( #8149 ) ) ;
#7558 = EDGE_CURVE ( 'NONE', #5648, #118, #1114, .T. ) ;
#7559 = CARTESIAN_POINT ( 'NONE',  ( -0.1326127713826618600, 0.3273553608892809700, -0.3687542307016467600 ) ) ;
#7560 = CARTESIAN_POINT ( 'NONE',  ( -0.1035444897634259900, 0.3455690675042335000, 0.3802899842789719300 ) ) ;
#7561 = AXIS2_PLACEMENT_3D ( 'NONE', #6803, #2952, #7457 ) ;
#7562 = VECTOR ( 'NONE', #6400, 1000.000000000000000 ) ;
#7563 = ORIENTED_EDGE ( 'NONE', *, *, #6910, .T. ) ;
#7564 = CARTESIAN_POINT ( 'NONE',  ( -0.1170680565608260300, -0.2423166182148785400, -0.3717848444710319900 ) ) ;
#7565 = CARTESIAN_POINT ( 'NONE',  ( 2.518587945522486000E-016, -1.365000000000000000, 0.0000000000000000000 ) ) ;
#7566 = ADVANCED_FACE ( 'NONE', ( #6008 ), #8201, .F. ) ;
#7567 = CARTESIAN_POINT ( 'NONE',  ( -1.433233657534537400E-016, 1.365000000000000000, 0.9099999999999992500 ) ) ;
#7568 = EDGE_CURVE ( 'NONE', #986, #4850, #3681, .T. ) ;
#7569 = UNCERTAINTY_MEASURE_WITH_UNIT (LENGTH_MEASURE( 1.000000000000000100E-005 ), #2078, 'distance_accuracy_value', 'NONE');
#7570 = ORIENTED_EDGE ( 'NONE', *, *, #6694, .T. ) ;
#7571 = DIRECTION ( 'NONE',  ( -1.447553700753488400E-016, 1.000000000000000000, -0.0000000000000000000 ) ) ;
#7572 = STYLED_ITEM ( 'NONE', ( #7842 ), #3803 ) ;
#7573 =( LENGTH_UNIT ( ) NAMED_UNIT ( * ) SI_UNIT ( .MILLI., .METRE. ) );
#7574 = DIRECTION ( 'NONE',  ( 0.0000000000000000000, 1.000000000000000000, -0.0000000000000000000 ) ) ;
#7575 =( NAMED_UNIT ( * ) PLANE_ANGLE_UNIT ( ) SI_UNIT ( $, .RADIAN. ) );
#7576 =( NAMED_UNIT ( * ) SI_UNIT ( $, .STERADIAN. ) SOLID_ANGLE_UNIT ( ) );
#7577 = PRODUCT_DEFINITION_CONTEXT ( 'detailed design', #2185, 'design' ) ;
#7578 = ORIENTED_EDGE ( 'NONE', *, *, #4123, .T. ) ;
#7579 = B_SPLINE_CURVE_WITH_KNOTS ( 'NONE', 3,
 ( #1425, #3540, #8096, #4219, #440, #4884, #1074, #5525, #1708, #6181, #2354, #6833, #2985 ),
 .UNSPECIFIED., .F., .F.,
 ( 4, 3, 3, 3, 4 ),
 ( 1.134272156970886200E-006, 3.268968436515346100E-006, 6.821395148387993800E-006, 5.597833213068539300E-005, 9.755885860007830000E-005 ),
 .UNSPECIFIED. ) ;
#7580 = CARTESIAN_POINT ( 'NONE',  ( 0.02839975818303110500, -1.174288532133782400, 0.07608303325060077100 ) ) ;
#7581 = FACE_OUTER_BOUND ( 'NONE', #7449, .T. ) ;
#7582 = PRESENTATION_LAYER_ASSIGNMENT (  '', '', ( #6272 ) ) ;
#7583 = AXIS2_PLACEMENT_3D ( 'NONE', #2071, #6549, #2709 ) ;
#7584 = EDGE_CURVE ( 'NONE', #4544, #1410, #7118, .T. ) ;
#7585 = DIRECTION ( 'NONE',  ( -1.000000000000000000, -1.447553700753488400E-016, 0.0000000000000000000 ) ) ;
#7586 =( GEOMETRIC_REPRESENTATION_CONTEXT ( 3 ) GLOBAL_UNCERTAINTY_ASSIGNED_CONTEXT ( ( #5030 ) ) GLOBAL_UNIT_ASSIGNED_CONTEXT ( ( #6036, #2222, #6698 ) ) REPRESENTATION_CONTEXT ( 'NONE', 'WORKASPACE' ) );
#7587 = CARTESIAN_POINT ( 'NONE',  ( 1.047289553116290300E-015, -6.859999999999995900, 0.0000000000000000000 ) ) ;
#7588 = CARTESIAN_POINT ( 'NONE',  ( -0.1158231730575406800, 0.3543379074932664400, 0.3765128058188663100 ) ) ;
#7589 = ORIENTED_EDGE ( 'NONE', *, *, #6389, .F. ) ;
#7590 = CARTESIAN_POINT ( 'NONE',  ( 0.1250013331536012600, 0.2666397342932981300, 0.3792115242472765500 ) ) ;
#7591 = SURFACE_STYLE_USAGE ( .BOTH. , #3089 ) ;
#7592 = DIRECTION ( 'NONE',  ( -1.000000000000000000, -1.355252715606881500E-016, 0.0000000000000000000 ) ) ;
#7593 = ORIENTED_EDGE ( 'NONE', *, *, #4575, .T. ) ;
#7594 = EDGE_CURVE ( 'NONE', #7114, #5196, #2586, .T. ) ;
#7595 =( NAMED_UNIT ( * ) SI_UNIT ( $, .STERADIAN. ) SOLID_ANGLE_UNIT ( ) );
#7596 = AXIS2_PLACEMENT_3D ( 'NONE', #6830, #2978, #7484 ) ;
#7597 = MECHANICAL_DESIGN_GEOMETRIC_PRESENTATION_REPRESENTATION (  '', ( #5877 ), #8029 ) ;
#7598 = CARTESIAN_POINT ( 'NONE',  ( 0.03709593082661626800, 0.4001974798928804600, 0.4481742220837421900 ) ) ;
#7599 = DIRECTION ( 'NONE',  ( 1.447553700753488400E-016, -1.000000000000000000, 0.0000000000000000000 ) ) ;
#7600 = DIRECTION ( 'NONE',  ( -1.447553700753488400E-016, 1.000000000000000000, -0.0000000000000000000 ) ) ;
#7601 = ORIENTED_EDGE ( 'NONE', *, *, #7167, .T. ) ;
#7602 = FILL_AREA_STYLE_COLOUR ( '', #5386 ) ;
#7603 = CARTESIAN_POINT ( 'NONE',  ( -9.265898622708170100E-017, 1.015000000000000300, 0.0000000000000000000 ) ) ;
#7604 = DIRECTION ( 'NONE',  ( 0.0000000000000000000, -0.07180449027741552000, 0.9974187261005281700 ) ) ;
#7605 = LINE ( 'NONE', #3766, #817 ) ;
#7606 = FILL_AREA_STYLE_COLOUR ( '', #5042 ) ;
#7607 = FILL_AREA_STYLE_COLOUR ( '', #4849 ) ;
#7608 = CARTESIAN_POINT ( 'NONE',  ( -1.270000000000000000, -1.294999999999999900, 0.6700000000000002600 ) ) ;
#7609 = ADVANCED_FACE ( 'NONE', ( #328 ), #4580, .T. ) ;
#7610 = ORIENTED_EDGE ( 'NONE', *, *, #1284, .F. ) ;
#7611 = DIRECTION ( 'NONE',  ( 1.000000000000000000, 0.0000000000000000000, 0.0000000000000000000 ) ) ;
#7612 = CARTESIAN_POINT ( 'NONE',  ( 0.6499999999999994700, 0.04500000000000021300, 0.0000000000000000000 ) ) ;
#7613 = CARTESIAN_POINT ( 'NONE',  ( 0.07832353702448988100, 0.3825931169980899000, 0.3871052143678586100 ) ) ;
#7614 = CIRCLE ( 'NONE', #5912, 0.6025658350974743000 ) ;
#7615 = ORIENTED_EDGE ( 'NONE', *, *, #1753, .T. ) ;
#7616 = EDGE_CURVE ( 'NONE', #418, #4119, #8019, .T. ) ;
#7617 = DIRECTION ( 'NONE',  ( 1.447553700753488400E-016, -1.000000000000000000, 0.0000000000000000000 ) ) ;
#7618 = PRESENTATION_LAYER_ASSIGNMENT (  '', '', ( #6314 ) ) ;
#7619 =( LENGTH_UNIT ( ) NAMED_UNIT ( * ) SI_UNIT ( .MILLI., .METRE. ) );
#7620 = CARTESIAN_POINT ( 'NONE',  ( 0.02667085682135286000, -1.200077168009185100, 0.04637376913420940300 ) ) ;
#7621 = LINE ( 'NONE', #842, #2510 ) ;
#7622 = EDGE_LOOP ( 'NONE', ( #2785, #93, #1635, #1509 ) ) ;
#7623 = UNCERTAINTY_MEASURE_WITH_UNIT (LENGTH_MEASURE( 1.000000000000000100E-005 ), #2678, 'distance_accuracy_value', 'NONE');
#7624 = ORIENTED_EDGE ( 'NONE', *, *, #4976, .T. ) ;
#7625 = CARTESIAN_POINT ( 'NONE',  ( -0.1273296167111876200, 0.3013688739725956000, 0.3926445623981437700 ) ) ;
#7626 = UNCERTAINTY_MEASURE_WITH_UNIT (LENGTH_MEASURE( 1.000000000000000100E-005 ), #3069, 'distance_accuracy_value', 'NONE');
#7627 = COLOUR_RGB ( '',0.1098039215686274500, 0.1098039215686274500, 0.1098039215686274500 ) ;
#7628 = CARTESIAN_POINT ( 'NONE',  ( -0.1069241233671471600, 0.3402872455622173400, 0.3947430299118224200 ) ) ;
#7629 = AXIS2_PLACEMENT_3D ( 'NONE', #43, #4446, #3924 ) ;
#7630 =( NAMED_UNIT ( * ) SI_UNIT ( $, .STERADIAN. ) SOLID_ANGLE_UNIT ( ) );
#7631 = AXIS2_PLACEMENT_3D ( 'NONE', #2701, #1420, #5258 ) ;
#7632 = DIRECTION ( 'NONE',  ( -1.447553700753488400E-016, 1.000000000000000000, -0.0000000000000000000 ) ) ;
#7633 = CARTESIAN_POINT ( 'NONE',  ( -0.1069241233671471000, 0.3402872455622173400, 0.3947430299118224200 ) ) ;
#7634 = PRESENTATION_LAYER_ASSIGNMENT (  '', '', ( #7212 ) ) ;
#7635 = EDGE_LOOP ( 'NONE', ( #6534, #1001, #4838, #6377 ) ) ;
#7636 = DIRECTION ( 'NONE',  ( 0.0000000000000000000, 1.000000000000000000, 0.0000000000000000000 ) ) ;
#7637 = DIRECTION ( 'NONE',  ( 1.447553700753488400E-016, -1.000000000000000000, 0.0000000000000000000 ) ) ;
#7638 = CARTESIAN_POINT ( 'NONE',  ( 0.1541048631466486500, 0.2955653112648418100, -0.4106898798623053700 ) ) ;
#7639 = COLOUR_RGB ( '',0.1098039215686274500, 0.1098039215686274500, 0.1098039215686274500 ) ;
#7640 = CARTESIAN_POINT ( 'NONE',  ( 0.04784238332212933900, -1.168868921937331400, -0.2301144326776780900 ) ) ;
#7641 = CARTESIAN_POINT ( 'NONE',  ( -0.02994456013349137600, -1.151245959617459300, 0.2721492054816726500 ) ) ;
#7642 = CONICAL_SURFACE ( 'NONE', #6256, 0.2549999999999994500, 0.8329812666744389500 ) ;
#7643 = CARTESIAN_POINT ( 'NONE',  ( -0.5999999999999994200, -2.674289321881344600, 0.0000000000000000000 ) ) ;
#7644 =( GEOMETRIC_REPRESENTATION_CONTEXT ( 3 ) GLOBAL_UNCERTAINTY_ASSIGNED_CONTEXT ( ( #6018 ) ) GLOBAL_UNIT_ASSIGNED_CONTEXT ( ( #8179, #4296, #511 ) ) REPRESENTATION_CONTEXT ( 'NONE', 'WORKASPACE' ) );
#7645 = FACE_OUTER_BOUND ( 'NONE', #1744, .T. ) ;
#7646 = DIRECTION ( 'NONE',  ( 1.000000000000000000, 2.409338161078900700E-016, 0.0000000000000000000 ) ) ;
#7647 = EDGE_CURVE ( 'NONE', #4427, #5560, #3091, .T. ) ;
#7648 = AXIS2_PLACEMENT_3D ( 'NONE', #3564, #8071, #6152 ) ;
#7649 = DIRECTION ( 'NONE',  ( 1.000000000000000000, 1.447553700753488400E-016, 0.0000000000000000000 ) ) ;
#7650 =( NAMED_UNIT ( * ) PLANE_ANGLE_UNIT ( ) SI_UNIT ( $, .RADIAN. ) );
#7651 = ADVANCED_FACE ( 'NONE', ( #6302 ), #2712, .T. ) ;
#7652 = ORIENTED_EDGE ( 'NONE', *, *, #5864, .F. ) ;
#7653 = EDGE_LOOP ( 'NONE', ( #5017, #4878, #3636, #5667 ) ) ;
#7654 = CARTESIAN_POINT ( 'NONE',  ( 0.09289585452495648100, -0.2122519574548107600, 0.3303541405802691300 ) ) ;
#7655 = CARTESIAN_POINT ( 'NONE',  ( -9.265898622708170100E-017, 1.015000000000000300, 0.0000000000000000000 ) ) ;
#7656 = CARTESIAN_POINT ( 'NONE',  ( 0.4792893218813452100, -2.745000000000000600, 5.869601339074942800E-017 ) ) ;
#7657 = CARTESIAN_POINT ( 'NONE',  ( 0.07842072905313553200, 0.3824496332608214300, -0.3870788979830182000 ) ) ;
#7658 = CARTESIAN_POINT ( 'NONE',  ( -0.04919043109371012300, -1.155270082144002300, 0.08403836463368613600 ) ) ;
#7659 = VERTEX_POINT ( 'NONE', #1270 ) ;
#7660 = CARTESIAN_POINT ( 'NONE',  ( 0.07702338403990204000, 0.3865463078027617800, 0.4373195731501482400 ) ) ;
#7661 = CARTESIAN_POINT ( 'NONE',  ( -0.8999999999999993600, 0.7449999999999998800, 0.0000000000000000000 ) ) ;
#7662 = CARTESIAN_POINT ( 'NONE',  ( 2.518587945522486000E-016, -1.365000000000000000, 0.0000000000000000000 ) ) ;
#7663 = ORIENTED_EDGE ( 'NONE', *, *, #1065, .F. ) ;
#7664 = EDGE_CURVE ( 'NONE', #6901, #170, #4372, .T. ) ;
#7665 = CARTESIAN_POINT ( 'NONE',  ( -0.07215632524356457900, 0.3989153358109493500, -0.3872600742266846800 ) ) ;
#7666 = SURFACE_SIDE_STYLE ('',( #2667 ) ) ;
#7667 = MECHANICAL_DESIGN_GEOMETRIC_PRESENTATION_REPRESENTATION (  '', ( #6365 ), #8089 ) ;
#7668 = B_SPLINE_CURVE_WITH_KNOTS ( 'NONE', 3,
 ( #5064, #1224, #1896, #6362 ),
 .UNSPECIFIED., .F., .F.,
 ( 4, 4 ),
 ( 1.003345648564105300E-016, 2.956319344432535500E-006 ),
 .UNSPECIFIED. ) ;
#7669 = LINE ( 'NONE', #5080, #2351 ) ;
#7670 =( NAMED_UNIT ( * ) SI_UNIT ( $, .STERADIAN. ) SOLID_ANGLE_UNIT ( ) );
#7671 = ORIENTED_EDGE ( 'NONE', *, *, #4575, .F. ) ;
#7672 = CARTESIAN_POINT ( 'NONE',  ( 0.1249999999999997400, 0.2666198487095638400, 0.3792098549233096100 ) ) ;
#7673 = CARTESIAN_POINT ( 'NONE',  ( 0.1180253205482996400, 0.3525217918725813700, -0.3757417101685852600 ) ) ;
#7674 = CARTESIAN_POINT ( 'NONE',  ( -4.923237520447700400E-017, 0.7150000000000000800, 0.0000000000000000000 ) ) ;
#7675 = MECHANICAL_DESIGN_GEOMETRIC_PRESENTATION_REPRESENTATION (  '', ( #6805 ), #8100 ) ;
#7676 = DIRECTION ( 'NONE',  ( -1.447553700753488400E-016, 1.000000000000000000, -0.0000000000000000000 ) ) ;
#7677 = AXIS2_PLACEMENT_3D ( 'NONE', #1905, #1930, #4465 ) ;
#7678 = VERTEX_POINT ( 'NONE', #5076 ) ;
#7679 = PRESENTATION_STYLE_ASSIGNMENT (( #969 ) ) ;
#7680 = ORIENTED_EDGE ( 'NONE', *, *, #7664, .T. ) ;
#7681 = CARTESIAN_POINT ( 'NONE',  ( 0.1043044550474246200, 0.3443960200077092500, -0.4430637472983819400 ) ) ;
#7682 = DIRECTION ( 'NONE',  ( 0.0000000000000000000, 0.0000000000000000000, 1.000000000000000000 ) ) ;
#7683 = CARTESIAN_POINT ( 'NONE',  ( -0.08690305780639567800, 0.3808163893332396400, -0.4354423703759934800 ) ) ;
#7684 = CARTESIAN_POINT ( 'NONE',  ( 0.02513773585898748300, -1.222945504588554200, 0.2763272670030129700 ) ) ;
#7685 = CARTESIAN_POINT ( 'NONE',  ( 0.02774434385279784700, -1.184064822374828500, -0.1903871192432015900 ) ) ;
#7686 = CARTESIAN_POINT ( 'NONE',  ( -0.02643120967749338500, 0.4179081645899778200, 0.3931419001768750600 ) ) ;
#7687 = ADVANCED_FACE ( 'NONE', ( #6094 ), #2112, .F. ) ;
#7688 = ORIENTED_EDGE ( 'NONE', *, *, #4948, .T. ) ;
#7689 = ADVANCED_FACE ( 'NONE', ( #7230 ), #6618, .F. ) ;
#7690 = LINE ( 'NONE', #488, #5980 ) ;
#7691 = MECHANICAL_DESIGN_GEOMETRIC_PRESENTATION_REPRESENTATION (  '', ( #6388 ), #8121 ) ;
#7692 = EDGE_CURVE ( 'NONE', #1915, #23, #4918, .T. ) ;
#7693 = DIRECTION ( 'NONE',  ( 0.0000000000000000000, 1.000000000000000000, 0.0000000000000000000 ) ) ;
#7694 = AXIS2_PLACEMENT_3D ( 'NONE', #4839, #1645, #1039 ) ;
#7695 = CARTESIAN_POINT ( 'NONE',  ( 0.1117898246928620300, 0.3331452681402512500, 0.3826818687998804200 ) ) ;
#7696 = CARTESIAN_POINT ( 'NONE',  ( 0.09744828080417262900, 0.3792588028253489100, -0.3818730408762013300 ) ) ;
#7697 = SURFACE_STYLE_USAGE ( .BOTH. , #3205 ) ;
#7698 = VECTOR ( 'NONE', #6413, 1000.000000000000000 ) ;
#7699 = VERTEX_POINT ( 'NONE', #3854 ) ;
#7700 = CARTESIAN_POINT ( 'NONE',  ( 0.1256868485845287500, 0.3534304298553415100, 0.4257457647225474400 ) ) ;
#7701 =( NAMED_UNIT ( * ) PLANE_ANGLE_UNIT ( ) SI_UNIT ( $, .RADIAN. ) );
#7702 = CARTESIAN_POINT ( 'NONE',  ( -0.1250000000000000600, 0.2666198487095667900, -0.3792098549233096100 ) ) ;
#7703 = CARTESIAN_POINT ( 'NONE',  ( 0.02975596909783453900, -1.154059020938208900, -0.2719230065400992700 ) ) ;
#7704 = AXIS2_PLACEMENT_3D ( 'NONE', #8214, #2459, #6934 ) ;
#7705 = ORIENTED_EDGE ( 'NONE', *, *, #807, .T. ) ;
#7706 =( GEOMETRIC_REPRESENTATION_CONTEXT ( 3 ) GLOBAL_UNCERTAINTY_ASSIGNED_CONTEXT ( ( #4555 ) ) GLOBAL_UNIT_ASSIGNED_CONTEXT ( ( #1466, #5938, #2108 ) ) REPRESENTATION_CONTEXT ( 'NONE', 'WORKASPACE' ) );
#7707 = AXIS2_PLACEMENT_3D ( 'NONE', #4291, #503, #4943 ) ;
#7708 = SURFACE_SIDE_STYLE ('',( #4402 ) ) ;
#7709 = CARTESIAN_POINT ( 'NONE',  ( 0.02492522909667287800, 0.3985701379379950600, -0.3615789286148071200 ) ) ;
#7710 = CARTESIAN_POINT ( 'NONE',  ( 4.775372274600670600E-017, 0.04500000000000011600, 0.0000000000000000000 ) ) ;
#7711 = FACE_OUTER_BOUND ( 'NONE', #6106, .T. ) ;
#7712 = CARTESIAN_POINT ( 'NONE',  ( 0.1249999999999997400, 0.2666198487095638400, 0.3897197719169301400 ) ) ;
#7713 = ORIENTED_EDGE ( 'NONE', *, *, #756, .T. ) ;
#7714 = CARTESIAN_POINT ( 'NONE',  ( 0.03001871923576346400, -1.150139787728350600, 0.03936446250195110200 ) ) ;
#7715 = EDGE_CURVE ( 'NONE', #5216, #6158, #1514, .T. ) ;
#7716 = AXIS2_PLACEMENT_3D ( 'NONE', #3223, #2589, #3256 ) ;
#7717 =( LENGTH_UNIT ( ) NAMED_UNIT ( * ) SI_UNIT ( .MILLI., .METRE. ) );
#7718 = EDGE_LOOP ( 'NONE', ( #6641, #3294, #3954, #5985 ) ) ;
#7719 = CARTESIAN_POINT ( 'NONE',  ( 0.1242671365104061500, 0.2965725559113067700, 0.3934446168333248800 ) ) ;
#7720 = ORIENTED_EDGE ( 'NONE', *, *, #6626, .T. ) ;
#7721 = CARTESIAN_POINT ( 'NONE',  ( 0.03824400469747926000, 0.3943005575860810700, 0.4286344556069990900 ) ) ;
#7722 = CARTESIAN_POINT ( 'NONE',  ( -0.02774434385279769500, -1.184064822374825800, 0.1903871192432002900 ) ) ;
#7723 = DIRECTION ( 'NONE',  ( -1.000000000000000000, 0.0000000000000000000, -0.0000000000000000000 ) ) ;
#7724 = SURFACE_STYLE_FILL_AREA ( #4311 ) ;
#7725 = EDGE_CURVE ( 'NONE', #1579, #4180, #3197, .T. ) ;
#7726 = ORIENTED_EDGE ( 'NONE', *, *, #4739, .T. ) ;
#7727 = SURFACE_SIDE_STYLE ('',( #6366 ) ) ;
#7728 = EDGE_LOOP ( 'NONE', ( #1376, #5116, #2813, #3276 ) ) ;
#7729 =( GEOMETRIC_REPRESENTATION_CONTEXT ( 3 ) GLOBAL_UNCERTAINTY_ASSIGNED_CONTEXT ( ( #2982 ) ) GLOBAL_UNIT_ASSIGNED_CONTEXT ( ( #8012, #4143, #360 ) ) REPRESENTATION_CONTEXT ( 'NONE', 'WORKASPACE' ) );
#7730 = UNCERTAINTY_MEASURE_WITH_UNIT (LENGTH_MEASURE( 1.000000000000000100E-005 ), #3661, 'distance_accuracy_value', 'NONE');
#7731 =( NAMED_UNIT ( * ) SI_UNIT ( $, .STERADIAN. ) SOLID_ANGLE_UNIT ( ) );
#7732 = FACE_OUTER_BOUND ( 'NONE', #6364, .T. ) ;
#7733 = ADVANCED_FACE ( 'NONE', ( #4883 ), #5813, .F. ) ;
#7734 = ADVANCED_FACE ( 'NONE', ( #7321 ), #3889, .T. ) ;
#7735 = CARTESIAN_POINT ( 'NONE',  ( 0.1249999999999997400, 0.2666198487095638400, -0.3792098549233096100 ) ) ;
#7736 = CARTESIAN_POINT ( 'NONE',  ( 0.02813258350744163300, -1.178273762625600600, -0.2584972941336544600 ) ) ;
#7737 = CARTESIAN_POINT ( 'NONE',  ( -0.05610702765615076200, 0.3878323635698840400, -0.4341371847686180700 ) ) ;
#7738 = FACE_OUTER_BOUND ( 'NONE', #4316, .T. ) ;
#7739 = CARTESIAN_POINT ( 'NONE',  ( 0.3000000000000000400, -1.224999999999999400, 0.0000000000000000000 ) ) ;
#7740 = CARTESIAN_POINT ( 'NONE',  ( -0.02751749980527845200, -1.187448473213238900, 0.2283363398061075400 ) ) ;
#7741 = AXIS2_PLACEMENT_3D ( 'NONE', #534, #1771, #4341 ) ;
#7742 = EDGE_CURVE ( 'NONE', #602, #3185, #729, .T. ) ;
#7743 = CARTESIAN_POINT ( 'NONE',  ( -4.633726780297001500E-017, 0.6949999999999999500, 0.0000000000000000000 ) ) ;
#7744 = CARTESIAN_POINT ( 'NONE',  ( 0.04784238332213594500, -1.168868921937334300, 0.2301144326777099000 ) ) ;
#7745 = CARTESIAN_POINT ( 'NONE',  ( 2.103352214621881800E-015, -1.395000000000000000, -0.6699999999999989300 ) ) ;
#7746 = ORIENTED_EDGE ( 'NONE', *, *, #3722, .F. ) ;
#7747 = CARTESIAN_POINT ( 'NONE',  ( -0.1049532641402325000, 0.3434097392605768900, 0.3956287701370937400 ) ) ;
#7748 = CARTESIAN_POINT ( 'NONE',  ( -0.04338467537588928900, 0.3925287066132329100, 0.3946243287902516700 ) ) ;
#7749 = CARTESIAN_POINT ( 'NONE',  ( -0.03001871923576299500, -1.150139787728350300, -0.03936446250195122000 ) ) ;
#7750 = DIRECTION ( 'NONE',  ( -0.8944271909999167400, 0.0000000000000000000, 0.4472135954999562100 ) ) ;
#7751 = COLOUR_RGB ( '',0.1098039215686274500, 0.1098039215686274500, 0.1098039215686274500 ) ;
#7752 = AXIS2_PLACEMENT_3D ( 'NONE', #6431, #2604, #7073 ) ;
#7753 = EDGE_CURVE ( 'NONE', #1289, #3062, #2403, .T. ) ;
#7754 = EDGE_LOOP ( 'NONE', ( #3623, #1838, #30, #7070 ) ) ;
#7755 = ORIENTED_EDGE ( 'NONE', *, *, #302, .T. ) ;
#7756 = MECHANICAL_DESIGN_GEOMETRIC_PRESENTATION_REPRESENTATION (  '', ( #6887 ), #8193 ) ;
#7757 = AXIS2_PLACEMENT_3D ( 'NONE', #2479, #7637, #3769 ) ;
#7758 = CARTESIAN_POINT ( 'NONE',  ( 3.238291957217206500E-018, 0.3525217918728552100, 0.0000000000000000000 ) ) ;
#7759 = CARTESIAN_POINT ( 'NONE',  ( 0.2550000000000001700, -2.867118494305994400, 3.122849337825747500E-017 ) ) ;
#7760 = CARTESIAN_POINT ( 'NONE',  ( 0.1250039847854209100, 0.2666795064069405500, -0.3792148629019742000 ) ) ;
#7761 =( LENGTH_UNIT ( ) NAMED_UNIT ( * ) SI_UNIT ( .MILLI., .METRE. ) );
#7762 = SPHERICAL_SURFACE ( 'NONE', #5260, 0.1000000000000000100 ) ;
#7763 = ORIENTED_EDGE ( 'NONE', *, *, #6568, .F. ) ;
#7764 = CARTESIAN_POINT ( 'NONE',  ( 0.1062775327452080400, 0.3413441930756684300, -0.3950937734467551100 ) ) ;
#7765 = CIRCLE ( 'NONE', #4904, 0.4438423657390882000 ) ;
#7766 = CARTESIAN_POINT ( 'NONE',  ( -0.1193574644838563500, 0.3156482192581230300, -0.3771931540864308400 ) ) ;
#7767 = CARTESIAN_POINT ( 'NONE',  ( -0.02965122879701202400, -1.155621348054870700, -0.2717973794385592500 ) ) ;
#7768 = CARTESIAN_POINT ( 'NONE',  ( -0.1378435408756131200, 0.2670981431876250400, -0.3606053945049982300 ) ) ;
#7769 = CARTESIAN_POINT ( 'NONE',  ( -0.1049138835567492300, 0.3435813114898739200, 0.3790057711025329200 ) ) ;
#7770 = COLOUR_RGB ( '',0.1098039215686274500, 0.1098039215686274500, 0.1098039215686274500 ) ;
#7771 = ORIENTED_EDGE ( 'NONE', *, *, #2599, .F. ) ;
#7772 =( LENGTH_UNIT ( ) NAMED_UNIT ( * ) SI_UNIT ( .MILLI., .METRE. ) );
#7773 = FACE_OUTER_BOUND ( 'NONE', #2645, .T. ) ;
#7774 = ADVANCED_FACE ( 'NONE', ( #515 ), #7881, .T. ) ;
#7775 = ADVANCED_FACE ( 'NONE', ( #2205 ), #3669, .T. ) ;
#7776 = UNCERTAINTY_MEASURE_WITH_UNIT (LENGTH_MEASURE( 1.000000000000000100E-005 ), #7023, 'distance_accuracy_value', 'NONE');
#7777 = EDGE_CURVE ( 'NONE', #3471, #4136, #7108, .T. ) ;
#7778 = CARTESIAN_POINT ( 'NONE',  ( -0.1138354600963323600, 0.3291977104406091900, 0.4156943442279446600 ) ) ;
#7779 = UNCERTAINTY_MEASURE_WITH_UNIT (LENGTH_MEASURE( 1.000000000000000100E-005 ), #5423, 'distance_accuracy_value', 'NONE');
#7780 = CARTESIAN_POINT ( 'NONE',  ( -0.04784238332213559100, -1.168868921937334300, -0.2301144326777097300 ) ) ;
#7781 = CARTESIAN_POINT ( 'NONE',  ( -0.02994456013348574900, -1.151245959617543300, -0.2721492054816658800 ) ) ;
#7782 = ORIENTED_EDGE ( 'NONE', *, *, #6797, .T. ) ;
#7783 = AXIS2_PLACEMENT_3D ( 'NONE', #4864, #1059, #5507 ) ;
#7784 = PRESENTATION_STYLE_ASSIGNMENT (( #3285 ) ) ;
#7785 =( NAMED_UNIT ( * ) SI_UNIT ( $, .STERADIAN. ) SOLID_ANGLE_UNIT ( ) );
#7786 =( NAMED_UNIT ( * ) PLANE_ANGLE_UNIT ( ) SI_UNIT ( $, .RADIAN. ) );
#7787 = CARTESIAN_POINT ( 'NONE',  ( -0.1378435408756131200, 0.2670981431876250400, 0.3606053945049982300 ) ) ;
#7788 = ORIENTED_EDGE ( 'NONE', *, *, #384, .F. ) ;
#7789 = CARTESIAN_POINT ( 'NONE',  ( -1.270000000000000000, 1.395000000000000000, 0.7700000000000003500 ) ) ;
#7790 = CARTESIAN_POINT ( 'NONE',  ( -0.1249379995298532400, 0.2656950373903186300, 0.4025597304062461000 ) ) ;
#7791 = PRESENTATION_STYLE_ASSIGNMENT (( #5707 ) ) ;
#7792 = PRESENTATION_LAYER_ASSIGNMENT (  '', '', ( #7362 ) ) ;
#7793 = AXIS2_PLACEMENT_3D ( 'NONE', #3740, #7636, #3768 ) ;
#7794 = AXIS2_PLACEMENT_3D ( 'NONE', #4863, #1057, #5506 ) ;
#7795 = DIRECTION ( 'NONE',  ( -1.447553700753488400E-016, 1.000000000000000000, -0.0000000000000000000 ) ) ;
#7796 = ORIENTED_EDGE ( 'NONE', *, *, #7962, .T. ) ;
#7797 = SURFACE_STYLE_USAGE ( .BOTH. , #3307 ) ;
#7798 = COLOUR_RGB ( '',0.1098039215686274500, 0.1098039215686274500, 0.1098039215686274500 ) ;
#7799 = CARTESIAN_POINT ( 'NONE',  ( -0.1049532641402256100, 0.3434097392605874300, 0.3956287701370961900 ) ) ;
#7800 = CARTESIAN_POINT ( 'NONE',  ( -1.103631729698298400E-032, 1.015000000000000600, 0.0000000000000000000 ) ) ;
#7801 = DIRECTION ( 'NONE',  ( 1.000000000000000000, 0.0000000000000000000, 1.224646799147352000E-016 ) ) ;
#7802 = CARTESIAN_POINT ( 'NONE',  ( -0.1049532641402281900, 0.3434097392605839300, -0.3956287701370980200 ) ) ;
#7803 = STYLED_ITEM ( 'NONE', ( #4069 ), #1391 ) ;
#7804 = CYLINDRICAL_SURFACE ( 'NONE', #4075, 0.1000000000000000300 ) ;
#7805 = ORIENTED_EDGE ( 'NONE', *, *, #7124, .F. ) ;
#7806 = FILL_AREA_STYLE_COLOUR ( '', #7513 ) ;
#7807 = EDGE_CURVE ( 'NONE', #6288, #2805, #1970, .T. ) ;
#7808 = AXIS2_PLACEMENT_3D ( 'NONE', #5360, #1564, #6024 ) ;
#7809 = DIRECTION ( 'NONE',  ( -0.3162277660168377200, 0.9486832980505138800, 0.0000000000000000000 ) ) ;
#7810 = CARTESIAN_POINT ( 'NONE',  ( -0.5316896815425915500, 1.015000000000000300, 0.0000000000000000000 ) ) ;
#7811 = PRESENTATION_STYLE_ASSIGNMENT (( #2836 ) ) ;
#7812 = ORIENTED_EDGE ( 'NONE', *, *, #3254, .F. ) ;
#7813 = CARTESIAN_POINT ( 'NONE',  ( 0.04978749811896360900, -1.205082627581610000, -0.2976813273944592400 ) ) ;
#7814 = CARTESIAN_POINT ( 'NONE',  ( 0.06059935458451726900, -0.6939929610046493600, -0.2937098273539318100 ) ) ;
#7815 = CARTESIAN_POINT ( 'NONE',  ( -0.07510442366010826300, -0.6993505378357933700, 0.2884536770729558800 ) ) ;
#7816 = ADVANCED_FACE ( 'NONE', ( #2006, #5591 ), #4596, .F. ) ;
#7817 = ADVANCED_FACE ( 'NONE', ( #3083 ), #4095, .T. ) ;
#7818 = CARTESIAN_POINT ( 'NONE',  ( 2.975399468465839800E-018, 0.3543379074933981600, 0.0000000000000000000 ) ) ;
#7819 = CARTESIAN_POINT ( 'NONE',  ( 0.0000000000000000000, 0.0000000000000000000, 0.0000000000000000000 ) ) ;
#7820 = ORIENTED_EDGE ( 'NONE', *, *, #7066, .F. ) ;
#7821 = CARTESIAN_POINT ( 'NONE',  ( -0.02820282449103557100, -1.222213169675451700, -0.2871043138259515300 ) ) ;
#7822 = CARTESIAN_POINT ( 'NONE',  ( 0.09189318308635009700, -0.2272080036503711400, -0.3433401040042007900 ) ) ;
#7823 = PRESENTATION_STYLE_ASSIGNMENT (( #674 ) ) ;
#7824 = VECTOR ( 'NONE', #4934, 1000.000000000000000 ) ;
#7825 = CARTESIAN_POINT ( 'NONE',  ( 0.07759768709278433400, 0.3733551480327672600, -0.4040241882964743000 ) ) ;
#7826 = VERTEX_POINT ( 'NONE', #234 ) ;
#7827 = SURFACE_STYLE_USAGE ( .BOTH. , #3341 ) ;
#7828 = CARTESIAN_POINT ( 'NONE',  ( -0.09330660253071824900, -0.2061251586726545700, 0.3451767922991442700 ) ) ;
#7829 = ORIENTED_EDGE ( 'NONE', *, *, #8013, .F. ) ;
#7830 = EDGE_CURVE ( 'NONE', #7317, #1410, #7528, .T. ) ;
#7831 = SURFACE_SIDE_STYLE ('',( #382 ) ) ;
#7832 = CIRCLE ( 'NONE', #451, 0.1000000000000000500 ) ;
#7833 = CARTESIAN_POINT ( 'NONE',  ( -0.1250013331633863000, 0.2666397344385881800, -0.3792115224343175500 ) ) ;
#7834 = DIRECTION ( 'NONE',  ( 1.447553700753488400E-016, -1.000000000000000000, 0.0000000000000000000 ) ) ;
#7835 = PRESENTATION_STYLE_ASSIGNMENT (( #6992 ) ) ;
#7836 = ORIENTED_EDGE ( 'NONE', *, *, #4328, .F. ) ;
#7837 = SURFACE_STYLE_USAGE ( .BOTH. , #3351 ) ;
#7838 =( NAMED_UNIT ( * ) PLANE_ANGLE_UNIT ( ) SI_UNIT ( $, .RADIAN. ) );
#7839 = B_SPLINE_CURVE_WITH_KNOTS ( 'NONE', 3,
 ( #7845, #203, #4617, #843 ),
 .UNSPECIFIED., .F., .F.,
 ( 4, 4 ),
 ( 4.888429609190592800E-019, 2.626378288018079000E-006 ),
 .UNSPECIFIED. ) ;
#7840 = CIRCLE ( 'NONE', #3733, 0.6099999999999994300 ) ;
#7841 = EDGE_CURVE ( 'NONE', #3029, #1431, #2616, .T. ) ;
#7842 = PRESENTATION_STYLE_ASSIGNMENT (( #7452 ) ) ;
#7843 = AXIS2_PLACEMENT_3D ( 'NONE', #4331, #550, #7592 ) ;
#7844 = CARTESIAN_POINT ( 'NONE',  ( 2.975399468465839800E-018, 0.3543379074933982700, 0.0000000000000000000 ) ) ;
#7845 = CARTESIAN_POINT ( 'NONE',  ( 0.02513773585898746900, -1.222945504588554400, -0.2763272670030122400 ) ) ;
#7846 =( BOUNDED_SURFACE ( )  B_SPLINE_SURFACE ( 3, 2, ( 
 ( #2857, #2882, #4154 ),
 ( #371, #4799, #1000 ),
 ( #5444, #1634, #6095 ),
 ( #2276, #6761, #2909 ) ),
 .UNSPECIFIED., .F., .F., .T. ) 
 B_SPLINE_SURFACE_WITH_KNOTS ( ( 4, 4 ),
 ( 3, 3 ),
 ( 5.105323468356286000E-005, 5.538599523850423800E-005 ),
 ( 0.0000000000000000000, 1.000000000000000000 ),
 .UNSPECIFIED. ) 
 GEOMETRIC_REPRESENTATION_ITEM ( )  RATIONAL_B_SPLINE_SURFACE ( (
 ( 1.000000000000000000, 0.7769974644321464600, 1.000000000000000000),
 ( 1.000000000000000000, 0.7810429013020688800, 1.000000000000000000),
 ( 1.000000000000000000, 0.7851700389513954800, 1.000000000000000000),
 ( 1.000000000000000000, 0.7893827206310606300, 1.000000000000000000) ) ) 
 REPRESENTATION_ITEM ( '' )  SURFACE ( )  );
#7847 = CARTESIAN_POINT ( 'NONE',  ( -7.509803548050487700E-017, 0.8936853245068846500, 0.0000000000000000000 ) ) ;
#7848 = CARTESIAN_POINT ( 'NONE',  ( 0.0000000000000000000, 0.0000000000000000000, 0.0000000000000000000 ) ) ;
#7849 = FACE_OUTER_BOUND ( 'NONE', #5121, .T. ) ;
#7850 = CARTESIAN_POINT ( 'NONE',  ( -0.04978749811896327600, -1.205082627581610000, -0.2976813273944591800 ) ) ;
#7851 = DIRECTION ( 'NONE',  ( -1.447553700753488400E-016, 1.000000000000000000, 0.0000000000000000000 ) ) ;
#7852 = AXIS2_PLACEMENT_3D ( 'NONE', #5331, #1538, #5996 ) ;
#7853 = CARTESIAN_POINT ( 'NONE',  ( 0.1210356286896722700, 0.3073357932227794900, -0.3776698035226067100 ) ) ;
#7854 = CARTESIAN_POINT ( 'NONE',  ( -0.07700768603163581100, 0.3747471321095635100, -0.4044146666858600100 ) ) ;
#7855 = ORIENTED_EDGE ( 'NONE', *, *, #990, .F. ) ;
#7856 = ORIENTED_EDGE ( 'NONE', *, *, #5697, .F. ) ;
#7857 = MECHANICAL_DESIGN_GEOMETRIC_PRESENTATION_REPRESENTATION (  '', ( #6982 ), #8290 ) ;
#7858 = EDGE_CURVE ( 'NONE', #6553, #8286, #5826, .T. ) ;
#7859 = CARTESIAN_POINT ( 'NONE',  ( 7.264154555652880700E-016, 1.294999999999999900, 0.6699999999999988200 ) ) ;
#7860 = AXIS2_PLACEMENT_3D ( 'NONE', #4589, #814, #5245 ) ;
#7861 = DIRECTION ( 'NONE',  ( -1.447553700753488400E-016, 1.000000000000000000, -0.0000000000000000000 ) ) ;
#7862 = ADVANCED_FACE ( 'NONE', ( #2411 ), #5604, .F. ) ;
#7863 = ADVANCED_FACE ( 'NONE', ( #5824 ), #2189, .T. ) ;
#7864 = DIRECTION ( 'NONE',  ( -1.000000000000000000, -1.447553700753488400E-016, 0.0000000000000000000 ) ) ;
#7865 = CYLINDRICAL_SURFACE ( 'NONE', #3810, 0.1000000000000000500 ) ;
#7866 = ORIENTED_EDGE ( 'NONE', *, *, #5665, .F. ) ;
#7867 = DIRECTION ( 'NONE',  ( -1.000000000000000000, -1.084202172485504000E-015, 0.0000000000000000000 ) ) ;
#7868 = CARTESIAN_POINT ( 'NONE',  ( -0.06643716516214005800, 0.3821562152951315000, 0.4069168333402187800 ) ) ;
#7869 = DIRECTION ( 'NONE',  ( -0.0000000000000000000, 1.000000000000000000, -0.0000000000000000000 ) ) ;
#7870 = CONICAL_SURFACE ( 'NONE', #926, 0.4999999999999998900, 0.7853981633974477200 ) ;
#7871 = EDGE_CURVE ( 'NONE', #7678, #6857, #6719, .T. ) ;
#7872 = MECHANICAL_DESIGN_GEOMETRIC_PRESENTATION_REPRESENTATION (  '', ( #6129 ), #8 ) ;
#7873 = ORIENTED_EDGE ( 'NONE', *, *, #904, .F. ) ;
#7874 =( NAMED_UNIT ( * ) SI_UNIT ( $, .STERADIAN. ) SOLID_ANGLE_UNIT ( ) );
#7875 = SURFACE_SIDE_STYLE ('',( #779 ) ) ;
#7876 = DIRECTION ( 'NONE',  ( 1.000000000000000000, 0.0000000000000000000, 0.0000000000000000000 ) ) ;
#7877 = CARTESIAN_POINT ( 'NONE',  ( 0.1389626919346113300, 0.2842237949497905000, 0.3618493508431944200 ) ) ;
#7878 = VERTEX_POINT ( 'NONE', #6667 ) ;
#7879 = CARTESIAN_POINT ( 'NONE',  ( 0.04735663172445679600, -1.169071126674652500, -0.2324804275672539600 ) ) ;
#7880 = LINE ( 'NONE', #7041, #4429 ) ;
#7881 = B_SPLINE_SURFACE_WITH_KNOTS ( 'NONE', 3, 1, ( 
 ( #5253, #6537 ),
 ( #6565, #2726 ),
 ( #7214, #3363 ),
 ( #7853, #4002 ),
 ( #214, #4624 ),
 ( #851, #7028 ),
 ( #3187, #7681 ),
 ( #3824, #44 ),
 ( #4448, #673 ),
 ( #5106, #1292 ),
 ( #5776, #1939 ),
 ( #6411, #2578 ),
 ( #7055, #3218 ),
 ( #7709, #3852 ),
 ( #75, #4475 ),
 ( #701, #5131 ),
 ( #1326, #5803 ),
 ( #1967, #6439 ),
 ( #2613, #7085 ),
 ( #3250, #7737 ),
 ( #3880, #101 ),
 ( #4506, #736 ),
 ( #5162, #1353 ),
 ( #5835, #1994 ),
 ( #6473, #2638 ),
 ( #7117, #3275 ),
 ( #7766, #3914 ),
 ( #129, #4533 ),
 ( #767, #5191 ),
 ( #1382, #5859 ),
 ( #2028, #6501 ) ),
 .UNSPECIFIED., .F., .F., .F.,
 ( 4, 3, 3, 3, 3, 3, 3, 3, 3, 3, 4 ),
 ( 2, 2 ),
 ( 0.0000000000000000000, 0.09975080204926559100, 0.1993582537165742300, 0.3011914062871647300, 0.4057136696779195500, 0.5083981533732852000, 0.6077474757507838100, 0.7072350267031128900, 0.8100074748154609800, 0.9145250317480356800, 1.000000000000000000 ),
 ( 0.0000000000000000000, 1.000000000000000000 ),
 .UNSPECIFIED. ) ;
#7882 = AXIS2_PLACEMENT_3D ( 'NONE', #834, #1457, #4577 ) ;
#7883 = VECTOR ( 'NONE', #2854, 1000.000000000000000 ) ;
#7884 =( NAMED_UNIT ( * ) SI_UNIT ( $, .STERADIAN. ) SOLID_ANGLE_UNIT ( ) );
#7885 = SURFACE_STYLE_USAGE ( .BOTH. , #3391 ) ;
#7886 = SURFACE_SIDE_STYLE ('',( #1577 ) ) ;
#7887 = UNCERTAINTY_MEASURE_WITH_UNIT (LENGTH_MEASURE( 1.000000000000000100E-005 ), #6545, 'distance_accuracy_value', 'NONE');
#7888 = B_SPLINE_CURVE_WITH_KNOTS ( 'NONE', 3,
 ( #5900, #5932, #7227, #3372, #7868, #4011, #225, #4635, #860, #5289, #1485, #5950, #2130, #6603, #2764, #7252, #3398, #7895, #4034, #246, #4665, #882 ),
 .UNSPECIFIED., .F., .F.,
 ( 4, 3, 3, 3, 3, 3, 3, 4 ),
 ( 0.0000000000000000000, 4.141798831838859500E-005, 8.502494520072026900E-005, 0.0001096818098460388000, 0.0001544982387323442300, 0.0001944690338138197600, 0.0002360464623894822400, 0.0002509570493531192000 ),
 .UNSPECIFIED. ) ;
#7889 =( NAMED_UNIT ( * ) PLANE_ANGLE_UNIT ( ) SI_UNIT ( $, .RADIAN. ) );
#7890 = EDGE_LOOP ( 'NONE', ( #6765, #69, #4974 ) ) ;
#7891 =( NAMED_UNIT ( * ) PLANE_ANGLE_UNIT ( ) SI_UNIT ( $, .RADIAN. ) );
#7892 = CARTESIAN_POINT ( 'NONE',  ( -0.1250000000000000600, 0.2666198487095667900, -0.3792098549233096100 ) ) ;
#7893 = EDGE_CURVE ( 'NONE', #5234, #2453, #145, .T. ) ;
#7894 = DIRECTION ( 'NONE',  ( 0.0000000000000000000, -1.000000000000000000, 0.0000000000000000000 ) ) ;
#7895 = CARTESIAN_POINT ( 'NONE',  ( 0.08747102201907870600, 0.3656845565829364700, 0.4014391905869027500 ) ) ;
#7896 = FILL_AREA_STYLE_COLOUR ( '', #7222 ) ;
#7897 = MECHANICAL_DESIGN_GEOMETRIC_PRESENTATION_REPRESENTATION (  '', ( #6146 ), #34 ) ;
#7898 = VERTEX_POINT ( 'NONE', #435 ) ;
#7899 = CIRCLE ( 'NONE', #5760, 0.02999999999999997100 ) ;
#7900 = CARTESIAN_POINT ( 'NONE',  ( 0.1265629783067053500, 0.3529727278034870400, -0.4254524633823116300 ) ) ;
#7901 = FILL_AREA_STYLE_COLOUR ( '', #4321 ) ;
#7902 = DIRECTION ( 'NONE',  ( -1.447553700753488400E-016, 1.000000000000000000, -0.0000000000000000000 ) ) ;
#7903 = CARTESIAN_POINT ( 'NONE',  ( -10.16000000000000000, 0.0000000000000000000, 0.0000000000000000000 ) ) ;
#7904 = CIRCLE ( 'NONE', #2648, 0.8999999999999993600 ) ;
#7905 = ORIENTED_EDGE ( 'NONE', *, *, #2624, .F. ) ;
#7906 = AXIS2_PLACEMENT_3D ( 'NONE', #4659, #878, #5304 ) ;
#7907 = DIRECTION ( 'NONE',  ( 1.000000000000000000, 0.0000000000000000000, 1.224646799147349500E-016 ) ) ;
#7908 = STYLED_ITEM ( 'NONE', ( #1399 ), #4545 ) ;
#7909 = DIRECTION ( 'NONE',  ( 0.0000000000000000000, -0.0000000000000000000, -1.000000000000000000 ) ) ;
#7910 = ORIENTED_EDGE ( 'NONE', *, *, #7423, .F. ) ;
#7911 =( LENGTH_UNIT ( ) NAMED_UNIT ( * ) SI_UNIT ( .MILLI., .METRE. ) );
#7912 = SURFACE_STYLE_USAGE ( .BOTH. , #3421 ) ;
#7913 = COLOUR_RGB ( '',0.1098039215686274500, 0.1098039215686274500, 0.1098039215686274500 ) ;
#7914 = MECHANICAL_DESIGN_GEOMETRIC_PRESENTATION_REPRESENTATION (  '', ( #7042 ), #60 ) ;
#7915 = DIRECTION ( 'NONE',  ( -1.084202172485503800E-015, 0.0000000000000000000, 1.000000000000000000 ) ) ;
#7916 = CARTESIAN_POINT ( 'NONE',  ( -7.610520693444185800E-017, 0.9006430729718480900, 0.0000000000000000000 ) ) ;
#7917 = EDGE_CURVE ( 'NONE', #4300, #6570, #1805, .T. ) ;
#7918 = ORIENTED_EDGE ( 'NONE', *, *, #3530, .F. ) ;
#7919 =( GEOMETRIC_REPRESENTATION_CONTEXT ( 3 ) GLOBAL_UNCERTAINTY_ASSIGNED_CONTEXT ( ( #7932 ) ) GLOBAL_UNIT_ASSIGNED_CONTEXT ( ( #5107, #1294, #5778 ) ) REPRESENTATION_CONTEXT ( 'NONE', 'WORKASPACE' ) );
#7920 =( NAMED_UNIT ( * ) SI_UNIT ( $, .STERADIAN. ) SOLID_ANGLE_UNIT ( ) );
#7921 = CARTESIAN_POINT ( 'NONE',  ( -0.6099999999999994300, 0.6550000000000000300, 0.0000000000000000000 ) ) ;
#7922 = AXIS2_PLACEMENT_3D ( 'NONE', #1082, #5536, #1716 ) ;
#7923 = SURFACE_STYLE_FILL_AREA ( #39 ) ;
#7924 = ORIENTED_EDGE ( 'NONE', *, *, #4190, .F. ) ;
#7925 = ORIENTED_EDGE ( 'NONE', *, *, #1118, .F. ) ;
#7926 = SURFACE_SIDE_STYLE ('',( #6236 ) ) ;
#7927 = CIRCLE ( 'NONE', #5573, 0.3939249933206986400 ) ;
#7928 = CARTESIAN_POINT ( 'NONE',  ( 0.05041738696757794300, -1.152035009858909200, 2.134241758572277500E-005 ) ) ;
#7929 = CARTESIAN_POINT ( 'NONE',  ( 0.0000000000000000000, 0.0000000000000000000, 0.0000000000000000000 ) ) ;
#7930 = CIRCLE ( 'NONE', #6341, 0.02000000000000005200 ) ;
#7931 = CARTESIAN_POINT ( 'NONE',  ( 0.02908889619311709100, -1.164009212790337600, 0.2689008448169059000 ) ) ;
#7932 = UNCERTAINTY_MEASURE_WITH_UNIT (LENGTH_MEASURE( 1.000000000000000100E-005 ), #5107, 'distance_accuracy_value', 'NONE');
#7933 = ORIENTED_EDGE ( 'NONE', *, *, #2243, .F. ) ;
#7934 = VERTEX_POINT ( 'NONE', #1071 ) ;
#7935 = CARTESIAN_POINT ( 'NONE',  ( 0.04591783395217299800, -1.154926136612982800, -0.2517853258962936500 ) ) ;
#7936 = PRESENTATION_STYLE_ASSIGNMENT (( #6335 ) ) ;
#7937 = DIRECTION ( 'NONE',  ( -1.000000000000000000, -1.204669080539450300E-016, 0.0000000000000000000 ) ) ;
#7938 = DIRECTION ( 'NONE',  ( -0.0000000000000000000, -0.0000000000000000000, -1.000000000000000000 ) ) ;
#7939 = EDGE_CURVE ( 'NONE', #2216, #4952, #1609, .T. ) ;
#7940 = PRESENTATION_LAYER_ASSIGNMENT (  '', '', ( #7071 ) ) ;
#7941 = CIRCLE ( 'NONE', #2634, 0.02000000000000000400 ) ;
#7942 = CARTESIAN_POINT ( 'NONE',  ( 1.370000000000000100, -1.294999999999999900, 0.6700000000000002600 ) ) ;
#7943 = DIRECTION ( 'NONE',  ( -1.000000000000000000, 0.0000000000000000000, 2.168404344971008100E-015 ) ) ;
#7944 = CARTESIAN_POINT ( 'NONE',  ( 0.0000000000000000000, -1.395000000000000000, -1.170000000000000200 ) ) ;
#7945 = DIRECTION ( 'NONE',  ( 1.000000000000000000, 0.0000000000000000000, -1.084202172485506600E-015 ) ) ;
#7946 = SURFACE_STYLE_FILL_AREA ( #2871 ) ;
#7947 = VERTEX_POINT ( 'NONE', #4877 ) ;
#7948 = AXIS2_PLACEMENT_3D ( 'NONE', #3694, #3059, #7508 ) ;
#7949 =( GEOMETRIC_REPRESENTATION_CONTEXT ( 3 ) GLOBAL_UNCERTAINTY_ASSIGNED_CONTEXT ( ( #1155 ) ) GLOBAL_UNIT_ASSIGNED_CONTEXT ( ( #7235, #3378, #7874 ) ) REPRESENTATION_CONTEXT ( 'NONE', 'WORKASPACE' ) );
#7950 = CARTESIAN_POINT ( 'NONE',  ( -0.9305572809000092200, 1.395000000000000000, 1.225278640450004200 ) ) ;
#7951 = CARTESIAN_POINT ( 'NONE',  ( 4.588589737599974400E-016, -2.795000000000000400, 0.0000000000000000000 ) ) ;
#7952 = DIRECTION ( 'NONE',  ( 1.447553700753488400E-016, -1.000000000000000000, 0.0000000000000000000 ) ) ;
#7953 = APPLICATION_PROTOCOL_DEFINITION ( 'draft international standard', 'automotive_design', 1998, #3453 ) ;
#7954 = VERTEX_POINT ( 'NONE', #8129 ) ;
#7955 = EDGE_LOOP ( 'NONE', ( #6795, #4046, #5636, #3780, #4231, #5434, #631, #1073, #1839, #733 ) ) ;
#7956 = CARTESIAN_POINT ( 'NONE',  ( 0.9581966011250107100, -1.294999999999999900, -1.270000000000000000 ) ) ;
#7957 = SURFACE_STYLE_FILL_AREA ( #3652 ) ;
#7958 =( LENGTH_UNIT ( ) NAMED_UNIT ( * ) SI_UNIT ( .MILLI., .METRE. ) );
#7959 = STYLED_ITEM ( 'NONE', ( #3984 ), #1304 ) ;
#7960 = CARTESIAN_POINT ( 'NONE',  ( 4.465033300665575300E-016, -2.709644660940672800, 0.0000000000000000000 ) ) ;
#7961 =( GEOMETRIC_REPRESENTATION_CONTEXT ( 3 ) GLOBAL_UNCERTAINTY_ASSIGNED_CONTEXT ( ( #1312 ) ) GLOBAL_UNIT_ASSIGNED_CONTEXT ( ( #1210, #5687, #1862 ) ) REPRESENTATION_CONTEXT ( 'NONE', 'WORKASPACE' ) );
#7962 = EDGE_CURVE ( 'NONE', #6582, #7234, #4784, .T. ) ;
#7963 = PLANE ( 'NONE',  #6133 ) ;
#7964 = VERTEX_POINT ( 'NONE', #5554 ) ;
#7965 = LINE ( 'NONE', #5272, #4521 ) ;
#7966 = CARTESIAN_POINT ( 'NONE',  ( -0.02625019091993451400, -1.206351904091488700, -0.09222483357885988300 ) ) ;
#7967 = DIRECTION ( 'NONE',  ( 0.8944271909999156300, 0.0000000000000000000, -0.4472135954999583700 ) ) ;
#7968 =( NAMED_UNIT ( * ) SI_UNIT ( $, .STERADIAN. ) SOLID_ANGLE_UNIT ( ) );
#7969 = CIRCLE ( 'NONE', #7209, 0.5999999999999994200 ) ;
#7970 = ORIENTED_EDGE ( 'NONE', *, *, #4100, .F. ) ;
#7971 = CARTESIAN_POINT ( 'NONE',  ( 0.1069180516808264200, 0.3402937159746543500, -0.3947436973228082300 ) ) ;
#7972 = CYLINDRICAL_SURFACE ( 'NONE', #22, 0.1000000000000000500 ) ;
#7973 = SURFACE_STYLE_FILL_AREA ( #2448 ) ;
#7974 = AXIS2_PLACEMENT_3D ( 'NONE', #2627, #2012, #6485 ) ;
#7975 = DIRECTION ( 'NONE',  ( -0.5679770921753948300, 0.8230443625734782400, 0.0000000000000000000 ) ) ;
#7976 = FACE_OUTER_BOUND ( 'NONE', #6916, .T. ) ;
#7977 = ORIENTED_EDGE ( 'NONE', *, *, #7483, .T. ) ;
#7978 = DIRECTION ( 'NONE',  ( 0.0000000000000000000, 0.0000000000000000000, -1.000000000000000000 ) ) ;
#7979 =( REPRESENTATION_RELATIONSHIP ('NONE','NONE', #3678, #2213 ) REPRESENTATION_RELATIONSHIP_WITH_TRANSFORMATION ( #6502 )SHAPE_REPRESENTATION_RELATIONSHIP( ) );
#7980 = CARTESIAN_POINT ( 'NONE',  ( -1.047639320225002900, -1.294999999999999900, -1.214721359549995900 ) ) ;
#7981 = EDGE_CURVE ( 'NONE', #5960, #5648, #6524, .T. ) ;
#7982 = B_SPLINE_CURVE_WITH_KNOTS ( 'NONE', 3,
 ( #2770, #6608, #3409, #7900, #4040, #252, #4673 ),
 .UNSPECIFIED., .F., .F.,
 ( 4, 3, 4 ),
 ( -1.013988139850394400E-006, 0.0000000000000000000, 3.093231526144585700E-006 ),
 .UNSPECIFIED. ) ;
#7983 = CIRCLE ( 'NONE', #4556, 0.02999999999999997100 ) ;
#7984 = DIRECTION ( 'NONE',  ( 1.447553700753488400E-016, -1.000000000000000000, 0.0000000000000000000 ) ) ;
#7985 = ORIENTED_EDGE ( 'NONE', *, *, #1900, .T. ) ;
#7986 = AXIS2_PLACEMENT_3D ( 'NONE', #3510, #6733, #2273 ) ;
#7987 = CIRCLE ( 'NONE', #2597, 0.2567686891652983200 ) ;
#7988 = DIRECTION ( 'NONE',  ( 1.000000000000000000, 1.447553700753488400E-016, 0.0000000000000000000 ) ) ;
#7989 = FILL_AREA_STYLE_COLOUR ( '', #5342 ) ;
#7990 = UNCERTAINTY_MEASURE_WITH_UNIT (LENGTH_MEASURE( 1.000000000000000100E-005 ), #6126, 'distance_accuracy_value', 'NONE');
#7991 = ORIENTED_EDGE ( 'NONE', *, *, #1810, .T. ) ;
#7992 = DIRECTION ( 'NONE',  ( -1.084202172485505800E-015, 0.0000000000000000000, 1.000000000000000000 ) ) ;
#7993 = CYLINDRICAL_SURFACE ( 'NONE', #909, 0.4439249933206987400 ) ;
#7994 = ORIENTED_EDGE ( 'NONE', *, *, #1576, .T. ) ;
#7995 = DIRECTION ( 'NONE',  ( 1.000000000000000000, 1.447553700753488400E-016, 0.0000000000000000000 ) ) ;
#7996 = DIRECTION ( 'NONE',  ( 1.000000000000000000, 0.0000000000000000000, -1.224646799147353200E-016 ) ) ;
#7997 = EDGE_CURVE ( 'NONE', #2216, #812, #1417, .T. ) ;
#7998 =( NAMED_UNIT ( * ) PLANE_ANGLE_UNIT ( ) SI_UNIT ( $, .RADIAN. ) );
#7999 = CARTESIAN_POINT ( 'NONE',  ( 0.1193854899513885900, 0.3283519445678656500, -0.4264694617663046800 ) ) ;
#8000 = CARTESIAN_POINT ( 'NONE',  ( 2.975399468465875600E-018, 0.3543379074933979400, 0.0000000000000000000 ) ) ;
#8001 = PRESENTATION_LAYER_ASSIGNMENT (  '', '', ( #7572 ) ) ;
#8002 = CARTESIAN_POINT ( 'NONE',  ( 0.4500000000000049000, 1.395000000000000000, 5.510910596163151200E-017 ) ) ;
#8003 = EDGE_LOOP ( 'NONE', ( #7624, #1489, #771 ) ) ;
#8004 = ORIENTED_EDGE ( 'NONE', *, *, #1194, .F. ) ;
#8005 = DIRECTION ( 'NONE',  ( -1.000000000000000000, -1.376441778236428500E-016, 0.0000000000000000000 ) ) ;
#8006 = SURFACE_SIDE_STYLE ('',( #2926 ) ) ;
#8007 = CARTESIAN_POINT ( 'NONE',  ( -0.04626371558791428400, -1.167778472435152300, 0.2395377386675600100 ) ) ;
#8008 = SURFACE_STYLE_FILL_AREA ( #7387 ) ;
#8009 = MECHANICAL_DESIGN_GEOMETRIC_PRESENTATION_REPRESENTATION (  '', ( #6272 ), #159 ) ;
#8010 = CYLINDRICAL_SURFACE ( 'NONE', #6567, 0.1000000000000000500 ) ;
#8011 = ORIENTED_EDGE ( 'NONE', *, *, #2568, .F. ) ;
#8012 =( LENGTH_UNIT ( ) NAMED_UNIT ( * ) SI_UNIT ( .MILLI., .METRE. ) );
#8013 = EDGE_CURVE ( 'NONE', #4813, #1597, #8239, .T. ) ;
#8014 = VECTOR ( 'NONE', #1607, 1000.000000000000000 ) ;
#8015 = SURFACE_STYLE_FILL_AREA ( #5278 ) ;
#8016 = ORIENTED_EDGE ( 'NONE', *, *, #4739, .F. ) ;
#8017 = SURFACE_STYLE_FILL_AREA ( #2593 ) ;
#8018 = PLANE ( 'NONE',  #299 ) ;
#8019 = CIRCLE ( 'NONE', #4879, 0.4203069233026771000 ) ;
#8020 =( NAMED_UNIT ( * ) PLANE_ANGLE_UNIT ( ) SI_UNIT ( $, .RADIAN. ) );
#8021 = EDGE_CURVE ( 'NONE', #6857, #4720, #8023, .T. ) ;
#8022 = DIRECTION ( 'NONE',  ( 0.8375188640831069400, -0.5464084116345046000, 0.0000000000000000000 ) ) ;
#8023 = LINE ( 'NONE', #6886, #4581 ) ;
#8024 = AXIS2_PLACEMENT_3D ( 'NONE', #464, #4906, #1099 ) ;
#8025 = SURFACE_STYLE_USAGE ( .BOTH. , #3516 ) ;
#8026 = ORIENTED_EDGE ( 'NONE', *, *, #6939, .T. ) ;
#8027 = CARTESIAN_POINT ( 'NONE',  ( -0.08344277649502045100, 0.4007445121413598700, -0.4413878854248858800 ) ) ;
#8028 = FILL_AREA_STYLE_COLOUR ( '', #1996 ) ;
#8029 =( GEOMETRIC_REPRESENTATION_CONTEXT ( 3 ) GLOBAL_UNCERTAINTY_ASSIGNED_CONTEXT ( ( #6896 ) ) GLOBAL_UNIT_ASSIGNED_CONTEXT ( ( #239, #4656, #875 ) ) REPRESENTATION_CONTEXT ( 'NONE', 'WORKASPACE' ) );
#8030 = ORIENTED_EDGE ( 'NONE', *, *, #7134, .F. ) ;
#8031 = CARTESIAN_POINT ( 'NONE',  ( -0.1069241233671471100, 0.3402872455622174000, -0.3947430299118225300 ) ) ;
#8032 = UNCERTAINTY_MEASURE_WITH_UNIT (LENGTH_MEASURE( 1.000000000000000100E-005 ), #754, 'distance_accuracy_value', 'NONE');
#8033 = UNCERTAINTY_MEASURE_WITH_UNIT (LENGTH_MEASURE( 1.000000000000000100E-005 ), #7911, 'distance_accuracy_value', 'NONE');
#8034 = VERTEX_POINT ( 'NONE', #527 ) ;
#8035 = DIRECTION ( 'NONE',  ( 1.447553700753488400E-016, -1.000000000000000000, 0.0000000000000000000 ) ) ;
#8036 = DIRECTION ( 'NONE',  ( -1.000000000000000000, 0.0000000000000000000, 0.0000000000000000000 ) ) ;
#8037 = CARTESIAN_POINT ( 'NONE',  ( 0.9581966011250107100, -1.294999999999999900, -1.169999999999999700 ) ) ;
#8038 = CARTESIAN_POINT ( 'NONE',  ( -0.1268494222310974900, 0.3528225842450623000, -0.4253565343888577300 ) ) ;
#8039 = CIRCLE ( 'NONE', #2472, 0.2350352011263657500 ) ;
#8040 = PRESENTATION_STYLE_ASSIGNMENT (( #5544 ) ) ;
#8041 = DIRECTION ( 'NONE',  ( -1.000000000000000000, -1.376441778236428500E-016, 0.0000000000000000000 ) ) ;
#8042 =( NAMED_UNIT ( * ) PLANE_ANGLE_UNIT ( ) SI_UNIT ( $, .RADIAN. ) );
#8043 = EDGE_CURVE ( 'NONE', #3537, #6800, #6303, .T. ) ;
#8044 = CIRCLE ( 'NONE', #2741, 0.8799999999999992300 ) ;
#8045 = MECHANICAL_DESIGN_GEOMETRIC_PRESENTATION_REPRESENTATION (  '', ( #6314 ), #199 ) ;
#8046 = CARTESIAN_POINT ( 'NONE',  ( -0.1084458459607382500, 0.01969480127398190400, -0.3614336424822510700 ) ) ;
#8047 = ORIENTED_EDGE ( 'NONE', *, *, #999, .T. ) ;
#8048 = ORIENTED_EDGE ( 'NONE', *, *, #7725, .F. ) ;
#8049 = DIRECTION ( 'NONE',  ( 1.447553700753488400E-016, -1.000000000000000000, 0.0000000000000000000 ) ) ;
#8050 = CARTESIAN_POINT ( 'NONE',  ( 0.02518493701619197200, -1.223104437731150200, 0.2780731727062197300 ) ) ;
#8051 = CARTESIAN_POINT ( 'NONE',  ( 3.302361896976791300E-016, -1.395000000000000000, -0.6399999999999993500 ) ) ;
#8052 = CARTESIAN_POINT ( 'NONE',  ( -1.370000000000000100, 1.395000000000000000, 0.6700000000000002600 ) ) ;
#8053 = DIRECTION ( 'NONE',  ( -1.447553700753488400E-016, 1.000000000000000000, -0.0000000000000000000 ) ) ;
#8054 = AXIS2_PLACEMENT_3D ( 'NONE', #3152, #7003, #1910 ) ;
#8055 = AXIS2_PLACEMENT_3D ( 'NONE', #2120, #6594, #2755 ) ;
#8056 = ORIENTED_EDGE ( 'NONE', *, *, #3173, .T. ) ;
#8057 = MECHANICAL_DESIGN_GEOMETRIC_PRESENTATION_REPRESENTATION (  '', ( #7212 ), #211 ) ;
#8058 = DIRECTION ( 'NONE',  ( 0.0000000000000000000, -1.000000000000000000, 0.0000000000000000000 ) ) ;
#8059 =( NAMED_UNIT ( * ) PLANE_ANGLE_UNIT ( ) SI_UNIT ( $, .RADIAN. ) );
#8060 = DIRECTION ( 'NONE',  ( 1.000000000000000000, 0.0000000000000000000, 0.0000000000000000000 ) ) ;
#8061 = PRESENTATION_STYLE_ASSIGNMENT (( #4139 ) ) ;
#8062 = CARTESIAN_POINT ( 'NONE',  ( -0.02910281676341073400, -1.163801570800779400, 0.2692655299612583500 ) ) ;
#8063 = EDGE_LOOP ( 'NONE', ( #1776, #8056, #330, #6891, #7570, #4024 ) ) ;
#8064 = FACE_OUTER_BOUND ( 'NONE', #1738, .T. ) ;
#8065 = EDGE_CURVE ( 'NONE', #3531, #4887, #2895, .T. ) ;
#8066 =( NAMED_UNIT ( * ) SI_UNIT ( $, .STERADIAN. ) SOLID_ANGLE_UNIT ( ) );
#8067 = PRESENTATION_LAYER_ASSIGNMENT (  '', '', ( #7225 ) ) ;
#8068 = ORIENTED_EDGE ( 'NONE', *, *, #807, .F. ) ;
#8069 = CARTESIAN_POINT ( 'NONE',  ( -0.02733480295340594300, -1.222697491360204200, 0.2856168812565667000 ) ) ;
#8070 = TOROIDAL_SURFACE ( 'NONE', #4515, 0.8499999999999993100, 0.05000000000000000300 ) ;
#8071 = DIRECTION ( 'NONE',  ( -1.447553700753488400E-016, 1.000000000000000000, -0.0000000000000000000 ) ) ;
#8072 =( LENGTH_UNIT ( ) NAMED_UNIT ( * ) SI_UNIT ( .MILLI., .METRE. ) );
#8073 = CARTESIAN_POINT ( 'NONE',  ( 0.9099999999999993600, 0.7150000000000001900, 1.114428587224090700E-016 ) ) ;
#8074 = DIRECTION ( 'NONE',  ( -1.224646799147353200E-016, -1.772742006221665100E-032, 1.000000000000000000 ) ) ;
#8075 = FILL_AREA_STYLE_COLOUR ( '', #5570 ) ;
#8076 = ORIENTED_EDGE ( 'NONE', *, *, #7066, .T. ) ;
#8077 =( NAMED_UNIT ( * ) PLANE_ANGLE_UNIT ( ) SI_UNIT ( $, .RADIAN. ) );
#8078 = CYLINDRICAL_SURFACE ( 'NONE', #8189, 0.1000000000000000500 ) ;
#8079 = DIRECTION ( 'NONE',  ( 0.0000000000000000000, 1.000000000000000000, 0.0000000000000000000 ) ) ;
#8080 = CARTESIAN_POINT ( 'NONE',  ( 2.103352214621881800E-015, 1.294999999999999900, -0.6699999999999989300 ) ) ;
#8081 = DIRECTION ( 'NONE',  ( -1.000000000000000000, 0.0000000000000000000, 0.0000000000000000000 ) ) ;
#8082 = B_SPLINE_CURVE_WITH_KNOTS ( 'NONE', 3,
 ( #7641, #3137, #630, #5062, #1252, #5733, #1895 ),
 .UNSPECIFIED., .F., .F.,
 ( 4, 3, 4 ),
 ( 0.0000000000000000000, 0.0006807279421530603200, 0.001425077999558054700 ),
 .UNSPECIFIED. ) ;
#8083 = VERTEX_POINT ( 'NONE', #7567 ) ;
#8084 = FACE_OUTER_BOUND ( 'NONE', #5356, .T. ) ;
#8085 = ORIENTED_EDGE ( 'NONE', *, *, #2490, .T. ) ;
#8086 = CIRCLE ( 'NONE', #2759, 0.5316896815425915500 ) ;
#8087 = EDGE_CURVE ( 'NONE', #4858, #7505, #1204, .T. ) ;
#8088 = CARTESIAN_POINT ( 'NONE',  ( 0.02100258615731036600, 0.3992583533952341900, 0.4294220695271037700 ) ) ;
#8089 =( GEOMETRIC_REPRESENTATION_CONTEXT ( 3 ) GLOBAL_UNCERTAINTY_ASSIGNED_CONTEXT ( ( #2492 ) ) GLOBAL_UNIT_ASSIGNED_CONTEXT ( ( #728, #5157, #1344 ) ) REPRESENTATION_CONTEXT ( 'NONE', 'WORKASPACE' ) );
#8090 = VERTEX_POINT ( 'NONE', #6915 ) ;
#8091 =( NAMED_UNIT ( * ) PLANE_ANGLE_UNIT ( ) SI_UNIT ( $, .RADIAN. ) );
#8092 = CYLINDRICAL_SURFACE ( 'NONE', #943, 0.1000000000000000500 ) ;
#8093 = ORIENTED_EDGE ( 'NONE', *, *, #6855, .F. ) ;
#8094 = CARTESIAN_POINT ( 'NONE',  ( -1.476660268557142200E-016, 1.395000000000000000, 0.0000000000000000000 ) ) ;
#8095 = PRESENTATION_STYLE_ASSIGNMENT (( #6925 ) ) ;
#8096 = CARTESIAN_POINT ( 'NONE',  ( -0.1281977007783645700, 0.3513788908277751300, -0.4248165135587985700 ) ) ;
#8097 = DIRECTION ( 'NONE',  ( 1.000000000000000000, 2.551063935260012500E-016, 0.0000000000000000000 ) ) ;
#8098 = PRESENTATION_STYLE_ASSIGNMENT (( #2334 ) ) ;
#8099 = ORIENTED_EDGE ( 'NONE', *, *, #1553, .T. ) ;
#8100 =( GEOMETRIC_REPRESENTATION_CONTEXT ( 3 ) GLOBAL_UNCERTAINTY_ASSIGNED_CONTEXT ( ( #2971 ) ) GLOBAL_UNIT_ASSIGNED_CONTEXT ( ( #4145, #2825, #6726 ) ) REPRESENTATION_CONTEXT ( 'NONE', 'WORKASPACE' ) );
#8101 = CARTESIAN_POINT ( 'NONE',  ( -0.1250026613953819100, 0.2666596192845120400, -0.3897231212585425800 ) ) ;
#8102 = CARTESIAN_POINT ( 'NONE',  ( -1.571558787423838500E-032, 0.6949999999999999500, 0.0000000000000000000 ) ) ;
#8103 = DIRECTION ( 'NONE',  ( 0.0000000000000000000, 1.000000000000000000, 0.0000000000000000000 ) ) ;
#8104 = CARTESIAN_POINT ( 'NONE',  ( -0.1278117220601736000, 0.3519517919547536200, 0.4249873577359664600 ) ) ;
#8105 = PRESENTATION_STYLE_ASSIGNMENT (( #7519 ) ) ;
#8106 = MECHANICAL_DESIGN_GEOMETRIC_PRESENTATION_REPRESENTATION (  '', ( #7258 ), #251 ) ;
#8107 = CARTESIAN_POINT ( 'NONE',  ( 1.270000000000000000, -1.294999999999999900, -0.6700000000000003700 ) ) ;
#8108 =( LENGTH_UNIT ( ) NAMED_UNIT ( * ) SI_UNIT ( .MILLI., .METRE. ) );
#8109 = CARTESIAN_POINT ( 'NONE',  ( 0.03902835300765041700, -1.214358437060419500, 0.2961696417105038600 ) ) ;
#8110 = ADVANCED_FACE ( 'NONE', ( #4375 ), #7231, .F. ) ;
#8111 = EDGE_LOOP ( 'NONE', ( #6011, #911, #1358 ) ) ;
#8112 = SURFACE_SIDE_STYLE ('',( #2405 ) ) ;
#8113 = CARTESIAN_POINT ( 'NONE',  ( -0.1069500050131465800, -0.2056458439791757400, -0.3262666793310207100 ) ) ;
#8114 = PRESENTATION_STYLE_ASSIGNMENT (( #2067 ) ) ;
#8115 = CARTESIAN_POINT ( 'NONE',  ( 1.270000000000001100, -1.294999999999999900, 0.7699999999999974600 ) ) ;
#8116 = VECTOR ( 'NONE', #5192, 1000.000000000000000 ) ;
#8117 = STYLED_ITEM ( 'NONE', ( #8105 ), #1175 ) ;
#8118 = COLOUR_RGB ( '',0.1098039215686274500, 0.1098039215686274500, 0.1098039215686274500 ) ;
#8119 = CIRCLE ( 'NONE', #4317, 0.1000000000000000500 ) ;
#8120 = DIRECTION ( 'NONE',  ( 0.4472135954999583200, 4.848699518061082200E-016, -0.8944271909999156300 ) ) ;
#8121 =( GEOMETRIC_REPRESENTATION_CONTEXT ( 3 ) GLOBAL_UNCERTAINTY_ASSIGNED_CONTEXT ( ( #5773 ) ) GLOBAL_UNIT_ASSIGNED_CONTEXT ( ( #6840, #2991, #7492 ) ) REPRESENTATION_CONTEXT ( 'NONE', 'WORKASPACE' ) );
#8122 = EDGE_CURVE ( 'NONE', #5903, #2424, #2114, .T. ) ;
#8123 = ORIENTED_EDGE ( 'NONE', *, *, #7540, .F. ) ;
#8124 = ORIENTED_EDGE ( 'NONE', *, *, #3895, .T. ) ;
#8125 = STYLED_ITEM ( 'NONE', ( #5210 ), #7050 ) ;
#8126 = FACE_OUTER_BOUND ( 'NONE', #2640, .T. ) ;
#8127 = CARTESIAN_POINT ( 'NONE',  ( -0.1192785049739789200, 0.3160164861124815100, 0.3976914599269366600 ) ) ;
#8128 = CARTESIAN_POINT ( 'NONE',  ( 0.04602336279310954200, -1.166624008986304900, 0.2418756372060026900 ) ) ;
#8129 = CARTESIAN_POINT ( 'NONE',  ( 1.270000000000000200, 1.294999999999999700, -0.7699999999999988000 ) ) ;
#8130 = PRESENTATION_STYLE_ASSIGNMENT (( #2605 ) ) ;
#8131 = ORIENTED_EDGE ( 'NONE', *, *, #862, .T. ) ;
#8132 = ORIENTED_EDGE ( 'NONE', *, *, #3173, .F. ) ;
#8133 = DIRECTION ( 'NONE',  ( -1.000000000000000000, 0.0000000000000000000, 0.0000000000000000000 ) ) ;
#8134 = DIRECTION ( 'NONE',  ( -0.9977602850769320400, 0.06689105712424747700, 0.0000000000000000000 ) ) ;
#8135 = CARTESIAN_POINT ( 'NONE',  ( 1.270000000000000000, 1.395000000000000000, -0.6700000000000002600 ) ) ;
#8136 = CIRCLE ( 'NONE', #7099, 0.3939249933206986400 ) ;
#8137 = AXIS2_PLACEMENT_3D ( 'NONE', #4019, #230, #4645 ) ;
#8138 = CARTESIAN_POINT ( 'NONE',  ( -0.04506578427859781600, 0.3918940884985805400, -0.4258554626469344100 ) ) ;
#8139 = DIRECTION ( 'NONE',  ( 0.0000000000000000000, 0.0000000000000000000, -1.000000000000000000 ) ) ;
#8140 = CARTESIAN_POINT ( 'NONE',  ( -0.4500000000000052300, 1.395000000000000000, 0.0000000000000000000 ) ) ;
#8141 = CARTESIAN_POINT ( 'NONE',  ( 0.02857818474717647600, -1.171627086087611200, 0.2413803608990361700 ) ) ;
#8142 =( BOUNDED_SURFACE ( )  B_SPLINE_SURFACE ( 3, 2, ( 
 ( #4399, #5053, #7006 ),
 ( #3157, #7657, #3795 ),
 ( #15, #4542, #776 ),
 ( #5198, #1389, #5867 ),
 ( #2035, #6510, #2675 ),
 ( #7158, #3316, #7802 ) ),
 .UNSPECIFIED., .F., .F., .T. ) 
 B_SPLINE_SURFACE_WITH_KNOTS ( ( 4, 2, 4 ),
 ( 3, 3 ),
 ( 0.0002599240858458208800, 0.0004057101827710468800, 0.0005514962796962729300 ),
 ( 0.0000000000000000000, 1.000000000000000000 ),
 .UNSPECIFIED. ) 
 GEOMETRIC_REPRESENTATION_ITEM ( )  RATIONAL_B_SPLINE_SURFACE ( (
 ( 1.000000000000000000, 0.7894116659238575900, 1.000000000000000000),
 ( 1.000000000000000000, 0.7546180568516031000, 1.000000000000000000),
 ( 1.000000000000000000, 0.7070548380169894300, 1.000000000000000000),
 ( 1.000000000000000000, 0.7071588004228825900, 1.000000000000000000),
 ( 1.000000000000000000, 0.7545720992172886300, 1.000000000000000000),
 ( 1.000000000000000000, 0.7893827206240654500, 1.000000000000000000) ) ) 
 REPRESENTATION_ITEM ( '' )  SURFACE ( )  );
#8143 = B_SPLINE_CURVE_WITH_KNOTS ( 'NONE', 3,
 ( #3156, #1239, #5077, #1271, #5744, #1913, #6381, #2554, #7031, #3190, #7683, #3826, #47, #4451 ),
 .UNSPECIFIED., .F., .F.,
 ( 4, 2, 2, 2, 2, 2, 4 ),
 ( 0.0000000000000000000, 3.471867515808647000E-005, 6.943735031617294000E-005, 0.0001388747006323457700, 0.0002083120509485186200, 0.0002430307261066050500, 0.0002777494012646914900 ),
 .UNSPECIFIED. ) ;
#8144 = CARTESIAN_POINT ( 'NONE',  ( -7.424927725979709800E-017, 0.8878219273820250300, 0.0000000000000000000 ) ) ;
#8145 = CARTESIAN_POINT ( 'NONE',  ( 1.370000000000000300, 1.395000000000000000, 0.6700000000000003700 ) ) ;
#8146 =( LENGTH_UNIT ( ) NAMED_UNIT ( * ) SI_UNIT ( .MILLI., .METRE. ) );
#8147 = CIRCLE ( 'NONE', #1349, 0.9099999999999992500 ) ;
#8148 = SURFACE_STYLE_USAGE ( .BOTH. , #3620 ) ;
#8149 = FILL_AREA_STYLE_COLOUR ( '', #5120 ) ;
#8150 = VECTOR ( 'NONE', #7240, 1000.000000000000000 ) ;
#8151 = EDGE_CURVE ( 'NONE', #4735, #5216, #1356, .T. ) ;
#8152 = MECHANICAL_DESIGN_GEOMETRIC_PRESENTATION_REPRESENTATION (  '', ( #7295 ), #282 ) ;
#8153 = FACE_OUTER_BOUND ( 'NONE', #8003, .T. ) ;
#8154 = ORIENTED_EDGE ( 'NONE', *, *, #3348, .F. ) ;
#8155 = CARTESIAN_POINT ( 'NONE',  ( -0.04688860007330981200, -1.168710141581216000, -0.2353235380017169600 ) ) ;
#8156 = DIRECTION ( 'NONE',  ( -1.447553700753488400E-016, 1.000000000000000000, -0.0000000000000000000 ) ) ;
#8157 = FILL_AREA_STYLE_COLOUR ( '', #7027 ) ;
#8158 = ADVANCED_FACE ( 'NONE', ( #7013 ), #2987, .F. ) ;
#8159 = CARTESIAN_POINT ( 'NONE',  ( 2.975399468465936100E-018, 0.3543379074933976100, 0.0000000000000000000 ) ) ;
#8160 = ORIENTED_EDGE ( 'NONE', *, *, #7939, .F. ) ;
#8161 = EDGE_CURVE ( 'NONE', #2331, #4309, #4685, .T. ) ;
#8162 = AXIS2_PLACEMENT_3D ( 'NONE', #4815, #1013, #5461 ) ;
#8163 = CIRCLE ( 'NONE', #8221, 0.1000000000000000500 ) ;
#8164 = EDGE_LOOP ( 'NONE', ( #7255, #2202, #6057 ) ) ;
#8165 = DIRECTION ( 'NONE',  ( -1.000000000000000000, -1.349481802652466300E-016, 0.0000000000000000000 ) ) ;
#8166 = CARTESIAN_POINT ( 'NONE',  ( 0.1105549371087100600, 0.3353763313311157700, -0.4032832450576084300 ) ) ;
#8167 = FILL_AREA_STYLE_COLOUR ( '', #6278 ) ;
#8168 = CONICAL_SURFACE ( 'NONE', #2702, 0.5999999999999995300, 0.3217505543966423500 ) ;
#8169 =( NAMED_UNIT ( * ) PLANE_ANGLE_UNIT ( ) SI_UNIT ( $, .RADIAN. ) );
#8170 = SURFACE_STYLE_USAGE ( .BOTH. , #3646 ) ;
#8171 = ORIENTED_EDGE ( 'NONE', *, *, #5286, .T. ) ;
#8172 = CARTESIAN_POINT ( 'NONE',  ( -1.047639320225002900, 1.294999999999999900, -1.214721359549995900 ) ) ;
#8173 =( LENGTH_UNIT ( ) NAMED_UNIT ( * ) SI_UNIT ( .MILLI., .METRE. ) );
#8174 = DIRECTION ( 'NONE',  ( -1.000000000000000000, 0.0000000000000000000, 0.0000000000000000000 ) ) ;
#8175 = CIRCLE ( 'NONE', #1928, 0.7850932023777780200 ) ;
#8176 = AXIS2_PLACEMENT_3D ( 'NONE', #6147, #2328, #6802 ) ;
#8177 = AXIS2_PLACEMENT_3D ( 'NONE', #2476, #6950, #3106 ) ;
#8178 = EDGE_CURVE ( 'NONE', #4099, #7300, #6402, .T. ) ;
#8179 =( LENGTH_UNIT ( ) NAMED_UNIT ( * ) SI_UNIT ( .MILLI., .METRE. ) );
#8180 =( NAMED_UNIT ( * ) SI_UNIT ( $, .STERADIAN. ) SOLID_ANGLE_UNIT ( ) );
#8181 = SURFACE_SIDE_STYLE ('',( #7957 ) ) ;
#8182 = ORIENTED_EDGE ( 'NONE', *, *, #1436, .T. ) ;
#8183 = DIRECTION ( 'NONE',  ( -1.447553700753488400E-016, 1.000000000000000000, -0.0000000000000000000 ) ) ;
#8184 = CARTESIAN_POINT ( 'NONE',  ( 0.03638792666258104700, -1.216459714962222000, -0.2949462734239072200 ) ) ;
#8185 = CARTESIAN_POINT ( 'NONE',  ( 0.1175578686517207100, -0.2361828566321520200, -0.3725520193605203500 ) ) ;
#8186 = EDGE_LOOP ( 'NONE', ( #3611, #2511 ) ) ;
#8187 = SURFACE_STYLE_USAGE ( .BOTH. , #3660 ) ;
#8188 = VERTEX_POINT ( 'NONE', #1907 ) ;
#8189 = AXIS2_PLACEMENT_3D ( 'NONE', #33, #1904, #4440 ) ;
#8190 =( NAMED_UNIT ( * ) PLANE_ANGLE_UNIT ( ) SI_UNIT ( $, .RADIAN. ) );
#8191 = EDGE_CURVE ( 'NONE', #6259, #4119, #6194, .T. ) ;
#8192 = CARTESIAN_POINT ( 'NONE',  ( 0.0000000000000000000, -1.294999999999999900, -1.270000000000000000 ) ) ;
#8193 =( GEOMETRIC_REPRESENTATION_CONTEXT ( 3 ) GLOBAL_UNCERTAINTY_ASSIGNED_CONTEXT ( ( #493 ) ) GLOBAL_UNIT_ASSIGNED_CONTEXT ( ( #2083, #6563, #2724 ) ) REPRESENTATION_CONTEXT ( 'NONE', 'WORKASPACE' ) );
#8194 = UNCERTAINTY_MEASURE_WITH_UNIT (LENGTH_MEASURE( 1.000000000000000100E-005 ), #5712, 'distance_accuracy_value', 'NONE');
#8195 = STYLED_ITEM ( 'NONE', ( #2370 ), #5753 ) ;
#8196 = ORIENTED_EDGE ( 'NONE', *, *, #1535, .F. ) ;
#8197 = VECTOR ( 'NONE', #4627, 1000.000000000000000 ) ;
#8198 = ORIENTED_EDGE ( 'NONE', *, *, #4718, .F. ) ;
#8199 =( NAMED_UNIT ( * ) PLANE_ANGLE_UNIT ( ) SI_UNIT ( $, .RADIAN. ) );
#8200 = DIRECTION ( 'NONE',  ( -2.168404344971007700E-015, 0.0000000000000000000, 1.000000000000000000 ) ) ;
#8201 = PLANE ( 'NONE',  #1903 ) ;
#8202 = SURFACE_STYLE_USAGE ( .BOTH. , #3674 ) ;
#8203 = DIRECTION ( 'NONE',  ( 0.0000000000000000000, 1.000000000000000000, 0.0000000000000000000 ) ) ;
#8204 = CARTESIAN_POINT ( 'NONE',  ( 0.1180253205482380000, 0.3525217918727730500, 0.3757417101686229000 ) ) ;
#8205 = CARTESIAN_POINT ( 'NONE',  ( 0.04146844141494565600, -0.9793534590815657900, -0.2961674417265832100 ) ) ;
#8206 = UNCERTAINTY_MEASURE_WITH_UNIT (LENGTH_MEASURE( 1.000000000000000100E-005 ), #7772, 'distance_accuracy_value', 'NONE');
#8207 = CARTESIAN_POINT ( 'NONE',  ( 0.06061595206819404800, -0.9250819879823174400, -0.2708565774943252900 ) ) ;
#8208 = CIRCLE ( 'NONE', #467, 0.05000000000000002400 ) ;
#8209 = ORIENTED_EDGE ( 'NONE', *, *, #6900, .T. ) ;
#8210 = ADVANCED_FACE ( 'NONE', ( #2800 ), #7322, .F. ) ;
#8211 = CARTESIAN_POINT ( 'NONE',  ( 4.588589737599975400E-016, -2.795000000000000800, 0.0000000000000000000 ) ) ;
#8212 = SURFACE_STYLE_USAGE ( .BOTH. , #3688 ) ;
#8213 = CARTESIAN_POINT ( 'NONE',  ( -0.1049138835530978200, 0.3435813115014445000, -0.3790057711047986100 ) ) ;
#8214 = CARTESIAN_POINT ( 'NONE',  ( 0.0000000000000000000, -6.859999999999995900, 0.0000000000000000000 ) ) ;
#8215 = ORIENTED_EDGE ( 'NONE', *, *, #2038, .F. ) ;
#8216 = ORIENTED_EDGE ( 'NONE', *, *, #944, .T. ) ;
#8217 = CARTESIAN_POINT ( 'NONE',  ( -1.047639320225002900, -1.395000000000000000, -1.214721359549995900 ) ) ;
#8218 = CYLINDRICAL_SURFACE ( 'NONE', #4484, 0.1000000000000000500 ) ;
#8219 = EDGE_CURVE ( 'NONE', #2742, #1902, #5594, .T. ) ;
#8220 = CARTESIAN_POINT ( 'NONE',  ( -0.08305999482976625400, -0.7318447519065430800, -0.3349989644292455400 ) ) ;
#8221 = AXIS2_PLACEMENT_3D ( 'NONE', #2341, #6820, #2970 ) ;
#8222 = DIRECTION ( 'NONE',  ( 0.0000000000000000000, 0.0000000000000000000, 1.000000000000000000 ) ) ;
#8223 = CONTEXT_DEPENDENT_SHAPE_REPRESENTATION ( #7345, #7180 ) ;
#8224 = ORIENTED_EDGE ( 'NONE', *, *, #2624, .T. ) ;
#8225 = PRESENTATION_STYLE_ASSIGNMENT (( #7383 ) ) ;
#8226 = CARTESIAN_POINT ( 'NONE',  ( 0.1249999999999998900, 0.2666198487095668400, 0.3897197719169301900 ) ) ;
#8227 =( NAMED_UNIT ( * ) SI_UNIT ( $, .STERADIAN. ) SOLID_ANGLE_UNIT ( ) );
#8228 = CARTESIAN_POINT ( 'NONE',  ( -1.370000000000000100, 1.395000000000000000, -0.6700000000000002600 ) ) ;
#8229 = FACE_OUTER_BOUND ( 'NONE', #5140, .T. ) ;
#8230 = LINE ( 'NONE', #7501, #6516 ) ;
#8231 = MECHANICAL_DESIGN_GEOMETRIC_PRESENTATION_REPRESENTATION (  '', ( #7362 ), #348 ) ;
#8232 = AXIS2_PLACEMENT_3D ( 'NONE', #3800, #18, #4424 ) ;
#8233 = CARTESIAN_POINT ( 'NONE',  ( 0.1518986748799413000, 0.2634659119465356200, -0.4083876577056688700 ) ) ;
#8234 = DIRECTION ( 'NONE',  ( 0.0000000000000000000, -0.0000000000000000000, -1.000000000000000000 ) ) ;
#8235 = ORIENTED_EDGE ( 'NONE', *, *, #8275, .F. ) ;
#8236 = AXIS2_PLACEMENT_3D ( 'NONE', #5456, #7416, #6793 ) ;
#8237 = DIRECTION ( 'NONE',  ( -1.447553700753488400E-016, 1.000000000000000000, -0.0000000000000000000 ) ) ;
#8238 = CARTESIAN_POINT ( 'NONE',  ( 0.02864497759686499000, -1.170630790684146700, -0.03845175828587040600 ) ) ;
#8239 = CIRCLE ( 'NONE', #1002, 0.3293303437365926500 ) ;
#8240 = SURFACE_STYLE_FILL_AREA ( #2105 ) ;
#8241 = ORIENTED_EDGE ( 'NONE', *, *, #4817, .T. ) ;
#8242 = CARTESIAN_POINT ( 'NONE',  ( -1.244400193985226100, 1.395000000000000000, -0.7285786437626909900 ) ) ;
#8243 = CARTESIAN_POINT ( 'NONE',  ( 2.287098961263472300E-016, -1.205082627581609600, 0.0000000000000000000 ) ) ;
#8244 = ORIENTED_EDGE ( 'NONE', *, *, #781, .F. ) ;
#8245 = DIRECTION ( 'NONE',  ( -1.000000000000000000, 0.0000000000000000000, 0.0000000000000000000 ) ) ;
#8246 = CARTESIAN_POINT ( 'NONE',  ( -0.1049532641402256300, 0.3434097392605873200, 0.3956287701370960200 ) ) ;
#8247 = LINE ( 'NONE', #4112, #4791 ) ;
#8248 = DIRECTION ( 'NONE',  ( -1.000000000000000000, -2.409338161078879500E-016, 0.0000000000000000000 ) ) ;
#8249 = EDGE_CURVE ( 'NONE', #6288, #5365, #5178, .T. ) ;
#8250 = AXIS2_PLACEMENT_3D ( 'NONE', #7336, #3466, #7967 ) ;
#8251 = EDGE_LOOP ( 'NONE', ( #3789, #5978, #6749, #5597 ) ) ;
#8252 =( NAMED_UNIT ( * ) PLANE_ANGLE_UNIT ( ) SI_UNIT ( $, .RADIAN. ) );
#8253 = SPHERICAL_SURFACE ( 'NONE', #1181, 0.1000000000000000100 ) ;
#8254 = ADVANCED_FACE ( 'NONE', ( #517 ), #1409, .T. ) ;
#8255 = DIRECTION ( 'NONE',  ( 1.447553700753488400E-016, -1.000000000000000000, 0.0000000000000000000 ) ) ;
#8256 = CARTESIAN_POINT ( 'NONE',  ( -0.04199001048860033500, 0.4185481536464701900, 0.4498844407767839700 ) ) ;
#8257 = UNCERTAINTY_MEASURE_WITH_UNIT (LENGTH_MEASURE( 1.000000000000000100E-005 ), #5361, 'distance_accuracy_value', 'NONE');
#8258 = CARTESIAN_POINT ( 'NONE',  ( 0.09950373417811578200, -0.4951457862975194900, -0.3527858476656497400 ) ) ;
#8259 = DIRECTION ( 'NONE',  ( -1.000000000000000000, 0.0000000000000000000, 0.0000000000000000000 ) ) ;
#8260 = FILL_AREA_STYLE ('',( #6296 ) ) ;
#8261 = CARTESIAN_POINT ( 'NONE',  ( 0.04747270550681744600, -1.188786294355723900, 0.2283363398061076000 ) ) ;
#8262 = DIRECTION ( 'NONE',  ( -0.4472135954999579300, 0.0000000000000000000, -0.8944271909999158600 ) ) ;
#8263 = DIRECTION ( 'NONE',  ( 1.000000000000000000, -2.168404344971007700E-015, 0.0000000000000000000 ) ) ;
#8264 = ORIENTED_EDGE ( 'NONE', *, *, #5926, .F. ) ;
#8265 = EDGE_LOOP ( 'NONE', ( #5860, #240, #3860, #4614 ) ) ;
#8266 = DIRECTION ( 'NONE',  ( 0.0000000000000000000, 1.000000000000000000, 0.0000000000000000000 ) ) ;
#8267 = EDGE_CURVE ( 'NONE', #7898, #6944, #3085, .T. ) ;
#8268 = DIRECTION ( 'NONE',  ( -1.000000000000000000, 0.0000000000000000000, 0.0000000000000000000 ) ) ;
#8269 = CARTESIAN_POINT ( 'NONE',  ( 0.1158236843077628900, 0.3543379074932533300, 0.3765126485472812800 ) ) ;
#8270 = MECHANICAL_DESIGN_GEOMETRIC_PRESENTATION_REPRESENTATION (  '', ( #6088 ), #387 ) ;
#8271 = ORIENTED_EDGE ( 'NONE', *, *, #1674, .F. ) ;
#8272 = CARTESIAN_POINT ( 'NONE',  ( -1.370000000000000100, 1.294999999999999900, -0.7700000000000004600 ) ) ;
#8273 =( NAMED_UNIT ( * ) SI_UNIT ( $, .STERADIAN. ) SOLID_ANGLE_UNIT ( ) );
#8274 = ORIENTED_EDGE ( 'NONE', *, *, #7404, .F. ) ;
#8275 = EDGE_CURVE ( 'NONE', #1394, #1041, #2231, .T. ) ;
#8276 = FACE_BOUND ( 'NONE', #1167, .T. ) ;
#8277 = ORIENTED_EDGE ( 'NONE', *, *, #2538, .T. ) ;
#8278 = CARTESIAN_POINT ( 'NONE',  ( -0.1248607912308594700, 0.2645433830776201500, 0.4185491471246654000 ) ) ;
#8279 = AXIS2_PLACEMENT_3D ( 'NONE', #5674, #1851, #6315 ) ;
#8280 = DIRECTION ( 'NONE',  ( 0.0000000000000000000, -0.0000000000000000000, -1.000000000000000000 ) ) ;
#8281 = VECTOR ( 'NONE', #2494, 1000.000000000000100 ) ;
#8282 = DIRECTION ( 'NONE',  ( 0.0000000000000000000, 0.0000000000000000000, -1.000000000000000000 ) ) ;
#8283 = DIRECTION ( 'NONE',  ( -1.447553700753488400E-016, 1.000000000000000000, -0.0000000000000000000 ) ) ;
#8284 = CARTESIAN_POINT ( 'NONE',  ( -0.1139144063399336900, 0.3594171500163140200, 0.4291867700377026700 ) ) ;
#8285 = PRESENTATION_STYLE_ASSIGNMENT (( #1863 ) ) ;
#8286 = VERTEX_POINT ( 'NONE', #5856 ) ;
#8287 = CARTESIAN_POINT ( 'NONE',  ( 0.1450627261444091500, 0.3267110947108322600, -0.4174144868800949100 ) ) ;
#8288 = ADVANCED_FACE ( 'NONE', ( #8229 ), #7410, .T. ) ;
#8289 = AXIS2_PLACEMENT_3D ( 'NONE', #288, #4717, #928 ) ;
#8290 =( GEOMETRIC_REPRESENTATION_CONTEXT ( 3 ) GLOBAL_UNCERTAINTY_ASSIGNED_CONTEXT ( ( #4871 ) ) GLOBAL_UNIT_ASSIGNED_CONTEXT ( ( #7338, #3467, #7968 ) ) REPRESENTATION_CONTEXT ( 'NONE', 'WORKASPACE' ) );
#8291 = VERTEX_POINT ( 'NONE', #4590 ) ;
#8292 = NEXT_ASSEMBLY_USAGE_OCCURRENCE ( 'NAUO1', ' ', ' ', #5366, #4503, $ ) ;
#8293 = NEXT_ASSEMBLY_USAGE_OCCURRENCE ( 'NAUO2', ' ', ' ', #5366, #4503, $ ) ;
#8294 = NEXT_ASSEMBLY_USAGE_OCCURRENCE ( 'NAUO3', ' ', ' ', #5366, #4503, $ ) ;
#8295 = NEXT_ASSEMBLY_USAGE_OCCURRENCE ( 'NAUO4', ' ', ' ', #5366, #4503, $ ) ;
#8296 = NEXT_ASSEMBLY_USAGE_OCCURRENCE ( 'NAUO5', ' ', ' ', #5366, #4503, $ ) ;
#8297 = NEXT_ASSEMBLY_USAGE_OCCURRENCE ( 'NAUO6', ' ', ' ', #5366, #4503, $ ) ;
#8298 = NEXT_ASSEMBLY_USAGE_OCCURRENCE ( 'NAUO7', ' ', ' ', #5366, #4503, $ ) ;
ENDSEC;
END-ISO-10303-21;
