ISO-10303-21;
HEADER;
FILE_DESCRIPTION (( 'STEP AP214' ),
    '1' );
FILE_NAME ('310-43-107-41-001000.STEP',
    '2024-12-09T07:54:07',
    ( '' ),
    ( '' ),
    'SwSTEP 2.0',
    'SolidWorks 2016',
    '' );
FILE_SCHEMA (( 'AUTOMOTIVE_DESIGN' ));
ENDSEC;

DATA;
#1 = CARTESIAN_POINT ( 'NONE',  ( 7.365999999999999700, -0.1487897551572339700, -1.822148973992250000E-017 ) ) ;
#2 = EDGE_CURVE ( 'NONE', #3080, #2820, #881, .T. ) ;
#3 = ORIENTED_EDGE ( 'NONE', *, *, #3339, .T. ) ;
#4 = PRODUCT_DEFINITION_CONTEXT ( 'detailed design', #1287, 'design' ) ;
#5 = DIRECTION ( 'NONE',  ( 0.3420201333319417600, 0.0000000000000000000, 0.9396926244233274600 ) ) ;
#6 = DIRECTION ( 'NONE',  ( 0.3420201333319417600, 0.0000000000000000000, -0.9396926244233274600 ) ) ;
#7 = AXIS2_PLACEMENT_3D ( 'NONE', #255, #3235, #3324 ) ;
#8 = VERTEX_POINT ( 'NONE', #1354 ) ;
#9 = VECTOR ( 'NONE', #3059, 1000.000000000000000 ) ;
#10 = PRODUCT_DEFINITION_FORMATION_WITH_SPECIFIED_SOURCE ( 'ANY', '', #1970, .NOT_KNOWN. ) ;
#11 = VECTOR ( 'NONE', #498, 1000.000000000000100 ) ;
#12 = ORIENTED_EDGE ( 'NONE', *, *, #1586, .T. ) ;
#13 = DIRECTION ( 'NONE',  ( -0.9396926244233275700, 0.0000000000000000000, -0.3420201333319417000 ) ) ;
#14 = LINE ( 'NONE', #1400, #3242 ) ;
#15 = DIRECTION ( 'NONE',  ( 1.000000000000000000, 0.0000000000000000000, 0.0000000000000000000 ) ) ;
#16 = EDGE_CURVE ( 'NONE', #2091, #567, #2453, .T. ) ;
#17 = CARTESIAN_POINT ( 'NONE',  ( 7.112000000000001000, 0.2540000000000002300, 3.110602869834308500E-017 ) ) ;
#18 = CIRCLE ( 'NONE', #3943, 0.8890000000000001200 ) ;
#19 = FACE_OUTER_BOUND ( 'NONE', #4017, .T. ) ;
#20 = ADVANCED_FACE ( 'NONE', ( #3343 ), #1484, .F. ) ;
#21 = CARTESIAN_POINT ( 'NONE',  ( 1.928772825200000500, 0.0000000000000000000, 1.355252715606880500E-017 ) ) ;
#22 = ORIENTED_EDGE ( 'NONE', *, *, #2060, .T. ) ;
#23 = ORIENTED_EDGE ( 'NONE', *, *, #3600, .F. ) ;
#24 = VECTOR ( 'NONE', #3079, 1000.000000000000000 ) ;
#25 = CARTESIAN_POINT ( 'NONE',  ( 4.343400000000000800, 0.0000000000000000000, 0.0000000000000000000 ) ) ;
#26 = FACE_OUTER_BOUND ( 'NONE', #1967, .T. ) ;
#27 = CYLINDRICAL_SURFACE ( 'NONE', #721, 0.7302500000000000700 ) ;
#28 = CARTESIAN_POINT ( 'NONE',  ( -0.07280314370000001700, -2.794000000000000500, -2.339975000000000800 ) ) ;
#29 = EDGE_CURVE ( 'NONE', #613, #2235, #2564, .T. ) ;
#30 = EDGE_CURVE ( 'NONE', #2310, #3003, #18, .T. ) ;
#31 = CARTESIAN_POINT ( 'NONE',  ( 4.541575968900001000, -2.794000000000000500, -2.339975000000000800 ) ) ;
#32 = DIRECTION ( 'NONE',  ( 0.0000000000000000000, 0.0000000000000000000, 1.000000000000000000 ) ) ;
#33 = VERTEX_POINT ( 'NONE', #1889 ) ;
#34 = SURFACE_STYLE_USAGE ( .BOTH. , #1824 ) ;
#35 = EDGE_CURVE ( 'NONE', #292, #1590, #1694, .T. ) ;
#36 = CARTESIAN_POINT ( 'NONE',  ( 8.584373712600005000, 0.0000000000000000000, -2.219960000000000800 ) ) ;
#37 = ADVANCED_FACE ( 'NONE', ( #2352, #3245 ), #2525, .F. ) ;
#38 = ORIENTED_EDGE ( 'NONE', *, *, #1783, .F. ) ;
#39 = AXIS2_PLACEMENT_3D ( 'NONE', #234, #3566, #3623 ) ;
#40 = EDGE_LOOP ( 'NONE', ( #1930, #3370, #2411, #3727 ) ) ;
#41 = CIRCLE ( 'NONE', #2810, 0.9499600000000002500 ) ;
#42 = CARTESIAN_POINT ( 'NONE',  ( 2.074379112600000400, -2.794000000000000500, -0.4000500000000001800 ) ) ;
#43 = ORIENTED_EDGE ( 'NONE', *, *, #2406, .F. ) ;
#44 = CARTESIAN_POINT ( 'NONE',  ( 17.31435371260000300, -1.397000000000000200, -0.4000500000000001800 ) ) ;
#45 = VERTEX_POINT ( 'NONE', #3349 ) ;
#46 = CARTESIAN_POINT ( 'NONE',  ( 17.24155056890000600, -2.794000000000000500, -0.2000250000000000900 ) ) ;
#47 = SURFACE_STYLE_USAGE ( .BOTH. , #1841 ) ;
#48 = ORIENTED_EDGE ( 'NONE', *, *, #1984, .F. ) ;
#49 = AXIS2_PLACEMENT_3D ( 'NONE', #1943, #2291, #2590 ) ;
#50 = ORIENTED_EDGE ( 'NONE', *, *, #382, .F. ) ;
#51 = CYLINDRICAL_SURFACE ( 'NONE', #489, 0.6731000000000002500 ) ;
#52 = DIRECTION ( 'NONE',  ( 1.000000000000000000, 1.524468746464432000E-016, 0.0000000000000000000 ) ) ;
#53 = ADVANCED_FACE ( 'NONE', ( #3139 ), #3027, .F. ) ;
#54 = DIRECTION ( 'NONE',  ( -0.0000000000000000000, 1.000000000000000000, 0.0000000000000000000 ) ) ;
#55 = ORIENTED_EDGE ( 'NONE', *, *, #799, .F. ) ;
#56 = VECTOR ( 'NONE', #1062, 1000.000000000000000 ) ;
#57 = PLANE ( 'NONE',  #2696 ) ;
#58 = LINE ( 'NONE', #3578, #837 ) ;
#59 = ORIENTED_EDGE ( 'NONE', *, *, #1586, .F. ) ;
#60 = CARTESIAN_POINT ( 'NONE',  ( 3.504373712600001400, -0.8940800000000001000, -2.219960000000000800 ) ) ;
#61 = CIRCLE ( 'NONE', #117, 0.9499600000000002500 ) ;
#62 = DIRECTION ( 'NONE',  ( 0.0000000000000000000, 0.0000000000000000000, 1.000000000000000000 ) ) ;
#63 = VERTEX_POINT ( 'NONE', #2438 ) ;
#64 = LINE ( 'NONE', #2231, #2313 ) ;
#65 = DIRECTION ( 'NONE',  ( 0.3420201333319364300, 0.0000000000000000000, 0.9396926244233293500 ) ) ;
#66 = ORIENTED_EDGE ( 'NONE', *, *, #3165, .F. ) ;
#67 = LINE ( 'NONE', #2941, #2415 ) ;
#68 = CARTESIAN_POINT ( 'NONE',  ( -0.3056262874000000900, -1.397000000000000200, -0.4000500000000001800 ) ) ;
#69 = DIRECTION ( 'NONE',  ( 1.000000000000000000, 0.0000000000000000000, 0.0000000000000000000 ) ) ;
#70 = CARTESIAN_POINT ( 'NONE',  ( 4.191761365000001400, 0.8432292254000003400, -0.4216146000000001200 ) ) ;
#71 = FACE_OUTER_BOUND ( 'NONE', #435, .T. ) ;
#72 = VECTOR ( 'NONE', #2621, 1000.000000000000000 ) ;
#73 = DIRECTION ( 'NONE',  ( 0.0000000000000000000, -1.000000000000000000, 0.0000000000000000000 ) ) ;
#74 = CARTESIAN_POINT ( 'NONE',  ( -0.1456062874000000100, -2.794000000000000500, -2.139950000000000700 ) ) ;
#75 = ADVANCED_FACE ( 'NONE', ( #2256 ), #612, .F. ) ;
#76 = CIRCLE ( 'NONE', #3858, 0.7302500000000000700 ) ;
#77 = EDGE_CURVE ( 'NONE', #898, #3462, #1502, .T. ) ;
#78 = PLANE ( 'NONE',  #3896 ) ;
#79 = CARTESIAN_POINT ( 'NONE',  ( 9.854373712600002800, -2.794000000000000500, -0.4000500000000001800 ) ) ;
#80 = AXIS2_PLACEMENT_3D ( 'NONE', #1174, #1390, #1535 ) ;
#81 = PLANE ( 'NONE',  #3557 ) ;
#82 = AXIS2_PLACEMENT_3D ( 'NONE', #1856, #62, #2192 ) ;
#83 = ITEM_DEFINED_TRANSFORMATION ( 'NONE', 'NONE', #867,  #3665 ) ;
#84 = DIRECTION ( 'NONE',  ( -0.0000000000000000000, 1.000000000000000000, 0.0000000000000000000 ) ) ;
#85 = DIRECTION ( 'NONE',  ( 1.000000000000000000, 0.0000000000000000000, 0.0000000000000000000 ) ) ;
#86 = VERTEX_POINT ( 'NONE', #2670 ) ;
#87 = EDGE_CURVE ( 'NONE', #2091, #2921, #1409, .T. ) ;
#88 = CARTESIAN_POINT ( 'NONE',  ( 7.081575968900002000, -2.794000000000000500, -0.2000250000000000900 ) ) ;
#89 = VERTEX_POINT ( 'NONE', #2378 ) ;
#90 = CARTESIAN_POINT ( 'NONE',  ( 4.191000000000054900, 0.4190999999999459600, 6.687796170143367600E-017 ) ) ;
#91 = AXIS2_PLACEMENT_3D ( 'NONE', #3472, #4024, #3225 ) ;
#92 = CARTESIAN_POINT ( 'NONE',  ( 3.504373712600001400, -0.8940800000000001000, -1.270000000000000200 ) ) ;
#93 = VERTEX_POINT ( 'NONE', #2940 ) ;
#94 = ADVANCED_FACE ( 'NONE', ( #3891 ), #3777, .F. ) ;
#95 = CARTESIAN_POINT ( 'NONE',  ( 12.55436831260000300, -2.794000000000000500, -2.139950000000000700 ) ) ;
#96 = DIRECTION ( 'NONE',  ( -1.000000000000000000, -1.034790906691008600E-015, -0.0000000000000000000 ) ) ;
#97 = DIRECTION ( 'NONE',  ( 0.3420201333319364300, 0.0000000000000000000, -0.9396926244233293500 ) ) ;
#98 = ORIENTED_EDGE ( 'NONE', *, *, #3110, .F. ) ;
#99 = APPLICATION_PROTOCOL_DEFINITION ( 'draft international standard', 'automotive_design', 1998, #1898 ) ;
#100 = ORIENTED_EDGE ( 'NONE', *, *, #2195, .T. ) ;
#101 = LINE ( 'NONE', #2730, #971 ) ;
#102 = EDGE_CURVE ( 'NONE', #916, #2370, #3983, .T. ) ;
#103 = DIRECTION ( 'NONE',  ( -0.3420201333319416400, 0.0000000000000000000, -0.9396926244233274600 ) ) ;
#104 = DIRECTION ( 'NONE',  ( 0.0000000000000000000, -1.000000000000000000, -0.0000000000000000000 ) ) ;
#105 = VECTOR ( 'NONE', #154, 1000.000000000000000 ) ;
#106 = EDGE_CURVE ( 'NONE', #1058, #1462, #1323, .T. ) ;
#107 = ORIENTED_EDGE ( 'NONE', *, *, #2365, .T. ) ;
#108 = FACE_OUTER_BOUND ( 'NONE', #308, .T. ) ;
#109 = CARTESIAN_POINT ( 'NONE',  ( 11.12437371260000200, -2.794000000000000500, -1.270000000000000200 ) ) ;
#110 = VECTOR ( 'NONE', #1188, 1000.000000000000000 ) ;
#111 = FACE_OUTER_BOUND ( 'NONE', #512, .T. ) ;
#112 = CARTESIAN_POINT ( 'NONE',  ( 0.9643864126000002400, 0.0000000000000000000, 0.0000000000000000000 ) ) ;
#113 = EDGE_CURVE ( 'NONE', #2939, #2020, #525, .T. ) ;
#114 = ORIENTED_EDGE ( 'NONE', *, *, #2314, .T. ) ;
#115 =( REPRESENTATION_RELATIONSHIP ('NONE','NONE', #1655, #357 ) REPRESENTATION_RELATIONSHIP_WITH_TRANSFORMATION ( #3415 )SHAPE_REPRESENTATION_RELATIONSHIP( ) );
#116 = DIRECTION ( 'NONE',  ( 1.000000000000000000, -0.0000000000000000000, -0.0000000000000000000 ) ) ;
#117 = AXIS2_PLACEMENT_3D ( 'NONE', #1429, #3314, #3614 ) ;
#118 = ORIENTED_EDGE ( 'NONE', *, *, #552, .F. ) ;
#119 = LINE ( 'NONE', #3573, #987 ) ;
#120 = DIRECTION ( 'NONE',  ( 0.0000000000000000000, 0.0000000000000000000, 1.000000000000000000 ) ) ;
#121 = LINE ( 'NONE', #2672, #3151 ) ;
#122 = DIRECTION ( 'NONE',  ( 0.3420201333319400300, 0.0000000000000000000, -0.9396926244233281300 ) ) ;
#123 = LINE ( 'NONE', #918, #895 ) ;
#124 = ORIENTED_EDGE ( 'NONE', *, *, #2195, .F. ) ;
#125 = AXIS2_PLACEMENT_3D ( 'NONE', #2732, #2363, #3351 ) ;
#126 = DIRECTION ( 'NONE',  ( -0.9659258267357618800, 0.2588190434354373200, 3.169619131015883200E-017 ) ) ;
#127 = PLANE ( 'NONE',  #3776 ) ;
#128 = DIRECTION ( 'NONE',  ( 4.928923856493303300E-014, 0.0000000000000000000, 1.000000000000000000 ) ) ;
#129 = ORIENTED_EDGE ( 'NONE', *, *, #3532, .F. ) ;
#130 = AXIS2_PLACEMENT_3D ( 'NONE', #598, #2450, #302 ) ;
#131 = CARTESIAN_POINT ( 'NONE',  ( 14.62877282520000400, -1.397000000000000200, -2.540000000000000500 ) ) ;
#132 = CARTESIAN_POINT ( 'NONE',  ( 7.314373712600001900, -2.794000000000000500, -0.4000500000000001800 ) ) ;
#133 = ORIENTED_EDGE ( 'NONE', *, *, #1544, .F. ) ;
#134 = AXIS2_PLACEMENT_3D ( 'NONE', #2973, #2919, #3655 ) ;
#135 = ORIENTED_EDGE ( 'NONE', *, *, #1866, .F. ) ;
#136 = DIRECTION ( 'NONE',  ( 1.000000000000000000, -0.0000000000000000000, -0.0000000000000000000 ) ) ;
#137 = FACE_OUTER_BOUND ( 'NONE', #1270, .T. ) ;
#138 = ORIENTED_EDGE ( 'NONE', *, *, #3312, .F. ) ;
#139 = EDGE_LOOP ( 'NONE', ( #1171, #1794, #3677, #2645 ) ) ;
#140 = DIRECTION ( 'NONE',  ( -1.000000000000000000, -1.610759430226569700E-016, -0.0000000000000000000 ) ) ;
#141 = CARTESIAN_POINT ( 'NONE',  ( 12.55436831260000300, 0.0000000000000000000, -2.139950000000000700 ) ) ;
#142 = DIRECTION ( 'NONE',  ( 0.0000000000000000000, 0.0000000000000000000, 1.000000000000000000 ) ) ;
#143 = ORIENTED_EDGE ( 'NONE', *, *, #1504, .F. ) ;
#144 = DIRECTION ( 'NONE',  ( -1.000000000000000000, 0.0000000000000000000, 0.0000000000000000000 ) ) ;
#145 = ORIENTED_EDGE ( 'NONE', *, *, #3751, .T. ) ;
#146 = LINE ( 'NONE', #3847, #3289 ) ;
#147 = CARTESIAN_POINT ( 'NONE',  ( 0.0000000000000000000, 0.0000000000000000000, 0.0000000000000000000 ) ) ;
#148 = CARTESIAN_POINT ( 'NONE',  ( 0.9643737126000002700, 0.0000000000000000000, -2.219960000000000800 ) ) ;
#149 = DIRECTION ( 'NONE',  ( -0.3420201333319578000, 0.0000000000000000000, -0.9396926244233215800 ) ) ;
#150 = CARTESIAN_POINT ( 'NONE',  ( 16.20437371260000200, -0.8940800000000001000, -2.219960000000000800 ) ) ;
#151 = ORIENTED_EDGE ( 'NONE', *, *, #1827, .T. ) ;
#152 = EDGE_CURVE ( 'NONE', #781, #2925, #1214, .T. ) ;
#153 = CIRCLE ( 'NONE', #2081, 0.9499600000000002500 ) ;
#154 = DIRECTION ( 'NONE',  ( -0.0000000000000000000, 1.000000000000000000, 0.0000000000000000000 ) ) ;
#155 = LINE ( 'NONE', #3803, #1645 ) ;
#156 = VERTEX_POINT ( 'NONE', #3182 ) ;
#157 = EDGE_CURVE ( 'NONE', #3128, #779, #1116, .T. ) ;
#158 = CARTESIAN_POINT ( 'NONE',  ( 9.694379112600003600, 3.794707603699265500E-016, -0.4000500000000001800 ) ) ;
#159 = CARTESIAN_POINT ( 'NONE',  ( 8.584373712600005000, 0.0000000000000000000, -0.3200400000000000500 ) ) ;
#160 = EDGE_CURVE ( 'NONE', #687, #2911, #2936, .T. ) ;
#161 = VERTEX_POINT ( 'NONE', #4047 ) ;
#162 = CARTESIAN_POINT ( 'NONE',  ( 12.55436831260000300, 0.0000000000000000000, -0.4000500000000001800 ) ) ;
#163 = LINE ( 'NONE', #3588, #2516 ) ;
#164 = ORIENTED_EDGE ( 'NONE', *, *, #35, .T. ) ;
#165 = ORIENTED_EDGE ( 'NONE', *, *, #2955, .T. ) ;
#166 = CARTESIAN_POINT ( 'NONE',  ( 3.937000000000001200, 0.0000000000000000000, 0.0000000000000000000 ) ) ;
#167 = PLANE ( 'NONE',  #238 ) ;
#168 = LINE ( 'NONE', #3009, #2521 ) ;
#169 = EDGE_CURVE ( 'NONE', #2154, #2979, #3579, .T. ) ;
#170 = LINE ( 'NONE', #271, #349 ) ;
#171 = CARTESIAN_POINT ( 'NONE',  ( -995.9634700238000300, -3.970709293116660900E-013, 0.0000000000000000000 ) ) ;
#172 = LINE ( 'NONE', #2931, #72 ) ;
#173 = DIRECTION ( 'NONE',  ( 0.0000000000000000000, 1.000000000000000000, 0.0000000000000000000 ) ) ;
#174 = CARTESIAN_POINT ( 'NONE',  ( 3.504373712600001400, 0.0000000000000000000, -0.3200400000000000500 ) ) ;
#175 = VECTOR ( 'NONE', #2632, 1000.000000000000000 ) ;
#176 = DIRECTION ( 'NONE',  ( 0.0000000000000000000, 0.0000000000000000000, -1.000000000000000000 ) ) ;
#177 = CONTEXT_DEPENDENT_SHAPE_REPRESENTATION ( #3874, #3879 ) ;
#178 = CARTESIAN_POINT ( 'NONE',  ( 17.16874742520000700, 0.0000000000000000000, 0.0000000000000000000 ) ) ;
#179 = AXIS2_PLACEMENT_3D ( 'NONE', #668, #515, #490 ) ;
#180 = ORIENTED_EDGE ( 'NONE', *, *, #3457, .F. ) ;
#181 = DIRECTION ( 'NONE',  ( 0.0000000000000000000, 1.000000000000000000, 0.0000000000000000000 ) ) ;
#182 = SHAPE_REPRESENTATION_RELATIONSHIP ( 'NONE' , 'NONE' ,  #357, #1239 ) ;
#183 = DIRECTION ( 'NONE',  ( -0.0000000000000000000, -1.000000000000000000, -0.0000000000000000000 ) ) ;
#184 = EDGE_LOOP ( 'NONE', ( #3926, #3368, #1627, #3378, #1485 ) ) ;
#185 = EDGE_LOOP ( 'NONE', ( #1958, #1240, #2447, #3732 ) ) ;
#186 = PLANE ( 'NONE',  #208 ) ;
#187 = ORIENTED_EDGE ( 'NONE', *, *, #3813, .T. ) ;
#188 = EDGE_CURVE ( 'NONE', #3845, #2016, #2721, .T. ) ;
#189 = DIRECTION ( 'NONE',  ( -1.000000000000000000, 0.0000000000000000000, 0.0000000000000000000 ) ) ;
#190 =( NAMED_UNIT ( * ) PLANE_ANGLE_UNIT ( ) SI_UNIT ( $, .RADIAN. ) );
#191 = CARTESIAN_POINT ( 'NONE',  ( 4.468772825200001200, -1.397000000000000200, 0.0000000000000000000 ) ) ;
#192 = ORIENTED_EDGE ( 'NONE', *, *, #740, .T. ) ;
#193 = CARTESIAN_POINT ( 'NONE',  ( 12.23437911260000500, 3.794707603699265500E-016, -0.4000500000000001800 ) ) ;
#194 = ORIENTED_EDGE ( 'NONE', *, *, #3431, .F. ) ;
#195 = FACE_OUTER_BOUND ( 'NONE', #1625, .T. ) ;
#196 = CARTESIAN_POINT ( 'NONE',  ( 16.20437371260000200, -0.8940800000000002100, -1.270000000000000200 ) ) ;
#197 = CIRCLE ( 'NONE', #991, 0.7302500000000000700 ) ;
#198 = ORIENTED_EDGE ( 'NONE', *, *, #77, .T. ) ;
#199 = DIRECTION ( 'NONE',  ( 0.0000000000000000000, 0.0000000000000000000, 1.000000000000000000 ) ) ;
#200 = DIRECTION ( 'NONE',  ( -0.3420201333319398100, 0.0000000000000000000, -0.9396926244233281300 ) ) ;
#201 = AXIS2_PLACEMENT_3D ( 'NONE', #1297, #1744, #1909 ) ;
#202 = ORIENTED_EDGE ( 'NONE', *, *, #2097, .T. ) ;
#203 = EDGE_CURVE ( 'NONE', #239, #1250, #1030, .T. ) ;
#204 = LINE ( 'NONE', #1711, #1795 ) ;
#205 = CARTESIAN_POINT ( 'NONE',  ( 3.937000000000001200, 0.0000000000000000000, 0.0000000000000000000 ) ) ;
#206 = ORIENTED_EDGE ( 'NONE', *, *, #561, .T. ) ;
#207 = DIRECTION ( 'NONE',  ( -0.0000000000000000000, 1.000000000000000000, 0.0000000000000000000 ) ) ;
#208 = AXIS2_PLACEMENT_3D ( 'NONE', #247, #226, #149 ) ;
#209 = CARTESIAN_POINT ( 'NONE',  ( 3.504373712600001400, 0.0000000000000000000, -1.270000000000000200 ) ) ;
#210 = CARTESIAN_POINT ( 'NONE',  ( 7.619974600000000800, -2.794000000000000500, 0.0000000000000000000 ) ) ;
#211 = ORIENTED_EDGE ( 'NONE', *, *, #2673, .T. ) ;
#212 = PRODUCT_RELATED_PRODUCT_CATEGORY ( 'part', '', ( #1970 ) ) ;
#213 = CARTESIAN_POINT ( 'NONE',  ( 16.20437371260000200, -0.8940800000000001000, -1.270000000000000200 ) ) ;
#214 = FACE_OUTER_BOUND ( 'NONE', #1428, .T. ) ;
#215 = EDGE_CURVE ( 'NONE', #655, #4012, #3484, .T. ) ;
#216 = CIRCLE ( 'NONE', #3358, 0.7302500000000000700 ) ;
#217 = CARTESIAN_POINT ( 'NONE',  ( -0.1456062874000000300, -1.397000000000000200, -0.4000500000000001800 ) ) ;
#218 = DIRECTION ( 'NONE',  ( 0.0000000000000000000, 0.0000000000000000000, 1.000000000000000000 ) ) ;
#219 = ORIENTED_EDGE ( 'NONE', *, *, #929, .T. ) ;
#220 = CARTESIAN_POINT ( 'NONE',  ( 2.234373712600000500, -2.794000000000000500, -0.4000500000000001800 ) ) ;
#221 = CARTESIAN_POINT ( 'NONE',  ( 1.776905818799967600, 0.6731000000000002500, 8.616369949440896600E-017 ) ) ;
#222 = COLOUR_RGB ( '',0.8000000000000000400, 0.8039215686274510100, 0.8000000000000000400 ) ;
#223 = ORIENTED_EDGE ( 'NONE', *, *, #2113, .T. ) ;
#224 = ORIENTED_EDGE ( 'NONE', *, *, #3045, .F. ) ;
#225 = EDGE_CURVE ( 'NONE', #2972, #3691, #1746, .T. ) ;
#226 = DIRECTION ( 'NONE',  ( 0.9396926244233215800, 0.0000000000000000000, -0.3420201333319578000 ) ) ;
#227 = CIRCLE ( 'NONE', #1093, 0.9499600000000002500 ) ;
#228 =( GEOMETRIC_REPRESENTATION_CONTEXT ( 3 ) GLOBAL_UNCERTAINTY_ASSIGNED_CONTEXT ( ( #1204 ) ) GLOBAL_UNIT_ASSIGNED_CONTEXT ( ( #1716, #2705, #2257 ) ) REPRESENTATION_CONTEXT ( 'NONE', 'WORKASPACE' ) );
#229 = ORIENTED_EDGE ( 'NONE', *, *, #1347, .F. ) ;
#230 = EDGE_CURVE ( 'NONE', #1058, #3589, #155, .T. ) ;
#231 = ORIENTED_EDGE ( 'NONE', *, *, #1220, .T. ) ;
#232 = CARTESIAN_POINT ( 'NONE',  ( 1.776905818799967600, -0.6731000000000002500, 0.0000000000000000000 ) ) ;
#233 = CARTESIAN_POINT ( 'NONE',  ( 7.260789755157233600, -0.2540000000000002300, -3.110602869834279500E-017 ) ) ;
#234 = CARTESIAN_POINT ( 'NONE',  ( 13.66437371259999800, -0.8940800000000001000, -1.270000000000000200 ) ) ;
#235 = ADVANCED_FACE ( 'NONE', ( #1947 ), #3632, .T. ) ;
#236 = ORIENTED_EDGE ( 'NONE', *, *, #1346, .T. ) ;
#237 = EDGE_CURVE ( 'NONE', #2154, #3621, #58, .T. ) ;
#238 = AXIS2_PLACEMENT_3D ( 'NONE', #1301, #3605, #741 ) ;
#239 = VERTEX_POINT ( 'NONE', #3507 ) ;
#240 = VECTOR ( 'NONE', #653, 1000.000000000000000 ) ;
#241 = CARTESIAN_POINT ( 'NONE',  ( 16.20437371260000200, -0.8940800000000001000, -0.3200400000000000500 ) ) ;
#242 = VECTOR ( 'NONE', #399, 1000.000000000000000 ) ;
#243 = EDGE_LOOP ( 'NONE', ( #3485, #2059 ) ) ;
#244 = VECTOR ( 'NONE', #3359, 1000.000000000000000 ) ;
#245 = CARTESIAN_POINT ( 'NONE',  ( 14.62877282520000400, -1.397000000000000200, 0.0000000000000000000 ) ) ;
#246 = VECTOR ( 'NONE', #4018, 1000.000000000000000 ) ;
#247 = CARTESIAN_POINT ( 'NONE',  ( 15.23997460000000500, -2.794000000000000500, 0.0000000000000000000 ) ) ;
#248 = ORIENTED_EDGE ( 'NONE', *, *, #352, .T. ) ;
#249 = PLANE ( 'NONE',  #517 ) ;
#250 = DIRECTION ( 'NONE',  ( -1.000000000000000000, 0.0000000000000000000, 0.0000000000000000000 ) ) ;
#251 = VERTEX_POINT ( 'NONE', #3495 ) ;
#252 = FACE_OUTER_BOUND ( 'NONE', #1633, .T. ) ;
#253 = ADVANCED_FACE ( 'NONE', ( #3295 ), #4036, .T. ) ;
#254 = ORIENTED_EDGE ( 'NONE', *, *, #2649, .F. ) ;
#255 = CARTESIAN_POINT ( 'NONE',  ( 8.584373712600005000, 0.0000000000000000000, -1.270000000000000200 ) ) ;
#256 = LINE ( 'NONE', #2956, #849 ) ;
#257 = ORIENTED_EDGE ( 'NONE', *, *, #1314, .T. ) ;
#258 = CARTESIAN_POINT ( 'NONE',  ( 4.343400000000000800, 0.0000000000000000000, 0.0000000000000000000 ) ) ;
#259 = FACE_OUTER_BOUND ( 'NONE', #2906, .T. ) ;
#260 = AXIS2_PLACEMENT_3D ( 'NONE', #1946, #1988, #1990 ) ;
#261 = VECTOR ( 'NONE', #738, 1000.000000000000000 ) ;
#262 = DIRECTION ( 'NONE',  ( 1.000000000000000000, -1.707404996310174700E-015, -0.0000000000000000000 ) ) ;
#263 = CIRCLE ( 'NONE', #3429, 0.9499600000000002500 ) ;
#264 = DIRECTION ( 'NONE',  ( -0.0000000000000000000, 1.000000000000000000, 0.0000000000000000000 ) ) ;
#265 = AXIS2_PLACEMENT_3D ( 'NONE', #850, #843, #832 ) ;
#266 = DIRECTION ( 'NONE',  ( 0.0000000000000000000, 1.000000000000000000, 0.0000000000000000000 ) ) ;
#267 = ADVANCED_FACE ( 'NONE', ( #2647 ), #2539, .F. ) ;
#268 = DIRECTION ( 'NONE',  ( 0.0000000000000000000, 0.0000000000000000000, 1.000000000000000000 ) ) ;
#269 = ORIENTED_EDGE ( 'NONE', *, *, #2416, .F. ) ;
#270 = ADVANCED_FACE ( 'NONE', ( #2509 ), #3433, .T. ) ;
#271 = CARTESIAN_POINT ( 'NONE',  ( 12.23437911260000500, -1.397000000000000200, -0.4000500000000001800 ) ) ;
#272 = FACE_OUTER_BOUND ( 'NONE', #2798, .T. ) ;
#273 = ORIENTED_EDGE ( 'NONE', *, *, #309, .F. ) ;
#274 = EDGE_CURVE ( 'NONE', #3176, #800, #2398, .T. ) ;
#275 = ORIENTED_EDGE ( 'NONE', *, *, #891, .F. ) ;
#276 = ORIENTED_EDGE ( 'NONE', *, *, #2663, .F. ) ;
#277 = AXIS2_PLACEMENT_3D ( 'NONE', #3087, #3111, #3200 ) ;
#278 = CARTESIAN_POINT ( 'NONE',  ( 2.467171456300000900, -2.794000000000000500, -0.2000250000000000900 ) ) ;
#279 = AXIS2_PLACEMENT_3D ( 'NONE', #358, #2520, #648 ) ;
#280 = VERTEX_POINT ( 'NONE', #2836 ) ;
#281 = CARTESIAN_POINT ( 'NONE',  ( 7.008772825200000300, 4.336808689942017700E-016, 2.710505431213761100E-017 ) ) ;
#282 = DIRECTION ( 'NONE',  ( -0.3420201333319362600, 0.0000000000000000000, 0.9396926244233294600 ) ) ;
#283 = CARTESIAN_POINT ( 'NONE',  ( 12.69997460000000300, 0.0000000000000000000, -2.540000000000000500 ) ) ;
#284 = EDGE_CURVE ( 'NONE', #1416, #916, #1452, .T. ) ;
#285 = VERTEX_POINT ( 'NONE', #2793 ) ;
#286 = VECTOR ( 'NONE', #2197, 1000.000000000000000 ) ;
#287 = AXIS2_PLACEMENT_3D ( 'NONE', #3929, #1669, #2322 ) ;
#288 = VECTOR ( 'NONE', #447, 1000.000000000000000 ) ;
#289 = ADVANCED_FACE ( 'NONE', ( #3187 ), #2206, .F. ) ;
#290 = ORIENTED_EDGE ( 'NONE', *, *, #1383, .T. ) ;
#291 = CARTESIAN_POINT ( 'NONE',  ( 14.62877282520000400, -2.794000000000000500, -2.540000000000000500 ) ) ;
#292 = VERTEX_POINT ( 'NONE', #3337 ) ;
#293 = DIRECTION ( 'NONE',  ( -1.008560160451631500E-013, 0.0000000000000000000, 1.000000000000000000 ) ) ;
#294 = CYLINDRICAL_SURFACE ( 'NONE', #3921, 0.7302500000000000700 ) ;
#295 = EDGE_LOOP ( 'NONE', ( #129, #2394, #1328, #2436 ) ) ;
#296 = DIRECTION ( 'NONE',  ( -0.9396926244233255700, 0.0000000000000000000, -0.3420201333319470300 ) ) ;
#297 = CARTESIAN_POINT ( 'NONE',  ( 7.366000000000000500, -0.1487897551572340000, 0.2975795103144678900 ) ) ;
#298 = EDGE_CURVE ( 'NONE', #2844, #1058, #1547, .T. ) ;
#299 = LINE ( 'NONE', #1219, #3541 ) ;
#300 = AXIS2_PLACEMENT_3D ( 'NONE', #1719, #1706, #1693 ) ;
#301 = EDGE_CURVE ( 'NONE', #1246, #567, #3933, .T. ) ;
#302 = DIRECTION ( 'NONE',  ( 0.0000000000000000000, 0.0000000000000000000, 1.000000000000000000 ) ) ;
#303 = DIRECTION ( 'NONE',  ( 0.0000000000000000000, 0.0000000000000000000, -1.000000000000000000 ) ) ;
#304 = LINE ( 'NONE', #491, #1088 ) ;
#305 = FACE_OUTER_BOUND ( 'NONE', #3188, .T. ) ;
#306 = ORIENTED_EDGE ( 'NONE', *, *, #1759, .F. ) ;
#307 = CARTESIAN_POINT ( 'NONE',  ( 4.191000000000000700, 0.0000000000000000000, 0.0000000000000000000 ) ) ;
#308 = EDGE_LOOP ( 'NONE', ( #229, #1157, #2479, #1573 ) ) ;
#309 = EDGE_CURVE ( 'NONE', #1848, #403, #3088, .T. ) ;
#310 = DIRECTION ( 'NONE',  ( -0.3420201333319380900, 0.0000000000000000000, -0.9396926244233289000 ) ) ;
#311 = ADVANCED_FACE ( 'NONE', ( #569 ), #2326, .T. ) ;
#312 = DIRECTION ( 'NONE',  ( -1.000000000000000000, 0.0000000000000000000, 0.0000000000000000000 ) ) ;
#313 = DIRECTION ( 'NONE',  ( 1.000000000000000000, -0.0000000000000000000, -0.0000000000000000000 ) ) ;
#314 = ORIENTED_EDGE ( 'NONE', *, *, #1792, .F. ) ;
#315 = ORIENTED_EDGE ( 'NONE', *, *, #2279, .T. ) ;
#316 = CARTESIAN_POINT ( 'NONE',  ( 3.708400000000056100, 0.0000000000000000000, 0.0000000000000000000 ) ) ;
#317 = FACE_OUTER_BOUND ( 'NONE', #2942, .T. ) ;
#318 = ORIENTED_EDGE ( 'NONE', *, *, #102, .T. ) ;
#319 = CARTESIAN_POINT ( 'NONE',  ( 7.619974600000000800, 0.0000000000000000000, 2.884459620907577800E-017 ) ) ;
#320 = ORIENTED_EDGE ( 'NONE', *, *, #487, .T. ) ;
#321 = CARTESIAN_POINT ( 'NONE',  ( 7.365999999999999700, 0.1487897551572339700, 3.644297947984500100E-017 ) ) ;
#322 = AXIS2_PLACEMENT_3D ( 'NONE', #642, #3487, #1236 ) ;
#323 = VERTEX_POINT ( 'NONE', #2720 ) ;
#324 = ADVANCED_FACE ( 'NONE', ( #1269, #3830 ), #3041, .F. ) ;
#325 = CARTESIAN_POINT ( 'NONE',  ( 4.254999795800000800, 0.4887304170000001900, -0.2443651958000000500 ) ) ;
#326 = AXIS2_PLACEMENT_3D ( 'NONE', #2178, #2182, #2193 ) ;
#327 = ORIENTED_EDGE ( 'NONE', *, *, #402, .T. ) ;
#328 = FACE_OUTER_BOUND ( 'NONE', #3116, .T. ) ;
#329 =( NAMED_UNIT ( * ) PLANE_ANGLE_UNIT ( ) SI_UNIT ( $, .RADIAN. ) );
#330 = FACE_BOUND ( 'NONE', #3134, .T. ) ;
#331 = DIRECTION ( 'NONE',  ( 0.0000000000000000000, -1.000000000000000000, -0.0000000000000000000 ) ) ;
#332 = ORIENTED_EDGE ( 'NONE', *, *, #2817, .F. ) ;
#333 = VECTOR ( 'NONE', #3664, 1000.000000000000000 ) ;
#334 = CARTESIAN_POINT ( 'NONE',  ( 7.366000000000000500, 0.1487897551572340000, -0.2975795103144678900 ) ) ;
#335 = VECTOR ( 'NONE', #2511, 1000.000000000000000 ) ;
#336 = ORIENTED_EDGE ( 'NONE', *, *, #359, .F. ) ;
#337 = VECTOR ( 'NONE', #1454, 1000.000000000000000 ) ;
#338 = CARTESIAN_POINT ( 'NONE',  ( 4.191000000000054900, -0.4190999999999459600, 0.0000000000000000000 ) ) ;
#339 = VERTEX_POINT ( 'NONE', #2040 ) ;
#340 = LINE ( 'NONE', #3619, #1752 ) ;
#341 = VERTEX_POINT ( 'NONE', #3971 ) ;
#342 = CARTESIAN_POINT ( 'NONE',  ( 0.9643737126000002700, -0.8940800000000001000, -2.219960000000000800 ) ) ;
#343 =( NAMED_UNIT ( * ) PLANE_ANGLE_UNIT ( ) SI_UNIT ( $, .RADIAN. ) );
#344 = FACE_OUTER_BOUND ( 'NONE', #2786, .T. ) ;
#345 = CARTESIAN_POINT ( 'NONE',  ( 4.181365195800000700, 0.6359996170000000700, 0.3179997958000001000 ) ) ;
#346 = ADVANCED_FACE ( 'NONE', ( #477 ), #186, .F. ) ;
#347 = EDGE_CURVE ( 'NONE', #3868, #3661, #1999, .T. ) ;
#348 = EDGE_CURVE ( 'NONE', #3868, #1812, #2103, .T. ) ;
#349 = VECTOR ( 'NONE', #831, 1000.000000000000000 ) ;
#350 = CIRCLE ( 'NONE', #2379, 0.6731000000000002500 ) ;
#351 = DIRECTION ( 'NONE',  ( 0.0000000000000000000, 0.0000000000000000000, 1.000000000000000000 ) ) ;
#352 = EDGE_CURVE ( 'NONE', #377, #1912, #2876, .T. ) ;
#353 = CARTESIAN_POINT ( 'NONE',  ( 14.62877282202500400, -2.794000000000000500, 6.098637220230962400E-017 ) ) ;
#354 = EDGE_CURVE ( 'NONE', #3489, #970, #1164, .T. ) ;
#355 = FACE_BOUND ( 'NONE', #2982, .T. ) ;
#356 = DIRECTION ( 'NONE',  ( -1.000000000000000000, -0.0000000000000000000, -0.0000000000000000000 ) ) ;
#357 = SHAPE_REPRESENTATION ( '1001_1001-0-00-15-00-00-03-0', ( #3665 ), #2063 ) ;
#358 = CARTESIAN_POINT ( 'NONE',  ( 3.504373707781799600, 0.0000000000000000000, -1.270000000000005600 ) ) ;
#359 = EDGE_CURVE ( 'NONE', #1246, #2921, #2770, .T. ) ;
#360 = CARTESIAN_POINT ( 'NONE',  ( 14.77437911260000200, -7.589415207398531000E-016, -0.4000500000000001800 ) ) ;
#361 = AXIS2_PLACEMENT_3D ( 'NONE', #1372, #3576, #3640 ) ;
#362 = CARTESIAN_POINT ( 'NONE',  ( 7.112000000000001000, -0.2540000000000002300, -3.110602869834279500E-017 ) ) ;
#363 = EDGE_LOOP ( 'NONE', ( #124, #3447 ) ) ;
#364 = LINE ( 'NONE', #3269, #3611 ) ;
#365 = DIRECTION ( 'NONE',  ( 2.069581813382016800E-015, -1.000000000000000000, 0.0000000000000000000 ) ) ;
#366 = VERTEX_POINT ( 'NONE', #3923 ) ;
#367 = ADVANCED_FACE ( 'NONE', ( #3626 ), #3434, .T. ) ;
#368 = CARTESIAN_POINT ( 'NONE',  ( -0.3056262874000000900, -2.794000000000000500, -0.4000500000000001800 ) ) ;
#369 = EDGE_LOOP ( 'NONE', ( #1867, #2711, #151, #2130 ) ) ;
#370 = CARTESIAN_POINT ( 'NONE',  ( 15.23997460190500400, -2.794000000000000500, -2.540000000000000500 ) ) ;
#371 = VERTEX_POINT ( 'NONE', #3022 ) ;
#372 = DIRECTION ( 'NONE',  ( 0.0000000000000000000, 0.0000000000000000000, 1.000000000000000000 ) ) ;
#373 = CARTESIAN_POINT ( 'NONE',  ( 7.154379112600002700, 3.794707603699265500E-016, -2.139950000000000700 ) ) ;
#374 = CARTESIAN_POINT ( 'NONE',  ( 2.539974600000001200, -1.397000000000000200, -2.540000000000000500 ) ) ;
#375 = AXIS2_PLACEMENT_3D ( 'NONE', #1310, #964, #936 ) ;
#376 = ORIENTED_EDGE ( 'NONE', *, *, #2870, .T. ) ;
#377 = VERTEX_POINT ( 'NONE', #36 ) ;
#378 = LINE ( 'NONE', #2011, #286 ) ;
#379 = PLANE ( 'NONE',  #2369 ) ;
#380 = CARTESIAN_POINT ( 'NONE',  ( 5.421010862427523400E-017, -0.8890000000000001200, 0.0000000000000000000 ) ) ;
#381 = VECTOR ( 'NONE', #1154, 1000.000000000000000 ) ;
#382 = EDGE_CURVE ( 'NONE', #887, #3764, #1791, .T. ) ;
#383 = ORIENTED_EDGE ( 'NONE', *, *, #604, .T. ) ;
#384 = EDGE_LOOP ( 'NONE', ( #470, #3016, #545, #3524 ) ) ;
#385 = CIRCLE ( 'NONE', #39, 0.9499600000000002500 ) ;
#386 = DIRECTION ( 'NONE',  ( -0.9396926244233254600, 0.0000000000000000000, 0.3420201333319472500 ) ) ;
#387 = ADVANCED_FACE ( 'NONE', ( #2665 ), #560, .F. ) ;
#388 = ORIENTED_EDGE ( 'NONE', *, *, #3170, .F. ) ;
#389 = CYLINDRICAL_SURFACE ( 'NONE', #3066, 0.9499600000000002500 ) ;
#390 = CARTESIAN_POINT ( 'NONE',  ( 13.66437371259999800, 0.0000000000000000000, -2.219960000000000800 ) ) ;
#391 = VERTEX_POINT ( 'NONE', #1087 ) ;
#392 = CARTESIAN_POINT ( 'NONE',  ( 4.343399993773977600, -5.209627084289412800E-011, -0.2539999990884406200 ) ) ;
#393 = DIRECTION ( 'NONE',  ( -0.0000000000000000000, -1.000000000000000000, -0.0000000000000000000 ) ) ;
#394 = AXIS2_PLACEMENT_3D ( 'NONE', #2098, #3108, #547 ) ;
#395 = CARTESIAN_POINT ( 'NONE',  ( 4.934368312600002000, -1.397000000000000200, -2.139950000000000700 ) ) ;
#396 = LINE ( 'NONE', #2526, #3641 ) ;
#397 = PRODUCT_CONTEXT ( 'NONE', #2545, 'mechanical' ) ;
#398 = FACE_OUTER_BOUND ( 'NONE', #1558, .T. ) ;
#399 = DIRECTION ( 'NONE',  ( 1.000000000000000000, 0.0000000000000000000, 0.0000000000000000000 ) ) ;
#400 = VECTOR ( 'NONE', #393, 1000.000000000000000 ) ;
#401 = AXIS2_PLACEMENT_3D ( 'NONE', #3959, #688, #777 ) ;
#402 = EDGE_CURVE ( 'NONE', #1808, #514, #197, .T. ) ;
#403 = VERTEX_POINT ( 'NONE', #476 ) ;
#404 = DIRECTION ( 'NONE',  ( -1.000000000000000000, -1.034790906691008600E-015, -0.0000000000000000000 ) ) ;
#405 = DIRECTION ( 'NONE',  ( 0.3420201333319580200, 0.0000000000000000000, -0.9396926244233215800 ) ) ;
#406 = CARTESIAN_POINT ( 'NONE',  ( 0.7620000000000002300, -1.200366690966094200E-016, 0.0000000000000000000 ) ) ;
#407 = AXIS2_PLACEMENT_3D ( 'NONE', #3970, #96, #769 ) ;
#408 = VERTEX_POINT ( 'NONE', #869 ) ;
#409 = CARTESIAN_POINT ( 'NONE',  ( 7.619974600000000800, -2.794000000000000500, 3.388131789017201400E-017 ) ) ;
#410 =( REPRESENTATION_RELATIONSHIP ('NONE','NONE', #1655, #357 ) REPRESENTATION_RELATIONSHIP_WITH_TRANSFORMATION ( #83 )SHAPE_REPRESENTATION_RELATIONSHIP( ) );
#411 = EDGE_LOOP ( 'NONE', ( #3, #963, #2742, #2265 ) ) ;
#412 = EDGE_CURVE ( 'NONE', #3360, #2911, #1691, .T. ) ;
#413 = VERTEX_POINT ( 'NONE', #2800 ) ;
#414 = CARTESIAN_POINT ( 'NONE',  ( 1.549400000000000600, -0.7112000000000001700, 0.0000000000000000000 ) ) ;
#415 = CIRCLE ( 'NONE', #300, 0.5461000000000002500 ) ;
#416 = CARTESIAN_POINT ( 'NONE',  ( 7.112000000000001000, -0.2540000000000002800, 0.5080000000000002300 ) ) ;
#417 = ORIENTED_EDGE ( 'NONE', *, *, #3744, .T. ) ;
#418 = EDGE_LOOP ( 'NONE', ( #2634, #223, #696, #3435, #1763 ) ) ;
#419 = PLANE ( 'NONE',  #1471 ) ;
#420 = DIRECTION ( 'NONE',  ( 0.3420201333319418700, -0.0000000000000000000, -0.9396926244233274600 ) ) ;
#421 = DIRECTION ( 'NONE',  ( -1.000000000000000000, -0.0000000000000000000, -0.0000000000000000000 ) ) ;
#422 = ORIENTED_EDGE ( 'NONE', *, *, #1974, .F. ) ;
#423 = DIRECTION ( 'NONE',  ( 0.9396926244233274600, -0.0000000000000000000, 0.3420201333319417600 ) ) ;
#424 = ORIENTED_EDGE ( 'NONE', *, *, #744, .T. ) ;
#425 = VERTEX_POINT ( 'NONE', #162 ) ;
#426 = LINE ( 'NONE', #2067, #1830 ) ;
#427 = EDGE_CURVE ( 'NONE', #2297, #970, #1073, .T. ) ;
#428 = DIRECTION ( 'NONE',  ( 0.9396926244233215800, -0.0000000000000000000, 0.3420201333319580200 ) ) ;
#429 = FACE_OUTER_BOUND ( 'NONE', #791, .T. ) ;
#430 = EDGE_CURVE ( 'NONE', #1788, #3220, #3528, .T. ) ;
#431 = EDGE_LOOP ( 'NONE', ( #1977, #1027 ) ) ;
#432 = LINE ( 'NONE', #3272, #333 ) ;
#433 = CARTESIAN_POINT ( 'NONE',  ( 12.39437371260000400, -2.794000000000000500, -2.139950000000000700 ) ) ;
#434 = VECTOR ( 'NONE', #3030, 1000.000000000000000 ) ;
#435 = EDGE_LOOP ( 'NONE', ( #194, #2211, #551, #1595 ) ) ;
#436 = DIRECTION ( 'NONE',  ( 0.0000000000000000000, 0.0000000000000000000, 1.000000000000000000 ) ) ;
#437 = DIRECTION ( 'NONE',  ( 0.3420201333319472500, 0.0000000000000000000, 0.9396926244233254600 ) ) ;
#438 = COLOUR_RGB ( '',0.4941176470588235500, 0.4941176470588235500, 0.4941176470588235500 ) ;
#439 = EDGE_CURVE ( 'NONE', #730, #606, #2559, .T. ) ;
#440 = VERTEX_POINT ( 'NONE', #2669 ) ;
#441 = LINE ( 'NONE', #2771, #1125 ) ;
#442 = CARTESIAN_POINT ( 'NONE',  ( 4.181365195800000700, 0.6359996170000000700, -0.3179997958000001000 ) ) ;
#443 = AXIS2_PLACEMENT_3D ( 'NONE', #716, #140, #3703 ) ;
#444 = ORIENTED_EDGE ( 'NONE', *, *, #2934, .T. ) ;
#445 = CIRCLE ( 'NONE', #962, 0.7810500000000002400 ) ;
#446 = CARTESIAN_POINT ( 'NONE',  ( 15.09436831259999900, -2.794000000000000500, -2.139950000000000700 ) ) ;
#447 = DIRECTION ( 'NONE',  ( 1.000000000000000000, -0.0000000000000000000, -0.0000000000000000000 ) ) ;
#448 = CIRCLE ( 'NONE', #3129, 0.5461000000000002500 ) ;
#449 = FACE_OUTER_BOUND ( 'NONE', #1102, .T. ) ;
#450 = PRODUCT ( '310-43-107-41-001000', '310-43-107-41-001000', '', ( #3219 ) ) ;
#451 = DIRECTION ( 'NONE',  ( -0.0000000000000000000, -1.000000000000000000, -0.0000000000000000000 ) ) ;
#452 = CARTESIAN_POINT ( 'NONE',  ( 10.15997460000000200, -2.794000000000000500, 0.0000000000000000000 ) ) ;
#453 = CYLINDRICAL_SURFACE ( 'NONE', #2547, 0.7302500000000000700 ) ;
#454 = CARTESIAN_POINT ( 'NONE',  ( 4.191761365000001400, 0.0000000000000000000, 0.4216146000000001200 ) ) ;
#455 = ORIENTED_EDGE ( 'NONE', *, *, #2531, .T. ) ;
#456 = AXIS2_PLACEMENT_3D ( 'NONE', #3925, #1008, #1929 ) ;
#457 = DIRECTION ( 'NONE',  ( -0.0000000000000000000, -1.000000000000000000, -0.0000000000000000000 ) ) ;
#458 = ITEM_DEFINED_TRANSFORMATION ( 'NONE', 'NONE', #3388,  #3665 ) ;
#459 = AXIS2_PLACEMENT_3D ( 'NONE', #1826, #1797, #1768 ) ;
#460 = ORIENTED_EDGE ( 'NONE', *, *, #747, .F. ) ;
#461 = CARTESIAN_POINT ( 'NONE',  ( 6.044373712600002300, -0.8940800000000001000, -1.270000000000000200 ) ) ;
#462 = VECTOR ( 'NONE', #1279, 1000.000000000000100 ) ;
#463 = ORIENTED_EDGE ( 'NONE', *, *, #237, .F. ) ;
#464 = ORIENTED_EDGE ( 'NONE', *, *, #2005, .T. ) ;
#465 = DIRECTION ( 'NONE',  ( -0.3420201333319398100, 0.0000000000000000000, -0.9396926244233281300 ) ) ;
#466 = CARTESIAN_POINT ( 'NONE',  ( 4.358614600000001000, 0.0000000000000000000, -0.2547613650000000700 ) ) ;
#467 = PLANE ( 'NONE',  #1690 ) ;
#468 = AXIS2_PLACEMENT_3D ( 'NONE', #1082, #1015, #1000 ) ;
#469 = DIRECTION ( 'NONE',  ( -0.0000000000000000000, 1.000000000000000000, 0.0000000000000000000 ) ) ;
#470 = ORIENTED_EDGE ( 'NONE', *, *, #3252, .F. ) ;
#471 = LINE ( 'NONE', #2626, #2868 ) ;
#472 = CARTESIAN_POINT ( 'NONE',  ( 2.539974600000001200, -2.794000000000000500, 0.0000000000000000000 ) ) ;
#473 = ORIENTED_EDGE ( 'NONE', *, *, #1553, .F. ) ;
#474 = EDGE_CURVE ( 'NONE', #1250, #156, #2449, .T. ) ;
#475 = FACE_OUTER_BOUND ( 'NONE', #3328, .T. ) ;
#476 = CARTESIAN_POINT ( 'NONE',  ( 12.08877282520000100, 4.336808689942017700E-016, 2.710505431213761100E-017 ) ) ;
#477 = FACE_OUTER_BOUND ( 'NONE', #596, .T. ) ;
#478 = ORIENTED_EDGE ( 'NONE', *, *, #2649, .T. ) ;
#479 = VECTOR ( 'NONE', #839, 1000.000000000000000 ) ;
#480 = DIRECTION ( 'NONE',  ( -1.000000000000000000, 0.0000000000000000000, 0.0000000000000000000 ) ) ;
#481 = CARTESIAN_POINT ( 'NONE',  ( 7.260789755157235300, 0.2540000000000001100, 0.5080000000000004500 ) ) ;
#482 = ORIENTED_EDGE ( 'NONE', *, *, #1631, .F. ) ;
#483 = VECTOR ( 'NONE', #2441, 1000.000000000000000 ) ;
#484 = AXIS2_PLACEMENT_3D ( 'NONE', #2857, #944, #3191 ) ;
#485 = PLANE ( 'NONE',  #1798 ) ;
#486 = VERTEX_POINT ( 'NONE', #3919 ) ;
#487 = EDGE_CURVE ( 'NONE', #2801, #2487, #2348, .T. ) ;
#488 = LINE ( 'NONE', #2137, #2013 ) ;
#489 = AXIS2_PLACEMENT_3D ( 'NONE', #3561, #2251, #142 ) ;
#490 = DIRECTION ( 'NONE',  ( 0.0000000000000000000, 0.0000000000000000000, 1.000000000000000000 ) ) ;
#491 = CARTESIAN_POINT ( 'NONE',  ( 9.694379112600003600, -1.397000000000000200, -0.4000500000000001800 ) ) ;
#492 = FACE_OUTER_BOUND ( 'NONE', #1673, .T. ) ;
#493 = VECTOR ( 'NONE', #4032, 1000.000000000000000 ) ;
#494 = DIRECTION ( 'NONE',  ( 0.0000000000000000000, 0.0000000000000000000, -1.000000000000000000 ) ) ;
#495 = DIRECTION ( 'NONE',  ( -0.0000000000000000000, 1.000000000000000000, 0.0000000000000000000 ) ) ;
#496 = ORIENTED_EDGE ( 'NONE', *, *, #2196, .T. ) ;
#497 = CARTESIAN_POINT ( 'NONE',  ( 7.314373712600001900, 0.0000000000000000000, -2.139950000000000700 ) ) ;
#498 = DIRECTION ( 'NONE',  ( 0.3420201333319417600, 0.0000000000000000000, 0.9396926244233274600 ) ) ;
#499 = ORIENTED_EDGE ( 'NONE', *, *, #550, .T. ) ;
#500 = EDGE_CURVE ( 'NONE', #3937, #833, #3240, .T. ) ;
#501 = CARTESIAN_POINT ( 'NONE',  ( 2.001575968900000600, -2.794000000000000500, -2.339975000000000800 ) ) ;
#502 = AXIS2_PLACEMENT_3D ( 'NONE', #2250, #2213, #2036 ) ;
#503 = PRODUCT_DEFINITION_SHAPE ( 'NONE', 'NONE',  #4064 ) ;
#504 = EDGE_CURVE ( 'NONE', #659, #2091, #703, .T. ) ;
#505 = ORIENTED_EDGE ( 'NONE', *, *, #354, .F. ) ;
#506 = DIRECTION ( 'NONE',  ( -0.0000000000000000000, 1.000000000000000000, 0.0000000000000000000 ) ) ;
#507 = ORIENTED_EDGE ( 'NONE', *, *, #284, .T. ) ;
#508 = DIRECTION ( 'NONE',  ( -0.5150380658559212700, -0.8571673061423841200, 0.0000000000000000000 ) ) ;
#509 = CIRCLE ( 'NONE', #3746, 0.9499600000000002500 ) ;
#510 = VERTEX_POINT ( 'NONE', #2414 ) ;
#511 = EDGE_CURVE ( 'NONE', #2219, #323, #1404, .T. ) ;
#512 = EDGE_LOOP ( 'NONE', ( #689, #2885, #2625, #1455 ) ) ;
#513 = DIRECTION ( 'NONE',  ( 1.000000000000000000, 0.0000000000000000000, 0.0000000000000000000 ) ) ;
#514 = VERTEX_POINT ( 'NONE', #2431 ) ;
#515 = DIRECTION ( 'NONE',  ( -0.0000000000000000000, 1.000000000000000000, 0.0000000000000000000 ) ) ;
#516 = ORIENTED_EDGE ( 'NONE', *, *, #776, .F. ) ;
#517 = AXIS2_PLACEMENT_3D ( 'NONE', #902, #855, #3377 ) ;
#518 = FACE_OUTER_BOUND ( 'NONE', #2086, .T. ) ;
#519 = DIRECTION ( 'NONE',  ( -0.0000000000000000000, 1.000000000000000000, 0.0000000000000000000 ) ) ;
#520 = CYLINDRICAL_SURFACE ( 'NONE', #2038, 0.2540000000000000600 ) ;
#521 = VERTEX_POINT ( 'NONE', #2419 ) ;
#522 = DIRECTION ( 'NONE',  ( -1.000000000000000000, -0.0000000000000000000, -0.0000000000000000000 ) ) ;
#523 = VECTOR ( 'NONE', #4010, 1000.000000000000100 ) ;
#524 = AXIS2_PLACEMENT_3D ( 'NONE', #3459, #1203, #3141 ) ;
#525 = LINE ( 'NONE', #2997, #434 ) ;
#526 = ADVANCED_FACE ( 'NONE', ( #3338 ), #2151, .F. ) ;
#527 = ORIENTED_EDGE ( 'NONE', *, *, #870, .F. ) ;
#528 = VECTOR ( 'NONE', #1473, 1000.000000000000000 ) ;
#529 = DIRECTION ( 'NONE',  ( 0.9396926244233282400, 0.0000000000000000000, -0.3420201333319398700 ) ) ;
#530 = ORIENTED_EDGE ( 'NONE', *, *, #997, .T. ) ;
#531 = DIRECTION ( 'NONE',  ( 0.0000000000000000000, 0.0000000000000000000, 1.000000000000000000 ) ) ;
#532 = PLANE ( 'NONE',  #1875 ) ;
#533 = AXIS2_PLACEMENT_3D ( 'NONE', #3092, #3081, #3162 ) ;
#534 = VERTEX_POINT ( 'NONE', #1658 ) ;
#535 = CARTESIAN_POINT ( 'NONE',  ( 9.621575968900002000, -2.794000000000000500, -0.2000250000000000900 ) ) ;
#536 = CYLINDRICAL_SURFACE ( 'NONE', #375, 0.7302500000000000700 ) ;
#537 = CARTESIAN_POINT ( 'NONE',  ( 4.190999998906130000, 0.0000000000000000000, 0.4063999924172853600 ) ) ;
#538 = PLANE ( 'NONE',  #401 ) ;
#539 = LINE ( 'NONE', #2986, #2068 ) ;
#540 = CIRCLE ( 'NONE', #905, 0.7302500000000000700 ) ;
#541 = CARTESIAN_POINT ( 'NONE',  ( 17.47437371260000600, -1.397000000000000200, -2.139950000000000700 ) ) ;
#542 = FACE_OUTER_BOUND ( 'NONE', #1975, .T. ) ;
#543 = CARTESIAN_POINT ( 'NONE',  ( 0.9643737126000001500, -0.8940800000000001000, -1.270000000000000200 ) ) ;
#544 = DIRECTION ( 'NONE',  ( 0.0000000000000000000, -1.000000000000000000, 0.0000000000000000000 ) ) ;
#545 = ORIENTED_EDGE ( 'NONE', *, *, #1357, .F. ) ;
#546 = ADVANCED_FACE ( 'NONE', ( #3978 ), #520, .T. ) ;
#547 = DIRECTION ( 'NONE',  ( 0.0000000000000000000, 0.0000000000000000000, -1.000000000000000000 ) ) ;
#548 = EDGE_CURVE ( 'NONE', #1951, #3568, #3035, .T. ) ;
#549 = CARTESIAN_POINT ( 'NONE',  ( 17.16874742520000700, 0.0000000000000000000, -2.540000000000000500 ) ) ;
#550 = EDGE_CURVE ( 'NONE', #1923, #3276, #1320, .T. ) ;
#551 = ORIENTED_EDGE ( 'NONE', *, *, #2581, .F. ) ;
#552 = EDGE_CURVE ( 'NONE', #156, #1755, #3887, .T. ) ;
#553 = DIRECTION ( 'NONE',  ( -0.0000000000000000000, 1.000000000000000000, 0.0000000000000000000 ) ) ;
#554 = LINE ( 'NONE', #141, #3811 ) ;
#555 = ORIENTED_EDGE ( 'NONE', *, *, #2293, .F. ) ;
#556 = EDGE_CURVE ( 'NONE', #3666, #93, #3771, .T. ) ;
#557 = ORIENTED_EDGE ( 'NONE', *, *, #3207, .T. ) ;
#558 = DIRECTION ( 'NONE',  ( 0.0000000000000000000, -1.000000000000000000, -0.0000000000000000000 ) ) ;
#559 = DIRECTION ( 'NONE',  ( 0.0000000000000000000, 0.0000000000000000000, 1.000000000000000000 ) ) ;
#560 = PLANE ( 'NONE',  #1191 ) ;
#561 = EDGE_CURVE ( 'NONE', #1416, #4012, #2047, .T. ) ;
#562 = DIRECTION ( 'NONE',  ( -0.3420201333319418100, 0.0000000000000000000, 0.9396926244233274600 ) ) ;
#563 = AXIS2_PLACEMENT_3D ( 'NONE', #3261, #3671, #3736 ) ;
#564 = ORIENTED_EDGE ( 'NONE', *, *, #4055, .T. ) ;
#565 = CIRCLE ( 'NONE', #2567, 0.9499600000000002500 ) ;
#566 = ADVANCED_FACE ( 'NONE', ( #2822 ), #1024, .F. ) ;
#567 = VERTEX_POINT ( 'NONE', #1876 ) ;
#568 = CIRCLE ( 'NONE', #4035, 0.9499600000000002500 ) ;
#569 = FACE_OUTER_BOUND ( 'NONE', #797, .T. ) ;
#570 = CARTESIAN_POINT ( 'NONE',  ( 12.55436831260000300, -2.794000000000000500, -0.4000500000000001800 ) ) ;
#571 = ORIENTED_EDGE ( 'NONE', *, *, #2353, .T. ) ;
#572 = LINE ( 'NONE', #801, #479 ) ;
#573 = DIRECTION ( 'NONE',  ( -1.000000000000000000, 0.0000000000000000000, 0.0000000000000000000 ) ) ;
#574 = ORIENTED_EDGE ( 'NONE', *, *, #2585, .T. ) ;
#575 = LINE ( 'NONE', #2371, #3837 ) ;
#576 = AXIS2_PLACEMENT_3D ( 'NONE', #307, #404, #365 ) ;
#577 = ORIENTED_EDGE ( 'NONE', *, *, #3964, .T. ) ;
#578 = CARTESIAN_POINT ( 'NONE',  ( 7.623014192600003900, -0.8940800000000001000, -0.3086404800000000500 ) ) ;
#579 = CARTESIAN_POINT ( 'NONE',  ( 8.584373712600005000, -0.8940800000000001000, -1.270000000000000200 ) ) ;
#580 = FACE_OUTER_BOUND ( 'NONE', #1983, .T. ) ;
#581 = EDGE_CURVE ( 'NONE', #280, #1788, #1833, .T. ) ;
#582 = DIRECTION ( 'NONE',  ( 4.002535667243490100E-016, -1.000000000000000000, 0.0000000000000000000 ) ) ;
#583 = ADVANCED_FACE ( 'NONE', ( #1112 ), #57, .F. ) ;
#584 = CARTESIAN_POINT ( 'NONE',  ( 0.7620000000000002300, -1.200366690966094200E-016, 0.0000000000000000000 ) ) ;
#585 = CIRCLE ( 'NONE', #3712, 0.7340599999999912800 ) ;
#586 = FACE_OUTER_BOUND ( 'NONE', #1185, .T. ) ;
#587 = CARTESIAN_POINT ( 'NONE',  ( 3.504373712600001400, -0.8940800000000001000, -1.270000000000000200 ) ) ;
#588 = CARTESIAN_POINT ( 'NONE',  ( 7.314373712600001900, 0.0000000000000000000, -0.4000500000000001800 ) ) ;
#589 = AXIS2_PLACEMENT_3D ( 'NONE', #196, #495, #1770 ) ;
#590 = EDGE_LOOP ( 'NONE', ( #2052, #1003, #3444, #2048 ) ) ;
#591 = DIRECTION ( 'NONE',  ( 0.3420201333319364300, 0.0000000000000000000, -0.9396926244233293500 ) ) ;
#592 = AXIS2_PLACEMENT_3D ( 'NONE', #2090, #2258, #2301 ) ;
#593 = EDGE_CURVE ( 'NONE', #1607, #3281, #3574, .T. ) ;
#594 = VERTEX_POINT ( 'NONE', #2302 ) ;
#595 = FACE_BOUND ( 'NONE', #3196, .T. ) ;
#596 = EDGE_LOOP ( 'NONE', ( #1817, #2481, #1446, #894 ) ) ;
#597 = ADVANCED_FACE ( 'NONE', ( #330, #429 ), #2707, .F. ) ;
#598 = CARTESIAN_POINT ( 'NONE',  ( 11.12437371260000200, -2.794000000000000500, -1.270000000000000200 ) ) ;
#599 = DIRECTION ( 'NONE',  ( 0.0000000000000000000, 0.0000000000000000000, 1.000000000000000000 ) ) ;
#600 = AXIS2_PLACEMENT_3D ( 'NONE', #3114, #144, #32 ) ;
#601 = ORIENTED_EDGE ( 'NONE', *, *, #739, .T. ) ;
#602 = DIRECTION ( 'NONE',  ( 0.0000000000000000000, 0.0000000000000000000, 1.000000000000000000 ) ) ;
#603 = DIRECTION ( 'NONE',  ( -0.7071067811865480200, 0.7071067811865470200, 8.659560562354936600E-017 ) ) ;
#604 = EDGE_CURVE ( 'NONE', #1259, #2370, #3479, .T. ) ;
#605 = CARTESIAN_POINT ( 'NONE',  ( 7.260789755157233600, -0.2540000000000002300, -6.221205739668588600E-017 ) ) ;
#606 = VERTEX_POINT ( 'NONE', #1787 ) ;
#607 = CIRCLE ( 'NONE', #2214, 0.7302500000000000700 ) ;
#608 = VECTOR ( 'NONE', #2444, 1000.000000000000000 ) ;
#609 = DIRECTION ( 'NONE',  ( 1.000000000000000000, -0.0000000000000000000, -0.0000000000000000000 ) ) ;
#610 = ORIENTED_EDGE ( 'NONE', *, *, #2988, .F. ) ;
#611 = LINE ( 'NONE', #1064, #1501 ) ;
#612 = CYLINDRICAL_SURFACE ( 'NONE', #1681, 0.5461000000000002500 ) ;
#613 = VERTEX_POINT ( 'NONE', #1916 ) ;
#614 = DIRECTION ( 'NONE',  ( 1.000000000000000000, 0.0000000000000000000, 0.0000000000000000000 ) ) ;
#615 = LINE ( 'NONE', #1695, #1411 ) ;
#616 = ADVANCED_FACE ( 'NONE', ( #2612, #1741 ), #127, .F. ) ;
#617 = ORIENTED_EDGE ( 'NONE', *, *, #934, .T. ) ;
#618 = CARTESIAN_POINT ( 'NONE',  ( 7.619974600000000800, 1.192622389734054900E-015, -2.540000000000000500 ) ) ;
#619 = CARTESIAN_POINT ( 'NONE',  ( 10.01436831260000400, 0.0000000000000000000, -2.139950000000000700 ) ) ;
#620 = ORIENTED_EDGE ( 'NONE', *, *, #2075, .T. ) ;
#621 = EDGE_CURVE ( 'NONE', #1892, #4037, #3688, .T. ) ;
#622 = FACE_OUTER_BOUND ( 'NONE', #1098, .T. ) ;
#623 = CARTESIAN_POINT ( 'NONE',  ( 4.934368312600002000, 0.0000000000000000000, -2.139950000000000700 ) ) ;
#624 = EDGE_CURVE ( 'NONE', #685, #659, #441, .T. ) ;
#625 = CARTESIAN_POINT ( 'NONE',  ( 15.09436831259999900, 0.0000000000000000000, -0.4000500000000001300 ) ) ;
#626 = CIRCLE ( 'NONE', #1591, 0.2540000000000000600 ) ;
#627 = VECTOR ( 'NONE', #1499, 1000.000000000000000 ) ;
#628 = EDGE_CURVE ( 'NONE', #1812, #685, #1953, .T. ) ;
#629 = CYLINDRICAL_SURFACE ( 'NONE', #1516, 0.9499600000000002500 ) ;
#630 = EDGE_LOOP ( 'NONE', ( #3924, #496, #315 ) ) ;
#631 = CARTESIAN_POINT ( 'NONE',  ( 4.036529976200001500, -1.577721810442023600E-027, 0.0000000000000000000 ) ) ;
#632 = CARTESIAN_POINT ( 'NONE',  ( 7.112000000000001000, -0.2540000000000000600, 0.0000000000000000000 ) ) ;
#633 = ADVANCED_FACE ( 'NONE', ( #1846 ), #2945, .F. ) ;
#634 = ORIENTED_EDGE ( 'NONE', *, *, #3045, .T. ) ;
#635 = CARTESIAN_POINT ( 'NONE',  ( 17.16874742520000700, -2.794000000000000500, 6.776263578034402700E-018 ) ) ;
#636 = LINE ( 'NONE', #374, #3916 ) ;
#637 = ORIENTED_EDGE ( 'NONE', *, *, #1013, .F. ) ;
#638 = VERTEX_POINT ( 'NONE', #3067 ) ;
#639 = DIRECTION ( 'NONE',  ( -0.0000000000000000000, 1.000000000000000000, 0.0000000000000000000 ) ) ;
#640 = AXIS2_PLACEMENT_3D ( 'NONE', #856, #2433, #3417 ) ;
#641 = ORIENTED_EDGE ( 'NONE', *, *, #2641, .T. ) ;
#642 = CARTESIAN_POINT ( 'NONE',  ( -0.1456062874000000300, -2.794000000000000500, -0.4000500000000001800 ) ) ;
#643 = DIRECTION ( 'NONE',  ( 0.0000000000000000000, 0.0000000000000000000, -1.000000000000000000 ) ) ;
#644 = AXIS2_PLACEMENT_3D ( 'NONE', #2002, #2015, #1957 ) ;
#645 = ORIENTED_EDGE ( 'NONE', *, *, #504, .T. ) ;
#646 = LINE ( 'NONE', #28, #1260 ) ;
#647 = CARTESIAN_POINT ( 'NONE',  ( -0.2256162874000000600, -2.794000000000000500, -2.139950000000000700 ) ) ;
#648 = DIRECTION ( 'NONE',  ( 0.0000000000000000000, -1.000000000000000000, 0.0000000000000000000 ) ) ;
#649 = CARTESIAN_POINT ( 'NONE',  ( 7.154379112600002700, -2.794000000000000500, -2.139950000000000700 ) ) ;
#650 = ADVANCED_FACE ( 'NONE', ( #252 ), #3056, .F. ) ;
#651 = VERTEX_POINT ( 'NONE', #3007 ) ;
#652 = LINE ( 'NONE', #220, #1449 ) ;
#653 = DIRECTION ( 'NONE',  ( -0.0000000000000000000, 1.000000000000000000, 0.0000000000000000000 ) ) ;
#654 = VECTOR ( 'NONE', #2763, 1000.000000000000000 ) ;
#655 = VERTEX_POINT ( 'NONE', #3203 ) ;
#656 = FACE_OUTER_BOUND ( 'NONE', #2358, .T. ) ;
#657 = DIRECTION ( 'NONE',  ( -1.000000000000000000, 0.0000000000000000000, 0.0000000000000000000 ) ) ;
#658 = CARTESIAN_POINT ( 'NONE',  ( -0.3056262873999999200, 0.0000000000000000000, -0.4000500000000001300 ) ) ;
#659 = VERTEX_POINT ( 'NONE', #3294 ) ;
#660 = AXIS2_PLACEMENT_3D ( 'NONE', #746, #723, #711 ) ;
#661 = CARTESIAN_POINT ( 'NONE',  ( -0.3056262873999999700, -2.794000000000000500, -2.139950000000000700 ) ) ;
#662 = VECTOR ( 'NONE', #2169, 1000.000000000000000 ) ;
#663 = EDGE_LOOP ( 'NONE', ( #1145, #3466, #2465 ) ) ;
#664 = ORIENTED_EDGE ( 'NONE', *, *, #548, .T. ) ;
#665 = CARTESIAN_POINT ( 'NONE',  ( 16.20437370778179800, 0.0000000000000000000, -1.270000000000005600 ) ) ;
#666 = EDGE_CURVE ( 'NONE', #339, #2096, #1161, .T. ) ;
#667 = FACE_OUTER_BOUND ( 'NONE', #1955, .T. ) ;
#668 = CARTESIAN_POINT ( 'NONE',  ( 13.66437371259999800, -2.794000000000000500, -1.270000000000000200 ) ) ;
#669 = VECTOR ( 'NONE', #2963, 1000.000000000000000 ) ;
#670 = CARTESIAN_POINT ( 'NONE',  ( 15.09436831641000300, -2.794000000000000500, -0.4000500000000001300 ) ) ;
#671 = VECTOR ( 'NONE', #1618, 1000.000000000000000 ) ;
#672 = CARTESIAN_POINT ( 'NONE',  ( 9.621575968900002000, -2.794000000000000500, -2.339975000000000800 ) ) ;
#673 = ADVANCED_FACE ( 'NONE', ( #2729 ), #930, .F. ) ;
#674 = VECTOR ( 'NONE', #522, 1000.000000000000000 ) ;
#675 = DIRECTION ( 'NONE',  ( 0.0000000000000000000, 0.0000000000000000000, 1.000000000000000000 ) ) ;
#676 = AXIS2_PLACEMENT_3D ( 'NONE', #1256, #3501, #1559 ) ;
#677 = EDGE_CURVE ( 'NONE', #3274, #425, #340, .T. ) ;
#678 = DIRECTION ( 'NONE',  ( 0.0000000000000000000, 0.0000000000000000000, 1.000000000000000000 ) ) ;
#679 = VERTEX_POINT ( 'NONE', #3602 ) ;
#680 = DIRECTION ( 'NONE',  ( 0.0000000000000000000, 0.0000000000000000000, -1.000000000000000000 ) ) ;
#681 = AXIS2_PLACEMENT_3D ( 'NONE', #2037, #207, #2397 ) ;
#682 = DIRECTION ( 'NONE',  ( 0.0000000000000000000, 0.0000000000000000000, -1.000000000000000000 ) ) ;
#683 = SURFACE_STYLE_FILL_AREA ( #3781 ) ;
#684 = DIRECTION ( 'NONE',  ( -0.0000000000000000000, 1.000000000000000000, 0.0000000000000000000 ) ) ;
#685 = VERTEX_POINT ( 'NONE', #3739 ) ;
#686 = PLANE ( 'NONE',  #2461 ) ;
#687 = VERTEX_POINT ( 'NONE', #3792 ) ;
#688 = DIRECTION ( 'NONE',  ( 0.9396926244233281300, 0.0000000000000000000, -0.3420201333319400300 ) ) ;
#689 = ORIENTED_EDGE ( 'NONE', *, *, #2058, .T. ) ;
#690 = APPLICATION_PROTOCOL_DEFINITION ( 'draft international standard', 'automotive_design', 1998, #2562 ) ;
#691 = DIRECTION ( 'NONE',  ( -0.0000000000000000000, -1.000000000000000000, -0.0000000000000000000 ) ) ;
#692 = EDGE_CURVE ( 'NONE', #45, #534, #3400, .T. ) ;
#693 = CARTESIAN_POINT ( 'NONE',  ( 17.47437371260000600, -2.794000000000000500, -2.139950000000000700 ) ) ;
#694 = DIRECTION ( 'NONE',  ( 1.000000000000000000, -0.0000000000000000000, 0.0000000000000000000 ) ) ;
#695 = AXIS2_PLACEMENT_3D ( 'NONE', #1487, #1465, #1439 ) ;
#696 = ORIENTED_EDGE ( 'NONE', *, *, #2225, .T. ) ;
#697 = EDGE_CURVE ( 'NONE', #1416, #606, #163, .T. ) ;
#698 = ORIENTED_EDGE ( 'NONE', *, *, #604, .F. ) ;
#699 = VECTOR ( 'NONE', #3122, 1000.000000000000100 ) ;
#700 = CARTESIAN_POINT ( 'NONE',  ( 3.504373712600001400, -2.794000000000000500, -1.270000000000000200 ) ) ;
#701 = CARTESIAN_POINT ( 'NONE',  ( 12.55436831387000200, -2.794000000000000500, -2.139950000000000700 ) ) ;
#702 = CARTESIAN_POINT ( 'NONE',  ( 7.619974600000000800, -2.794000000000000500, 0.0000000000000000000 ) ) ;
#703 = LINE ( 'NONE', #2134, #3132 ) ;
#704 = EDGE_CURVE ( 'NONE', #371, #514, #2623, .T. ) ;
#705 = VERTEX_POINT ( 'NONE', #2071 ) ;
#706 = FACE_OUTER_BOUND ( 'NONE', #3268, .T. ) ;
#707 =( REPRESENTATION_RELATIONSHIP ('NONE','NONE', #1655, #357 ) REPRESENTATION_RELATIONSHIP_WITH_TRANSFORMATION ( #775 )SHAPE_REPRESENTATION_RELATIONSHIP( ) );
#708 = AXIS2_PLACEMENT_3D ( 'NONE', #209, #1384, #3436 ) ;
#709 = VECTOR ( 'NONE', #2570, 1000.000000000000000 ) ;
#710 = LINE ( 'NONE', #1273, #2354 ) ;
#711 = DIRECTION ( 'NONE',  ( 0.0000000000000000000, 0.0000000000000000000, 1.000000000000000000 ) ) ;
#712 = ORIENTED_EDGE ( 'NONE', *, *, #3903, .T. ) ;
#713 = CARTESIAN_POINT ( 'NONE',  ( 3.504373712600001400, -2.794000000000000500, -2.000250000000000300 ) ) ;
#714 = AXIS2_PLACEMENT_3D ( 'NONE', #700, #726, #735 ) ;
#715 = VERTEX_POINT ( 'NONE', #2093 ) ;
#716 = CARTESIAN_POINT ( 'NONE',  ( 1.776905818800000600, 0.0000000000000000000, 0.0000000000000000000 ) ) ;
#717 = LINE ( 'NONE', #2255, #1511 ) ;
#718 = FACE_OUTER_BOUND ( 'NONE', #1870, .T. ) ;
#719 = DIRECTION ( 'NONE',  ( -0.0000000000000000000, -1.000000000000000000, -0.0000000000000000000 ) ) ;
#720 = CIRCLE ( 'NONE', #130, 0.7302500000000000700 ) ;
#721 = AXIS2_PLACEMENT_3D ( 'NONE', #2177, #2839, #3172 ) ;
#722 = PLANE ( 'NONE',  #3034 ) ;
#723 = DIRECTION ( 'NONE',  ( -0.0000000000000000000, 1.000000000000000000, 0.0000000000000000000 ) ) ;
#724 = CARTESIAN_POINT ( 'NONE',  ( 8.584373712600005000, -2.794000000000000500, -0.5397500000000001700 ) ) ;
#725 = ORIENTED_EDGE ( 'NONE', *, *, #3804, .F. ) ;
#726 = DIRECTION ( 'NONE',  ( -0.0000000000000000000, 1.000000000000000000, 0.0000000000000000000 ) ) ;
#727 = DIRECTION ( 'NONE',  ( -0.0000000000000000000, 1.000000000000000000, 0.0000000000000000000 ) ) ;
#728 = CARTESIAN_POINT ( 'NONE',  ( 2.234373712600000500, -2.794000000000000500, -2.139950000000000700 ) ) ;
#729 = SHAPE_DEFINITION_REPRESENTATION ( #4004, #1655 ) ;
#730 = VERTEX_POINT ( 'NONE', #3716 ) ;
#731 = DIRECTION ( 'NONE',  ( -1.000000000000000000, -0.0000000000000000000, -0.0000000000000000000 ) ) ;
#732 = LINE ( 'NONE', #647, #4013 ) ;
#733 = VERTEX_POINT ( 'NONE', #2061 ) ;
#734 = EDGE_LOOP ( 'NONE', ( #3373, #983, #3051, #3773, #527 ) ) ;
#735 = DIRECTION ( 'NONE',  ( 0.0000000000000000000, 0.0000000000000000000, 1.000000000000000000 ) ) ;
#736 = CARTESIAN_POINT ( 'NONE',  ( 4.934368312600002000, -1.397000000000000200, -0.4000500000000001800 ) ) ;
#737 = ORIENTED_EDGE ( 'NONE', *, *, #1758, .F. ) ;
#738 = DIRECTION ( 'NONE',  ( 1.000000000000000000, 0.0000000000000000000, 0.0000000000000000000 ) ) ;
#739 = EDGE_CURVE ( 'NONE', #800, #3147, #1650, .T. ) ;
#740 = EDGE_CURVE ( 'NONE', #1848, #425, #3300, .T. ) ;
#741 = DIRECTION ( 'NONE',  ( -0.3420201333319416400, 0.0000000000000000000, 0.9396926244233274600 ) ) ;
#742 = ORIENTED_EDGE ( 'NONE', *, *, #3305, .F. ) ;
#743 = CIRCLE ( 'NONE', #681, 0.7302500000000000700 ) ;
#744 = EDGE_CURVE ( 'NONE', #3609, #1533, #1036, .T. ) ;
#745 = CARTESIAN_POINT ( 'NONE',  ( -0.3056262873999999700, -2.794000000000000500, -0.4000500000000001300 ) ) ;
#746 = CARTESIAN_POINT ( 'NONE',  ( 16.20437371260000200, 0.0000000000000000000, -1.270000000000000200 ) ) ;
#747 = EDGE_CURVE ( 'NONE', #2510, #3838, #1556, .T. ) ;
#748 = ORIENTED_EDGE ( 'NONE', *, *, #298, .F. ) ;
#749 = DIRECTION ( 'NONE',  ( 1.000000000000000000, -0.0000000000000000000, -0.0000000000000000000 ) ) ;
#750 = FACE_OUTER_BOUND ( 'NONE', #3831, .T. ) ;
#751 = VECTOR ( 'NONE', #3421, 1000.000000000000000 ) ;
#752 = ORIENTED_EDGE ( 'NONE', *, *, #274, .F. ) ;
#753 = DIRECTION ( 'NONE',  ( -0.3420201333319398100, -0.0000000000000000000, 0.9396926244233281300 ) ) ;
#754 = LINE ( 'NONE', #1525, #3190 ) ;
#755 = EDGE_CURVE ( 'NONE', #4012, #730, #64, .T. ) ;
#756 = ORIENTED_EDGE ( 'NONE', *, *, #2152, .F. ) ;
#757 = VECTOR ( 'NONE', #2205, 1000.000000000000000 ) ;
#758 = EDGE_LOOP ( 'NONE', ( #3656, #1183, #1442, #3160 ) ) ;
#759 = EDGE_LOOP ( 'NONE', ( #118, #851, #2859, #2658 ) ) ;
#760 = ORIENTED_EDGE ( 'NONE', *, *, #561, .F. ) ;
#761 = DIRECTION ( 'NONE',  ( -0.0000000000000000000, -1.000000000000000000, -0.0000000000000000000 ) ) ;
#762 = FACE_BOUND ( 'NONE', #1911, .T. ) ;
#763 = CARTESIAN_POINT ( 'NONE',  ( 11.12437371260000200, 0.0000000000000000000, -2.219960000000000800 ) ) ;
#764 = DIRECTION ( 'NONE',  ( -1.000000000000000000, -3.970709293116661000E-016, -0.0000000000000000000 ) ) ;
#765 = VECTOR ( 'NONE', #282, 1000.000000000000100 ) ;
#766 = VECTOR ( 'NONE', #1344, 1000.000000000000000 ) ;
#767 = DIRECTION ( 'NONE',  ( 0.0000000000000000000, 0.0000000000000000000, 1.000000000000000000 ) ) ;
#768 = LINE ( 'NONE', #3366, #2323 ) ;
#769 = DIRECTION ( 'NONE',  ( 2.069581813382016800E-015, -1.000000000000000000, 0.0000000000000000000 ) ) ;
#770 = AXIS2_PLACEMENT_3D ( 'NONE', #816, #684, #866 ) ;
#771 = CARTESIAN_POINT ( 'NONE',  ( 4.181365195800000700, -0.6359996170000000700, -0.3179997958000001000 ) ) ;
#772 = ORIENTED_EDGE ( 'NONE', *, *, #1549, .F. ) ;
#773 = DIRECTION ( 'NONE',  ( 1.000000000000000000, 0.0000000000000000000, 0.0000000000000000000 ) ) ;
#774 = CARTESIAN_POINT ( 'NONE',  ( 15.09436831259999900, -1.397000000000000200, -0.4000500000000001800 ) ) ;
#775 = ITEM_DEFINED_TRANSFORMATION ( 'NONE', 'NONE', #1071,  #3665 ) ;
#776 = EDGE_CURVE ( 'NONE', #1371, #2219, #3195, .T. ) ;
#777 = DIRECTION ( 'NONE',  ( -0.3420201333319400300, 0.0000000000000000000, -0.9396926244233281300 ) ) ;
#778 = DIRECTION ( 'NONE',  ( -1.000000000000000000, 0.0000000000000000000, 0.0000000000000000000 ) ) ;
#779 = VERTEX_POINT ( 'NONE', #2275 ) ;
#780 = ORIENTED_EDGE ( 'NONE', *, *, #348, .F. ) ;
#781 = VERTEX_POINT ( 'NONE', #2288 ) ;
#782 = CARTESIAN_POINT ( 'NONE',  ( 1.549400000000000600, 0.0000000000000000000, 0.0000000000000000000 ) ) ;
#783 = AXIS2_PLACEMENT_3D ( 'NONE', #3753, #1781, #573 ) ;
#784 = ORIENTED_EDGE ( 'NONE', *, *, #815, .F. ) ;
#785 = DIRECTION ( 'NONE',  ( 1.000000000000000000, 0.0000000000000000000, 0.0000000000000000000 ) ) ;
#786 = AXIS2_PLACEMENT_3D ( 'NONE', #2675, #2702, #3001 ) ;
#787 = ORIENTED_EDGE ( 'NONE', *, *, #2437, .F. ) ;
#788 = EDGE_CURVE ( 'NONE', #687, #486, #3939, .T. ) ;
#789 = LINE ( 'NONE', #2819, #2346 ) ;
#790 = VECTOR ( 'NONE', #2126, 1000.000000000000100 ) ;
#791 = EDGE_LOOP ( 'NONE', ( #1205, #2790 ) ) ;
#792 = LINE ( 'NONE', #588, #1596 ) ;
#793 = DIRECTION ( 'NONE',  ( -1.000000000000000000, 0.0000000000000000000, 0.0000000000000000000 ) ) ;
#794 = VECTOR ( 'NONE', #1551, 999.9999999999998900 ) ;
#795 = DIRECTION ( 'NONE',  ( -0.0000000000000000000, 1.000000000000000000, 0.0000000000000000000 ) ) ;
#796 = VECTOR ( 'NONE', #2032, 1000.000000000000000 ) ;
#797 = EDGE_LOOP ( 'NONE', ( #1119, #3049, #2690, #3461 ) ) ;
#798 = CARTESIAN_POINT ( 'NONE',  ( 6.044373712600002300, -2.794000000000000500, -1.270000000000000200 ) ) ;
#799 = EDGE_CURVE ( 'NONE', #2674, #2572, #3095, .T. ) ;
#800 = VERTEX_POINT ( 'NONE', #2319 ) ;
#801 = CARTESIAN_POINT ( 'NONE',  ( 0.9643737126000001500, -2.794000000000000500, -0.5397500000000001700 ) ) ;
#802 = FACE_OUTER_BOUND ( 'NONE', #886, .T. ) ;
#803 = CARTESIAN_POINT ( 'NONE',  ( 4.343399993773977600, -1.140379081044909700E-011, 0.2539999990884406200 ) ) ;
#804 = CARTESIAN_POINT ( 'NONE',  ( 17.47437371260000600, -2.794000000000000500, -0.4000500000000001800 ) ) ;
#805 = CIRCLE ( 'NONE', #979, 0.7302500000000000700 ) ;
#806 = LINE ( 'NONE', #3791, #3357 ) ;
#807 = DIRECTION ( 'NONE',  ( -0.0000000000000000000, -1.000000000000000000, -0.0000000000000000000 ) ) ;
#808 = ADVANCED_FACE ( 'NONE', ( #2212 ), #1277, .T. ) ;
#809 = DIRECTION ( 'NONE',  ( 0.9396926244233275700, 0.0000000000000000000, -0.3420201333319417000 ) ) ;
#810 = CARTESIAN_POINT ( 'NONE',  ( 16.20437371260000200, -2.794000000000000500, -2.000250000000000300 ) ) ;
#811 = EDGE_CURVE ( 'NONE', #2004, #679, #2109, .T. ) ;
#812 = ORIENTED_EDGE ( 'NONE', *, *, #30, .F. ) ;
#813 = EDGE_CURVE ( 'NONE', #3521, #377, #575, .T. ) ;
#814 = AXIS2_PLACEMENT_3D ( 'NONE', #543, #2892, #1966 ) ;
#815 = EDGE_CURVE ( 'NONE', #3868, #659, #1368, .T. ) ;
#816 = CARTESIAN_POINT ( 'NONE',  ( 0.9643737126000001500, -0.8940800000000001000, -1.270000000000000200 ) ) ;
#817 = VERTEX_POINT ( 'NONE', #2360 ) ;
#818 = ORIENTED_EDGE ( 'NONE', *, *, #968, .F. ) ;
#819 = LINE ( 'NONE', #950, #3278 ) ;
#820 = ORIENTED_EDGE ( 'NONE', *, *, #2934, .F. ) ;
#821 = EDGE_CURVE ( 'NONE', #1965, #1717, #1460, .T. ) ;
#822 = CARTESIAN_POINT ( 'NONE',  ( 7.366000000000001400, 0.0000000000000000000, 0.0000000000000000000 ) ) ;
#823 = CARTESIAN_POINT ( 'NONE',  ( 4.254126136250699900, 0.0000000000000000000, 0.2539999892451158000 ) ) ;
#824 = ORIENTED_EDGE ( 'NONE', *, *, #593, .F. ) ;
#825 = AXIS2_PLACEMENT_3D ( 'NONE', #3178, #1349, #599 ) ;
#826 = ADVANCED_FACE ( 'NONE', ( #2884 ), #389, .F. ) ;
#827 = ORIENTED_EDGE ( 'NONE', *, *, #2263, .T. ) ;
#828 = CARTESIAN_POINT ( 'NONE',  ( 2.539974603175001500, -2.794000000000000500, 6.776263578034402700E-018 ) ) ;
#829 = ORIENTED_EDGE ( 'NONE', *, *, #3036, .T. ) ;
#830 = DIRECTION ( 'NONE',  ( 0.0000000000000000000, -1.000000000000000000, 0.0000000000000000000 ) ) ;
#831 = DIRECTION ( 'NONE',  ( -0.0000000000000000000, -1.000000000000000000, -0.0000000000000000000 ) ) ;
#832 = DIRECTION ( 'NONE',  ( 0.0000000000000000000, 0.0000000000000000000, 1.000000000000000000 ) ) ;
#833 = VERTEX_POINT ( 'NONE', #2573 ) ;
#834 = VECTOR ( 'NONE', #753, 1000.000000000000100 ) ;
#835 = DIRECTION ( 'NONE',  ( -1.000000000000000000, 0.0000000000000000000, 0.0000000000000000000 ) ) ;
#836 = AXIS2_PLACEMENT_3D ( 'NONE', #406, #52, #3361 ) ;
#837 = VECTOR ( 'NONE', #3706, 1000.000000000000000 ) ;
#838 = ORIENTED_EDGE ( 'NONE', *, *, #1545, .F. ) ;
#839 = DIRECTION ( 'NONE',  ( -0.0000000000000000000, 1.000000000000000000, 0.0000000000000000000 ) ) ;
#840 = ORIENTED_EDGE ( 'NONE', *, *, #692, .F. ) ;
#841 = CARTESIAN_POINT ( 'NONE',  ( 4.254999795800000800, -0.4887304170000001900, -0.2443651958000000500 ) ) ;
#842 = VECTOR ( 'NONE', #2082, 1000.000000000000000 ) ;
#843 = DIRECTION ( 'NONE',  ( 0.0000000000000000000, -1.000000000000000000, -0.0000000000000000000 ) ) ;
#844 = AXIS2_PLACEMENT_3D ( 'NONE', #1597, #1685, #1022 ) ;
#845 = ORIENTED_EDGE ( 'NONE', *, *, #1553, .T. ) ;
#846 = ADVANCED_FACE ( 'NONE', ( #2992, #1169 ), #2579, .F. ) ;
#847 = ORIENTED_EDGE ( 'NONE', *, *, #739, .F. ) ;
#848 = CARTESIAN_POINT ( 'NONE',  ( 4.343399987547954300, 0.0000000000000000000, 0.0000000000000000000 ) ) ;
#849 = VECTOR ( 'NONE', #2924, 1000.000000000000000 ) ;
#850 = CARTESIAN_POINT ( 'NONE',  ( 16.20437371260000200, -0.8940800000000001000, -1.270000000000000200 ) ) ;
#851 = ORIENTED_EDGE ( 'NONE', *, *, #474, .F. ) ;
#852 = VECTOR ( 'NONE', #603, 1000.000000000000000 ) ;
#853 = LINE ( 'NONE', #3279, #2418 ) ;
#854 = VECTOR ( 'NONE', #2316, 1000.000000000000100 ) ;
#855 = DIRECTION ( 'NONE',  ( 0.0000000000000000000, 0.0000000000000000000, -1.000000000000000000 ) ) ;
#856 = CARTESIAN_POINT ( 'NONE',  ( 12.23437911260000500, -2.794000000000000500, -2.139950000000000700 ) ) ;
#857 = CARTESIAN_POINT ( 'NONE',  ( 3.504373712600001400, 0.0000000000000000000, 0.0000000000000000000 ) ) ;
#858 = EDGE_CURVE ( 'NONE', #440, #3320, #3733, .T. ) ;
#859 = PRODUCT_DEFINITION_SHAPE ( 'NONE', 'NONE',  #4066 ) ;
#860 = CONTEXT_DEPENDENT_SHAPE_REPRESENTATION ( #115, #988 ) ;
#861 = ADVANCED_FACE ( 'NONE', ( #2778 ), #294, .F. ) ;
#862 = EDGE_LOOP ( 'NONE', ( #1956, #845, #1986, #2041 ) ) ;
#863 = VERTEX_POINT ( 'NONE', #2624 ) ;
#864 = AXIS2_PLACEMENT_3D ( 'NONE', #1568, #3299, #3680 ) ;
#865 = ORIENTED_EDGE ( 'NONE', *, *, #1408, .F. ) ;
#866 = DIRECTION ( 'NONE',  ( 0.0000000000000000000, 0.0000000000000000000, 1.000000000000000000 ) ) ;
#867 = AXIS2_PLACEMENT_3D ( 'NONE', #3823, #1868, #73 ) ;
#868 = EDGE_LOOP ( 'NONE', ( #1393, #2207, #165, #3551 ) ) ;
#869 = CARTESIAN_POINT ( 'NONE',  ( 5.079974600000001700, 0.0000000000000000000, 2.884459620907582100E-017 ) ) ;
#870 = EDGE_CURVE ( 'NONE', #3320, #3563, #1893, .T. ) ;
#871 = ORIENTED_EDGE ( 'NONE', *, *, #985, .F. ) ;
#872 = ORIENTED_EDGE ( 'NONE', *, *, #106, .F. ) ;
#873 = CIRCLE ( 'NONE', #1567, 0.7302500000000000700 ) ;
#874 = DIRECTION ( 'NONE',  ( 0.0000000000000000000, 0.0000000000000000000, -1.000000000000000000 ) ) ;
#875 = VECTOR ( 'NONE', #1385, 1000.000000000000000 ) ;
#876 = ADVANCED_FACE ( 'NONE', ( #2671 ), #3440, .F. ) ;
#877 = ORIENTED_EDGE ( 'NONE', *, *, #3600, .T. ) ;
#878 = VECTOR ( 'NONE', #3685, 1000.000000000000000 ) ;
#879 = DIRECTION ( 'NONE',  ( 1.000000000000000000, 1.524468746464432000E-016, 0.0000000000000000000 ) ) ;
#880 = DIRECTION ( 'NONE',  ( -1.000000000000000000, -0.0000000000000000000, -0.0000000000000000000 ) ) ;
#881 = LINE ( 'NONE', #1247, #110 ) ;
#882 = EDGE_CURVE ( 'NONE', #521, #1371, #204, .T. ) ;
#883 = VECTOR ( 'NONE', #1963, 1000.000000000000100 ) ;
#884 = AXIS2_PLACEMENT_3D ( 'NONE', #1668, #1605, #1578 ) ;
#885 = EDGE_CURVE ( 'NONE', #3979, #817, #981, .T. ) ;
#886 = EDGE_LOOP ( 'NONE', ( #2229, #505, #3031, #978 ) ) ;
#887 = VERTEX_POINT ( 'NONE', #1937 ) ;
#888 = ORIENTED_EDGE ( 'NONE', *, *, #1831, .T. ) ;
#889 = LINE ( 'NONE', #3861, #2464 ) ;
#890 = VERTEX_POINT ( 'NONE', #1933 ) ;
#891 = EDGE_CURVE ( 'NONE', #715, #2901, #2006, .T. ) ;
#892 = DIRECTION ( 'NONE',  ( 0.0000000000000000000, -1.000000000000000000, -0.0000000000000000000 ) ) ;
#893 = CIRCLE ( 'NONE', #2767, 0.7302500000000000700 ) ;
#894 = ORIENTED_EDGE ( 'NONE', *, *, #4022, .T. ) ;
#895 = VECTOR ( 'NONE', #2528, 1000.000000000000000 ) ;
#896 = ADVANCED_FACE ( 'NONE', ( #1696 ), #1910, .T. ) ;
#897 = CARTESIAN_POINT ( 'NONE',  ( 7.619974600000000800, -1.397000000000000200, 0.0000000000000000000 ) ) ;
#898 = VERTEX_POINT ( 'NONE', #1941 ) ;
#899 = AXIS2_PLACEMENT_3D ( 'NONE', #3410, #809, #2420 ) ;
#900 = CARTESIAN_POINT ( 'NONE',  ( 4.358614600000001000, -0.5095227300000002600, 0.2547613650000000200 ) ) ;
#901 = CARTESIAN_POINT ( 'NONE',  ( 11.12437371260000200, 0.0000000000000000000, -1.270000000000000200 ) ) ;
#902 = CARTESIAN_POINT ( 'NONE',  ( 9.548772825200000400, -2.794000000000000500, -2.540000000000000500 ) ) ;
#903 = ORIENTED_EDGE ( 'NONE', *, *, #815, .T. ) ;
#904 = CARTESIAN_POINT ( 'NONE',  ( 7.112000000000001000, 0.2540000000000001100, 0.5080000000000003400 ) ) ;
#905 = AXIS2_PLACEMENT_3D ( 'NONE', #1610, #3567, #1285 ) ;
#906 = ORIENTED_EDGE ( 'NONE', *, *, #1472, .T. ) ;
#907 = VECTOR ( 'NONE', #1046, 1000.000000000000000 ) ;
#908 = ORIENTED_EDGE ( 'NONE', *, *, #2812, .T. ) ;
#909 = CARTESIAN_POINT ( 'NONE',  ( 11.12437371260000200, 0.0000000000000000000, -0.3200400000000000500 ) ) ;
#910 = ORIENTED_EDGE ( 'NONE', *, *, #740, .F. ) ;
#911 =( LENGTH_UNIT ( ) NAMED_UNIT ( * ) SI_UNIT ( .MILLI., .METRE. ) );
#912 = ORIENTED_EDGE ( 'NONE', *, *, #215, .T. ) ;
#913 = CARTESIAN_POINT ( 'NONE',  ( 12.39437371260000400, 0.0000000000000000000, -2.139950000000000700 ) ) ;
#914 = ADVANCED_FACE ( 'NONE', ( #111 ), #1601, .F. ) ;
#915 = CARTESIAN_POINT ( 'NONE',  ( 7.365999999999999700, 0.1487897551572339700, 1.822148973992267000E-017 ) ) ;
#916 = VERTEX_POINT ( 'NONE', #1360 ) ;
#917 = VECTOR ( 'NONE', #3942, 1000.000000000000000 ) ;
#918 = CARTESIAN_POINT ( 'NONE',  ( 7.314373712600001900, -2.794000000000000500, -2.139950000000000700 ) ) ;
#919 = EDGE_LOOP ( 'NONE', ( #1317, #847 ) ) ;
#920 = LINE ( 'NONE', #3403, #2506 ) ;
#921 = SURFACE_SIDE_STYLE ('',( #1840 ) ) ;
#922 = VECTOR ( 'NONE', #3957, 1000.000000000000000 ) ;
#923 = ORIENTED_EDGE ( 'NONE', *, *, #3457, .T. ) ;
#924 = DIRECTION ( 'NONE',  ( -0.0000000000000000000, 1.000000000000000000, 0.0000000000000000000 ) ) ;
#925 = CARTESIAN_POINT ( 'NONE',  ( 0.0000000000000000000, 0.0000000000000000000, 0.0000000000000000000 ) ) ;
#926 = PLANE ( 'NONE',  #1152 ) ;
#927 = EDGE_LOOP ( 'NONE', ( #2974, #1031, #3786, #1855 ) ) ;
#928 = EDGE_CURVE ( 'NONE', #3113, #1162, #3633, .T. ) ;
#929 = EDGE_CURVE ( 'NONE', #1053, #2608, #2456, .T. ) ;
#930 = CYLINDRICAL_SURFACE ( 'NONE', #1333, 0.9499600000000002500 ) ;
#931 = PLANE ( 'NONE',  #1266 ) ;
#932 = ORIENTED_EDGE ( 'NONE', *, *, #3120, .F. ) ;
#933 = ORIENTED_EDGE ( 'NONE', *, *, #1010, .F. ) ;
#934 = EDGE_CURVE ( 'NONE', #2882, #863, #3344, .T. ) ;
#935 = VECTOR ( 'NONE', #3253, 1000.000000000000000 ) ;
#936 = DIRECTION ( 'NONE',  ( 0.0000000000000000000, 0.0000000000000000000, 1.000000000000000000 ) ) ;
#937 = EDGE_CURVE ( 'NONE', #3276, #3360, #3248, .T. ) ;
#938 = ADVANCED_FACE ( 'NONE', ( #3986, #19 ), #1749, .F. ) ;
#939 = DIRECTION ( 'NONE',  ( -0.0000000000000000000, 1.000000000000000000, 0.0000000000000000000 ) ) ;
#940 = FACE_OUTER_BOUND ( 'NONE', #2576, .T. ) ;
#941 = DIRECTION ( 'NONE',  ( -0.0000000000000000000, 1.000000000000000000, 0.0000000000000000000 ) ) ;
#942 = LINE ( 'NONE', #3584, #766 ) ;
#943 = CARTESIAN_POINT ( 'NONE',  ( 6.044373712600002300, -2.794000000000000500, -0.5397500000000001700 ) ) ;
#944 = DIRECTION ( 'NONE',  ( 0.0000000000000000000, 0.0000000000000000000, 1.000000000000000000 ) ) ;
#945 = EDGE_CURVE ( 'NONE', #817, #1922, #3140, .T. ) ;
#946 = SURFACE_STYLE_USAGE ( .BOTH. , #921 ) ;
#947 = LINE ( 'NONE', #1684, #175 ) ;
#948 = CARTESIAN_POINT ( 'NONE',  ( 10.16301419260000400, -0.8940800000000001000, -0.3086404800000000500 ) ) ;
#949 = AXIS2_PLACEMENT_3D ( 'NONE', #2404, #2446, #2460 ) ;
#950 = CARTESIAN_POINT ( 'NONE',  ( 8.584373712600001500, 0.0000000000000000000, 0.0000000000000000000 ) ) ;
#951 = DIRECTION ( 'NONE',  ( 0.3420201333319472500, 0.0000000000000000000, 0.9396926244233254600 ) ) ;
#952 = CARTESIAN_POINT ( 'NONE',  ( 16.20436101260000300, 0.0000000000000000000, -2.540000000000000500 ) ) ;
#953 = CARTESIAN_POINT ( 'NONE',  ( 16.20437371260000200, -2.794000000000000500, -0.5397500000000001700 ) ) ;
#954 = ORIENTED_EDGE ( 'NONE', *, *, #203, .T. ) ;
#955 = DIRECTION ( 'NONE',  ( 0.0000000000000000000, -1.000000000000000000, 0.0000000000000000000 ) ) ;
#956 = ORIENTED_EDGE ( 'NONE', *, *, #1170, .T. ) ;
#957 = CARTESIAN_POINT ( 'NONE',  ( 8.584373712600003300, -2.794000000000000500, 0.0000000000000000000 ) ) ;
#958 = ADVANCED_FACE ( 'NONE', ( #2260 ), #1721, .F. ) ;
#959 = EDGE_LOOP ( 'NONE', ( #2019, #3612 ) ) ;
#960 = PLANE ( 'NONE',  #2584 ) ;
#961 = CARTESIAN_POINT ( 'NONE',  ( 7.260789755157233600, 0.2540000000000002300, 6.221205739668559000E-017 ) ) ;
#962 = AXIS2_PLACEMENT_3D ( 'NONE', #3881, #3865, #3850 ) ;
#963 = ORIENTED_EDGE ( 'NONE', *, *, #4055, .F. ) ;
#964 = DIRECTION ( 'NONE',  ( -0.0000000000000000000, 1.000000000000000000, 0.0000000000000000000 ) ) ;
#965 = CARTESIAN_POINT ( 'NONE',  ( 2.394368311330000900, -2.794000000000000500, -2.139950000000000700 ) ) ;
#966 =( NAMED_UNIT ( * ) PLANE_ANGLE_UNIT ( ) SI_UNIT ( $, .RADIAN. ) );
#967 = ORIENTED_EDGE ( 'NONE', *, *, #1137, .F. ) ;
#968 = EDGE_CURVE ( 'NONE', #3194, #2560, #710, .T. ) ;
#969 = APPLICATION_PROTOCOL_DEFINITION ( 'draft international standard', 'automotive_design', 1998, #2888 ) ;
#970 = VERTEX_POINT ( 'NONE', #1635 ) ;
#971 = VECTOR ( 'NONE', #2684, 1000.000000000000000 ) ;
#972 = DIRECTION ( 'NONE',  ( 0.0000000000000000000, -1.000000000000000000, 0.0000000000000000000 ) ) ;
#973 = DIRECTION ( 'NONE',  ( 0.0000000000000000000, 0.0000000000000000000, 1.000000000000000000 ) ) ;
#974 = VECTOR ( 'NONE', #451, 1000.000000000000000 ) ;
#975 = ORIENTED_EDGE ( 'NONE', *, *, #3263, .F. ) ;
#976 = DIRECTION ( 'NONE',  ( 0.0000000000000000000, 0.0000000000000000000, 1.000000000000000000 ) ) ;
#977 = ADVANCED_FACE ( 'NONE', ( #3894 ), #1665, .F. ) ;
#978 = ORIENTED_EDGE ( 'NONE', *, *, #1714, .T. ) ;
#979 = AXIS2_PLACEMENT_3D ( 'NONE', #1659, #3766, #3673 ) ;
#980 = CARTESIAN_POINT ( 'NONE',  ( 5.079974600000001700, 0.0000000000000000000, 0.0000000000000000000 ) ) ;
#981 = LINE ( 'NONE', #1671, #1078 ) ;
#982 = CARTESIAN_POINT ( 'NONE',  ( 13.66437371259999800, -0.8940800000000002100, -1.270000000000000200 ) ) ;
#983 = ORIENTED_EDGE ( 'NONE', *, *, #1137, .T. ) ;
#984 = CARTESIAN_POINT ( 'NONE',  ( 10.01436831260000400, -1.397000000000000200, -0.4000500000000001800 ) ) ;
#985 = EDGE_CURVE ( 'NONE', #3515, #2801, #615, .T. ) ;
#986 = CARTESIAN_POINT ( 'NONE',  ( 3.504373712600001400, -2.794000000000000500, -1.270000000000000200 ) ) ;
#987 = VECTOR ( 'NONE', #3565, 1000.000000000000200 ) ;
#988 = PRODUCT_DEFINITION_SHAPE ( 'NONE', 'NONE',  #4063 ) ;
#989 = CIRCLE ( 'NONE', #1059, 0.2540000000000000600 ) ;
#990 = DIRECTION ( 'NONE',  ( 0.0000000000000000000, 0.0000000000000000000, 1.000000000000000000 ) ) ;
#991 = AXIS2_PLACEMENT_3D ( 'NONE', #3062, #553, #3026 ) ;
#992 = FACE_OUTER_BOUND ( 'NONE', #2372, .T. ) ;
#993 = DIRECTION ( 'NONE',  ( -0.3420201333319416400, 0.0000000000000000000, -0.9396926244233274600 ) ) ;
#994 = DIRECTION ( 'NONE',  ( 0.3420201333319398100, 0.0000000000000000000, -0.9396926244233281300 ) ) ;
#995 = CARTESIAN_POINT ( 'NONE',  ( 2.074379112600000400, 0.0000000000000000000, -0.4000500000000001800 ) ) ;
#996 =( REPRESENTATION_RELATIONSHIP ('NONE','NONE', #1655, #357 ) REPRESENTATION_RELATIONSHIP_WITH_TRANSFORMATION ( #1476 )SHAPE_REPRESENTATION_RELATIONSHIP( ) );
#997 = EDGE_CURVE ( 'NONE', #1965, #733, #2160, .T. ) ;
#998 = CARTESIAN_POINT ( 'NONE',  ( 4.358614600000001000, 0.0000000000000000000, -0.2547613650000000700 ) ) ;
#999 = DIRECTION ( 'NONE',  ( -0.0000000000000000000, 1.000000000000000000, 0.0000000000000000000 ) ) ;
#1000 = DIRECTION ( 'NONE',  ( 1.000000000000000000, 0.0000000000000000000, 0.0000000000000000000 ) ) ;
#1001 = DIRECTION ( 'NONE',  ( 0.0000000000000000000, 0.0000000000000000000, 1.000000000000000000 ) ) ;
#1002 = ORIENTED_EDGE ( 'NONE', *, *, #301, .T. ) ;
#1003 = ORIENTED_EDGE ( 'NONE', *, *, #1187, .F. ) ;
#1004 = CARTESIAN_POINT ( 'NONE',  ( 4.343399993773977600, -1.140379081044909700E-011, 0.2539999990884406200 ) ) ;
#1005 = CARTESIAN_POINT ( 'NONE',  ( 4.254999795800000800, 0.0000000000000000000, 0.2443651958000000500 ) ) ;
#1006 = CARTESIAN_POINT ( 'NONE',  ( 10.08717145630000400, -2.794000000000000500, -2.339975000000000800 ) ) ;
#1007 = LINE ( 'NONE', #1193, #3560 ) ;
#1008 = DIRECTION ( 'NONE',  ( -1.000000000000000000, -3.970709293116661000E-016, -0.0000000000000000000 ) ) ;
#1009 = EDGE_LOOP ( 'NONE', ( #1123, #1448, #1522 ) ) ;
#1010 = EDGE_CURVE ( 'NONE', #2979, #2844, #3043, .T. ) ;
#1011 = ORIENTED_EDGE ( 'NONE', *, *, #2282, .T. ) ;
#1012 = CARTESIAN_POINT ( 'NONE',  ( 0.9643737126000001500, -0.8940800000000001000, -1.270000000000000200 ) ) ;
#1013 = EDGE_CURVE ( 'NONE', #3078, #3285, #3780, .T. ) ;
#1014 = DIRECTION ( 'NONE',  ( -0.0000000000000000000, 1.000000000000000000, 0.0000000000000000000 ) ) ;
#1015 = DIRECTION ( 'NONE',  ( 0.0000000000000000000, 0.0000000000000000000, 1.000000000000000000 ) ) ;
#1016 = AXIS2_PLACEMENT_3D ( 'NONE', #109, #2359, #3809 ) ;
#1017 = ORIENTED_EDGE ( 'NONE', *, *, #3517, .T. ) ;
#1018 = EDGE_CURVE ( 'NONE', #2989, #2901, #2053, .T. ) ;
#1019 = ORIENTED_EDGE ( 'NONE', *, *, #188, .T. ) ;
#1020 = CIRCLE ( 'NONE', #3953, 0.9499600000000002500 ) ;
#1021 = CARTESIAN_POINT ( 'NONE',  ( 4.614379112600001800, -1.397000000000000200, -0.4000500000000001800 ) ) ;
#1022 = DIRECTION ( 'NONE',  ( 0.0000000000000000000, 0.0000000000000000000, 1.000000000000000000 ) ) ;
#1023 = CARTESIAN_POINT ( 'NONE',  ( 0.9643737126000001500, -2.794000000000000500, -1.270000000000000200 ) ) ;
#1024 = CONICAL_SURFACE ( 'NONE', #1398, 0.5461000000000002500, 0.7853981633974481700 ) ;
#1025 = CARTESIAN_POINT ( 'NONE',  ( 11.12437371260000100, 0.0000000000000000000, 0.0000000000000000000 ) ) ;
#1026 = EDGE_CURVE ( 'NONE', #413, #679, #1327, .T. ) ;
#1027 = ORIENTED_EDGE ( 'NONE', *, *, #35, .F. ) ;
#1028 = VECTOR ( 'NONE', #691, 1000.000000000000000 ) ;
#1029 = AXIS2_PLACEMENT_3D ( 'NONE', #570, #3856, #3387 ) ;
#1030 = LINE ( 'NONE', #3880, #2616 ) ;
#1031 = ORIENTED_EDGE ( 'NONE', *, *, #3639, .F. ) ;
#1032 = CARTESIAN_POINT ( 'NONE',  ( 13.66437371259999800, 0.0000000000000000000, -1.270000000000000200 ) ) ;
#1033 = DIRECTION ( 'NONE',  ( 0.0000000000000000000, 0.0000000000000000000, 1.000000000000000000 ) ) ;
#1034 = ORIENTED_EDGE ( 'NONE', *, *, #811, .F. ) ;
#1035 = DIRECTION ( 'NONE',  ( -1.000000000000000000, 0.0000000000000000000, 0.0000000000000000000 ) ) ;
#1036 = LINE ( 'NONE', #2163, #757 ) ;
#1037 = ORIENTED_EDGE ( 'NONE', *, *, #1561, .T. ) ;
#1038 = CARTESIAN_POINT ( 'NONE',  ( 4.190999989245116600, 0.0000000000000000000, 0.3171261362507001900 ) ) ;
#1039 = CARTESIAN_POINT ( 'NONE',  ( -0.07280314370000001700, -2.794000000000000500, -0.2000250000000000900 ) ) ;
#1040 = CYLINDRICAL_SURFACE ( 'NONE', #2009, 0.9499600000000002500 ) ;
#1041 = CARTESIAN_POINT ( 'NONE',  ( 5.079974599365002100, -2.794000000000000500, -2.540000000000000500 ) ) ;
#1042 = VECTOR ( 'NONE', #3692, 1000.000000000000000 ) ;
#1043 = FILL_AREA_STYLE ('',( #1111 ) ) ;
#1044 = FACE_OUTER_BOUND ( 'NONE', #2233, .T. ) ;
#1045 = AXIS2_PLACEMENT_3D ( 'NONE', #3527, #2076, #2266 ) ;
#1046 = DIRECTION ( 'NONE',  ( -0.0000000000000000000, 1.000000000000000000, 0.0000000000000000000 ) ) ;
#1047 = DIRECTION ( 'NONE',  ( -0.0000000000000000000, 1.000000000000000000, 0.0000000000000000000 ) ) ;
#1048 = FACE_OUTER_BOUND ( 'NONE', #3427, .T. ) ;
#1049 = AXIS2_PLACEMENT_3D ( 'NONE', #1843, #1775, #1754 ) ;
#1050 = CARTESIAN_POINT ( 'NONE',  ( 4.190999998906130000, 0.0000000000000000000, 0.4063999924172853600 ) ) ;
#1051 = CARTESIAN_POINT ( 'NONE',  ( 4.181365195800000700, 0.0000000000000000000, 0.3179997958000001000 ) ) ;
#1052 = CARTESIAN_POINT ( 'NONE',  ( 5.079974600000001700, -1.397000000000000200, 0.0000000000000000000 ) ) ;
#1053 = VERTEX_POINT ( 'NONE', #1532 ) ;
#1054 = CARTESIAN_POINT ( 'NONE',  ( 3.708400000000056100, -0.5461000000000002500, 0.0000000000000000000 ) ) ;
#1055 = UNCERTAINTY_MEASURE_WITH_UNIT (LENGTH_MEASURE( 1.000000000000000100E-005 ), #2166, 'distance_accuracy_value', 'NONE');
#1056 = LINE ( 'NONE', #1474, #3710 ) ;
#1057 = CARTESIAN_POINT ( 'NONE',  ( 0.9643737126000001500, -0.8940800000000002100, -0.5397500000000001700 ) ) ;
#1058 = VERTEX_POINT ( 'NONE', #1380 ) ;
#1059 = AXIS2_PLACEMENT_3D ( 'NONE', #258, #250, #218 ) ;
#1060 = ORIENTED_EDGE ( 'NONE', *, *, #2870, .F. ) ;
#1061 = ORIENTED_EDGE ( 'NONE', *, *, #1989, .F. ) ;
#1062 = DIRECTION ( 'NONE',  ( -1.000000000000000000, -0.0000000000000000000, -0.0000000000000000000 ) ) ;
#1063 = EDGE_CURVE ( 'NONE', #3783, #898, #1120, .T. ) ;
#1064 = CARTESIAN_POINT ( 'NONE',  ( 7.619974600000000800, 0.0000000000000000000, 0.0000000000000000000 ) ) ;
#1065 = ORIENTED_EDGE ( 'NONE', *, *, #3389, .F. ) ;
#1066 = CARTESIAN_POINT ( 'NONE',  ( 13.66437371259999800, -0.8940800000000001000, -1.270000000000000200 ) ) ;
#1067 = CARTESIAN_POINT ( 'NONE',  ( 3.504373712600001400, -0.8940800000000002100, -1.270000000000000200 ) ) ;
#1068 = ORIENTED_EDGE ( 'NONE', *, *, #3369, .F. ) ;
#1069 = PLANE ( 'NONE',  #3816 ) ;
#1070 = LINE ( 'NONE', #2284, #2662 ) ;
#1071 = AXIS2_PLACEMENT_3D ( 'NONE', #2209, #372, #2533 ) ;
#1072 = CARTESIAN_POINT ( 'NONE',  ( 3.708400000000056100, 0.0000000000000000000, 0.0000000000000000000 ) ) ;
#1073 = LINE ( 'NONE', #2883, #974 ) ;
#1074 = EDGE_LOOP ( 'NONE', ( #332, #1604 ) ) ;
#1075 = CARTESIAN_POINT ( 'NONE',  ( 14.77437911514000400, -2.794000000000000500, -2.139950000000000700 ) ) ;
#1076 = EDGE_CURVE ( 'NONE', #3764, #2004, #2829, .T. ) ;
#1077 = ORIENTED_EDGE ( 'NONE', *, *, #1472, .F. ) ;
#1078 = VECTOR ( 'NONE', #1952, 1000.000000000000000 ) ;
#1079 =( LENGTH_UNIT ( ) NAMED_UNIT ( * ) SI_UNIT ( .MILLI., .METRE. ) );
#1080 = ORIENTED_EDGE ( 'NONE', *, *, #2014, .F. ) ;
#1081 = CARTESIAN_POINT ( 'NONE',  ( 6.044373712600002300, -2.794000000000000500, -2.000250000000000300 ) ) ;
#1082 = CARTESIAN_POINT ( 'NONE',  ( 17.31435371260000300, -2.794000000000000500, -0.4000500000000001800 ) ) ;
#1083 = PLANE ( 'NONE',  #3401 ) ;
#1084 = DIRECTION ( 'NONE',  ( 0.0000000000000000000, 0.0000000000000000000, 1.000000000000000000 ) ) ;
#1085 = FACE_OUTER_BOUND ( 'NONE', #3106, .T. ) ;
#1086 = MANIFOLD_SOLID_BREP ( 'Imported1', #1275 ) ;
#1087 = CARTESIAN_POINT ( 'NONE',  ( 7.474368312600003800, -2.794000000000000500, -2.139950000000000700 ) ) ;
#1088 = VECTOR ( 'NONE', #457, 1000.000000000000000 ) ;
#1089 = CIRCLE ( 'NONE', #1598, 0.7302500000000000700 ) ;
#1090 = EDGE_CURVE ( 'NONE', #391, #4021, #2402, .T. ) ;
#1091 = ORIENTED_EDGE ( 'NONE', *, *, #1920, .T. ) ;
#1092 = CARTESIAN_POINT ( 'NONE',  ( 7.112000000000000100, 0.2540000000000000600, 3.110602869834277700E-017 ) ) ;
#1093 = AXIS2_PLACEMENT_3D ( 'NONE', #1032, #1014, #1001 ) ;
#1094 = EDGE_CURVE ( 'NONE', #1162, #1425, #61, .T. ) ;
#1095 = DIRECTION ( 'NONE',  ( 0.0000000000000000000, 1.000000000000000000, 0.0000000000000000000 ) ) ;
#1096 = EDGE_CURVE ( 'NONE', #3836, #1590, #754, .T. ) ;
#1097 = CARTESIAN_POINT ( 'NONE',  ( 4.343399987547954300, 0.2539999999999953400, 3.110602869834277700E-017 ) ) ;
#1098 = EDGE_LOOP ( 'NONE', ( #180, #236, #1652, #2835 ) ) ;
#1099 = ORIENTED_EDGE ( 'NONE', *, *, #3416, .F. ) ;
#1100 = ADVANCED_FACE ( 'NONE', ( #4038 ), #1124, .F. ) ;
#1101 = FACE_OUTER_BOUND ( 'NONE', #1925, .T. ) ;
#1102 = EDGE_LOOP ( 'NONE', ( #1293, #2389, #1962, #908 ) ) ;
#1103 = ORIENTED_EDGE ( 'NONE', *, *, #1497, .F. ) ;
#1104 = PLANE ( 'NONE',  #3762 ) ;
#1105 = ORIENTED_EDGE ( 'NONE', *, *, #929, .F. ) ;
#1106 =( BOUNDED_SURFACE ( )  B_SPLINE_SURFACE ( 3, 3, ( 
 ( #2746, #1935, #2078, #822 ),
 ( #1, #297, #3676, #321 ),
 ( #233, #3397, #481, #961 ),
 ( #362, #416, #904, #1441 ) ),
 .UNSPECIFIED., .F., .F., .F. ) 
 B_SPLINE_SURFACE_WITH_KNOTS ( ( 4, 4 ),
 ( 4, 4 ),
 ( 0.0000000000000000000, 1.000000000000000000 ),
 ( 0.0000000000000000000, 1.000000000000000000 ),
 .UNSPECIFIED. ) 
 GEOMETRIC_REPRESENTATION_ITEM ( )  RATIONAL_B_SPLINE_SURFACE ( (
 ( 1.000000000000000000, 0.3333333333333334300, 0.3333333333333334300, 1.000000000000000000),
 ( 0.8047378541243649400, 0.2682459513747884100, 0.2682459513747884100, 0.8047378541243649400),
 ( 0.8047378541243649400, 0.2682459513747884100, 0.2682459513747884100, 0.8047378541243649400),
 ( 1.000000000000000000, 0.3333333333333334300, 0.3333333333333334300, 1.000000000000000000) ) ) 
 REPRESENTATION_ITEM ( '' )  SURFACE ( )  );
#1107 = CARTESIAN_POINT ( 'NONE',  ( 14.93437371260000100, -2.794000000000000500, -0.4000500000000001800 ) ) ;
#1108 = AXIS2_PLACEMENT_3D ( 'NONE', #1023, #1299, #1312 ) ;
#1109 = ORIENTED_EDGE ( 'NONE', *, *, #2950, .T. ) ;
#1110 = VECTOR ( 'NONE', #2344, 1000.000000000000000 ) ;
#1111 = FILL_AREA_STYLE_COLOUR ( '', #438 ) ;
#1112 = FACE_OUTER_BOUND ( 'NONE', #2722, .T. ) ;
#1113 = VERTEX_POINT ( 'NONE', #74 ) ;
#1114 = LINE ( 'NONE', #897, #1028 ) ;
#1115 = AXIS2_PLACEMENT_3D ( 'NONE', #3820, #2039, #2021 ) ;
#1116 = LINE ( 'NONE', #3273, #335 ) ;
#1117 = DIRECTION ( 'NONE',  ( 0.0000000000000000000, 1.000000000000000000, 0.0000000000000000000 ) ) ;
#1118 = ADVANCED_FACE ( 'NONE', ( #656 ), #3017, .T. ) ;
#1119 = ORIENTED_EDGE ( 'NONE', *, *, #1357, .T. ) ;
#1120 = LINE ( 'NONE', #1477, #337 ) ;
#1121 = DIRECTION ( 'NONE',  ( 0.3420201333319417600, 0.0000000000000000000, 0.9396926244233274600 ) ) ;
#1122 = PLANE ( 'NONE',  #468 ) ;
#1123 = ORIENTED_EDGE ( 'NONE', *, *, #2196, .F. ) ;
#1124 =( BOUNDED_SURFACE ( )  B_SPLINE_SURFACE ( 3, 3, ( 
 ( #3331, #3499, #3230, #998 ),
 ( #1005, #3824, #325, #2910 ),
 ( #1051, #345, #442, #1231 ),
 ( #454, #1298, #70, #2814 ) ),
 .UNSPECIFIED., .F., .F., .F. ) 
 B_SPLINE_SURFACE_WITH_KNOTS ( ( 4, 4 ),
 ( 4, 4 ),
 ( 0.0000000000000000000, 1.000000000000000000 ),
 ( 0.0000000000000000000, 1.000000000000000000 ),
 .UNSPECIFIED. ) 
 GEOMETRIC_REPRESENTATION_ITEM ( )  RATIONAL_B_SPLINE_SURFACE ( (
 ( 1.000000000000000000, 0.3333333333333330400, 0.3333333333333330400, 1.000000000000000000),
 ( 0.7553208711179720800, 0.2517736237059909900, 0.2517736237059909900, 0.7553208711179720800),
 ( 0.7553208711179720800, 0.2517736237059909900, 0.2517736237059909900, 0.7553208711179720800),
 ( 1.000000000000000000, 0.3333333333333330400, 0.3333333333333330400, 1.000000000000000000) ) ) 
 REPRESENTATION_ITEM ( '' )  SURFACE ( )  );
#1125 = VECTOR ( 'NONE', #2904, 1000.000000000000000 ) ;
#1126 = ORIENTED_EDGE ( 'NONE', *, *, #1096, .F. ) ;
#1127 = DIRECTION ( 'NONE',  ( -1.000000000000000000, -0.0000000000000000000, -0.0000000000000000000 ) ) ;
#1128 = CIRCLE ( 'NONE', #1375, 0.8890000000000001200 ) ;
#1129 = ADVANCED_BREP_SHAPE_REPRESENTATION ( '', ( #1086, #3665 ), #228 ) ;
#1130 = VECTOR ( 'NONE', #2336, 1000.000000000000000 ) ;
#1131 = FACE_OUTER_BOUND ( 'NONE', #2034, .T. ) ;
#1132 = DIRECTION ( 'NONE',  ( -0.0000000000000000000, 1.000000000000000000, 0.0000000000000000000 ) ) ;
#1133 = DIRECTION ( 'NONE',  ( 0.0000000000000000000, 0.0000000000000000000, 1.000000000000000000 ) ) ;
#1134 = FACE_BOUND ( 'NONE', #2772, .T. ) ;
#1135 = EDGE_CURVE ( 'NONE', #408, #3276, #3936, .T. ) ;
#1136 = DIRECTION ( 'NONE',  ( -0.0000000000000000000, 1.000000000000000000, 0.0000000000000000000 ) ) ;
#1137 = EDGE_CURVE ( 'NONE', #440, #2510, #3091, .T. ) ;
#1138 = ADVANCED_FACE ( 'NONE', ( #3832 ), #2105, .F. ) ;
#1139 = EDGE_CURVE ( 'NONE', #8, #2695, #2990, .T. ) ;
#1140 = DIRECTION ( 'NONE',  ( 0.3420201333319382000, 0.0000000000000000000, -0.9396926244233286800 ) ) ;
#1141 = EDGE_CURVE ( 'NONE', #1922, #817, #2208, .T. ) ;
#1142 = ITEM_DEFINED_TRANSFORMATION ( 'NONE', 'NONE', #82,  #3665 ) ;
#1143 = CARTESIAN_POINT ( 'NONE',  ( 7.112000000000001000, 0.0000000000000000000, 0.0000000000000000000 ) ) ;
#1144 =( NAMED_UNIT ( * ) SI_UNIT ( $, .STERADIAN. ) SOLID_ANGLE_UNIT ( ) );
#1145 = ORIENTED_EDGE ( 'NONE', *, *, #3590, .F. ) ;
#1146 = CARTESIAN_POINT ( 'NONE',  ( 4.614379112600001800, -2.794000000000000500, -2.139950000000000700 ) ) ;
#1147 = FACE_OUTER_BOUND ( 'NONE', #418, .T. ) ;
#1148 = EDGE_LOOP ( 'NONE', ( #2362, #3042, #2294, #66 ) ) ;
#1149 = EDGE_CURVE ( 'NONE', #1717, #1839, #572, .T. ) ;
#1150 = DIRECTION ( 'NONE',  ( 0.3420201333319400300, -0.0000000000000000000, 0.9396926244233281300 ) ) ;
#1151 = ORIENTED_EDGE ( 'NONE', *, *, #891, .T. ) ;
#1152 = AXIS2_PLACEMENT_3D ( 'NONE', #291, #2055, #2085 ) ;
#1153 = ORIENTED_EDGE ( 'NONE', *, *, #624, .T. ) ;
#1154 = DIRECTION ( 'NONE',  ( 0.0000000000000000000, 1.000000000000000000, 0.0000000000000000000 ) ) ;
#1155 = UNCERTAINTY_MEASURE_WITH_UNIT (LENGTH_MEASURE( 1.000000000000000100E-005 ), #1079, 'distance_accuracy_value', 'NONE');
#1156 = CARTESIAN_POINT ( 'NONE',  ( 4.254999795800000800, 0.0000000000000000000, -0.2443651958000000500 ) ) ;
#1157 = ORIENTED_EDGE ( 'NONE', *, *, #1063, .F. ) ;
#1158 = DIRECTION ( 'NONE',  ( 0.0000000000000000000, 0.0000000000000000000, 1.000000000000000000 ) ) ;
#1159 = ADVANCED_FACE ( 'NONE', ( #3728 ), #379, .F. ) ;
#1160 = DIRECTION ( 'NONE',  ( 0.0000000000000000000, 1.000000000000000000, 0.0000000000000000000 ) ) ;
#1161 =( BOUNDED_CURVE ( )  B_SPLINE_CURVE ( 3, ( #3265, #3277, #3329, #3371 ),
 .UNSPECIFIED., .F., .T. ) 
 B_SPLINE_CURVE_WITH_KNOTS ( ( 4, 4 ),
 ( 0.0000000000000000000, 1.000000000000000000 ),
 .UNSPECIFIED. ) 
 CURVE ( )  GEOMETRIC_REPRESENTATION_ITEM ( )  RATIONAL_B_SPLINE_CURVE ( ( 0.9565783021659168800, 0.3188594340553054800, 0.3188594340553054800, 0.9565783021659168800 ) ) 
 REPRESENTATION_ITEM ( '' )  );
#1162 = VERTEX_POINT ( 'NONE', #3449 ) ;
#1163 = LINE ( 'NONE', #2100, #1997 ) ;
#1164 = LINE ( 'NONE', #3424, #1887 ) ;
#1165 = ORIENTED_EDGE ( 'NONE', *, *, #439, .F. ) ;
#1166 = VECTOR ( 'NONE', #3282, 1000.000000000000000 ) ;
#1167 = ORIENTED_EDGE ( 'NONE', *, *, #359, .T. ) ;
#1168 = DIRECTION ( 'NONE',  ( -1.000000000000000000, -6.097874985857730400E-017, -0.0000000000000000000 ) ) ;
#1169 = FACE_OUTER_BOUND ( 'NONE', #3707, .T. ) ;
#1170 = EDGE_CURVE ( 'NONE', #63, #3176, #2878, .T. ) ;
#1171 = ORIENTED_EDGE ( 'NONE', *, *, #3503, .F. ) ;
#1172 = CARTESIAN_POINT ( 'NONE',  ( 9.694379112600001800, -2.794000000000000500, -2.139950000000000700 ) ) ;
#1173 = CARTESIAN_POINT ( 'NONE',  ( 10.15997460000000200, 5.421010862427522200E-017, -2.540000000000000500 ) ) ;
#1174 = CARTESIAN_POINT ( 'NONE',  ( 1.928772825200000500, -2.794000000000000500, -2.540000000000000500 ) ) ;
#1175 = CIRCLE ( 'NONE', #836, 0.7112000000000001700 ) ;
#1176 = PRODUCT_DEFINITION_CONTEXT ( 'detailed design', #2562, 'design' ) ;
#1177 = ADVANCED_FACE ( 'NONE', ( #2003 ), #3775, .T. ) ;
#1178 = VECTOR ( 'NONE', #880, 1000.000000000000000 ) ;
#1179 = LINE ( 'NONE', #3989, #2791 ) ;
#1180 = AXIS2_PLACEMENT_3D ( 'NONE', #3098, #892, #1133 ) ;
#1181 = DIRECTION ( 'NONE',  ( 6.097874985857730400E-017, -1.000000000000000000, 0.0000000000000000000 ) ) ;
#1182 = MANIFOLD_SOLID_BREP ( 'Imported1', #3271 ) ;
#1183 = ORIENTED_EDGE ( 'NONE', *, *, #937, .F. ) ;
#1184 = DIRECTION ( 'NONE',  ( -0.7071067811865476800, 8.659560562354931600E-017, -0.7071067811865474600 ) ) ;
#1185 = EDGE_LOOP ( 'NONE', ( #2141, #1077, #3976, #637 ) ) ;
#1186 = DIRECTION ( 'NONE',  ( 2.953987882422465200E-016, -1.000000000000000000, 0.0000000000000000000 ) ) ;
#1187 = EDGE_CURVE ( 'NONE', #3360, #3783, #3297, .T. ) ;
#1188 = DIRECTION ( 'NONE',  ( -0.0000000000000000000, -1.000000000000000000, -0.0000000000000000000 ) ) ;
#1189 = CARTESIAN_POINT ( 'NONE',  ( 3.504373712600001400, -2.794000000000000500, -0.5397500000000001700 ) ) ;
#1190 = ORIENTED_EDGE ( 'NONE', *, *, #934, .F. ) ;
#1191 = AXIS2_PLACEMENT_3D ( 'NONE', #649, #2953, #773 ) ;
#1192 = ORIENTED_EDGE ( 'NONE', *, *, #284, .F. ) ;
#1193 = CARTESIAN_POINT ( 'NONE',  ( 0.7620000000000003400, -0.8890000000000001200, 0.0000000000000000000 ) ) ;
#1194 = LINE ( 'NONE', #1751, #2809 ) ;
#1195 = ORIENTED_EDGE ( 'NONE', *, *, #697, .T. ) ;
#1196 = ADVANCED_FACE ( 'NONE', ( #108 ), #167, .F. ) ;
#1197 = ORIENTED_EDGE ( 'NONE', *, *, #1018, .F. ) ;
#1198 = PLANE ( 'NONE',  #394 ) ;
#1199 = UNCERTAINTY_MEASURE_WITH_UNIT (LENGTH_MEASURE( 1.000000000000000100E-005 ), #3143, 'distance_accuracy_value', 'NONE');
#1200 = EDGE_CURVE ( 'NONE', #1923, #1488, #3342, .T. ) ;
#1201 = CARTESIAN_POINT ( 'NONE',  ( 7.260789755157235300, -0.2540000000000001100, -0.5080000000000004500 ) ) ;
#1202 = ORIENTED_EDGE ( 'NONE', *, *, #2200, .F. ) ;
#1203 = DIRECTION ( 'NONE',  ( 0.0000000000000000000, -1.000000000000000000, -0.0000000000000000000 ) ) ;
#1204 = UNCERTAINTY_MEASURE_WITH_UNIT (LENGTH_MEASURE( 1.000000000000000100E-005 ), #1716, 'distance_accuracy_value', 'NONE');
#1205 = ORIENTED_EDGE ( 'NONE', *, *, #3859, .F. ) ;
#1206 = FACE_OUTER_BOUND ( 'NONE', #1767, .T. ) ;
#1207 = DIRECTION ( 'NONE',  ( 1.000000000000000000, 6.097874985857730400E-017, 0.0000000000000000000 ) ) ;
#1208 = VECTOR ( 'NONE', #3552, 1000.000000000000000 ) ;
#1209 = DIRECTION ( 'NONE',  ( -0.7071067811865476800, 0.0000000000000000000, 0.7071067811865474600 ) ) ;
#1210 = ORIENTED_EDGE ( 'NONE', *, *, #968, .T. ) ;
#1211 = EDGE_CURVE ( 'NONE', #1788, #280, #385, .T. ) ;
#1212 = VECTOR ( 'NONE', #465, 1000.000000000000100 ) ;
#1213 = DIRECTION ( 'NONE',  ( 1.000000000000000000, 1.610759430226569700E-016, 0.0000000000000000000 ) ) ;
#1214 = LINE ( 'NONE', #3315, #2827 ) ;
#1215 = VERTEX_POINT ( 'NONE', #3364 ) ;
#1216 = EDGE_CURVE ( 'NONE', #3589, #1533, #14, .T. ) ;
#1217 = VECTOR ( 'NONE', #1513, 1000.000000000000000 ) ;
#1218 = STYLED_ITEM ( 'NONE', ( #3961 ), #1129 ) ;
#1219 = CARTESIAN_POINT ( 'NONE',  ( 1.928772825200000500, 0.0000000000000000000, -2.540000000000000500 ) ) ;
#1220 = EDGE_CURVE ( 'NONE', #161, #341, #792, .T. ) ;
#1221 = ADVANCED_FACE ( 'NONE', ( #706 ), #3135, .F. ) ;
#1222 = CARTESIAN_POINT ( 'NONE',  ( 4.934368312600002000, 0.0000000000000000000, -0.4000500000000001800 ) ) ;
#1223 = EDGE_LOOP ( 'NONE', ( #2069, #1435, #2717, #22 ) ) ;
#1224 =( BOUNDED_CURVE ( )  B_SPLINE_CURVE ( 3, ( #1004, #823, #1038, #1050 ),
 .UNSPECIFIED., .F., .T. ) 
 B_SPLINE_CURVE_WITH_KNOTS ( ( 4, 4 ),
 ( 0.06314145700000306500, 0.9368585430000000400 ),
 .UNSPECIFIED. ) 
 CURVE ( )  GEOMETRIC_REPRESENTATION_ITEM ( )  RATIONAL_B_SPLINE_CURVE ( ( 0.9565783021659910500, 0.7697947703959744400, 0.7697947703959749900, 0.9565783021659932700 ) ) 
 REPRESENTATION_ITEM ( '' )  );
#1225 = DIRECTION ( 'NONE',  ( -0.0000000000000000000, 1.000000000000000000, 0.0000000000000000000 ) ) ;
#1226 = ORIENTED_EDGE ( 'NONE', *, *, #621, .F. ) ;
#1227 =( BOUNDED_CURVE ( )  B_SPLINE_CURVE ( 3, ( #2880, #1860, #2553, #392 ),
 .UNSPECIFIED., .F., .T. ) 
 B_SPLINE_CURVE_WITH_KNOTS ( ( 4, 4 ),
 ( 0.06314145699999944300, 0.9368585429999968200 ),
 .UNSPECIFIED. ) 
 CURVE ( )  GEOMETRIC_REPRESENTATION_ITEM ( )  RATIONAL_B_SPLINE_CURVE ( ( 0.9565783021659936000, 0.7697947703959753300, 0.7697947703959743300, 0.9565783021659909300 ) ) 
 REPRESENTATION_ITEM ( '' )  );
#1228 =( NAMED_UNIT ( * ) SI_UNIT ( $, .STERADIAN. ) SOLID_ANGLE_UNIT ( ) );
#1229 = VECTOR ( 'NONE', #4023, 1000.000000000000000 ) ;
#1230 = EDGE_CURVE ( 'NONE', #2458, #89, #3980, .T. ) ;
#1231 = CARTESIAN_POINT ( 'NONE',  ( 4.181365195800000700, 0.0000000000000000000, -0.3179997958000001000 ) ) ;
#1232 = LINE ( 'NONE', #3327, #1130 ) ;
#1233 = FACE_OUTER_BOUND ( 'NONE', #384, .T. ) ;
#1234 = CARTESIAN_POINT ( 'NONE',  ( 1.549400000000034100, -3.664571430634635000E-017, 0.0000000000000000000 ) ) ;
#1235 =( BOUNDED_SURFACE ( )  B_SPLINE_SURFACE ( 3, 3, ( 
 ( #1258, #2848, #2184, #1534 ),
 ( #915, #334, #3785, #3155 ),
 ( #2477, #1815, #1201, #605 ),
 ( #17, #3446, #2792, #2129 ) ),
 .UNSPECIFIED., .F., .F., .F. ) 
 B_SPLINE_SURFACE_WITH_KNOTS ( ( 4, 4 ),
 ( 4, 4 ),
 ( 0.0000000000000000000, 1.000000000000000000 ),
 ( 0.0000000000000000000, 1.000000000000000000 ),
 .UNSPECIFIED. ) 
 GEOMETRIC_REPRESENTATION_ITEM ( )  RATIONAL_B_SPLINE_SURFACE ( (
 ( 1.000000000000000000, 0.3333333333333334300, 0.3333333333333334300, 1.000000000000000000),
 ( 0.8047378541243649400, 0.2682459513747884100, 0.2682459513747884100, 0.8047378541243649400),
 ( 0.8047378541243649400, 0.2682459513747884100, 0.2682459513747884100, 0.8047378541243649400),
 ( 1.000000000000000000, 0.3333333333333334300, 0.3333333333333334300, 1.000000000000000000) ) ) 
 REPRESENTATION_ITEM ( '' )  SURFACE ( )  );
#1236 = DIRECTION ( 'NONE',  ( 0.3420201333319416400, 0.0000000000000000000, 0.9396926244233274600 ) ) ;
#1237 = VECTOR ( 'NONE', #1987, 1000.000000000000100 ) ;
#1238 = PLANE ( 'NONE',  #1045 ) ;
#1239 = ADVANCED_BREP_SHAPE_REPRESENTATION ( '', ( #1182, #3665 ), #2063 ) ;
#1240 = ORIENTED_EDGE ( 'NONE', *, *, #3594, .T. ) ;
#1241 = CARTESIAN_POINT ( 'NONE',  ( 0.9643737126000001500, -0.8940800000000001000, -0.3200400000000000500 ) ) ;
#1242 = DIRECTION ( 'NONE',  ( 1.000000000000000000, 0.0000000000000000000, 0.0000000000000000000 ) ) ;
#1243 = DIRECTION ( 'NONE',  ( -1.000000000000000000, -0.0000000000000000000, -0.0000000000000000000 ) ) ;
#1244 = ADVANCED_FACE ( 'NONE', ( #2452 ), #3452, .F. ) ;
#1245 = SHAPE_DEFINITION_REPRESENTATION ( #2519, #2780 ) ;
#1246 = VERTEX_POINT ( 'NONE', #360 ) ;
#1247 = CARTESIAN_POINT ( 'NONE',  ( 2.394368312600001000, -1.397000000000000200, -2.139950000000000700 ) ) ;
#1248 = LINE ( 'NONE', #132, #1869 ) ;
#1249 = CARTESIAN_POINT ( 'NONE',  ( 0.0000000000000000000, -4.646580739223592100E-017, 0.0000000000000000000 ) ) ;
#1250 = VERTEX_POINT ( 'NONE', #3607 ) ;
#1251 = VERTEX_POINT ( 'NONE', #319 ) ;
#1252 =( BOUNDED_SURFACE ( )  B_SPLINE_SURFACE ( 3, 3, ( 
 ( #466, #2758, #900, #3189 ),
 ( #1156, #841, #1257, #2272 ),
 ( #3617, #771, #3559, #1376 ),
 ( #2566, #2843, #2083, #1766 ) ),
 .UNSPECIFIED., .F., .F., .F. ) 
 B_SPLINE_SURFACE_WITH_KNOTS ( ( 4, 4 ),
 ( 4, 4 ),
 ( 0.0000000000000000000, 1.000000000000000000 ),
 ( 0.0000000000000000000, 1.000000000000000000 ),
 .UNSPECIFIED. ) 
 GEOMETRIC_REPRESENTATION_ITEM ( )  RATIONAL_B_SPLINE_SURFACE ( (
 ( 1.000000000000000000, 0.3333333333333330400, 0.3333333333333330400, 1.000000000000000000),
 ( 0.7553208711179720800, 0.2517736237059909900, 0.2517736237059909900, 0.7553208711179720800),
 ( 0.7553208711179720800, 0.2517736237059909900, 0.2517736237059909900, 0.7553208711179720800),
 ( 1.000000000000000000, 0.3333333333333330400, 0.3333333333333330400, 1.000000000000000000) ) ) 
 REPRESENTATION_ITEM ( '' )  SURFACE ( )  );
#1253 = CARTESIAN_POINT ( 'NONE',  ( 16.20437371260000200, 0.0000000000000000000, -0.3200400000000000500 ) ) ;
#1254 = DIRECTION ( 'NONE',  ( -1.000000000000000000, 0.0000000000000000000, 0.0000000000000000000 ) ) ;
#1255 = PRODUCT_DEFINITION_SHAPE ( 'NONE', 'NONE',  #4061 ) ;
#1256 = CARTESIAN_POINT ( 'NONE',  ( 8.584373707781800500, 0.0000000000000000000, -1.270000000000005600 ) ) ;
#1257 = CARTESIAN_POINT ( 'NONE',  ( 4.254999795800000800, -0.4887304170000001900, 0.2443651958000000500 ) ) ;
#1258 = CARTESIAN_POINT ( 'NONE',  ( 7.366000000000001400, 0.0000000000000000000, 0.0000000000000000000 ) ) ;
#1259 = VERTEX_POINT ( 'NONE', #370 ) ;
#1260 = VECTOR ( 'NONE', #562, 1000.000000000000100 ) ;
#1261 = UNCERTAINTY_MEASURE_WITH_UNIT (LENGTH_MEASURE( 1.000000000000000100E-005 ), #911, 'distance_accuracy_value', 'NONE');
#1262 =( BOUNDED_CURVE ( )  B_SPLINE_CURVE ( 3, ( #1736, #1729, #1707, #1680 ),
 .UNSPECIFIED., .F., .T. ) 
 B_SPLINE_CURVE_WITH_KNOTS ( ( 4, 4 ),
 ( 0.0000000000000000000, 1.000000000000000000 ),
 .UNSPECIFIED. ) 
 CURVE ( )  GEOMETRIC_REPRESENTATION_ITEM ( )  RATIONAL_B_SPLINE_CURVE ( ( 0.9565783021659168800, 0.3188594340553054800, 0.3188594340553054800, 0.9565783021659168800 ) ) 
 REPRESENTATION_ITEM ( '' )  );
#1263 = DIRECTION ( 'NONE',  ( 0.0000000000000000000, 0.0000000000000000000, -1.000000000000000000 ) ) ;
#1264 = ADVANCED_FACE ( 'NONE', ( #2155 ), #1322, .T. ) ;
#1265 = ORIENTED_EDGE ( 'NONE', *, *, #2503, .F. ) ;
#1266 = AXIS2_PLACEMENT_3D ( 'NONE', #804, #694, #682 ) ;
#1267 = VECTOR ( 'NONE', #3752, 1000.000000000000000 ) ;
#1268 = CARTESIAN_POINT ( 'NONE',  ( 1.776905818799967600, 0.0000000000000000000, 0.0000000000000000000 ) ) ;
#1269 = FACE_BOUND ( 'NONE', #243, .T. ) ;
#1270 = EDGE_LOOP ( 'NONE', ( #314, #2246 ) ) ;
#1271 = COLOUR_RGB ( '',0.8000000000000000400, 0.8039215686274510100, 0.8000000000000000400 ) ;
#1272 =( NAMED_UNIT ( * ) PLANE_ANGLE_UNIT ( ) SI_UNIT ( $, .RADIAN. ) );
#1273 = CARTESIAN_POINT ( 'NONE',  ( 12.08877282520000100, 8.673617379884035500E-016, -2.540000000000000500 ) ) ;
#1274 = AXIS2_PLACEMENT_3D ( 'NONE', #1406, #1418, #1433 ) ;
#1275 = CLOSED_SHELL ( 'NONE', ( #526, #914, #1221, #861, #1769, #1138, #267, #1786, #4051, #2092, #3540, #1580, #673, #1563, #3726, #2176, #3690, #2466, #2889, #3107, #2513, #1747, #3458, #3662, #1177, #1861, #2400, #3149, #235, #3443, #2535, #270, #2488, #1118, #311, #3215, #3423, #1844, #2072, #896, #2555, #3708, #324, #1422, #597, #3834, #1463, #2803, #1538, #977, #1440, #3747, #2823, #3519, #2381, #583, #2153, #2762, #20, #2845, #2194, #2866, #4005, #2426, #1196, #53, #2361, #3048, #3089, #3125, #633, #1290, #3069, #1498, #346, #3857, #2046, #2713, #2111, #3480, #826, #3765, #94, #289, #3814, #3193, #958, #2217, #387, #2237, #3385, #2741, #3409, #1159, #3790, #1244, #650 ) ) ;
#1276 = EDGE_CURVE ( 'NONE', #2537, #1259, #1407, .T. ) ;
#1277 = CONICAL_SURFACE ( 'NONE', #1954, 0.6731000000000002500, 0.2617993860732578700 ) ;
#1278 = ORIENTED_EDGE ( 'NONE', *, *, #2279, .F. ) ;
#1279 = DIRECTION ( 'NONE',  ( -0.3420201333319398100, 0.0000000000000000000, -0.9396926244233281300 ) ) ;
#1280 = AXIS2_PLACEMENT_3D ( 'NONE', #1402, #1998, #2027 ) ;
#1281 = CARTESIAN_POINT ( 'NONE',  ( 9.694379112600003600, 8.673617379884035500E-016, -0.4000500000000001800 ) ) ;
#1282 = CARTESIAN_POINT ( 'NONE',  ( 8.584373712600005000, -2.794000000000000500, -1.270000000000000200 ) ) ;
#1283 = AXIS2_PLACEMENT_3D ( 'NONE', #665, #2869, #955 ) ;
#1284 = UNCERTAINTY_MEASURE_WITH_UNIT (LENGTH_MEASURE( 1.000000000000000100E-005 ), #3208, 'distance_accuracy_value', 'NONE');
#1285 = DIRECTION ( 'NONE',  ( 0.0000000000000000000, 0.0000000000000000000, 1.000000000000000000 ) ) ;
#1286 = VECTOR ( 'NONE', #2191, 1000.000000000000000 ) ;
#1287 = APPLICATION_CONTEXT ( 'automotive_design' ) ;
#1288 = VECTOR ( 'NONE', #1295, 1000.000000000000000 ) ;
#1289 = EDGE_CURVE ( 'NONE', #1251, #341, #611, .T. ) ;
#1290 = ADVANCED_FACE ( 'NONE', ( #2254 ), #3468, .F. ) ;
#1291 = LINE ( 'NONE', #3523, #400 ) ;
#1292 = UNCERTAINTY_MEASURE_WITH_UNIT (LENGTH_MEASURE( 1.000000000000000100E-005 ), #2181, 'distance_accuracy_value', 'NONE');
#1293 = ORIENTED_EDGE ( 'NONE', *, *, #2340, .F. ) ;
#1294 = CARTESIAN_POINT ( 'NONE',  ( 4.614379111330000800, -2.794000000000000500, -0.4000500000000001800 ) ) ;
#1295 = DIRECTION ( 'NONE',  ( -0.0000000000000000000, -1.000000000000000000, -0.0000000000000000000 ) ) ;
#1296 = CARTESIAN_POINT ( 'NONE',  ( 10.01436831260000400, -2.794000000000000500, -0.4000500000000001800 ) ) ;
#1297 = CARTESIAN_POINT ( 'NONE',  ( 0.9643737126000001500, 0.0000000000000000000, -1.270000000000000200 ) ) ;
#1298 = CARTESIAN_POINT ( 'NONE',  ( 4.191761365000001400, 0.8432292254000003400, 0.4216146000000001200 ) ) ;
#1299 = DIRECTION ( 'NONE',  ( -0.0000000000000000000, 1.000000000000000000, 0.0000000000000000000 ) ) ;
#1300 = VERTEX_POINT ( 'NONE', #3876 ) ;
#1301 = CARTESIAN_POINT ( 'NONE',  ( 4.614379112600001800, -2.794000000000000500, -0.4000500000000001800 ) ) ;
#1302 = VERTEX_POINT ( 'NONE', #373 ) ;
#1303 = EDGE_CURVE ( 'NONE', #970, #3274, #2049, .T. ) ;
#1304 = DIRECTION ( 'NONE',  ( -0.0000000000000000000, 1.000000000000000000, 0.0000000000000000000 ) ) ;
#1305 = FACE_OUTER_BOUND ( 'NONE', #3575, .T. ) ;
#1306 = CARTESIAN_POINT ( 'NONE',  ( 3.504373712600001400, -0.8940800000000002100, -2.000250000000000300 ) ) ;
#1307 = ORIENTED_EDGE ( 'NONE', *, *, #1931, .T. ) ;
#1308 = EDGE_CURVE ( 'NONE', #1412, #2754, #2933, .T. ) ;
#1309 = ORIENTED_EDGE ( 'NONE', *, *, #4022, .F. ) ;
#1310 = CARTESIAN_POINT ( 'NONE',  ( 11.12437371260000200, -2.794000000000000500, -1.270000000000000200 ) ) ;
#1311 = DIRECTION ( 'NONE',  ( -0.0000000000000000000, -1.000000000000000000, -0.0000000000000000000 ) ) ;
#1312 = DIRECTION ( 'NONE',  ( 0.0000000000000000000, 0.0000000000000000000, 1.000000000000000000 ) ) ;
#1313 = ORIENTED_EDGE ( 'NONE', *, *, #3396, .T. ) ;
#1314 = EDGE_CURVE ( 'NONE', #3097, #3621, #3774, .T. ) ;
#1315 = DIRECTION ( 'NONE',  ( -0.0000000000000000000, -1.000000000000000000, -0.0000000000000000000 ) ) ;
#1316 = AXIS2_PLACEMENT_3D ( 'NONE', #3077, #678, #513 ) ;
#1317 = ORIENTED_EDGE ( 'NONE', *, *, #1705, .F. ) ;
#1318 = VECTOR ( 'NONE', #3419, 1000.000000000000000 ) ;
#1319 = CARTESIAN_POINT ( 'NONE',  ( 9.548772825200002100, -2.794000000000000500, 0.0000000000000000000 ) ) ;
#1320 = LINE ( 'NONE', #1505, #2930 ) ;
#1321 = ORIENTED_EDGE ( 'NONE', *, *, #1352, .F. ) ;
#1322 = CONICAL_SURFACE ( 'NONE', #443, 0.6731000000000002500, 0.2617993860732578700 ) ;
#1323 = LINE ( 'NONE', #3123, #2050 ) ;
#1324 = AXIS2_PLACEMENT_3D ( 'NONE', #166, #189, #199 ) ;
#1325 = EDGE_LOOP ( 'NONE', ( #1197, #610, #1080, #1151 ) ) ;
#1326 = DIRECTION ( 'NONE',  ( 1.000000000000000000, 0.0000000000000000000, 0.0000000000000000000 ) ) ;
#1327 = LINE ( 'NONE', #1486, #1949 ) ;
#1328 = ORIENTED_EDGE ( 'NONE', *, *, #704, .T. ) ;
#1329 = ORIENTED_EDGE ( 'NONE', *, *, #1842, .F. ) ;
#1330 = DIRECTION ( 'NONE',  ( 0.0000000000000000000, 1.000000000000000000, 0.0000000000000000000 ) ) ;
#1331 = CIRCLE ( 'NONE', #179, 0.7302500000000000700 ) ;
#1332 = LINE ( 'NONE', #3083, #3793 ) ;
#1333 = AXIS2_PLACEMENT_3D ( 'NONE', #3348, #3518, #3335 ) ;
#1334 = VECTOR ( 'NONE', #5, 1000.000000000000100 ) ;
#1335 = DIRECTION ( 'NONE',  ( -1.000000000000000000, -0.0000000000000000000, -0.0000000000000000000 ) ) ;
#1336 = FACE_OUTER_BOUND ( 'NONE', #4039, .T. ) ;
#1337 = VERTEX_POINT ( 'NONE', #3286 ) ;
#1338 = PLANE ( 'NONE',  #1704 ) ;
#1339 = PRODUCT ( '1001_1001-0-00-15-00-00-03-0', '1001_1001-0-00-15-00-00-03-0', '', ( #3854 ) ) ;
#1340 = VERTEX_POINT ( 'NONE', #3631 ) ;
#1341 = DIRECTION ( 'NONE',  ( 0.0000000000000000000, 0.0000000000000000000, 1.000000000000000000 ) ) ;
#1342 = CARTESIAN_POINT ( 'NONE',  ( 0.7620000000000002300, -1.356006307953063700E-042, 0.0000000000000000000 ) ) ;
#1343 = LINE ( 'NONE', #278, #2970 ) ;
#1344 = DIRECTION ( 'NONE',  ( 0.0000000000000000000, 1.000000000000000000, 0.0000000000000000000 ) ) ;
#1345 = ORIENTED_EDGE ( 'NONE', *, *, #1230, .T. ) ;
#1346 = EDGE_CURVE ( 'NONE', #3481, #1410, #3679, .T. ) ;
#1347 = EDGE_CURVE ( 'NONE', #898, #486, #3038, .T. ) ;
#1348 = ORIENTED_EDGE ( 'NONE', *, *, #2760, .F. ) ;
#1349 = DIRECTION ( 'NONE',  ( -0.0000000000000000000, 1.000000000000000000, 0.0000000000000000000 ) ) ;
#1350 = EDGE_CURVE ( 'NONE', #1678, #3011, #432, .T. ) ;
#1351 = CARTESIAN_POINT ( 'NONE',  ( -2.710505431213761100E-017, 9.565103824740404300E-017, -0.7810500000000002400 ) ) ;
#1352 = EDGE_CURVE ( 'NONE', #3350, #1992, #2826, .T. ) ;
#1353 = CARTESIAN_POINT ( 'NONE',  ( 0.2349500000000001000, 6.687796170143697900E-017, -0.5461000000000002500 ) ) ;
#1354 = CARTESIAN_POINT ( 'NONE',  ( 1.776905818799967600, 8.243097605060838000E-017, -0.6731000000000002500 ) ) ;
#1355 = ORIENTED_EDGE ( 'NONE', *, *, #4019, .T. ) ;
#1356 = LINE ( 'NONE', #1904, #3720 ) ;
#1357 = EDGE_CURVE ( 'NONE', #1251, #2458, #1114, .T. ) ;
#1358 = ORIENTED_EDGE ( 'NONE', *, *, #3445, .F. ) ;
#1359 = VECTOR ( 'NONE', #3940, 1000.000000000000000 ) ;
#1360 = CARTESIAN_POINT ( 'NONE',  ( 17.31435371260000300, -2.794000000000000500, -2.139950000000000700 ) ) ;
#1361 = AXIS2_PLACEMENT_3D ( 'NONE', #2971, #2981, #3010 ) ;
#1362 = VECTOR ( 'NONE', #2704, 1000.000000000000000 ) ;
#1363 = ORIENTED_EDGE ( 'NONE', *, *, #3036, .F. ) ;
#1364 = VECTOR ( 'NONE', #1388, 1000.000000000000000 ) ;
#1365 = ORIENTED_EDGE ( 'NONE', *, *, #3903, .F. ) ;
#1366 = DIRECTION ( 'NONE',  ( 0.0000000000000000000, -1.000000000000000000, 0.0000000000000000000 ) ) ;
#1367 = ORIENTED_EDGE ( 'NONE', *, *, #2958, .T. ) ;
#1368 = LINE ( 'NONE', #2457, #483 ) ;
#1369 = DIRECTION ( 'NONE',  ( 0.0000000000000000000, 0.0000000000000000000, 1.000000000000000000 ) ) ;
#1370 = EDGE_LOOP ( 'NONE', ( #829, #3264 ) ) ;
#1371 = VERTEX_POINT ( 'NONE', #701 ) ;
#1372 = CARTESIAN_POINT ( 'NONE',  ( 0.2349500000000001000, 0.0000000000000000000, 0.0000000000000000000 ) ) ;
#1373 = CARTESIAN_POINT ( 'NONE',  ( 0.9643864126000002400, 0.0000000000000000000, -2.540000000000000500 ) ) ;
#1374 = FACE_OUTER_BOUND ( 'NONE', #1939, .T. ) ;
#1375 = AXIS2_PLACEMENT_3D ( 'NONE', #3244, #3224, #3214 ) ;
#1376 = CARTESIAN_POINT ( 'NONE',  ( 4.181365195800000700, 0.0000000000000000000, 0.3179997958000001000 ) ) ;
#1377 = DIRECTION ( 'NONE',  ( 1.000000000000000000, 1.034790906691008600E-015, 0.0000000000000000000 ) ) ;
#1378 = CIRCLE ( 'NONE', #265, 0.9499600000000002500 ) ;
#1379 = FACE_OUTER_BOUND ( 'NONE', #185, .T. ) ;
#1380 = CARTESIAN_POINT ( 'NONE',  ( -0.3056262873999999200, 0.0000000000000000000, -2.139950000000000700 ) ) ;
#1381 = DIRECTION ( 'NONE',  ( 0.0000000000000000000, -1.000000000000000000, 0.0000000000000000000 ) ) ;
#1382 = CARTESIAN_POINT ( 'NONE',  ( 12.69997460000000300, -1.397000000000000200, -2.540000000000000500 ) ) ;
#1383 = EDGE_CURVE ( 'NONE', #2747, #1951, #3482, .T. ) ;
#1384 = DIRECTION ( 'NONE',  ( -0.0000000000000000000, 1.000000000000000000, 0.0000000000000000000 ) ) ;
#1385 = DIRECTION ( 'NONE',  ( 0.0000000000000000000, 1.000000000000000000, 0.0000000000000000000 ) ) ;
#1386 = DIRECTION ( 'NONE',  ( 1.000000000000000000, 0.0000000000000000000, 0.0000000000000000000 ) ) ;
#1387 = ORIENTED_EDGE ( 'NONE', *, *, #3730, .T. ) ;
#1388 = DIRECTION ( 'NONE',  ( -1.000000000000000000, -1.707404996040164600E-015, -0.0000000000000000000 ) ) ;
#1389 = ORIENTED_EDGE ( 'NONE', *, *, #2200, .T. ) ;
#1390 = DIRECTION ( 'NONE',  ( -0.9396926244233274600, 0.0000000000000000000, 0.3420201333319417600 ) ) ;
#1391 = DIRECTION ( 'NONE',  ( 0.0000000000000000000, 0.0000000000000000000, 1.000000000000000000 ) ) ;
#1392 = FACE_BOUND ( 'NONE', #3232, .T. ) ;
#1393 = ORIENTED_EDGE ( 'NONE', *, *, #882, .T. ) ;
#1394 = AXIS2_PLACEMENT_3D ( 'NONE', #1444, #3246, #3380 ) ;
#1395 = EDGE_CURVE ( 'NONE', #1533, #239, #1836, .T. ) ;
#1396 = ORIENTED_EDGE ( 'NONE', *, *, #4016, .T. ) ;
#1397 = DIRECTION ( 'NONE',  ( 0.0000000000000000000, 0.0000000000000000000, -1.000000000000000000 ) ) ;
#1398 = AXIS2_PLACEMENT_3D ( 'NONE', #3570, #4006, #3127 ) ;
#1399 = VERTEX_POINT ( 'NONE', #3492 ) ;
#1400 = CARTESIAN_POINT ( 'NONE',  ( 0.0000000000000000000, 0.0000000000000000000, -2.540000000000000500 ) ) ;
#1401 = VECTOR ( 'NONE', #3412, 1000.000000000000000 ) ;
#1402 = CARTESIAN_POINT ( 'NONE',  ( 5.079974600000001700, -2.794000000000000500, 0.0000000000000000000 ) ) ;
#1403 = CARTESIAN_POINT ( 'NONE',  ( 11.12437371260000200, -2.794000000000000500, -1.270000000000000200 ) ) ;
#1404 = LINE ( 'NONE', #2190, #608 ) ;
#1405 = VERTEX_POINT ( 'NONE', #3725 ) ;
#1406 = CARTESIAN_POINT ( 'NONE',  ( 1.549400000000000600, -6.780031539765312400E-042, 0.0000000000000000000 ) ) ;
#1407 = LINE ( 'NONE', #3890, #3889 ) ;
#1408 = EDGE_CURVE ( 'NONE', #3176, #63, #153, .T. ) ;
#1409 = LINE ( 'NONE', #774, #2158 ) ;
#1410 = VERTEX_POINT ( 'NONE', #3885 ) ;
#1411 = VECTOR ( 'NONE', #3984, 1000.000000000000200 ) ;
#1412 = VERTEX_POINT ( 'NONE', #3944 ) ;
#1413 = CARTESIAN_POINT ( 'NONE',  ( 4.191000000000054900, 5.609612745513178400E-029, 0.0000000000000000000 ) ) ;
#1414 = CARTESIAN_POINT ( 'NONE',  ( 17.47437371260000600, -1.397000000000000200, -0.4000500000000001800 ) ) ;
#1415 = CARTESIAN_POINT ( 'NONE',  ( 12.23437911260000500, 8.673617379884035500E-016, -0.4000500000000001800 ) ) ;
#1416 = VERTEX_POINT ( 'NONE', #4026 ) ;
#1417 = LINE ( 'NONE', #1994, #3902 ) ;
#1418 = DIRECTION ( 'NONE',  ( 1.000000000000000000, 1.524468746464432000E-016, 0.0000000000000000000 ) ) ;
#1419 = EDGE_CURVE ( 'NONE', #3531, #1812, #1644, .T. ) ;
#1420 = CIRCLE ( 'NONE', #2026, 0.7302500000000000700 ) ;
#1421 = LINE ( 'NONE', #112, #2070 ) ;
#1422 = ADVANCED_FACE ( 'NONE', ( #3391, #1745 ), #3526, .F. ) ;
#1423 = EDGE_CURVE ( 'NONE', #3476, #863, #920, .T. ) ;
#1424 = PRESENTATION_LAYER_ASSIGNMENT (  '', '', ( #1218 ) ) ;
#1425 = VERTEX_POINT ( 'NONE', #1253 ) ;
#1426 = EDGE_CURVE ( 'NONE', #594, #1425, #2395, .T. ) ;
#1427 = CIRCLE ( 'NONE', #714, 0.7302500000000000700 ) ;
#1428 = EDGE_LOOP ( 'NONE', ( #737, #3506, #3649 ) ) ;
#1429 = CARTESIAN_POINT ( 'NONE',  ( 16.20437371260000200, 0.0000000000000000000, -1.270000000000000200 ) ) ;
#1430 = PLANE ( 'NONE',  #2853 ) ;
#1431 = EDGE_CURVE ( 'NONE', #2925, #2089, #3293, .T. ) ;
#1432 = DIRECTION ( 'NONE',  ( 0.0000000000000000000, 0.0000000000000000000, 1.000000000000000000 ) ) ;
#1433 = DIRECTION ( 'NONE',  ( 0.0000000000000000000, -1.000000000000000000, 0.0000000000000000000 ) ) ;
#1434 = AXIS2_PLACEMENT_3D ( 'NONE', #205, #749, #3782 ) ;
#1435 = ORIENTED_EDGE ( 'NONE', *, *, #77, .F. ) ;
#1436 = LINE ( 'NONE', #1656, #462 ) ;
#1437 = ORIENTED_EDGE ( 'NONE', *, *, #3663, .F. ) ;
#1438 = EDGE_LOOP ( 'NONE', ( #257, #463, #1878, #3205 ) ) ;
#1439 = DIRECTION ( 'NONE',  ( 0.0000000000000000000, 0.0000000000000000000, 1.000000000000000000 ) ) ;
#1440 = ADVANCED_FACE ( 'NONE', ( #750 ), #1083, .F. ) ;
#1441 = CARTESIAN_POINT ( 'NONE',  ( 7.112000000000001000, 0.2540000000000002300, 6.221205739668559000E-017 ) ) ;
#1442 = ORIENTED_EDGE ( 'NONE', *, *, #1135, .F. ) ;
#1443 = DIRECTION ( 'NONE',  ( 0.3420201333319364300, 0.0000000000000000000, 0.9396926244233293500 ) ) ;
#1444 = CARTESIAN_POINT ( 'NONE',  ( 2.394368312600001000, -2.794000000000000500, -0.4000500000000001800 ) ) ;
#1445 = CARTESIAN_POINT ( 'NONE',  ( 2.543014192599999800, -0.8940800000000001000, -0.3086404800000000500 ) ) ;
#1446 = ORIENTED_EDGE ( 'NONE', *, *, #624, .F. ) ;
#1447 = FACE_OUTER_BOUND ( 'NONE', #2887, .T. ) ;
#1448 = ORIENTED_EDGE ( 'NONE', *, *, #2286, .T. ) ;
#1449 = VECTOR ( 'NONE', #1035, 1000.000000000000000 ) ;
#1450 = CARTESIAN_POINT ( 'NONE',  ( 4.468772823930002000, -2.794000000000000500, -2.540000000000000500 ) ) ;
#1451 = DIRECTION ( 'NONE',  ( 4.928923856493303300E-014, 0.0000000000000000000, 1.000000000000000000 ) ) ;
#1452 = LINE ( 'NONE', #2850, #654 ) ;
#1453 = EDGE_CURVE ( 'NONE', #521, #2560, #3577, .T. ) ;
#1454 = DIRECTION ( 'NONE',  ( -0.3420201333319416400, 0.0000000000000000000, 0.9396926244233274600 ) ) ;
#1455 = ORIENTED_EDGE ( 'NONE', *, *, #1426, .F. ) ;
#1456 = VECTOR ( 'NONE', #1315, 1000.000000000000000 ) ;
#1457 = CARTESIAN_POINT ( 'NONE',  ( 4.468772825200001200, -2.794000000000000500, -2.540000000000000500 ) ) ;
#1458 = DIRECTION ( 'NONE',  ( 1.000000000000000000, -0.0000000000000000000, -0.0000000000000000000 ) ) ;
#1459 = ORIENTED_EDGE ( 'NONE', *, *, #1200, .F. ) ;
#1460 = CIRCLE ( 'NONE', #2386, 0.7302500000000000700 ) ;
#1461 = DIRECTION ( 'NONE',  ( -0.3420201333319470300, 0.0000000000000000000, 0.9396926244233255700 ) ) ;
#1462 = VERTEX_POINT ( 'NONE', #661 ) ;
#1463 = ADVANCED_FACE ( 'NONE', ( #2304, #3185 ), #1069, .F. ) ;
#1464 = ORIENTED_EDGE ( 'NONE', *, *, #3222, .F. ) ;
#1465 = DIRECTION ( 'NONE',  ( -0.0000000000000000000, 1.000000000000000000, 0.0000000000000000000 ) ) ;
#1466 = VECTOR ( 'NONE', #126, 1000.000000000000200 ) ;
#1467 = CYLINDRICAL_SURFACE ( 'NONE', #456, 0.5461000000000002500 ) ;
#1468 = LINE ( 'NONE', #1806, #671 ) ;
#1469 = LINE ( 'NONE', #2338, #3853 ) ;
#1470 = CARTESIAN_POINT ( 'NONE',  ( 1.776905818799967600, 0.0000000000000000000, 0.0000000000000000000 ) ) ;
#1471 = AXIS2_PLACEMENT_3D ( 'NONE', #472, #767, #785 ) ;
#1472 = EDGE_CURVE ( 'NONE', #2405, #510, #652, .T. ) ;
#1473 = DIRECTION ( 'NONE',  ( -0.0000000000000000000, 1.000000000000000000, 0.0000000000000000000 ) ) ;
#1474 = CARTESIAN_POINT ( 'NONE',  ( 3.708400000000001500, -0.5461000000000002500, 0.0000000000000000000 ) ) ;
#1475 =( GEOMETRIC_REPRESENTATION_CONTEXT ( 3 ) GLOBAL_UNCERTAINTY_ASSIGNED_CONTEXT ( ( #1284 ) ) GLOBAL_UNIT_ASSIGNED_CONTEXT ( ( #3208, #1272, #3516 ) ) REPRESENTATION_CONTEXT ( 'NONE', 'WORKASPACE' ) );
#1476 = ITEM_DEFINED_TRANSFORMATION ( 'NONE', 'NONE', #1283,  #3665 ) ;
#1477 = CARTESIAN_POINT ( 'NONE',  ( 4.541575968900001000, -2.794000000000000500, -0.2000250000000000900 ) ) ;
#1478 = ADVANCED_FACE ( 'NONE', ( #2204 ), #2984, .F. ) ;
#1479 = ORIENTED_EDGE ( 'NONE', *, *, #3804, .T. ) ;
#1480 = COLOUR_RGB ( '',0.4941176470588235500, 0.4941176470588235500, 0.4941176470588235500 ) ;
#1481 = ORIENTED_EDGE ( 'NONE', *, *, #1096, .T. ) ;
#1482 = EDGE_CURVE ( 'NONE', #1912, #377, #568, .T. ) ;
#1483 = ORIENTED_EDGE ( 'NONE', *, *, #3717, .F. ) ;
#1484 = PLANE ( 'NONE',  #80 ) ;
#1485 = ORIENTED_EDGE ( 'NONE', *, *, #3542, .T. ) ;
#1486 = CARTESIAN_POINT ( 'NONE',  ( 0.2349500000000001000, 0.0000000000000000000, 0.5461000000000002500 ) ) ;
#1487 = CARTESIAN_POINT ( 'NONE',  ( 13.66437371259999800, 0.0000000000000000000, -1.270000000000000200 ) ) ;
#1488 = VERTEX_POINT ( 'NONE', #281 ) ;
#1489 = DIRECTION ( 'NONE',  ( 0.3420201333319472500, 0.0000000000000000000, 0.9396926244233254600 ) ) ;
#1490 = CARTESIAN_POINT ( 'NONE',  ( 3.708400000000056100, 0.5461000000000002500, 6.687796170143706600E-017 ) ) ;
#1491 = CARTESIAN_POINT ( 'NONE',  ( 4.468772825200001200, -1.397000000000000200, -2.540000000000000500 ) ) ;
#1492 = ORIENTED_EDGE ( 'NONE', *, *, #788, .F. ) ;
#1493 = LINE ( 'NONE', #3270, #3130 ) ;
#1494 = EDGE_CURVE ( 'NONE', #3609, #1250, #4033, .T. ) ;
#1495 = AXIS2_PLACEMENT_3D ( 'NONE', #1980, #1537, #1552 ) ;
#1496 = VECTOR ( 'NONE', #2140, 1000.000000000000000 ) ;
#1497 = EDGE_CURVE ( 'NONE', #3322, #1923, #3086, .T. ) ;
#1498 = ADVANCED_FACE ( 'NONE', ( #475 ), #3998, .T. ) ;
#1499 = DIRECTION ( 'NONE',  ( 1.000000000000000000, 0.0000000000000000000, 0.0000000000000000000 ) ) ;
#1500 = ORIENTED_EDGE ( 'NONE', *, *, #3312, .T. ) ;
#1501 = VECTOR ( 'NONE', #3595, 999.9999999999998900 ) ;
#1502 = LINE ( 'NONE', #2603, #709 ) ;
#1503 = VECTOR ( 'NONE', #1837, 1000.000000000000000 ) ;
#1504 = EDGE_CURVE ( 'NONE', #3661, #606, #3826, .T. ) ;
#1505 = CARTESIAN_POINT ( 'NONE',  ( 8.584373712600003300, -2.794000000000000500, 0.0000000000000000000 ) ) ;
#1506 = ORIENTED_EDGE ( 'NONE', *, *, #1170, .F. ) ;
#1507 = CARTESIAN_POINT ( 'NONE',  ( 9.548772825200000400, -1.397000000000000200, 0.0000000000000000000 ) ) ;
#1508 = AXIS2_PLACEMENT_3D ( 'NONE', #1268, #116, #2966 ) ;
#1509 = CARTESIAN_POINT ( 'NONE',  ( 4.934368311965002400, -2.794000000000000500, -2.139950000000000700 ) ) ;
#1510 = ORIENTED_EDGE ( 'NONE', *, *, #3085, .F. ) ;
#1511 = VECTOR ( 'NONE', #2769, 1000.000000000000000 ) ;
#1512 = CARTESIAN_POINT ( 'NONE',  ( 8.584373712600001500, 0.0000000000000000000, -2.540000000000000500 ) ) ;
#1513 = DIRECTION ( 'NONE',  ( 1.000000000000000000, -0.0000000000000000000, -0.0000000000000000000 ) ) ;
#1514 = CIRCLE ( 'NONE', #1180, 0.7302500000000000700 ) ;
#1515 = VECTOR ( 'NONE', #2824, 1000.000000000000000 ) ;
#1516 = AXIS2_PLACEMENT_3D ( 'NONE', #213, #264, #436 ) ;
#1517 = DIRECTION ( 'NONE',  ( -1.000000000000000000, -3.970709293116661000E-016, -0.0000000000000000000 ) ) ;
#1518 = FILL_AREA_STYLE_COLOUR ( '', #1480 ) ;
#1519 = CARTESIAN_POINT ( 'NONE',  ( 4.614379112600001800, -1.397000000000000200, -2.139950000000000700 ) ) ;
#1520 = ADVANCED_FACE ( 'NONE', ( #2873 ), #2768, .F. ) ;
#1521 = PLANE ( 'NONE',  #125 ) ;
#1522 = ORIENTED_EDGE ( 'NONE', *, *, #3897, .T. ) ;
#1523 = CARTESIAN_POINT ( 'NONE',  ( 14.70157596890000400, -2.794000000000000500, -2.339975000000000800 ) ) ;
#1524 = CARTESIAN_POINT ( 'NONE',  ( 7.154379111965003100, -2.794000000000000500, -0.4000500000000001300 ) ) ;
#1525 = CARTESIAN_POINT ( 'NONE',  ( 6.044373712600002300, -2.794000000000000500, -0.5397500000000001700 ) ) ;
#1526 = AXIS2_PLACEMENT_3D ( 'NONE', #2236, #2264, #2270 ) ;
#1527 = VERTEX_POINT ( 'NONE', #1075 ) ;
#1528 = CARTESIAN_POINT ( 'NONE',  ( 0.2349500000000001000, 8.126449997442052300E-017, -0.5461000000000002500 ) ) ;
#1529 = FILL_AREA_STYLE_COLOUR ( '', #222 ) ;
#1530 = LINE ( 'NONE', #433, #2486 ) ;
#1531 = EDGE_LOOP ( 'NONE', ( #2499, #1630, #1914, #1105 ) ) ;
#1532 = CARTESIAN_POINT ( 'NONE',  ( 16.20437371260000200, -2.794000000000000500, -0.5397500000000001700 ) ) ;
#1533 = VERTEX_POINT ( 'NONE', #1995 ) ;
#1534 = CARTESIAN_POINT ( 'NONE',  ( 7.366000000000001400, 0.0000000000000000000, 0.0000000000000000000 ) ) ;
#1535 = DIRECTION ( 'NONE',  ( 0.3420201333319417600, 0.0000000000000000000, 0.9396926244233274600 ) ) ;
#1536 = ORIENTED_EDGE ( 'NONE', *, *, #3639, .T. ) ;
#1537 = DIRECTION ( 'NONE',  ( -0.0000000000000000000, 1.000000000000000000, 0.0000000000000000000 ) ) ;
#1538 = ADVANCED_FACE ( 'NONE', ( #3723 ), #926, .F. ) ;
#1539 = DIRECTION ( 'NONE',  ( 0.0000000000000000000, 0.0000000000000000000, 1.000000000000000000 ) ) ;
#1540 = ORIENTED_EDGE ( 'NONE', *, *, #2201, .F. ) ;
#1541 = LINE ( 'NONE', #3731, #240 ) ;
#1542 = DIRECTION ( 'NONE',  ( 0.0000000000000000000, 0.0000000000000000000, 1.000000000000000000 ) ) ;
#1543 = ORIENTED_EDGE ( 'NONE', *, *, #3006, .T. ) ;
#1544 = EDGE_CURVE ( 'NONE', #2020, #3194, #1163, .T. ) ;
#1545 = EDGE_CURVE ( 'NONE', #1259, #2801, #3625, .T. ) ;
#1546 = VECTOR ( 'NONE', #1225, 1000.000000000000000 ) ;
#1547 = LINE ( 'NONE', #2879, #1362 ) ;
#1548 = ORIENTED_EDGE ( 'NONE', *, *, #1346, .F. ) ;
#1549 = EDGE_CURVE ( 'NONE', #916, #655, #378, .T. ) ;
#1550 = VECTOR ( 'NONE', #1140, 1000.000000000000200 ) ;
#1551 = DIRECTION ( 'NONE',  ( 0.3420201333319382600, 0.0000000000000000000, -0.9396926244233287900 ) ) ;
#1552 = DIRECTION ( 'NONE',  ( 0.0000000000000000000, 0.0000000000000000000, 1.000000000000000000 ) ) ;
#1553 = EDGE_CURVE ( 'NONE', #3184, #1725, #1070, .T. ) ;
#1554 = ORIENTED_EDGE ( 'NONE', *, *, #1187, .T. ) ;
#1555 = CARTESIAN_POINT ( 'NONE',  ( 2.234373712600000500, 0.0000000000000000000, -0.4000500000000001800 ) ) ;
#1556 = CIRCLE ( 'NONE', #1526, 0.2539999981768812400 ) ;
#1557 = DIRECTION ( 'NONE',  ( -0.9396926244233294600, 0.0000000000000000000, -0.3420201333319362600 ) ) ;
#1558 = EDGE_LOOP ( 'NONE', ( #2932, #206, #1816, #3778 ) ) ;
#1559 = DIRECTION ( 'NONE',  ( 0.0000000000000000000, -1.000000000000000000, 0.0000000000000000000 ) ) ;
#1560 = CIRCLE ( 'NONE', #2439, 0.7302500000000000700 ) ;
#1561 = EDGE_CURVE ( 'NONE', #3521, #86, #2102, .T. ) ;
#1562 = CARTESIAN_POINT ( 'NONE',  ( 7.547171456300001000, -2.794000000000000500, -2.339975000000000800 ) ) ;
#1563 = ADVANCED_FACE ( 'NONE', ( #1789 ), #2557, .F. ) ;
#1564 = VECTOR ( 'NONE', #3150, 1000.000000000000100 ) ;
#1565 = CARTESIAN_POINT ( 'NONE',  ( 7.366000000000001400, 2.540000000000008200E-009, -5.209627084289430800E-019 ) ) ;
#1566 = LINE ( 'NONE', #3291, #669 ) ;
#1567 = AXIS2_PLACEMENT_3D ( 'NONE', #3065, #3073, #3109 ) ;
#1568 = CARTESIAN_POINT ( 'NONE',  ( 0.0000000000000000000, -0.8996680000000000200, 0.8996680000000000200 ) ) ;
#1569 = DIRECTION ( 'NONE',  ( -1.000000000000000000, -6.097874985857730400E-017, -0.0000000000000000000 ) ) ;
#1570 = DIRECTION ( 'NONE',  ( -0.0000000000000000000, 1.000000000000000000, 0.0000000000000000000 ) ) ;
#1571 = LINE ( 'NONE', #3341, #4053 ) ;
#1572 = CARTESIAN_POINT ( 'NONE',  ( 8.584373712600003300, 0.0000000000000000000, -0.4000500000000001800 ) ) ;
#1573 = ORIENTED_EDGE ( 'NONE', *, *, #788, .T. ) ;
#1574 = EDGE_CURVE ( 'NONE', #3515, #4014, #3432, .T. ) ;
#1575 = CONTEXT_DEPENDENT_SHAPE_REPRESENTATION ( #410, #503 ) ;
#1576 = AXIS2_PLACEMENT_3D ( 'NONE', #3928, #3833, #3818 ) ;
#1577 = CARTESIAN_POINT ( 'NONE',  ( 7.474368312600002900, 2.602085213965210600E-015, -2.139950000000000700 ) ) ;
#1578 = DIRECTION ( 'NONE',  ( 0.3420201333319382000, 0.0000000000000000000, -0.9396926244233286800 ) ) ;
#1579 = ORIENTED_EDGE ( 'NONE', *, *, #2043, .T. ) ;
#1580 = ADVANCED_FACE ( 'NONE', ( #195 ), #3336, .F. ) ;
#1581 = DIRECTION ( 'NONE',  ( 0.3420201333319400300, 0.0000000000000000000, -0.9396926244233281300 ) ) ;
#1582 = ORIENTED_EDGE ( 'NONE', *, *, #3517, .F. ) ;
#1583 = CARTESIAN_POINT ( 'NONE',  ( 13.66437371259999800, -0.8940800000000001000, -1.270000000000000200 ) ) ;
#1584 = PLANE ( 'NONE',  #1732 ) ;
#1585 = EDGE_LOOP ( 'NONE', ( #760, #507, #3873, #912 ) ) ;
#1586 = EDGE_CURVE ( 'NONE', #2939, #285, #101, .T. ) ;
#1587 = APPLICATION_PROTOCOL_DEFINITION ( 'draft international standard', 'automotive_design', 1998, #2221 ) ;
#1588 = DIRECTION ( 'NONE',  ( 0.0000000000000000000, -1.000000000000000000, -0.0000000000000000000 ) ) ;
#1589 = ORIENTED_EDGE ( 'NONE', *, *, #2210, .T. ) ;
#1590 = VERTEX_POINT ( 'NONE', #2805 ) ;
#1591 = AXIS2_PLACEMENT_3D ( 'NONE', #25, #3070, #3136 ) ;
#1592 = LINE ( 'NONE', #2895, #9 ) ;
#1593 = DIRECTION ( 'NONE',  ( 0.0000000000000000000, 0.0000000000000000000, 1.000000000000000000 ) ) ;
#1594 = VECTOR ( 'NONE', #719, 1000.000000000000000 ) ;
#1595 = ORIENTED_EDGE ( 'NONE', *, *, #1626, .T. ) ;
#1596 = VECTOR ( 'NONE', #3797, 1000.000000000000000 ) ;
#1597 = CARTESIAN_POINT ( 'NONE',  ( 3.504373712600001400, 0.0000000000000000000, -1.270000000000000200 ) ) ;
#1598 = AXIS2_PLACEMENT_3D ( 'NONE', #3835, #1570, #3512 ) ;
#1599 = VECTOR ( 'NONE', #835, 1000.000000000000000 ) ;
#1600 = EDGE_CURVE ( 'NONE', #1053, #2494, #1688, .T. ) ;
#1601 = CYLINDRICAL_SURFACE ( 'NONE', #644, 0.9499600000000002500 ) ;
#1602 = DIRECTION ( 'NONE',  ( -0.0000000000000000000, 1.000000000000000000, 0.0000000000000000000 ) ) ;
#1603 = CARTESIAN_POINT ( 'NONE',  ( 7.008772825200000300, 4.336808689942017700E-016, -2.540000000000000500 ) ) ;
#1604 = ORIENTED_EDGE ( 'NONE', *, *, #3099, .F. ) ;
#1605 = DIRECTION ( 'NONE',  ( 0.9396926244233287900, -0.0000000000000000000, 0.3420201333319382600 ) ) ;
#1606 = AXIS2_PLACEMENT_3D ( 'NONE', #1583, #2628, #3247 ) ;
#1607 = VERTEX_POINT ( 'NONE', #2833 ) ;
#1608 = DIRECTION ( 'NONE',  ( 1.000000000000000000, 0.0000000000000000000, 0.0000000000000000000 ) ) ;
#1609 = CARTESIAN_POINT ( 'NONE',  ( 10.01436831260000400, -2.794000000000000500, -2.139950000000000700 ) ) ;
#1610 = CARTESIAN_POINT ( 'NONE',  ( 0.9643737126000001500, -0.8940800000000002100, -1.270000000000000200 ) ) ;
#1611 = VECTOR ( 'NONE', #2483, 1000.000000000000000 ) ;
#1612 = PLANE ( 'NONE',  #3698 ) ;
#1613 = FACE_BOUND ( 'NONE', #363, .T. ) ;
#1614 = EDGE_CURVE ( 'NONE', #3691, #2016, #873, .T. ) ;
#1615 = LINE ( 'NONE', #2467, #3997 ) ;
#1616 = ORIENTED_EDGE ( 'NONE', *, *, #3859, .T. ) ;
#1617 = DIRECTION ( 'NONE',  ( 1.000000000000000000, 0.0000000000000000000, 0.0000000000000000000 ) ) ;
#1618 = DIRECTION ( 'NONE',  ( 1.000000000000000000, -0.0000000000000000000, -0.0000000000000000000 ) ) ;
#1619 = CARTESIAN_POINT ( 'NONE',  ( 7.474368312600002900, -1.397000000000000200, -0.4000500000000001800 ) ) ;
#1620 = ORIENTED_EDGE ( 'NONE', *, *, #3875, .T. ) ;
#1621 = CARTESIAN_POINT ( 'NONE',  ( 8.584373712600003300, -2.794000000000000500, -2.540000000000000500 ) ) ;
#1622 = DIRECTION ( 'NONE',  ( 0.9396926244233294600, 0.0000000000000000000, -0.3420201333319362600 ) ) ;
#1623 = EDGE_CURVE ( 'NONE', #2029, #2458, #1592, .T. ) ;
#1624 = ORIENTED_EDGE ( 'NONE', *, *, #3152, .F. ) ;
#1625 = EDGE_LOOP ( 'NONE', ( #1616, #2943, #248, #1348 ) ) ;
#1626 = EDGE_CURVE ( 'NONE', #2337, #3285, #789, .T. ) ;
#1627 = ORIENTED_EDGE ( 'NONE', *, *, #2637, .F. ) ;
#1628 = CYLINDRICAL_SURFACE ( 'NONE', #2356, 0.9499600000000002500 ) ;
#1629 = MECHANICAL_DESIGN_GEOMETRIC_PRESENTATION_REPRESENTATION (  '', ( #1218 ), #1832 ) ;
#1630 = ORIENTED_EDGE ( 'NONE', *, *, #3389, .T. ) ;
#1631 = EDGE_CURVE ( 'NONE', #161, #1488, #2448, .T. ) ;
#1632 = CARTESIAN_POINT ( 'NONE',  ( 0.9643737126000002700, -2.794000000000000500, -2.000250000000000300 ) ) ;
#1633 = EDGE_LOOP ( 'NONE', ( #1002, #2794, #2165, #336 ) ) ;
#1634 = CARTESIAN_POINT ( 'NONE',  ( -0.3056262874000000900, -2.794000000000000500, -2.139950000000000700 ) ) ;
#1635 = CARTESIAN_POINT ( 'NONE',  ( 12.69997460127000200, -2.794000000000000500, 6.776263578034402700E-018 ) ) ;
#1636 = ORIENTED_EDGE ( 'NONE', *, *, #677, .F. ) ;
#1637 = DIRECTION ( 'NONE',  ( -0.3420201333319362600, 0.0000000000000000000, -0.9396926244233294600 ) ) ;
#1638 = EDGE_CURVE ( 'NONE', #3080, #1755, #1493, .T. ) ;
#1639 = AXIS2_PLACEMENT_3D ( 'NONE', #3096, #529, #200 ) ;
#1640 = ORIENTED_EDGE ( 'NONE', *, *, #3163, .T. ) ;
#1641 = LINE ( 'NONE', #2536, #3181 ) ;
#1642 = ORIENTED_EDGE ( 'NONE', *, *, #1423, .F. ) ;
#1643 = CARTESIAN_POINT ( 'NONE',  ( 2.074379112600000400, -1.397000000000000200, -2.139950000000000700 ) ) ;
#1644 = LINE ( 'NONE', #178, #834 ) ;
#1645 = VECTOR ( 'NONE', #3770, 1000.000000000000000 ) ;
#1646 = EDGE_LOOP ( 'NONE', ( #2551, #2639, #1624, #3236 ) ) ;
#1647 = CARTESIAN_POINT ( 'NONE',  ( 15.09436831450500100, -2.794000000000000500, -2.139950000000000700 ) ) ;
#1648 = PLANE ( 'NONE',  #49 ) ;
#1649 = VERTEX_POINT ( 'NONE', #3392 ) ;
#1650 = CIRCLE ( 'NONE', #326, 0.9499600000000002500 ) ;
#1651 = DIRECTION ( 'NONE',  ( 3.414809992080327900E-015, -1.000000000000000000, 0.0000000000000000000 ) ) ;
#1652 = ORIENTED_EDGE ( 'NONE', *, *, #3802, .T. ) ;
#1653 = AXIS2_PLACEMENT_3D ( 'NONE', #3763, #1569, #3668 ) ;
#1654 = ORIENTED_EDGE ( 'NONE', *, *, #4030, .T. ) ;
#1655 = SHAPE_REPRESENTATION ( '310-43-107-41-001000', ( #1894, #3388, #82, #279, #484, #676, #867, #1071, #1283 ), #1475 ) ;
#1656 = CARTESIAN_POINT ( 'NONE',  ( 12.69997460000000300, 0.0000000000000000000, 0.0000000000000000000 ) ) ;
#1657 = FACE_OUTER_BOUND ( 'NONE', #2287, .T. ) ;
#1658 = CARTESIAN_POINT ( 'NONE',  ( 3.937000000000001200, -0.6731000000000017000, 0.0000000000000000000 ) ) ;
#1659 = CARTESIAN_POINT ( 'NONE',  ( 6.044373712600002300, -2.794000000000000500, -1.270000000000000200 ) ) ;
#1660 = LINE ( 'NONE', #3057, #3306 ) ;
#1661 = ORIENTED_EDGE ( 'NONE', *, *, #2075, .F. ) ;
#1662 = AXIS2_PLACEMENT_3D ( 'NONE', #1674, #1158, #1326 ) ;
#1663 = LINE ( 'NONE', #2949, #3407 ) ;
#1664 = EDGE_CURVE ( 'NONE', #3194, #285, #3977, .T. ) ;
#1665 = PLANE ( 'NONE',  #2095 ) ;
#1666 = CIRCLE ( 'NONE', #3638, 0.6731000000000002500 ) ;
#1667 = DIRECTION ( 'NONE',  ( -1.000000000000000000, -0.0000000000000000000, -0.0000000000000000000 ) ) ;
#1668 = CARTESIAN_POINT ( 'NONE',  ( 7.474368312600002900, -2.794000000000000500, -2.139950000000000700 ) ) ;
#1669 = DIRECTION ( 'NONE',  ( 0.0000000000000000000, -1.000000000000000000, -0.0000000000000000000 ) ) ;
#1670 = ORIENTED_EDGE ( 'NONE', *, *, #985, .T. ) ;
#1671 = CARTESIAN_POINT ( 'NONE',  ( 3.504373712600001400, -0.8940800000000001000, -2.219960000000000400 ) ) ;
#1672 = AXIS2_PLACEMENT_3D ( 'NONE', #587, #639, #559 ) ;
#1673 = EDGE_LOOP ( 'NONE', ( #3825, #3488, #2651, #1165 ) ) ;
#1674 = CARTESIAN_POINT ( 'NONE',  ( 14.77437911260000200, -2.794000000000000500, -2.139950000000000700 ) ) ;
#1675 = ORIENTED_EDGE ( 'NONE', *, *, #704, .F. ) ;
#1676 = EDGE_CURVE ( 'NONE', #3354, #715, #2249, .T. ) ;
#1677 = ORIENTED_EDGE ( 'NONE', *, *, #1676, .T. ) ;
#1678 = VERTEX_POINT ( 'NONE', #3593 ) ;
#1679 = PLANE ( 'NONE',  #884 ) ;
#1680 = CARTESIAN_POINT ( 'NONE',  ( 4.190999998906130000, 0.0000000000000000000, -0.4063999924172853600 ) ) ;
#1681 = AXIS2_PLACEMENT_3D ( 'NONE', #2691, #1723, #3076 ) ;
#1682 = DIRECTION ( 'NONE',  ( 0.9396926244233294600, -0.0000000000000000000, 0.3420201333319364800 ) ) ;
#1683 = ORIENTED_EDGE ( 'NONE', *, *, #3093, .T. ) ;
#1684 = CARTESIAN_POINT ( 'NONE',  ( 2.539974600000001200, -1.397000000000000200, 0.0000000000000000000 ) ) ;
#1685 = DIRECTION ( 'NONE',  ( -0.0000000000000000000, 1.000000000000000000, 0.0000000000000000000 ) ) ;
#1686 = EDGE_CURVE ( 'NONE', #1590, #292, #607, .T. ) ;
#1687 = EDGE_LOOP ( 'NONE', ( #2022, #55 ) ) ;
#1688 = CIRCLE ( 'NONE', #1361, 0.7302500000000000700 ) ;
#1689 = DIRECTION ( 'NONE',  ( 0.3420201333319364300, 0.0000000000000000000, -0.9396926244233293500 ) ) ;
#1690 = AXIS2_PLACEMENT_3D ( 'NONE', #2996, #1753, #1386 ) ;
#1691 = LINE ( 'NONE', #736, #875 ) ;
#1692 = ORIENTED_EDGE ( 'NONE', *, *, #3339, .F. ) ;
#1693 = DIRECTION ( 'NONE',  ( 0.0000000000000000000, 0.0000000000000000000, 1.000000000000000000 ) ) ;
#1694 = CIRCLE ( 'NONE', #277, 0.7302500000000000700 ) ;
#1695 = CARTESIAN_POINT ( 'NONE',  ( 15.09436831259999900, -8.673617379884035500E-016, -2.139950000000000700 ) ) ;
#1696 = FACE_OUTER_BOUND ( 'NONE', #3402, .T. ) ;
#1697 = CARTESIAN_POINT ( 'NONE',  ( 9.694379112600003600, -2.794000000000000500, -2.139950000000000700 ) ) ;
#1698 = ORIENTED_EDGE ( 'NONE', *, *, #3093, .F. ) ;
#1699 = PLANE ( 'NONE',  #2775 ) ;
#1700 = ORIENTED_EDGE ( 'NONE', *, *, #1308, .F. ) ;
#1701 = EDGE_CURVE ( 'NONE', #3962, #93, #3032, .T. ) ;
#1702 = ORIENTED_EDGE ( 'NONE', *, *, #3586, .T. ) ;
#1703 = FACE_OUTER_BOUND ( 'NONE', #590, .T. ) ;
#1704 = AXIS2_PLACEMENT_3D ( 'NONE', #1296, #1263, #1254 ) ;
#1705 = EDGE_CURVE ( 'NONE', #3147, #800, #2150, .T. ) ;
#1706 = DIRECTION ( 'NONE',  ( -1.000000000000000000, 0.0000000000000000000, 0.0000000000000000000 ) ) ;
#1707 = CARTESIAN_POINT ( 'NONE',  ( 4.190999998176882200, -0.8128000004891653400, -0.4063999875479246700 ) ) ;
#1708 = FACE_OUTER_BOUND ( 'NONE', #1325, .T. ) ;
#1709 = VERTEX_POINT ( 'NONE', #3715 ) ;
#1710 = CIRCLE ( 'NONE', #524, 0.9499600000000002500 ) ;
#1711 = CARTESIAN_POINT ( 'NONE',  ( 12.55436831260000300, -1.397000000000000200, -2.139950000000000700 ) ) ;
#1712 = DIRECTION ( 'NONE',  ( 1.000000000000000000, 0.0000000000000000000, 0.0000000000000000000 ) ) ;
#1713 = DIRECTION ( 'NONE',  ( 0.0000000000000000000, 1.000000000000000000, 0.0000000000000000000 ) ) ;
#1714 = EDGE_CURVE ( 'NONE', #3683, #2297, #2928, .T. ) ;
#1715 = DIRECTION ( 'NONE',  ( -1.000000000000000000, 0.0000000000000000000, 0.0000000000000000000 ) ) ;
#1716 =( LENGTH_UNIT ( ) NAMED_UNIT ( * ) SI_UNIT ( .MILLI., .METRE. ) );
#1717 = VERTEX_POINT ( 'NONE', #3743 ) ;
#1718 = AXIS2_PLACEMENT_3D ( 'NONE', #1282, #506, #675 ) ;
#1719 = CARTESIAN_POINT ( 'NONE',  ( 0.2349500000000001000, 0.0000000000000000000, 0.0000000000000000000 ) ) ;
#1720 = EDGE_LOOP ( 'NONE', ( #3311, #50, #2383, #2223, #1017 ) ) ;
#1721 = PLANE ( 'NONE',  #1662 ) ;
#1722 = ORIENTED_EDGE ( 'NONE', *, *, #2422, .T. ) ;
#1723 = DIRECTION ( 'NONE',  ( -1.000000000000000000, -3.970709293116661000E-016, -0.0000000000000000000 ) ) ;
#1724 = ADVANCED_FACE ( 'NONE', ( #518 ), #3672, .T. ) ;
#1725 = VERTEX_POINT ( 'NONE', #4042 ) ;
#1726 = DIRECTION ( 'NONE',  ( 0.0000000000000000000, 0.0000000000000000000, 1.000000000000000000 ) ) ;
#1727 = FACE_BOUND ( 'NONE', #2451, .T. ) ;
#1728 = EDGE_LOOP ( 'NONE', ( #3250, #1835, #2490, #2115 ) ) ;
#1729 = CARTESIAN_POINT ( 'NONE',  ( 4.190999998176882200, -0.8128000004891653400, 0.4063999875479246700 ) ) ;
#1730 = DIRECTION ( 'NONE',  ( 0.0000000000000000000, 0.0000000000000000000, 1.000000000000000000 ) ) ;
#1731 = ORIENTED_EDGE ( 'NONE', *, *, #3006, .F. ) ;
#1732 = AXIS2_PLACEMENT_3D ( 'NONE', #702, #1877, #1896 ) ;
#1733 = CARTESIAN_POINT ( 'NONE',  ( 7.112000000000001000, 0.0000000000000000000, 0.0000000000000000000 ) ) ;
#1734 = EDGE_LOOP ( 'NONE', ( #1845, #1389 ) ) ;
#1735 = DIRECTION ( 'NONE',  ( -0.7071067811865464600, -0.7071067811865486800, 0.0000000000000000000 ) ) ;
#1736 = CARTESIAN_POINT ( 'NONE',  ( 4.190999998906130000, 0.0000000000000000000, 0.4063999924172853600 ) ) ;
#1737 = AXIS2_PLACEMENT_3D ( 'NONE', #2333, #2633, #2558 ) ;
#1738 = ORIENTED_EDGE ( 'NONE', *, *, #1395, .F. ) ;
#1739 = LINE ( 'NONE', #3689, #917 ) ;
#1740 = CARTESIAN_POINT ( 'NONE',  ( 14.77437911260000200, -1.734723475976807100E-015, -0.4000500000000001800 ) ) ;
#1741 = FACE_OUTER_BOUND ( 'NONE', #3075, .T. ) ;
#1742 = CARTESIAN_POINT ( 'NONE',  ( 11.12437371260000200, -2.794000000000000500, -2.000250000000000300 ) ) ;
#1743 = ORIENTED_EDGE ( 'NONE', *, *, #1883, .T. ) ;
#1744 = DIRECTION ( 'NONE',  ( -0.0000000000000000000, 1.000000000000000000, 0.0000000000000000000 ) ) ;
#1745 = FACE_OUTER_BOUND ( 'NONE', #2349, .T. ) ;
#1746 = LINE ( 'NONE', #3718, #3393 ) ;
#1747 = ADVANCED_FACE ( 'NONE', ( #1206 ), #1940, .F. ) ;
#1748 = ORIENTED_EDGE ( 'NONE', *, *, #2014, .T. ) ;
#1749 = PLANE ( 'NONE',  #1049 ) ;
#1750 = ORIENTED_EDGE ( 'NONE', *, *, #3652, .F. ) ;
#1751 = CARTESIAN_POINT ( 'NONE',  ( 4.191000000000001600, -0.4191000000000001400, 0.0000000000000000000 ) ) ;
#1752 = VECTOR ( 'NONE', #3709, 1000.000000000000000 ) ;
#1753 = DIRECTION ( 'NONE',  ( 0.0000000000000000000, 0.0000000000000000000, 1.000000000000000000 ) ) ;
#1754 = DIRECTION ( 'NONE',  ( 0.0000000000000000000, 0.0000000000000000000, 1.000000000000000000 ) ) ;
#1755 = VERTEX_POINT ( 'NONE', #2172 ) ;
#1756 = CIRCLE ( 'NONE', #2226, 0.2539999999999998900 ) ;
#1757 = CARTESIAN_POINT ( 'NONE',  ( 0.9643737126000002700, -2.794000000000000500, -2.000250000000000300 ) ) ;
#1758 = EDGE_CURVE ( 'NONE', #4043, #3320, #3769, .T. ) ;
#1759 = EDGE_CURVE ( 'NONE', #3078, #510, #3237, .T. ) ;
#1760 = LINE ( 'NONE', #3987, #3406 ) ;
#1761 = FACE_OUTER_BOUND ( 'NONE', #3745, .T. ) ;
#1762 = EDGE_CURVE ( 'NONE', #1488, #408, #2821, .T. ) ;
#1763 = ORIENTED_EDGE ( 'NONE', *, *, #1973, .T. ) ;
#1764 = EDGE_CURVE ( 'NONE', #45, #2782, #426, .T. ) ;
#1765 = VECTOR ( 'NONE', #2659, 1000.000000000000000 ) ;
#1766 = CARTESIAN_POINT ( 'NONE',  ( 4.191761365000001400, 0.0000000000000000000, 0.4216146000000001200 ) ) ;
#1767 = EDGE_LOOP ( 'NONE', ( #2307, #254, #2993, #3659 ) ) ;
#1768 = DIRECTION ( 'NONE',  ( 0.0000000000000000000, 0.0000000000000000000, 1.000000000000000000 ) ) ;
#1769 = ADVANCED_FACE ( 'NONE', ( #328 ), #2609, .F. ) ;
#1770 = DIRECTION ( 'NONE',  ( 0.0000000000000000000, 0.0000000000000000000, 1.000000000000000000 ) ) ;
#1771 = EDGE_CURVE ( 'NONE', #863, #2882, #3477, .T. ) ;
#1772 = AXIS2_PLACEMENT_3D ( 'NONE', #2390, #2143, #2374 ) ;
#1773 = VERTEX_POINT ( 'NONE', #3454 ) ;
#1774 = ORIENTED_EDGE ( 'NONE', *, *, #1303, .F. ) ;
#1775 = DIRECTION ( 'NONE',  ( -1.000000000000000000, 0.0000000000000000000, 0.0000000000000000000 ) ) ;
#1776 = CYLINDRICAL_SURFACE ( 'NONE', #814, 0.9499600000000002500 ) ;
#1777 = ORIENTED_EDGE ( 'NONE', *, *, #3319, .T. ) ;
#1778 = VERTEX_POINT ( 'NONE', #3239 ) ;
#1779 = DIRECTION ( 'NONE',  ( 0.0000000000000000000, 0.0000000000000000000, -1.000000000000000000 ) ) ;
#1780 = ORIENTED_EDGE ( 'NONE', *, *, #3099, .T. ) ;
#1781 = DIRECTION ( 'NONE',  ( 0.0000000000000000000, 0.0000000000000000000, -1.000000000000000000 ) ) ;
#1782 = DIRECTION ( 'NONE',  ( -1.000000000000000000, 0.0000000000000000000, 0.0000000000000000000 ) ) ;
#1783 = EDGE_CURVE ( 'NONE', #4021, #2235, #1739, .T. ) ;
#1784 = AXIS2_PLACEMENT_3D ( 'NONE', #3439, #3426, #3375 ) ;
#1785 = EDGE_LOOP ( 'NONE', ( #2587, #2203 ) ) ;
#1786 = ADVANCED_FACE ( 'NONE', ( #2712 ), #2500, .F. ) ;
#1787 = CARTESIAN_POINT ( 'NONE',  ( 17.47437371260000600, -2.794000000000000500, -0.4000500000000001300 ) ) ;
#1788 = VERTEX_POINT ( 'NONE', #2268 ) ;
#1789 = FACE_OUTER_BOUND ( 'NONE', #3562, .T. ) ;
#1790 = CARTESIAN_POINT ( 'NONE',  ( 7.154379112600002700, -1.397000000000000200, -0.4000500000000001800 ) ) ;
#1791 = CIRCLE ( 'NONE', #600, 0.5461000000000002500 ) ;
#1792 = EDGE_CURVE ( 'NONE', #781, #1215, #1020, .T. ) ;
#1793 = VERTEX_POINT ( 'NONE', #1603 ) ;
#1794 = ORIENTED_EDGE ( 'NONE', *, *, #3652, .T. ) ;
#1795 = VECTOR ( 'NONE', #2693, 1000.000000000000000 ) ;
#1796 = ORIENTED_EDGE ( 'NONE', *, *, #2636, .T. ) ;
#1797 = DIRECTION ( 'NONE',  ( -0.0000000000000000000, 1.000000000000000000, 0.0000000000000000000 ) ) ;
#1798 = AXIS2_PLACEMENT_3D ( 'NONE', #1697, #1391, #2347 ) ;
#1799 = DIRECTION ( 'NONE',  ( 0.0000000000000000000, -1.000000000000000000, 0.0000000000000000000 ) ) ;
#1800 = VECTOR ( 'NONE', #761, 1000.000000000000000 ) ;
#1801 = ORIENTED_EDGE ( 'NONE', *, *, #2591, .T. ) ;
#1802 = CARTESIAN_POINT ( 'NONE',  ( 5.007171456300002700, -2.794000000000000500, -0.2000250000000000900 ) ) ;
#1803 = ADVANCED_FACE ( 'NONE', ( #3384 ), #51, .T. ) ;
#1804 = FACE_OUTER_BOUND ( 'NONE', #3555, .T. ) ;
#1805 = LINE ( 'NONE', #3819, #2580 ) ;
#1806 = CARTESIAN_POINT ( 'NONE',  ( 6.044373712600001400, 0.0000000000000000000, -2.540000000000000500 ) ) ;
#1807 = AXIS2_PLACEMENT_3D ( 'NONE', #3922, #3399, #3705 ) ;
#1808 = VERTEX_POINT ( 'NONE', #3212 ) ;
#1809 = CARTESIAN_POINT ( 'NONE',  ( 9.854373712600002800, -2.794000000000000500, -2.139950000000000700 ) ) ;
#1810 = AXIS2_PLACEMENT_3D ( 'NONE', #1926, #2393, #1972 ) ;
#1811 = ORIENTED_EDGE ( 'NONE', *, *, #1764, .F. ) ;
#1812 = VERTEX_POINT ( 'NONE', #1872 ) ;
#1813 = DIRECTION ( 'NONE',  ( -0.0000000000000000000, 1.000000000000000000, 0.0000000000000000000 ) ) ;
#1814 = EDGE_CURVE ( 'NONE', #1725, #4014, #146, .T. ) ;
#1815 = CARTESIAN_POINT ( 'NONE',  ( 7.260789755157235300, 0.2540000000000002800, -0.5080000000000003400 ) ) ;
#1816 = ORIENTED_EDGE ( 'NONE', *, *, #755, .T. ) ;
#1817 = ORIENTED_EDGE ( 'NONE', *, *, #87, .F. ) ;
#1818 = CYLINDRICAL_SURFACE ( 'NONE', #1495, 0.9499600000000002500 ) ;
#1819 = ORIENTED_EDGE ( 'NONE', *, *, #3234, .T. ) ;
#1820 = ADVANCED_FACE ( 'NONE', ( #2392 ), #1235, .F. ) ;
#1821 = CARTESIAN_POINT ( 'NONE',  ( 10.15997460063500300, -2.794000000000000500, -2.540000000000000500 ) ) ;
#1822 = EDGE_LOOP ( 'NONE', ( #2965, #1801, #2332, #2811 ) ) ;
#1823 = CARTESIAN_POINT ( 'NONE',  ( 4.468772825200001200, 0.0000000000000000000, -2.540000000000000500 ) ) ;
#1824 = SURFACE_SIDE_STYLE ('',( #683 ) ) ;
#1825 = ORIENTED_EDGE ( 'NONE', *, *, #2726, .T. ) ;
#1826 = CARTESIAN_POINT ( 'NONE',  ( 8.584373712600005000, -0.8940800000000002100, -1.270000000000000200 ) ) ;
#1827 = EDGE_CURVE ( 'NONE', #366, #1922, #1541, .T. ) ;
#1828 = CARTESIAN_POINT ( 'NONE',  ( 12.08877282583500300, -2.794000000000000500, 0.0000000000000000000 ) ) ;
#1829 = ORIENTED_EDGE ( 'NONE', *, *, #3020, .T. ) ;
#1830 = VECTOR ( 'NONE', #2875, 1000.000000000000000 ) ;
#1831 = EDGE_CURVE ( 'NONE', #2487, #655, #1641, .T. ) ;
#1832 =( GEOMETRIC_REPRESENTATION_CONTEXT ( 3 ) GLOBAL_UNCERTAINTY_ASSIGNED_CONTEXT ( ( #1055 ) ) GLOBAL_UNIT_ASSIGNED_CONTEXT ( ( #2166, #329, #2485 ) ) REPRESENTATION_CONTEXT ( 'NONE', 'WORKASPACE' ) );
#1833 = CIRCLE ( 'NONE', #1606, 0.9499600000000002500 ) ;
#1834 = EDGE_CURVE ( 'NONE', #3979, #366, #4027, .T. ) ;
#1835 = ORIENTED_EDGE ( 'NONE', *, *, #2777, .T. ) ;
#1836 = LINE ( 'NONE', #1373, #244 ) ;
#1837 = DIRECTION ( 'NONE',  ( -0.3420201333319416400, 0.0000000000000000000, -0.9396926244233274600 ) ) ;
#1838 = VECTOR ( 'NONE', #3960, 1000.000000000000100 ) ;
#1839 = VERTEX_POINT ( 'NONE', #1057 ) ;
#1840 = SURFACE_STYLE_FILL_AREA ( #1043 ) ;
#1841 = SURFACE_SIDE_STYLE ('',( #3460 ) ) ;
#1842 = EDGE_CURVE ( 'NONE', #514, #1808, #743, .T. ) ;
#1843 = CARTESIAN_POINT ( 'NONE',  ( 0.7620000000000002300, -0.8996680000000000200, -0.8996680000000000200 ) ) ;
#1844 = ADVANCED_FACE ( 'NONE', ( #1447 ), #467, .T. ) ;
#1845 = ORIENTED_EDGE ( 'NONE', *, *, #2563, .T. ) ;
#1846 = FACE_OUTER_BOUND ( 'NONE', #2804, .T. ) ;
#1847 = AXIS2_PLACEMENT_3D ( 'NONE', #1012, #3699, #2935 ) ;
#1848 = VERTEX_POINT ( 'NONE', #193 ) ;
#1849 = ORIENTED_EDGE ( 'NONE', *, *, #2563, .F. ) ;
#1850 = CIRCLE ( 'NONE', #1784, 0.7340599999999912800 ) ;
#1851 = CARTESIAN_POINT ( 'NONE',  ( 0.2349500000000001000, 0.0000000000000000000, 0.0000000000000000000 ) ) ;
#1852 = VECTOR ( 'NONE', #2127, 1000.000000000000000 ) ;
#1853 = VERTEX_POINT ( 'NONE', #2710 ) ;
#1854 = LINE ( 'NONE', #728, #261 ) ;
#1855 = ORIENTED_EDGE ( 'NONE', *, *, #3033, .T. ) ;
#1856 = CARTESIAN_POINT ( 'NONE',  ( 0.9643737077818056400, 0.0000000000000000000, -1.270000000000005600 ) ) ;
#1857 = ORIENTED_EDGE ( 'NONE', *, *, #160, .T. ) ;
#1858 = FACE_BOUND ( 'NONE', #2764, .T. ) ;
#1859 = DIRECTION ( 'NONE',  ( 1.000000000000000000, 0.0000000000000000000, 0.0000000000000000000 ) ) ;
#1860 = CARTESIAN_POINT ( 'NONE',  ( 4.190999989245114900, 0.0000000000000000000, -0.3171261362507001300 ) ) ;
#1861 = ADVANCED_FACE ( 'NONE', ( #3082 ), #1982, .T. ) ;
#1862 = DIRECTION ( 'NONE',  ( 1.000000000000000000, 0.0000000000000000000, 0.0000000000000000000 ) ) ;
#1863 = ORIENTED_EDGE ( 'NONE', *, *, #1426, .T. ) ;
#1864 = ITEM_DEFINED_TRANSFORMATION ( 'NONE', 'NONE', #279,  #3665 ) ;
#1865 = STYLED_ITEM ( 'NONE', ( #3583 ), #1086 ) ;
#1866 = EDGE_CURVE ( 'NONE', #3320, #440, #2300, .T. ) ;
#1867 = ORIENTED_EDGE ( 'NONE', *, *, #885, .F. ) ;
#1868 = DIRECTION ( 'NONE',  ( 0.0000000000000000000, 0.0000000000000000000, 1.000000000000000000 ) ) ;
#1869 = VECTOR ( 'NONE', #3855, 1000.000000000000000 ) ;
#1870 = EDGE_LOOP ( 'NONE', ( #2727, #2968, #2375, #43 ) ) ;
#1871 = ORIENTED_EDGE ( 'NONE', *, *, #3165, .T. ) ;
#1872 = CARTESIAN_POINT ( 'NONE',  ( 17.16874742520000700, 5.421010862427522200E-017, 1.442229810453790100E-017 ) ) ;
#1873 = ORIENTED_EDGE ( 'NONE', *, *, #1974, .T. ) ;
#1874 = CARTESIAN_POINT ( 'NONE',  ( 9.548772825200000400, -2.794000000000000500, -2.540000000000000500 ) ) ;
#1875 = AXIS2_PLACEMENT_3D ( 'NONE', #446, #428, #405 ) ;
#1876 = CARTESIAN_POINT ( 'NONE',  ( 14.77437911387000300, -2.794000000000000500, -0.4000500000000001300 ) ) ;
#1877 = DIRECTION ( 'NONE',  ( 0.9396926244233289000, 0.0000000000000000000, -0.3420201333319380900 ) ) ;
#1878 = ORIENTED_EDGE ( 'NONE', *, *, #169, .T. ) ;
#1879 = DIRECTION ( 'NONE',  ( 0.0000000000000000000, 0.0000000000000000000, 1.000000000000000000 ) ) ;
#1880 = DIRECTION ( 'NONE',  ( -0.0000000000000000000, 1.000000000000000000, 0.0000000000000000000 ) ) ;
#1881 = ADVANCED_FACE ( 'NONE', ( #3927 ), #3822, .T. ) ;
#1882 = ORIENTED_EDGE ( 'NONE', *, *, #937, .T. ) ;
#1883 = EDGE_CURVE ( 'NONE', #366, #3979, #565, .T. ) ;
#1884 = VECTOR ( 'NONE', #3862, 1000.000000000000000 ) ;
#1885 = DIRECTION ( 'NONE',  ( 0.0000000000000000000, 0.0000000000000000000, 1.000000000000000000 ) ) ;
#1886 = CARTESIAN_POINT ( 'NONE',  ( 7.008772824565001600, -2.794000000000000500, 0.0000000000000000000 ) ) ;
#1887 = VECTOR ( 'NONE', #1127, 1000.000000000000000 ) ;
#1888 = ORIENTED_EDGE ( 'NONE', *, *, #3938, .F. ) ;
#1889 = CARTESIAN_POINT ( 'NONE',  ( 9.694379112600003600, 3.794707603699265500E-016, -2.139950000000000700 ) ) ;
#1890 = DIRECTION ( 'NONE',  ( 0.0000000000000000000, 0.0000000000000000000, -1.000000000000000000 ) ) ;
#1891 = AXIS2_PLACEMENT_3D ( 'NONE', #2552, #2689, #2975 ) ;
#1892 = VERTEX_POINT ( 'NONE', #4009 ) ;
#1893 = LINE ( 'NONE', #2676, #3533 ) ;
#1894 = AXIS2_PLACEMENT_3D ( 'NONE', #3843, #1879, #85 ) ;
#1895 = ORIENTED_EDGE ( 'NONE', *, *, #3897, .F. ) ;
#1896 = DIRECTION ( 'NONE',  ( -0.3420201333319380900, 0.0000000000000000000, -0.9396926244233289000 ) ) ;
#1897 = ORIENTED_EDGE ( 'NONE', *, *, #3840, .F. ) ;
#1898 = APPLICATION_CONTEXT ( 'automotive_design' ) ;
#1899 = EDGE_CURVE ( 'NONE', #1725, #323, #2199, .T. ) ;
#1900 = DIRECTION ( 'NONE',  ( -0.0000000000000000000, 1.000000000000000000, 0.0000000000000000000 ) ) ;
#1901 = ORIENTED_EDGE ( 'NONE', *, *, #347, .F. ) ;
#1902 = VECTOR ( 'NONE', #2815, 1000.000000000000100 ) ;
#1903 = AXIS2_PLACEMENT_3D ( 'NONE', #1143, #313, #351 ) ;
#1904 = CARTESIAN_POINT ( 'NONE',  ( 4.774373712600001900, -2.794000000000000500, -2.139950000000000700 ) ) ;
#1905 = ORIENTED_EDGE ( 'NONE', *, *, #225, .F. ) ;
#1906 = LINE ( 'NONE', #619, #2899 ) ;
#1907 = ORIENTED_EDGE ( 'NONE', *, *, #3675, .T. ) ;
#1908 = LINE ( 'NONE', #1281, #3546 ) ;
#1909 = DIRECTION ( 'NONE',  ( 0.0000000000000000000, 0.0000000000000000000, 1.000000000000000000 ) ) ;
#1910 = PLANE ( 'NONE',  #260 ) ;
#1911 = EDGE_LOOP ( 'NONE', ( #3756, #2139 ) ) ;
#1912 = VERTEX_POINT ( 'NONE', #159 ) ;
#1913 = PLANE ( 'NONE',  #2607 ) ;
#1914 = ORIENTED_EDGE ( 'NONE', *, *, #2860, .T. ) ;
#1915 = ORIENTED_EDGE ( 'NONE', *, *, #1701, .T. ) ;
#1916 = CARTESIAN_POINT ( 'NONE',  ( 7.474368312600002900, 1.138412281109779700E-015, -2.139950000000000700 ) ) ;
#1917 = ORIENTED_EDGE ( 'NONE', *, *, #1919, .F. ) ;
#1918 = ORIENTED_EDGE ( 'NONE', *, *, #1141, .F. ) ;
#1919 = EDGE_CURVE ( 'NONE', #3609, #1113, #646, .T. ) ;
#1920 = EDGE_CURVE ( 'NONE', #2989, #1992, #1356, .T. ) ;
#1921 = CARTESIAN_POINT ( 'NONE',  ( 3.504373712600001400, -0.8940800000000002100, -0.5397500000000001700 ) ) ;
#1922 = VERTEX_POINT ( 'NONE', #174 ) ;
#1923 = VERTEX_POINT ( 'NONE', #1886 ) ;
#1924 = CARTESIAN_POINT ( 'NONE',  ( 9.548772825200000400, 8.673617379884035500E-016, -2.540000000000000500 ) ) ;
#1925 = EDGE_LOOP ( 'NONE', ( #38, #2442, #3905, #3115 ) ) ;
#1926 = CARTESIAN_POINT ( 'NONE',  ( 16.20437371260000200, -2.794000000000000500, -1.270000000000000200 ) ) ;
#1927 = CARTESIAN_POINT ( 'NONE',  ( 14.77437911260000200, -2.794000000000000500, -0.4000500000000001800 ) ) ;
#1928 = LINE ( 'NONE', #1081, #907 ) ;
#1929 = DIRECTION ( 'NONE',  ( 7.941418586233319000E-016, -1.000000000000000000, 0.0000000000000000000 ) ) ;
#1930 = ORIENTED_EDGE ( 'NONE', *, *, #2210, .F. ) ;
#1931 = EDGE_CURVE ( 'NONE', #3666, #3024, #1993, .T. ) ;
#1932 = ORIENTED_EDGE ( 'NONE', *, *, #2128, .F. ) ;
#1933 = CARTESIAN_POINT ( 'NONE',  ( 1.549400000000000600, 0.7112000000000001700, 8.709688035535978200E-017 ) ) ;
#1934 = DIRECTION ( 'NONE',  ( -1.000000000000000000, 0.0000000000000000000, 0.0000000000000000000 ) ) ;
#1935 = CARTESIAN_POINT ( 'NONE',  ( 7.366000000000002300, 0.0000000000000000000, 0.0000000000000000000 ) ) ;
#1936 = ORIENTED_EDGE ( 'NONE', *, *, #3813, .F. ) ;
#1937 = CARTESIAN_POINT ( 'NONE',  ( 0.2349500000000001000, 0.5461000000000002500, 6.687796170143706600E-017 ) ) ;
#1938 = PLANE ( 'NONE',  #3615 ) ;
#1939 = EDGE_LOOP ( 'NONE', ( #3164, #2825, #114, #3920 ) ) ;
#1940 = CYLINDRICAL_SURFACE ( 'NONE', #3321, 0.7302500000000000700 ) ;
#1941 = CARTESIAN_POINT ( 'NONE',  ( 4.468772823930002000, -2.794000000000000500, -2.710505431213761100E-017 ) ) ;
#1942 = VECTOR ( 'NONE', #3545, 1000.000000000000000 ) ;
#1943 = CARTESIAN_POINT ( 'NONE',  ( 7.008772825200000300, -2.794000000000000500, -2.540000000000000500 ) ) ;
#1944 = ORIENTED_EDGE ( 'NONE', *, *, #677, .T. ) ;
#1945 = VECTOR ( 'NONE', #3948, 1000.000000000000000 ) ;
#1946 = CARTESIAN_POINT ( 'NONE',  ( 17.16874742520000700, -2.794000000000000500, -2.540000000000000500 ) ) ;
#1947 = FACE_OUTER_BOUND ( 'NONE', #3258, .T. ) ;
#1948 = ORIENTED_EDGE ( 'NONE', *, *, #1978, .F. ) ;
#1949 = VECTOR ( 'NONE', #1209, 1000.000000000000000 ) ;
#1950 = CARTESIAN_POINT ( 'NONE',  ( 11.12437371260000200, 0.0000000000000000000, -1.270000000000000200 ) ) ;
#1951 = VERTEX_POINT ( 'NONE', #1828 ) ;
#1952 = DIRECTION ( 'NONE',  ( -0.0000000000000000000, 1.000000000000000000, 0.0000000000000000000 ) ) ;
#1953 = LINE ( 'NONE', #2923, #3587 ) ;
#1954 = AXIS2_PLACEMENT_3D ( 'NONE', #2324, #2280, #2339 ) ;
#1955 = EDGE_LOOP ( 'NONE', ( #3119, #1825, #1863, #3280 ) ) ;
#1956 = ORIENTED_EDGE ( 'NONE', *, *, #2357, .T. ) ;
#1957 = DIRECTION ( 'NONE',  ( 0.0000000000000000000, 0.0000000000000000000, 1.000000000000000000 ) ) ;
#1958 = ORIENTED_EDGE ( 'NONE', *, *, #1919, .T. ) ;
#1959 = LINE ( 'NONE', #3283, #935 ) ;
#1960 = ORIENTED_EDGE ( 'NONE', *, *, #402, .F. ) ;
#1961 = LINE ( 'NONE', #3648, #1042 ) ;
#1962 = ORIENTED_EDGE ( 'NONE', *, *, #2097, .F. ) ;
#1963 = DIRECTION ( 'NONE',  ( 0.3420201333319417600, 0.0000000000000000000, 0.9396926244233274600 ) ) ;
#1964 = LINE ( 'NONE', #2574, #3598 ) ;
#1965 = VERTEX_POINT ( 'NONE', #1757 ) ;
#1966 = DIRECTION ( 'NONE',  ( 0.0000000000000000000, 0.0000000000000000000, 1.000000000000000000 ) ) ;
#1967 = EDGE_LOOP ( 'NONE', ( #1620, #872, #2107, #2035 ) ) ;
#1968 = FACE_BOUND ( 'NONE', #919, .T. ) ;
#1969 = ORIENTED_EDGE ( 'NONE', *, *, #1574, .T. ) ;
#1970 = PRODUCT ( 'P3XX-11-010-00-000000_P307-11-010-00-000000', 'P3XX-11-010-00-000000_P307-11-010-00-000000', '', ( #397 ) ) ;
#1971 = PLANE ( 'NONE',  #3221 ) ;
#1972 = DIRECTION ( 'NONE',  ( 0.0000000000000000000, 0.0000000000000000000, 1.000000000000000000 ) ) ;
#1973 = EDGE_CURVE ( 'NONE', #2096, #339, #1262, .T. ) ;
#1974 = EDGE_CURVE ( 'NONE', #1778, #1793, #1468, .T. ) ;
#1975 = EDGE_LOOP ( 'NONE', ( #1936, #1849, #1481, #3383 ) ) ;
#1976 = CONTEXT_DEPENDENT_SHAPE_REPRESENTATION ( #2909, #3537 ) ;
#1977 = ORIENTED_EDGE ( 'NONE', *, *, #1686, .F. ) ;
#1978 = EDGE_CURVE ( 'NONE', #2782, #3937, #2222, .T. ) ;
#1979 = VERTEX_POINT ( 'NONE', #1742 ) ;
#1980 = CARTESIAN_POINT ( 'NONE',  ( 6.044373712600002300, -0.8940800000000001000, -1.270000000000000200 ) ) ;
#1981 = VECTOR ( 'NONE', #1330, 1000.000000000000000 ) ;
#1982 = PLANE ( 'NONE',  #2131 ) ;
#1983 = EDGE_LOOP ( 'NONE', ( #2694, #98, #2648, #2890 ) ) ;
#1984 = EDGE_CURVE ( 'NONE', #3323, #3991, #3949, .T. ) ;
#1985 = ORIENTED_EDGE ( 'NONE', *, *, #2812, .F. ) ;
#1986 = ORIENTED_EDGE ( 'NONE', *, *, #1899, .T. ) ;
#1987 = DIRECTION ( 'NONE',  ( 0.3420201333319472500, 0.0000000000000000000, 0.9396926244233254600 ) ) ;
#1988 = DIRECTION ( 'NONE',  ( 0.0000000000000000000, 0.0000000000000000000, -1.000000000000000000 ) ) ;
#1989 = EDGE_CURVE ( 'NONE', #323, #1527, #3103, .T. ) ;
#1990 = DIRECTION ( 'NONE',  ( -1.000000000000000000, 0.0000000000000000000, 0.0000000000000000000 ) ) ;
#1991 = AXIS2_PLACEMENT_3D ( 'NONE', #2550, #2716, #2524 ) ;
#1992 = VERTEX_POINT ( 'NONE', #1509 ) ;
#1993 = LINE ( 'NONE', #79, #2715 ) ;
#1994 = CARTESIAN_POINT ( 'NONE',  ( 0.9643737126000002700, -0.8940800000000001000, -2.219960000000000400 ) ) ;
#1995 = CARTESIAN_POINT ( 'NONE',  ( 0.0000000000000000000, 0.0000000000000000000, -2.540000000000000500 ) ) ;
#1996 = ORIENTED_EDGE ( 'NONE', *, *, #1764, .T. ) ;
#1997 = VECTOR ( 'NONE', #2094, 1000.000000000000000 ) ;
#1998 = DIRECTION ( 'NONE',  ( 0.9396926244233275700, 0.0000000000000000000, -0.3420201333319417000 ) ) ;
#1999 = LINE ( 'NONE', #46, #3724 ) ;
#2000 = EDGE_LOOP ( 'NONE', ( #2737, #1061, #2342, #3913 ) ) ;
#2001 = CARTESIAN_POINT ( 'NONE',  ( 12.23437911260000500, 3.794707603699265500E-016, -2.139950000000000700 ) ) ;
#2002 = CARTESIAN_POINT ( 'NONE',  ( 16.20437371260000200, -0.8940800000000001000, -1.270000000000000200 ) ) ;
#2003 = FACE_OUTER_BOUND ( 'NONE', #862, .T. ) ;
#2004 = VERTEX_POINT ( 'NONE', #1351 ) ;
#2005 = EDGE_CURVE ( 'NONE', #2299, #833, #585, .T. ) ;
#2006 = LINE ( 'NONE', #1823, #883 ) ;
#2007 = DIRECTION ( 'NONE',  ( -1.000000000000000000, -1.707404996040164600E-015, -0.0000000000000000000 ) ) ;
#2008 = ORIENTED_EDGE ( 'NONE', *, *, #2147, .T. ) ;
#2009 = AXIS2_PLACEMENT_3D ( 'NONE', #3591, #3550, #3629 ) ;
#2010 = ORIENTED_EDGE ( 'NONE', *, *, #3386, .T. ) ;
#2011 = CARTESIAN_POINT ( 'NONE',  ( 17.31435371260000300, -1.397000000000000200, -2.139950000000000700 ) ) ;
#2012 = CARTESIAN_POINT ( 'NONE',  ( -995.9634700238000300, -3.970709293116660900E-013, 0.0000000000000000000 ) ) ;
#2013 = VECTOR ( 'NONE', #2900, 1000.000000000000100 ) ;
#2014 = EDGE_CURVE ( 'NONE', #715, #4037, #3002, .T. ) ;
#2015 = DIRECTION ( 'NONE',  ( -0.0000000000000000000, 1.000000000000000000, 0.0000000000000000000 ) ) ;
#2016 = VERTEX_POINT ( 'NONE', #1306 ) ;
#2017 = LINE ( 'NONE', #857, #1178 ) ;
#2018 = FACE_OUTER_BOUND ( 'NONE', #3090, .T. ) ;
#2019 = ORIENTED_EDGE ( 'NONE', *, *, #2058, .F. ) ;
#2020 = VERTEX_POINT ( 'NONE', #1173 ) ;
#2021 = DIRECTION ( 'NONE',  ( 0.0000000000000000000, 0.0000000000000000000, 1.000000000000000000 ) ) ;
#2022 = ORIENTED_EDGE ( 'NONE', *, *, #2718, .F. ) ;
#2023 = CARTESIAN_POINT ( 'NONE',  ( 8.584373712600005000, -2.794000000000000500, -1.270000000000000200 ) ) ;
#2024 = ORIENTED_EDGE ( 'NONE', *, *, #1383, .F. ) ;
#2025 = CARTESIAN_POINT ( 'NONE',  ( 16.20437371260000200, -0.8940800000000001000, -2.219960000000000400 ) ) ;
#2026 = AXIS2_PLACEMENT_3D ( 'NONE', #3999, #469, #2644 ) ;
#2027 = DIRECTION ( 'NONE',  ( -0.3420201333319416400, 0.0000000000000000000, -0.9396926244233274600 ) ) ;
#2028 = CARTESIAN_POINT ( 'NONE',  ( -0.3056262874000000900, 0.0000000000000000000, 0.0000000000000000000 ) ) ;
#2029 = VERTEX_POINT ( 'NONE', #1319 ) ;
#2030 = ORIENTED_EDGE ( 'NONE', *, *, #2950, .F. ) ;
#2031 = ORIENTED_EDGE ( 'NONE', *, *, #2128, .T. ) ;
#2032 = DIRECTION ( 'NONE',  ( -0.0000000000000000000, 1.000000000000000000, 0.0000000000000000000 ) ) ;
#2033 = FACE_OUTER_BOUND ( 'NONE', #3815, .T. ) ;
#2034 = EDGE_LOOP ( 'NONE', ( #1888, #1464, #2596, #3226 ) ) ;
#2035 = ORIENTED_EDGE ( 'NONE', *, *, #3594, .F. ) ;
#2036 = DIRECTION ( 'NONE',  ( 0.0000000000000000000, 0.0000000000000000000, 1.000000000000000000 ) ) ;
#2037 = CARTESIAN_POINT ( 'NONE',  ( 11.12437371260000200, -0.8940800000000002100, -1.270000000000000200 ) ) ;
#2038 = AXIS2_PLACEMENT_3D ( 'NONE', #1733, #2007, #1651 ) ;
#2039 = DIRECTION ( 'NONE',  ( 1.000000000000000000, -0.0000000000000000000, -0.0000000000000000000 ) ) ;
#2040 = CARTESIAN_POINT ( 'NONE',  ( 4.190999998906130000, 0.0000000000000000000, -0.4063999924172853600 ) ) ;
#2041 = ORIENTED_EDGE ( 'NONE', *, *, #511, .F. ) ;
#2042 = CARTESIAN_POINT ( 'NONE',  ( 12.23437911323500400, -2.794000000000000500, -0.4000500000000001800 ) ) ;
#2043 = EDGE_CURVE ( 'NONE', #2016, #3691, #3741, .T. ) ;
#2044 = ORIENTED_EDGE ( 'NONE', *, *, #1211, .T. ) ;
#2045 = VECTOR ( 'NONE', #3917, 1000.000000000000000 ) ;
#2046 = ADVANCED_FACE ( 'NONE', ( #492 ), #1122, .T. ) ;
#2047 = LINE ( 'NONE', #541, #1942 ) ;
#2048 = ORIENTED_EDGE ( 'NONE', *, *, #160, .F. ) ;
#2049 = LINE ( 'NONE', #3148, #1212 ) ;
#2050 = VECTOR ( 'NONE', #3018, 1000.000000000000000 ) ;
#2051 = DIRECTION ( 'NONE',  ( 4.002535667243490100E-016, -1.000000000000000000, 0.0000000000000000000 ) ) ;
#2052 = ORIENTED_EDGE ( 'NONE', *, *, #2496, .T. ) ;
#2053 = LINE ( 'NONE', #1519, #3684 ) ;
#2054 = CARTESIAN_POINT ( 'NONE',  ( 4.191000000000000700, 0.4191000000000001400, 5.132494735226559100E-017 ) ) ;
#2055 = DIRECTION ( 'NONE',  ( -0.9396926244233294600, 0.0000000000000000000, 0.3420201333319364800 ) ) ;
#2056 = ORIENTED_EDGE ( 'NONE', *, *, #230, .F. ) ;
#2057 = DIRECTION ( 'NONE',  ( 0.0000000000000000000, -1.000000000000000000, 0.0000000000000000000 ) ) ;
#2058 = EDGE_CURVE ( 'NONE', #594, #3113, #1378, .T. ) ;
#2059 = ORIENTED_EDGE ( 'NONE', *, *, #2043, .F. ) ;
#2060 = EDGE_CURVE ( 'NONE', #486, #2337, #2017, .T. ) ;
#2061 = CARTESIAN_POINT ( 'NONE',  ( 0.9643737126000002700, -0.8940800000000002100, -2.000250000000000300 ) ) ;
#2062 = CYLINDRICAL_SURFACE ( 'NONE', #770, 0.9499600000000002500 ) ;
#2063 =( GEOMETRIC_REPRESENTATION_CONTEXT ( 3 ) GLOBAL_UNCERTAINTY_ASSIGNED_CONTEXT ( ( #1261 ) ) GLOBAL_UNIT_ASSIGNED_CONTEXT ( ( #911, #3161, #1228 ) ) REPRESENTATION_CONTEXT ( 'NONE', 'WORKASPACE' ) );
#2064 = EDGE_CURVE ( 'NONE', #1425, #1162, #2118, .T. ) ;
#2065 = ORIENTED_EDGE ( 'NONE', *, *, #2548, .T. ) ;
#2066 = CARTESIAN_POINT ( 'NONE',  ( 2.394368312600001000, 0.0000000000000000000, -2.139950000000000700 ) ) ;
#2067 = CARTESIAN_POINT ( 'NONE',  ( 3.937000000000001200, 0.0000000000000000000, 0.6731000000000002500 ) ) ;
#2068 = VECTOR ( 'NONE', #508, 1000.000000000000100 ) ;
#2069 = ORIENTED_EDGE ( 'NONE', *, *, #2581, .T. ) ;
#2070 = VECTOR ( 'NONE', #421, 1000.000000000000000 ) ;
#2071 = CARTESIAN_POINT ( 'NONE',  ( 10.01436831260000400, 0.0000000000000000000, -2.139950000000000700 ) ) ;
#2072 = ADVANCED_FACE ( 'NONE', ( #398 ), #931, .T. ) ;
#2073 = EDGE_LOOP ( 'NONE', ( #3513, #1363, #2518, #2008 ) ) ;
#2074 = DIRECTION ( 'NONE',  ( -1.000000000000000000, -0.0000000000000000000, -0.0000000000000000000 ) ) ;
#2075 = EDGE_CURVE ( 'NONE', #705, #2020, #1906, .T. ) ;
#2076 = DIRECTION ( 'NONE',  ( 0.0000000000000000000, 0.0000000000000000000, 1.000000000000000000 ) ) ;
#2077 = LINE ( 'NONE', #1621, #2959 ) ;
#2078 = CARTESIAN_POINT ( 'NONE',  ( 7.366000000000002300, 0.0000000000000000000, 0.0000000000000000000 ) ) ;
#2079 = DIRECTION ( 'NONE',  ( 0.0000000000000000000, 0.0000000000000000000, -1.000000000000000000 ) ) ;
#2080 = ORIENTED_EDGE ( 'NONE', *, *, #1973, .F. ) ;
#2081 = AXIS2_PLACEMENT_3D ( 'NONE', #461, #331, #3209 ) ;
#2082 = DIRECTION ( 'NONE',  ( -0.0000000000000000000, 1.000000000000000000, 0.0000000000000000000 ) ) ;
#2083 = CARTESIAN_POINT ( 'NONE',  ( 4.191761365000001400, -0.8432292254000003400, 0.4216146000000001200 ) ) ;
#2084 = SHAPE_DEFINITION_REPRESENTATION ( #2230, #357 ) ;
#2085 = DIRECTION ( 'NONE',  ( 0.3420201333319364300, 0.0000000000000000000, 0.9396926244233293500 ) ) ;
#2086 = EDGE_LOOP ( 'NONE', ( #967, #135, #3711, #2582, #3900 ) ) ;
#2087 = ORIENTED_EDGE ( 'NONE', *, *, #3532, .T. ) ;
#2088 = FACE_OUTER_BOUND ( 'NONE', #2620, .T. ) ;
#2089 = VERTEX_POINT ( 'NONE', #763 ) ;
#2090 = CARTESIAN_POINT ( 'NONE',  ( 3.937000000000001200, 0.0000000000000000000, 0.0000000000000000000 ) ) ;
#2091 = VERTEX_POINT ( 'NONE', #670 ) ;
#2092 = ADVANCED_FACE ( 'NONE', ( #3644 ), #2685, .F. ) ;
#2093 = CARTESIAN_POINT ( 'NONE',  ( 4.468772825200001200, 0.0000000000000000000, -2.540000000000000500 ) ) ;
#2094 = DIRECTION ( 'NONE',  ( 1.000000000000000000, -0.0000000000000000000, -0.0000000000000000000 ) ) ;
#2095 = AXIS2_PLACEMENT_3D ( 'NONE', #1609, #1682, #1689 ) ;
#2096 = VERTEX_POINT ( 'NONE', #537 ) ;
#2097 = EDGE_CURVE ( 'NONE', #3962, #3024, #304, .T. ) ;
#2098 = CARTESIAN_POINT ( 'NONE',  ( 15.24301419260000000, -0.8940800000000001000, -0.3086404800000000500 ) ) ;
#2099 = CARTESIAN_POINT ( 'NONE',  ( 8.584373712600005000, -2.794000000000000500, -2.000250000000000300 ) ) ;
#2100 = CARTESIAN_POINT ( 'NONE',  ( 11.12437371260000100, 0.0000000000000000000, -2.540000000000000500 ) ) ;
#2101 = ORIENTED_EDGE ( 'NONE', *, *, #1989, .T. ) ;
#2102 = CIRCLE ( 'NONE', #949, 0.9499600000000002500 ) ;
#2103 = LINE ( 'NONE', #2929, #381 ) ;
#2104 = ORIENTED_EDGE ( 'NONE', *, *, #2789, .T. ) ;
#2105 = CYLINDRICAL_SURFACE ( 'NONE', #1718, 0.7302500000000000700 ) ;
#2106 = CARTESIAN_POINT ( 'NONE',  ( 12.39437371260000400, 0.0000000000000000000, -0.4000500000000001800 ) ) ;
#2107 = ORIENTED_EDGE ( 'NONE', *, *, #230, .T. ) ;
#2108 = AXIS2_PLACEMENT_3D ( 'NONE', #2568, #2735, #1432 ) ;
#2109 = CIRCLE ( 'NONE', #2179, 0.7810500000000002400 ) ;
#2110 = ORIENTED_EDGE ( 'NONE', *, *, #1574, .F. ) ;
#2111 = ADVANCED_FACE ( 'NONE', ( #1804 ), #532, .F. ) ;
#2112 = ORIENTED_EDGE ( 'NONE', *, *, #621, .T. ) ;
#2113 = EDGE_CURVE ( 'NONE', #1337, #3563, #989, .T. ) ;
#2114 = ORIENTED_EDGE ( 'NONE', *, *, #666, .T. ) ;
#2115 = ORIENTED_EDGE ( 'NONE', *, *, #152, .F. ) ;
#2116 = LINE ( 'NONE', #2864, #3738 ) ;
#2117 = DIRECTION ( 'NONE',  ( 1.000000000000000000, -0.0000000000000000000, -0.0000000000000000000 ) ) ;
#2118 = CIRCLE ( 'NONE', #660, 0.9499600000000002500 ) ;
#2119 = ORIENTED_EDGE ( 'NONE', *, *, #945, .T. ) ;
#2120 = AXIS2_PLACEMENT_3D ( 'NONE', #3651, #3606, #3596 ) ;
#2121 = LINE ( 'NONE', #3974, #3742 ) ;
#2122 = PLANE ( 'NONE',  #3966 ) ;
#2123 = PRODUCT_DEFINITION ( 'UNKNOWN', '', #3646, #2797 ) ;
#2124 = VERTEX_POINT ( 'NONE', #631 ) ;
#2125 = EDGE_LOOP ( 'NONE', ( #3296, #557, #617, #1642 ) ) ;
#2126 = DIRECTION ( 'NONE',  ( -0.9659258267357617700, -0.2588190434354376600, 0.0000000000000000000 ) ) ;
#2127 = DIRECTION ( 'NONE',  ( 0.0000000000000000000, 1.000000000000000000, 0.0000000000000000000 ) ) ;
#2128 = EDGE_CURVE ( 'NONE', #534, #1412, #3544, .T. ) ;
#2129 = CARTESIAN_POINT ( 'NONE',  ( 7.112000000000001000, -0.2540000000000002300, -6.221205739668588600E-017 ) ) ;
#2130 = ORIENTED_EDGE ( 'NONE', *, *, #1141, .T. ) ;
#2131 = AXIS2_PLACEMENT_3D ( 'NONE', #3376, #1397, #793 ) ;
#2132 = ADVANCED_FACE ( 'NONE', ( #214 ), #1106, .F. ) ;
#2133 = CARTESIAN_POINT ( 'NONE',  ( 13.66437371259999800, -2.794000000000000500, -0.5397500000000001700 ) ) ;
#2134 = CARTESIAN_POINT ( 'NONE',  ( 15.16717145630000200, -2.794000000000000500, -0.2000250000000000900 ) ) ;
#2135 = ORIENTED_EDGE ( 'NONE', *, *, #3511, .T. ) ;
#2136 = EDGE_LOOP ( 'NONE', ( #2816, #1037, #3301, #2602 ) ) ;
#2137 = CARTESIAN_POINT ( 'NONE',  ( 10.08717145630000400, -2.794000000000000500, -0.2000250000000000900 ) ) ;
#2138 = CIRCLE ( 'NONE', #695, 0.9499600000000002500 ) ;
#2139 = ORIENTED_EDGE ( 'NONE', *, *, #2144, .T. ) ;
#2140 = DIRECTION ( 'NONE',  ( 1.000000000000000000, -0.0000000000000000000, -0.0000000000000000000 ) ) ;
#2141 = ORIENTED_EDGE ( 'NONE', *, *, #1759, .T. ) ;
#2142 = PLANE ( 'NONE',  #2688 ) ;
#2143 = DIRECTION ( 'NONE',  ( -0.0000000000000000000, 1.000000000000000000, 0.0000000000000000000 ) ) ;
#2144 = EDGE_CURVE ( 'NONE', #1979, #371, #2578, .T. ) ;
#2145 = CARTESIAN_POINT ( 'NONE',  ( 0.0000000000000000000, -4.646580739223592100E-017, 0.0000000000000000000 ) ) ;
#2146 = ORIENTED_EDGE ( 'NONE', *, *, #2489, .F. ) ;
#2147 = EDGE_CURVE ( 'NONE', #1839, #733, #893, .T. ) ;
#2148 = DIRECTION ( 'NONE',  ( 0.0000000000000000000, 1.000000000000000000, 0.0000000000000000000 ) ) ;
#2149 = ORIENTED_EDGE ( 'NONE', *, *, #1931, .F. ) ;
#2150 = CIRCLE ( 'NONE', #2425, 0.9499600000000002500 ) ;
#2151 = CYLINDRICAL_SURFACE ( 'NONE', #1810, 0.7302500000000000700 ) ;
#2152 = EDGE_CURVE ( 'NONE', #1337, #2510, #2788, .T. ) ;
#2153 = ADVANCED_FACE ( 'NONE', ( #1708 ), #1430, .F. ) ;
#2154 = VERTEX_POINT ( 'NONE', #3784 ) ;
#2155 = FACE_OUTER_BOUND ( 'NONE', #3374, .T. ) ;
#2156 = CARTESIAN_POINT ( 'NONE',  ( 7.154379112600002700, -2.794000000000000500, -0.4000500000000001800 ) ) ;
#2157 = AXIS2_PLACEMENT_3D ( 'NONE', #3807, #3582, #268 ) ;
#2158 = VECTOR ( 'NONE', #2897, 1000.000000000000000 ) ;
#2159 = ORIENTED_EDGE ( 'NONE', *, *, #3381, .F. ) ;
#2160 = LINE ( 'NONE', #1632, #528 ) ;
#2161 = ORIENTED_EDGE ( 'NONE', *, *, #3020, .F. ) ;
#2162 = ORIENTED_EDGE ( 'NONE', *, *, #2891, .T. ) ;
#2163 = CARTESIAN_POINT ( 'NONE',  ( 0.0000000000000000000, -1.397000000000000200, -2.540000000000000500 ) ) ;
#2164 = ORIENTED_EDGE ( 'NONE', *, *, #1883, .F. ) ;
#2165 = ORIENTED_EDGE ( 'NONE', *, *, #87, .T. ) ;
#2166 =( LENGTH_UNIT ( ) NAMED_UNIT ( * ) SI_UNIT ( .MILLI., .METRE. ) );
#2167 = FACE_OUTER_BOUND ( 'NONE', #295, .T. ) ;
#2168 = VERTEX_POINT ( 'NONE', #1172 ) ;
#2169 = DIRECTION ( 'NONE',  ( 0.3420201333319400300, 0.0000000000000000000, -0.9396926244233281300 ) ) ;
#2170 = CIRCLE ( 'NONE', #2454, 0.5461000000000002500 ) ;
#2171 = LINE ( 'NONE', #2133, #3794 ) ;
#2172 = CARTESIAN_POINT ( 'NONE',  ( 2.074379112600000400, 0.0000000000000000000, -2.139950000000000700 ) ) ;
#2173 = AXIS2_PLACEMENT_3D ( 'NONE', #1927, #1557, #2517 ) ;
#2174 = DIRECTION ( 'NONE',  ( -0.3420201333319362600, 0.0000000000000000000, 0.9396926244233294600 ) ) ;
#2175 = ORIENTED_EDGE ( 'NONE', *, *, #3330, .F. ) ;
#2176 = ADVANCED_FACE ( 'NONE', ( #1613, #2468 ), #1198, .F. ) ;
#2177 = CARTESIAN_POINT ( 'NONE',  ( 0.9643737126000001500, -2.794000000000000500, -1.270000000000000200 ) ) ;
#2178 = CARTESIAN_POINT ( 'NONE',  ( 6.044373712600002300, 0.0000000000000000000, -1.270000000000000200 ) ) ;
#2179 = AXIS2_PLACEMENT_3D ( 'NONE', #2387, #2399, #2427 ) ;
#2180 = ORIENTED_EDGE ( 'NONE', *, *, #511, .T. ) ;
#2181 =( LENGTH_UNIT ( ) NAMED_UNIT ( * ) SI_UNIT ( .MILLI., .METRE. ) );
#2182 = DIRECTION ( 'NONE',  ( -0.0000000000000000000, 1.000000000000000000, 0.0000000000000000000 ) ) ;
#2183 = ORIENTED_EDGE ( 'NONE', *, *, #1090, .T. ) ;
#2184 = CARTESIAN_POINT ( 'NONE',  ( 7.366000000000002300, 0.0000000000000000000, 0.0000000000000000000 ) ) ;
#2185 = ORIENTED_EDGE ( 'NONE', *, *, #885, .T. ) ;
#2186 = VECTOR ( 'NONE', #181, 1000.000000000000000 ) ;
#2187 = CARTESIAN_POINT ( 'NONE',  ( 2.539974600000001600, 5.421010862427522200E-017, -2.540000000000000500 ) ) ;
#2188 = EDGE_LOOP ( 'NONE', ( #742, #555 ) ) ;
#2189 = ORIENTED_EDGE ( 'NONE', *, *, #1211, .F. ) ;
#2190 = CARTESIAN_POINT ( 'NONE',  ( 8.584373712600003300, -2.794000000000000500, -2.540000000000000500 ) ) ;
#2191 = DIRECTION ( 'NONE',  ( 0.0000000000000000000, 1.000000000000000000, 0.0000000000000000000 ) ) ;
#2192 = DIRECTION ( 'NONE',  ( 0.0000000000000000000, -1.000000000000000000, 0.0000000000000000000 ) ) ;
#2193 = DIRECTION ( 'NONE',  ( 0.0000000000000000000, 0.0000000000000000000, 1.000000000000000000 ) ) ;
#2194 = ADVANCED_FACE ( 'NONE', ( #26 ), #2714, .T. ) ;
#2195 = EDGE_CURVE ( 'NONE', #2608, #1300, #3356, .T. ) ;
#2196 = EDGE_CURVE ( 'NONE', #2124, #2315, #3257, .T. ) ;
#2197 = DIRECTION ( 'NONE',  ( 0.0000000000000000000, 1.000000000000000000, 0.0000000000000000000 ) ) ;
#2198 = ORIENTED_EDGE ( 'NONE', *, *, #3973, .F. ) ;
#2199 = LINE ( 'NONE', #131, #2980 ) ;
#2200 = EDGE_CURVE ( 'NONE', #1709, #3836, #805, .T. ) ;
#2201 = EDGE_CURVE ( 'NONE', #2494, #1053, #1514, .T. ) ;
#2202 = DIRECTION ( 'NONE',  ( 0.0000000000000000000, 0.0000000000000000000, 1.000000000000000000 ) ) ;
#2203 = ORIENTED_EDGE ( 'NONE', *, *, #3455, .T. ) ;
#2204 = FACE_OUTER_BOUND ( 'NONE', #630, .T. ) ;
#2205 = DIRECTION ( 'NONE',  ( 0.0000000000000000000, 1.000000000000000000, 0.0000000000000000000 ) ) ;
#2206 = CYLINDRICAL_SURFACE ( 'NONE', #3228, 0.9499600000000002500 ) ;
#2207 = ORIENTED_EDGE ( 'NONE', *, *, #3893, .F. ) ;
#2208 = CIRCLE ( 'NONE', #708, 0.9499600000000002500 ) ;
#2209 = CARTESIAN_POINT ( 'NONE',  ( 13.66437370778179500, 0.0000000000000000000, -1.270000000000005600 ) ) ;
#2210 = EDGE_CURVE ( 'NONE', #1607, #2310, #121, .T. ) ;
#2211 = ORIENTED_EDGE ( 'NONE', *, *, #3964, .F. ) ;
#2212 = FACE_OUTER_BOUND ( 'NONE', #184, .T. ) ;
#2213 = DIRECTION ( 'NONE',  ( -0.0000000000000000000, 1.000000000000000000, 0.0000000000000000000 ) ) ;
#2214 = AXIS2_PLACEMENT_3D ( 'NONE', #3669, #3694, #3701 ) ;
#2215 = ORIENTED_EDGE ( 'NONE', *, *, #2734, .F. ) ;
#2216 = CARTESIAN_POINT ( 'NONE',  ( 0.003014192600000001200, -0.8940800000000001000, -0.3086404800000000500 ) ) ;
#2217 = ADVANCED_FACE ( 'NONE', ( #718 ), #485, .F. ) ;
#2218 = PLANE ( 'NONE',  #3138 ) ;
#2219 = VERTEX_POINT ( 'NONE', #4058 ) ;
#2220 = VECTOR ( 'NONE', #2667, 1000.000000000000200 ) ;
#2221 = APPLICATION_CONTEXT ( 'automotive_design' ) ;
#2222 = CIRCLE ( 'NONE', #2341, 0.6731000000000002500 ) ;
#2223 = ORIENTED_EDGE ( 'NONE', *, *, #1026, .T. ) ;
#2224 = CIRCLE ( 'NONE', #592, 0.6731000000000002500 ) ;
#2225 = EDGE_CURVE ( 'NONE', #3563, #3838, #626, .T. ) ;
#2226 = AXIS2_PLACEMENT_3D ( 'NONE', #3156, #3131, #3117 ) ;
#2227 = ORIENTED_EDGE ( 'NONE', *, *, #666, .F. ) ;
#2228 = DIRECTION ( 'NONE',  ( 0.0000000000000000000, 0.0000000000000000000, -1.000000000000000000 ) ) ;
#2229 = ORIENTED_EDGE ( 'NONE', *, *, #427, .T. ) ;
#2230 = PRODUCT_DEFINITION_SHAPE ( 'NONE', 'NONE',  #2123 ) ;
#2231 = CARTESIAN_POINT ( 'NONE',  ( 17.47437371260000600, 0.0000000000000000000, -1.270000000000000500 ) ) ;
#2232 = EDGE_CURVE ( 'NONE', #251, #3476, #1420, .T. ) ;
#2233 = EDGE_LOOP ( 'NONE', ( #3153, #3159, #2303, #2831 ) ) ;
#2234 = APPLICATION_PROTOCOL_DEFINITION ( 'draft international standard', 'automotive_design', 1998, #2545 ) ;
#2235 = VERTEX_POINT ( 'NONE', #618 ) ;
#2236 = CARTESIAN_POINT ( 'NONE',  ( 4.343399987547954300, 0.0000000000000000000, 0.0000000000000000000 ) ) ;
#2237 = ADVANCED_FACE ( 'NONE', ( #2271 ), #2142, .F. ) ;
#2238 = ORIENTED_EDGE ( 'NONE', *, *, #821, .F. ) ;
#2239 = DIRECTION ( 'NONE',  ( 0.0000000000000000000, -1.000000000000000000, 0.0000000000000000000 ) ) ;
#2240 = FACE_BOUND ( 'NONE', #1734, .T. ) ;
#2241 = CARTESIAN_POINT ( 'NONE',  ( 11.12437371260000200, -0.8940800000000001000, -1.270000000000000200 ) ) ;
#2242 = EDGE_LOOP ( 'NONE', ( #1636, #1774, #2594, #1355 ) ) ;
#2243 = CARTESIAN_POINT ( 'NONE',  ( 5.079974599365002100, -2.794000000000000500, -2.710505431213761100E-017 ) ) ;
#2244 = DIRECTION ( 'NONE',  ( -0.0000000000000000000, -0.0000000000000000000, 1.000000000000000000 ) ) ;
#2245 = PLANE ( 'NONE',  #2173 ) ;
#2246 = ORIENTED_EDGE ( 'NONE', *, *, #2591, .F. ) ;
#2247 = AXIS2_PLACEMENT_3D ( 'NONE', #3695, #3947, #3581 ) ;
#2248 = ORIENTED_EDGE ( 'NONE', *, *, #2955, .F. ) ;
#2249 = LINE ( 'NONE', #3333, #3883 ) ;
#2250 = CARTESIAN_POINT ( 'NONE',  ( 16.20437371260000200, -2.794000000000000500, -1.270000000000000200 ) ) ;
#2251 = DIRECTION ( 'NONE',  ( -1.000000000000000000, 0.0000000000000000000, 0.0000000000000000000 ) ) ;
#2252 = VECTOR ( 'NONE', #1243, 1000.000000000000000 ) ;
#2253 = ORIENTED_EDGE ( 'NONE', *, *, #1289, .F. ) ;
#2254 = FACE_OUTER_BOUND ( 'NONE', #2242, .T. ) ;
#2255 = CARTESIAN_POINT ( 'NONE',  ( 2.394368312600001000, -1.397000000000000200, -0.4000500000000001800 ) ) ;
#2256 = FACE_OUTER_BOUND ( 'NONE', #2952, .T. ) ;
#2257 =( NAMED_UNIT ( * ) SI_UNIT ( $, .STERADIAN. ) SOLID_ANGLE_UNIT ( ) );
#2258 = DIRECTION ( 'NONE',  ( 1.000000000000000000, -0.0000000000000000000, -0.0000000000000000000 ) ) ;
#2259 = CARTESIAN_POINT ( 'NONE',  ( 12.62717145630000300, -2.794000000000000500, -2.339975000000000800 ) ) ;
#2260 = FACE_OUTER_BOUND ( 'NONE', #2292, .T. ) ;
#2261 = CARTESIAN_POINT ( 'NONE',  ( 6.044373712600002300, 0.0000000000000000000, -0.3200400000000000500 ) ) ;
#2262 = ORIENTED_EDGE ( 'NONE', *, *, #1544, .T. ) ;
#2263 = EDGE_CURVE ( 'NONE', #3024, #2029, #3996, .T. ) ;
#2264 = DIRECTION ( 'NONE',  ( 1.000000000000000000, -1.707404996310174700E-015, -0.0000000000000000000 ) ) ;
#2265 = ORIENTED_EDGE ( 'NONE', *, *, #1220, .F. ) ;
#2266 = DIRECTION ( 'NONE',  ( 1.000000000000000000, 0.0000000000000000000, 0.0000000000000000000 ) ) ;
#2267 = CIRCLE ( 'NONE', #3413, 0.8890000000000001200 ) ;
#2268 = CARTESIAN_POINT ( 'NONE',  ( 13.66437371259999800, -0.8940800000000001000, -0.3200400000000000500 ) ) ;
#2269 = EDGE_LOOP ( 'NONE', ( #2505, #2262, #2334, #59 ) ) ;
#2270 = DIRECTION ( 'NONE',  ( 0.0000000000000000000, 1.000000000000000000, 0.0000000000000000000 ) ) ;
#2271 = FACE_OUTER_BOUND ( 'NONE', #1148, .T. ) ;
#2272 = CARTESIAN_POINT ( 'NONE',  ( 4.254999795800000800, 0.0000000000000000000, 0.2443651958000000500 ) ) ;
#2273 = LINE ( 'NONE', #1809, #627 ) ;
#2274 = CARTESIAN_POINT ( 'NONE',  ( 0.9643737126000001500, 0.0000000000000000000, -0.3200400000000000500 ) ) ;
#2275 = CARTESIAN_POINT ( 'NONE',  ( 7.008772824565001600, -2.794000000000000500, -2.540000000000000500 ) ) ;
#2276 = CARTESIAN_POINT ( 'NONE',  ( 9.694379112600001800, -2.794000000000000500, -0.4000500000000001800 ) ) ;
#2277 = ORIENTED_EDGE ( 'NONE', *, *, #1701, .F. ) ;
#2278 = CYLINDRICAL_SURFACE ( 'NONE', #1324, 0.6731000000000002500 ) ;
#2279 = EDGE_CURVE ( 'NONE', #2315, #3340, #2170, .T. ) ;
#2280 = DIRECTION ( 'NONE',  ( -1.000000000000000000, -1.610759430226569700E-016, -0.0000000000000000000 ) ) ;
#2281 = ORIENTED_EDGE ( 'NONE', *, *, #3569, .T. ) ;
#2282 = EDGE_CURVE ( 'NONE', #3274, #2747, #1332, .T. ) ;
#2283 = DIRECTION ( 'NONE',  ( 0.0000000000000000000, 0.0000000000000000000, 1.000000000000000000 ) ) ;
#2284 = CARTESIAN_POINT ( 'NONE',  ( 13.66437371260000300, 0.0000000000000000000, -2.540000000000000500 ) ) ;
#2285 = STYLED_ITEM ( 'NONE', ( #2593 ), #1239 ) ;
#2286 = EDGE_CURVE ( 'NONE', #2124, #3340, #539, .T. ) ;
#2287 = EDGE_LOOP ( 'NONE', ( #2849, #2434, #1829, #2478 ) ) ;
#2288 = CARTESIAN_POINT ( 'NONE',  ( 11.12437371260000200, -0.8940800000000001000, -0.3200400000000000500 ) ) ;
#2289 = ORIENTED_EDGE ( 'NONE', *, *, #3973, .T. ) ;
#2290 = LINE ( 'NONE', #217, #3071 ) ;
#2291 = DIRECTION ( 'NONE',  ( 0.0000000000000000000, 0.0000000000000000000, -1.000000000000000000 ) ) ;
#2292 = EDGE_LOOP ( 'NONE', ( #1640, #2708, #3860, #2110 ) ) ;
#2293 = EDGE_CURVE ( 'NONE', #1399, #638, #3053, .T. ) ;
#2294 = ORIENTED_EDGE ( 'NONE', *, *, #1018, .T. ) ;
#2295 = DIRECTION ( 'NONE',  ( -0.0000000000000000000, 1.000000000000000000, 0.0000000000000000000 ) ) ;
#2296 = DIRECTION ( 'NONE',  ( -1.000000000000000000, -0.0000000000000000000, -0.0000000000000000000 ) ) ;
#2297 = VERTEX_POINT ( 'NONE', #3740 ) ;
#2298 = CARTESIAN_POINT ( 'NONE',  ( 4.614379112600001800, 0.0000000000000000000, -0.4000500000000001800 ) ) ;
#2299 = VERTEX_POINT ( 'NONE', #2327 ) ;
#2300 = CIRCLE ( 'NONE', #1903, 0.2540000000000000600 ) ;
#2301 = DIRECTION ( 'NONE',  ( 0.0000000000000000000, 0.0000000000000000000, 1.000000000000000000 ) ) ;
#2302 = CARTESIAN_POINT ( 'NONE',  ( 16.20437371260000200, -0.8940800000000001000, -0.3200400000000000500 ) ) ;
#2303 = ORIENTED_EDGE ( 'NONE', *, *, #225, .T. ) ;
#2304 = FACE_BOUND ( 'NONE', #1074, .T. ) ;
#2305 = AXIS2_PLACEMENT_3D ( 'NONE', #3509, #3795, #3779 ) ;
#2306 = VECTOR ( 'NONE', #807, 1000.000000000000000 ) ;
#2307 = ORIENTED_EDGE ( 'NONE', *, *, #3207, .F. ) ;
#2308 = CARTESIAN_POINT ( 'NONE',  ( 14.70157596890000400, -2.794000000000000500, -0.2000250000000000900 ) ) ;
#2309 = DIRECTION ( 'NONE',  ( 1.000000000000000000, -0.0000000000000000000, -0.0000000000000000000 ) ) ;
#2310 = VERTEX_POINT ( 'NONE', #2475 ) ;
#2311 = DIRECTION ( 'NONE',  ( -0.3420201333319416400, 0.0000000000000000000, 0.9396926244233274600 ) ) ;
#2312 = DIRECTION ( 'NONE',  ( 6.097874985857730400E-017, -1.000000000000000000, 0.0000000000000000000 ) ) ;
#2313 = VECTOR ( 'NONE', #2244, 1000.000000000000000 ) ;
#2314 = EDGE_CURVE ( 'NONE', #1951, #403, #2951, .T. ) ;
#2315 = VERTEX_POINT ( 'NONE', #1490 ) ;
#2316 = DIRECTION ( 'NONE',  ( 0.3420201333319417600, 0.0000000000000000000, -0.9396926244233274600 ) ) ;
#2317 = LINE ( 'NONE', #1021, #3798 ) ;
#2318 = ORIENTED_EDGE ( 'NONE', *, *, #1453, .T. ) ;
#2319 = CARTESIAN_POINT ( 'NONE',  ( 6.044373712600002300, 0.0000000000000000000, -2.219960000000000800 ) ) ;
#2320 = VECTOR ( 'NONE', #2413, 1000.000000000000000 ) ;
#2321 = CARTESIAN_POINT ( 'NONE',  ( 10.01436831323500300, -2.794000000000000500, -2.139950000000000700 ) ) ;
#2322 = DIRECTION ( 'NONE',  ( 0.0000000000000000000, 0.0000000000000000000, 1.000000000000000000 ) ) ;
#2323 = VECTOR ( 'NONE', #4015, 1000.000000000000000 ) ;
#2324 = CARTESIAN_POINT ( 'NONE',  ( 1.776905818800000600, 0.0000000000000000000, 0.0000000000000000000 ) ) ;
#2325 = AXIS2_PLACEMENT_3D ( 'NONE', #1403, #1813, #1369 ) ;
#2326 = PLANE ( 'NONE',  #3437 ) ;
#2327 = CARTESIAN_POINT ( 'NONE',  ( 1.549400000000034100, 0.7340599999999911600, 8.989642293820954100E-017 ) ) ;
#2328 = EDGE_CURVE ( 'NONE', #1527, #4014, #1232, .T. ) ;
#2329 = CONTEXT_DEPENDENT_SHAPE_REPRESENTATION ( #707, #2650 ) ;
#2330 = DIRECTION ( 'NONE',  ( -0.3420201333319578000, 0.0000000000000000000, -0.9396926244233215800 ) ) ;
#2331 = CARTESIAN_POINT ( 'NONE',  ( 13.66437371259999800, -2.794000000000000500, -1.270000000000000200 ) ) ;
#2332 = ORIENTED_EDGE ( 'NONE', *, *, #152, .T. ) ;
#2333 = CARTESIAN_POINT ( 'NONE',  ( 0.9643737126000001500, 0.0000000000000000000, -1.270000000000000200 ) ) ;
#2334 = ORIENTED_EDGE ( 'NONE', *, *, #1664, .T. ) ;
#2335 = PRODUCT_DEFINITION ( 'UNKNOWN', '', #10, #1176 ) ;
#2336 = DIRECTION ( 'NONE',  ( 0.0000000000000000000, 1.000000000000000000, 0.0000000000000000000 ) ) ;
#2337 = VERTEX_POINT ( 'NONE', #3044 ) ;
#2338 = CARTESIAN_POINT ( 'NONE',  ( 10.15997460000000200, -1.397000000000000200, 0.0000000000000000000 ) ) ;
#2339 = DIRECTION ( 'NONE',  ( 3.221518860453139400E-016, -1.000000000000000000, 0.0000000000000000000 ) ) ;
#2340 = EDGE_CURVE ( 'NONE', #2029, #651, #3696, .T. ) ;
#2341 = AXIS2_PLACEMENT_3D ( 'NONE', #1470, #1458, #1451 ) ;
#2342 = ORIENTED_EDGE ( 'NONE', *, *, #1899, .F. ) ;
#2343 = DIRECTION ( 'NONE',  ( 1.000000000000000000, 0.0000000000000000000, 0.0000000000000000000 ) ) ;
#2344 = DIRECTION ( 'NONE',  ( -0.0000000000000000000, -1.000000000000000000, -0.0000000000000000000 ) ) ;
#2345 = ORIENTED_EDGE ( 'NONE', *, *, #2723, .F. ) ;
#2346 = VECTOR ( 'NONE', #3137, 1000.000000000000000 ) ;
#2347 = DIRECTION ( 'NONE',  ( 1.000000000000000000, 0.0000000000000000000, 0.0000000000000000000 ) ) ;
#2348 = LINE ( 'NONE', #952, #1496 ) ;
#2349 = EDGE_LOOP ( 'NONE', ( #1506, #865 ) ) ;
#2350 = VECTOR ( 'NONE', #310, 999.9999999999998900 ) ;
#2351 = DIRECTION ( 'NONE',  ( -0.3420201333319400300, 0.0000000000000000000, -0.9396926244233281300 ) ) ;
#2352 = FACE_BOUND ( 'NONE', #3213, .T. ) ;
#2353 = EDGE_CURVE ( 'NONE', #3394, #413, #448, .T. ) ;
#2354 = VECTOR ( 'NONE', #1489, 1000.000000000000100 ) ;
#2355 = DIRECTION ( 'NONE',  ( -0.0000000000000000000, 1.000000000000000000, 0.0000000000000000000 ) ) ;
#2356 = AXIS2_PLACEMENT_3D ( 'NONE', #1066, #999, #976 ) ;
#2357 = EDGE_CURVE ( 'NONE', #2219, #3184, #2738, .T. ) ;
#2358 = EDGE_LOOP ( 'NONE', ( #3972, #3316, #3019, #2927 ) ) ;
#2359 = DIRECTION ( 'NONE',  ( -0.0000000000000000000, 1.000000000000000000, 0.0000000000000000000 ) ) ;
#2360 = CARTESIAN_POINT ( 'NONE',  ( 3.504373712600001400, 0.0000000000000000000, -2.219960000000000800 ) ) ;
#2361 = ADVANCED_FACE ( 'NONE', ( #259 ), #1104, .F. ) ;
#2362 = ORIENTED_EDGE ( 'NONE', *, *, #1352, .T. ) ;
#2363 = DIRECTION ( 'NONE',  ( -0.9396926244233254600, 0.0000000000000000000, 0.3420201333319472500 ) ) ;
#2364 = LINE ( 'NONE', #2540, #1611 ) ;
#2365 = EDGE_CURVE ( 'NONE', #2315, #887, #1961, .T. ) ;
#2366 = CARTESIAN_POINT ( 'NONE',  ( 6.044373712600002300, -2.794000000000000500, -1.270000000000000200 ) ) ;
#2367 = VECTOR ( 'NONE', #2388, 1000.000000000000000 ) ;
#2368 = LINE ( 'NONE', #44, #1515 ) ;
#2369 = AXIS2_PLACEMENT_3D ( 'NONE', #3514, #494, #778 ) ;
#2370 = VERTEX_POINT ( 'NONE', #3428 ) ;
#2371 = CARTESIAN_POINT ( 'NONE',  ( 8.584373712600005000, -0.8940800000000001000, -2.219960000000000400 ) ) ;
#2372 = EDGE_LOOP ( 'NONE', ( #1500, #3636, #2862, #2561 ) ) ;
#2373 = DIRECTION ( 'NONE',  ( 0.0000000000000000000, 0.0000000000000000000, 1.000000000000000000 ) ) ;
#2374 = DIRECTION ( 'NONE',  ( 0.0000000000000000000, 0.0000000000000000000, 1.000000000000000000 ) ) ;
#2375 = ORIENTED_EDGE ( 'NONE', *, *, #2416, .T. ) ;
#2376 = ORIENTED_EDGE ( 'NONE', *, *, #1771, .F. ) ;
#2377 = DIRECTION ( 'NONE',  ( -0.0000000000000000000, 1.000000000000000000, 0.0000000000000000000 ) ) ;
#2378 = CARTESIAN_POINT ( 'NONE',  ( 7.474368312600003800, -2.794000000000000500, -0.4000500000000001800 ) ) ;
#2379 = AXIS2_PLACEMENT_3D ( 'NONE', #3886, #136, #128 ) ;
#2380 = ORIENTED_EDGE ( 'NONE', *, *, #3177, .T. ) ;
#2381 = ADVANCED_FACE ( 'NONE', ( #2630 ), #1521, .F. ) ;
#2382 = FACE_OUTER_BOUND ( 'NONE', #1585, .T. ) ;
#2383 = ORIENTED_EDGE ( 'NONE', *, *, #2865, .F. ) ;
#2384 = ORIENTED_EDGE ( 'NONE', *, *, #1063, .T. ) ;
#2385 = CARTESIAN_POINT ( 'NONE',  ( 7.112000000000001000, 0.0000000000000000000, 0.0000000000000000000 ) ) ;
#2386 = AXIS2_PLACEMENT_3D ( 'NONE', #2504, #2530, #2534 ) ;
#2387 = CARTESIAN_POINT ( 'NONE',  ( 0.0000000000000000000, 0.0000000000000000000, 0.0000000000000000000 ) ) ;
#2388 = DIRECTION ( 'NONE',  ( -0.5150380658559220400, 0.8571673061423836800, 1.049727197801029900E-016 ) ) ;
#2389 = ORIENTED_EDGE ( 'NONE', *, *, #2263, .F. ) ;
#2390 = CARTESIAN_POINT ( 'NONE',  ( 13.66437371259999800, -0.8940800000000001000, -1.270000000000000200 ) ) ;
#2391 = ORIENTED_EDGE ( 'NONE', *, *, #2807, .F. ) ;
#2392 = FACE_OUTER_BOUND ( 'NONE', #663, .T. ) ;
#2393 = DIRECTION ( 'NONE',  ( -0.0000000000000000000, 1.000000000000000000, 0.0000000000000000000 ) ) ;
#2394 = ORIENTED_EDGE ( 'NONE', *, *, #2964, .F. ) ;
#2395 = LINE ( 'NONE', #241, #1546 ) ;
#2396 = PLANE ( 'NONE',  #3536 ) ;
#2397 = DIRECTION ( 'NONE',  ( 0.0000000000000000000, 0.0000000000000000000, 1.000000000000000000 ) ) ;
#2398 = LINE ( 'NONE', #3367, #751 ) ;
#2399 = DIRECTION ( 'NONE',  ( -1.000000000000000000, 0.0000000000000000000, 0.0000000000000000000 ) ) ;
#2400 = ADVANCED_FACE ( 'NONE', ( #940 ), #249, .T. ) ;
#2401 = EDGE_LOOP ( 'NONE', ( #2569, #224, #2828, #620 ) ) ;
#2402 = LINE ( 'NONE', #1562, #1550 ) ;
#2403 = CARTESIAN_POINT ( 'NONE',  ( 10.15997460000000200, -1.734723475976807100E-015, 0.0000000000000000000 ) ) ;
#2404 = CARTESIAN_POINT ( 'NONE',  ( 8.584373712600005000, -0.8940800000000001000, -1.270000000000000200 ) ) ;
#2405 = VERTEX_POINT ( 'NONE', #3608 ) ;
#2406 = EDGE_CURVE ( 'NONE', #705, #33, #1760, .T. ) ;
#2407 = EDGE_CURVE ( 'NONE', #1848, #2747, #170, .T. ) ;
#2408 = VECTOR ( 'NONE', #2117, 1000.000000000000000 ) ;
#2409 = DIRECTION ( 'NONE',  ( 1.000000000000000000, 6.097874985857730400E-017, 0.0000000000000000000 ) ) ;
#2410 = EDGE_LOOP ( 'NONE', ( #3072, #1540 ) ) ;
#2411 = ORIENTED_EDGE ( 'NONE', *, *, #3799, .T. ) ;
#2412 = EDGE_CURVE ( 'NONE', #3991, #2754, #3493, .T. ) ;
#2413 = DIRECTION ( 'NONE',  ( -0.0000000000000000000, 1.000000000000000000, 0.0000000000000000000 ) ) ;
#2414 = CARTESIAN_POINT ( 'NONE',  ( 2.074379110695000300, -2.794000000000000500, -0.4000500000000001800 ) ) ;
#2415 = VECTOR ( 'NONE', #2915, 1000.000000000000000 ) ;
#2416 = EDGE_CURVE ( 'NONE', #2168, #33, #1660, .T. ) ;
#2417 = LINE ( 'NONE', #1740, #765 ) ;
#2418 = VECTOR ( 'NONE', #3599, 1000.000000000000000 ) ;
#2419 = CARTESIAN_POINT ( 'NONE',  ( 12.55436831260000300, 0.0000000000000000000, -2.139950000000000700 ) ) ;
#2420 = DIRECTION ( 'NONE',  ( -0.3420201333319416400, 0.0000000000000000000, -0.9396926244233274600 ) ) ;
#2421 = PLANE ( 'NONE',  #640 ) ;
#2422 = EDGE_CURVE ( 'NONE', #2916, #93, #2522, .T. ) ;
#2423 = CARTESIAN_POINT ( 'NONE',  ( 13.66437371259999800, 0.0000000000000000000, -0.3200400000000000500 ) ) ;
#2424 = VECTOR ( 'NONE', #3015, 1000.000000000000100 ) ;
#2425 = AXIS2_PLACEMENT_3D ( 'NONE', #3801, #3817, #3828 ) ;
#2426 = ADVANCED_FACE ( 'NONE', ( #71 ), #3395, .F. ) ;
#2427 = DIRECTION ( 'NONE',  ( 0.0000000000000000000, 0.0000000000000000000, 1.000000000000000000 ) ) ;
#2428 = ORIENTED_EDGE ( 'NONE', *, *, #3675, .F. ) ;
#2429 = CARTESIAN_POINT ( 'NONE',  ( 14.62877282520000400, -7.589415207398531000E-016, -2.710505431213761100E-017 ) ) ;
#2430 = ORIENTED_EDGE ( 'NONE', *, *, #3511, .F. ) ;
#2431 = CARTESIAN_POINT ( 'NONE',  ( 11.12437371260000200, -0.8940800000000002100, -0.5397500000000001700 ) ) ;
#2432 = DIRECTION ( 'NONE',  ( 1.524468746464432300E-016, -1.000000000000000000, 0.0000000000000000000 ) ) ;
#2433 = DIRECTION ( 'NONE',  ( 0.0000000000000000000, 0.0000000000000000000, 1.000000000000000000 ) ) ;
#2434 = ORIENTED_EDGE ( 'NONE', *, *, #3467, .F. ) ;
#2435 = DIRECTION ( 'NONE',  ( 0.0000000000000000000, 1.224646799147353200E-016, -1.000000000000000000 ) ) ;
#2436 = ORIENTED_EDGE ( 'NONE', *, *, #1842, .T. ) ;
#2437 = EDGE_CURVE ( 'NONE', #1246, #3683, #2417, .T. ) ;
#2438 = CARTESIAN_POINT ( 'NONE',  ( 6.044373712600002300, -0.8940800000000001000, -0.3200400000000000500 ) ) ;
#2439 = AXIS2_PLACEMENT_3D ( 'NONE', #2331, #2295, #2283 ) ;
#2440 = ORIENTED_EDGE ( 'NONE', *, *, #2636, .F. ) ;
#2441 = DIRECTION ( 'NONE',  ( -1.000000000000000000, -0.0000000000000000000, -0.0000000000000000000 ) ) ;
#2442 = ORIENTED_EDGE ( 'NONE', *, *, #1090, .F. ) ;
#2443 = EDGE_CURVE ( 'NONE', #2695, #2299, #3204, .T. ) ;
#2444 = DIRECTION ( 'NONE',  ( 1.000000000000000000, 0.0000000000000000000, 0.0000000000000000000 ) ) ;
#2445 = ADVANCED_FACE ( 'NONE', ( #4000 ), #2278, .T. ) ;
#2446 = DIRECTION ( 'NONE',  ( 0.0000000000000000000, -1.000000000000000000, -0.0000000000000000000 ) ) ;
#2447 = ORIENTED_EDGE ( 'NONE', *, *, #1216, .T. ) ;
#2448 = LINE ( 'NONE', #3197, #699 ) ;
#2449 = LINE ( 'NONE', #501, #11 ) ;
#2450 = DIRECTION ( 'NONE',  ( -0.0000000000000000000, 1.000000000000000000, 0.0000000000000000000 ) ) ;
#2451 = EDGE_LOOP ( 'NONE', ( #1329, #1960 ) ) ;
#2452 = FACE_OUTER_BOUND ( 'NONE', #2629, .T. ) ;
#2453 = LINE ( 'NONE', #1107, #1599 ) ;
#2454 = AXIS2_PLACEMENT_3D ( 'NONE', #1072, #3729, #4029 ) ;
#2455 = DIRECTION ( 'NONE',  ( 0.3420201333319472500, 0.0000000000000000000, 0.9396926244233254600 ) ) ;
#2456 = LINE ( 'NONE', #953, #2565 ) ;
#2457 = CARTESIAN_POINT ( 'NONE',  ( 8.584373712600003300, -2.794000000000000500, 0.0000000000000000000 ) ) ;
#2458 = VERTEX_POINT ( 'NONE', #409 ) ;
#2459 = CARTESIAN_POINT ( 'NONE',  ( 1.776905818800000400, 0.6731000000000002500, 8.243097605060838000E-017 ) ) ;
#2460 = DIRECTION ( 'NONE',  ( 0.0000000000000000000, 0.0000000000000000000, 1.000000000000000000 ) ) ;
#2461 = AXIS2_PLACEMENT_3D ( 'NONE', #95, #3852, #1581 ) ;
#2462 = ORIENTED_EDGE ( 'NONE', *, *, #2422, .F. ) ;
#2463 = ORIENTED_EDGE ( 'NONE', *, *, #1395, .T. ) ;
#2464 = VECTOR ( 'NONE', #3414, 1000.000000000000000 ) ;
#2465 = ORIENTED_EDGE ( 'NONE', *, *, #1866, .T. ) ;
#2466 = ADVANCED_FACE ( 'NONE', ( #667 ), #629, .F. ) ;
#2467 = CARTESIAN_POINT ( 'NONE',  ( 12.23437911260000500, -1.397000000000000200, -2.139950000000000700 ) ) ;
#2468 = FACE_OUTER_BOUND ( 'NONE', #959, .T. ) ;
#2469 = EDGE_LOOP ( 'NONE', ( #1750, #1265, #2281, #2914 ) ) ;
#2470 = AXIS2_PLACEMENT_3D ( 'NONE', #1342, #2601, #2755 ) ;
#2471 = FACE_OUTER_BOUND ( 'NONE', #2073, .T. ) ;
#2472 = CARTESIAN_POINT ( 'NONE',  ( -0.3056262874000000900, -2.794000000000000500, 0.0000000000000000000 ) ) ;
#2473 = ORIENTED_EDGE ( 'NONE', *, *, #1314, .F. ) ;
#2474 = DIRECTION ( 'NONE',  ( -0.0000000000000000000, 1.000000000000000000, 0.0000000000000000000 ) ) ;
#2475 = CARTESIAN_POINT ( 'NONE',  ( -5.421010862427523400E-017, 0.8890000000000001200, 1.088711004441997200E-016 ) ) ;
#2476 = EDGE_CURVE ( 'NONE', #2972, #3845, #1427, .T. ) ;
#2477 = CARTESIAN_POINT ( 'NONE',  ( 7.260789755157233600, 0.2540000000000002300, 3.110602869834308500E-017 ) ) ;
#2478 = ORIENTED_EDGE ( 'NONE', *, *, #2817, .T. ) ;
#2479 = ORIENTED_EDGE ( 'NONE', *, *, #2496, .F. ) ;
#2480 = DIRECTION ( 'NONE',  ( 0.0000000000000000000, 0.0000000000000000000, 1.000000000000000000 ) ) ;
#2481 = ORIENTED_EDGE ( 'NONE', *, *, #504, .F. ) ;
#2482 = ORIENTED_EDGE ( 'NONE', *, *, #2503, .T. ) ;
#2483 = DIRECTION ( 'NONE',  ( -0.3420201333319416400, 0.0000000000000000000, 0.9396926244233274600 ) ) ;
#2484 = EDGE_LOOP ( 'NONE', ( #3529, #1932, #840, #1996, #3266, #3806 ) ) ;
#2485 =( NAMED_UNIT ( * ) SI_UNIT ( $, .STERADIAN. ) SOLID_ANGLE_UNIT ( ) );
#2486 = VECTOR ( 'NONE', #614, 1000.000000000000000 ) ;
#2487 = VERTEX_POINT ( 'NONE', #549 ) ;
#2488 = ADVANCED_FACE ( 'NONE', ( #4048 ), #419, .T. ) ;
#2489 = EDGE_CURVE ( 'NONE', #408, #2911, #3058, .T. ) ;
#2490 = ORIENTED_EDGE ( 'NONE', *, *, #3717, .T. ) ;
#2491 = DIRECTION ( 'NONE',  ( 1.000000000000000000, 0.0000000000000000000, 0.0000000000000000000 ) ) ;
#2492 = EDGE_CURVE ( 'NONE', #3838, #2096, #1224, .T. ) ;
#2493 = PRESENTATION_LAYER_ASSIGNMENT (  '', '', ( #2285 ) ) ;
#2494 = VERTEX_POINT ( 'NONE', #810 ) ;
#2495 = DIRECTION ( 'NONE',  ( 0.0000000000000000000, -1.000000000000000000, 0.0000000000000000000 ) ) ;
#2496 = EDGE_CURVE ( 'NONE', #687, #3783, #2317, .T. ) ;
#2497 = CARTESIAN_POINT ( 'NONE',  ( 8.584373712600005000, -0.8940800000000002100, -2.000250000000000300 ) ) ;
#2498 = CARTESIAN_POINT ( 'NONE',  ( 3.504373712600001400, -0.8940800000000001000, -1.270000000000000200 ) ) ;
#2499 = ORIENTED_EDGE ( 'NONE', *, *, #1600, .T. ) ;
#2500 = CYLINDRICAL_SURFACE ( 'NONE', #91, 0.7302500000000000700 ) ;
#2501 = DIRECTION ( 'NONE',  ( 1.000000000000000000, 1.034790906691008600E-015, 0.0000000000000000000 ) ) ;
#2502 =( NAMED_UNIT ( * ) SI_UNIT ( $, .STERADIAN. ) SOLID_ANGLE_UNIT ( ) );
#2503 = EDGE_CURVE ( 'NONE', #3918, #890, #3908, .T. ) ;
#2504 = CARTESIAN_POINT ( 'NONE',  ( 0.9643737126000001500, -2.794000000000000500, -1.270000000000000200 ) ) ;
#2505 = ORIENTED_EDGE ( 'NONE', *, *, #113, .T. ) ;
#2506 = VECTOR ( 'NONE', #4052, 1000.000000000000000 ) ;
#2507 = AXIS2_PLACEMENT_3D ( 'NONE', #901, #2977, #2830 ) ;
#2508 = CARTESIAN_POINT ( 'NONE',  ( 14.93437371260000100, 0.0000000000000000000, -2.139950000000000700 ) ) ;
#2509 = FACE_OUTER_BOUND ( 'NONE', #927, .T. ) ;
#2510 = VERTEX_POINT ( 'NONE', #1097 ) ;
#2511 = DIRECTION ( 'NONE',  ( 1.000000000000000000, 0.0000000000000000000, 0.0000000000000000000 ) ) ;
#2512 = CARTESIAN_POINT ( 'NONE',  ( 4.191000000000054900, 5.609612745513178400E-029, 0.0000000000000000000 ) ) ;
#2513 = ADVANCED_FACE ( 'NONE', ( #542 ), #453, .F. ) ;
#2514 = PLANE ( 'NONE',  #322 ) ;
#2515 = ORIENTED_EDGE ( 'NONE', *, *, #1303, .T. ) ;
#2516 = VECTOR ( 'NONE', #3906, 1000.000000000000000 ) ;
#2517 = DIRECTION ( 'NONE',  ( -0.3420201333319362600, 0.0000000000000000000, 0.9396926244233294600 ) ) ;
#2518 = ORIENTED_EDGE ( 'NONE', *, *, #1149, .T. ) ;
#2519 = PRODUCT_DEFINITION_SHAPE ( 'NONE', 'NONE',  #2335 ) ;
#2520 = DIRECTION ( 'NONE',  ( 0.0000000000000000000, 0.0000000000000000000, 1.000000000000000000 ) ) ;
#2521 = VECTOR ( 'NONE', #2913, 1000.000000000000000 ) ;
#2522 = LINE ( 'NONE', #2403, #1564 ) ;
#2523 = FACE_OUTER_BOUND ( 'NONE', #3307, .T. ) ;
#2524 = DIRECTION ( 'NONE',  ( 0.0000000000000000000, 0.0000000000000000000, 1.000000000000000000 ) ) ;
#2525 = PLANE ( 'NONE',  #864 ) ;
#2526 = CARTESIAN_POINT ( 'NONE',  ( -0.2256162874000000600, -2.794000000000000500, -0.4000500000000001800 ) ) ;
#2527 = EDGE_LOOP ( 'NONE', ( #1437, #2592, #3760, #2867, #3630 ) ) ;
#2528 = DIRECTION ( 'NONE',  ( 1.000000000000000000, 0.0000000000000000000, 0.0000000000000000000 ) ) ;
#2529 = LINE ( 'NONE', #3260, #2424 ) ;
#2530 = DIRECTION ( 'NONE',  ( -0.0000000000000000000, 1.000000000000000000, 0.0000000000000000000 ) ) ;
#2531 = EDGE_CURVE ( 'NONE', #4021, #2937, #2077, .T. ) ;
#2532 = ORIENTED_EDGE ( 'NONE', *, *, #4019, .F. ) ;
#2533 = DIRECTION ( 'NONE',  ( 0.0000000000000000000, -1.000000000000000000, 0.0000000000000000000 ) ) ;
#2534 = DIRECTION ( 'NONE',  ( 0.0000000000000000000, 0.0000000000000000000, 1.000000000000000000 ) ) ;
#2535 = ADVANCED_FACE ( 'NONE', ( #1336 ), #1699, .T. ) ;
#2536 = CARTESIAN_POINT ( 'NONE',  ( 17.31435371260000300, 0.0000000000000000000, -2.139950000000000700 ) ) ;
#2537 = VERTEX_POINT ( 'NONE', #1647 ) ;
#2538 = CARTESIAN_POINT ( 'NONE',  ( 0.0000000000000000000, -2.794000000000000500, 0.0000000000000000000 ) ) ;
#2539 = CYLINDRICAL_SURFACE ( 'NONE', #1016, 0.7302500000000000700 ) ;
#2540 = CARTESIAN_POINT ( 'NONE',  ( 2.001575968900000600, -2.794000000000000500, -0.2000250000000000900 ) ) ;
#2541 = ORIENTED_EDGE ( 'NONE', *, *, #1783, .T. ) ;
#2542 = ORIENTED_EDGE ( 'NONE', *, *, #2407, .T. ) ;
#2543 = CARTESIAN_POINT ( 'NONE',  ( 4.191000000000000700, -0.4241292000000001500, -0.4241292000000001500 ) ) ;
#2544 = EDGE_LOOP ( 'NONE', ( #318, #2391, #888, #772 ) ) ;
#2545 = APPLICATION_CONTEXT ( 'automotive_design' ) ;
#2546 = DIRECTION ( 'NONE',  ( -0.0000000000000000000, 1.000000000000000000, 0.0000000000000000000 ) ) ;
#2547 = AXIS2_PLACEMENT_3D ( 'NONE', #798, #1136, #1341 ) ;
#2548 = EDGE_CURVE ( 'NONE', #1773, #33, #2846, .T. ) ;
#2549 = CARTESIAN_POINT ( 'NONE',  ( 1.928772825200000500, -2.794000000000000500, -2.540000000000000500 ) ) ;
#2550 = CARTESIAN_POINT ( 'NONE',  ( 8.584373712600005000, -0.8940800000000001000, -1.270000000000000200 ) ) ;
#2551 = ORIENTED_EDGE ( 'NONE', *, *, #2789, .F. ) ;
#2552 = CARTESIAN_POINT ( 'NONE',  ( 8.584373712600005000, -0.8940800000000001000, -1.270000000000000200 ) ) ;
#2553 = CARTESIAN_POINT ( 'NONE',  ( 4.254126136250699900, 0.0000000000000000000, -0.2539999892451159100 ) ) ;
#2554 = AXIS2_PLACEMENT_3D ( 'NONE', #3486, #3564, #3456 ) ;
#2555 = ADVANCED_FACE ( 'NONE', ( #3700, #1134, #1968, #355, #3601, #2744, #1858, #1048 ), #1971, .F. ) ;
#2556 = ORIENTED_EDGE ( 'NONE', *, *, #3730, .F. ) ;
#2557 = CYLINDRICAL_SURFACE ( 'NONE', #1772, 0.9499600000000002500 ) ;
#2558 = DIRECTION ( 'NONE',  ( 0.0000000000000000000, 0.0000000000000000000, 1.000000000000000000 ) ) ;
#2559 = LINE ( 'NONE', #1414, #1594 ) ;
#2560 = VERTEX_POINT ( 'NONE', #2001 ) ;
#2561 = ORIENTED_EDGE ( 'NONE', *, *, #4016, .F. ) ;
#2562 = APPLICATION_CONTEXT ( 'automotive_design' ) ;
#2563 = EDGE_CURVE ( 'NONE', #3836, #1709, #2635, .T. ) ;
#2564 = LINE ( 'NONE', #1577, #794 ) ;
#2565 = VECTOR ( 'NONE', #1880, 1000.000000000000000 ) ;
#2566 = CARTESIAN_POINT ( 'NONE',  ( 4.191761365000001400, 0.0000000000000000000, -0.4216146000000001200 ) ) ;
#2567 = AXIS2_PLACEMENT_3D ( 'NONE', #92, #104, #120 ) ;
#2568 = CARTESIAN_POINT ( 'NONE',  ( 3.937000000000001200, 0.0000000000000000000, 0.0000000000000000000 ) ) ;
#2569 = ORIENTED_EDGE ( 'NONE', *, *, #113, .F. ) ;
#2570 = DIRECTION ( 'NONE',  ( -1.000000000000000000, -0.0000000000000000000, -0.0000000000000000000 ) ) ;
#2571 = CARTESIAN_POINT ( 'NONE',  ( 12.55436831514000500, -2.794000000000000500, -0.4000500000000001800 ) ) ;
#2572 = VERTEX_POINT ( 'NONE', #2274 ) ;
#2573 = CARTESIAN_POINT ( 'NONE',  ( 1.549400000000034100, -0.7340599999999913900, 0.0000000000000000000 ) ) ;
#2574 = CARTESIAN_POINT ( 'NONE',  ( 9.548772825200000400, -1.397000000000000200, -2.540000000000000500 ) ) ;
#2575 = VECTOR ( 'NONE', #3522, 1000.000000000000200 ) ;
#2576 = EDGE_LOOP ( 'NONE', ( #2541, #1109, #2678, #3068 ) ) ;
#2577 = ORIENTED_EDGE ( 'NONE', *, *, #2353, .F. ) ;
#2578 = CIRCLE ( 'NONE', #2325, 0.7302500000000000700 ) ;
#2579 = PLANE ( 'NONE',  #3287 ) ;
#2580 = VECTOR ( 'NONE', #1862, 1000.000000000000000 ) ;
#2581 = EDGE_CURVE ( 'NONE', #2337, #3462, #947, .T. ) ;
#2582 = ORIENTED_EDGE ( 'NONE', *, *, #2113, .F. ) ;
#2583 = CARTESIAN_POINT ( 'NONE',  ( 12.69997460000000300, -2.794000000000000500, 0.0000000000000000000 ) ) ;
#2584 = AXIS2_PLACEMENT_3D ( 'NONE', #948, #972, #874 ) ;
#2585 = EDGE_CURVE ( 'NONE', #1412, #8, #3497, .T. ) ;
#2586 = CARTESIAN_POINT ( 'NONE',  ( 10.01436831387000300, -2.794000000000000500, -0.4000500000000001800 ) ) ;
#2587 = ORIENTED_EDGE ( 'NONE', *, *, #2476, .T. ) ;
#2588 = DIRECTION ( 'NONE',  ( 0.0000000000000000000, 0.0000000000000000000, 1.000000000000000000 ) ) ;
#2589 = DIRECTION ( 'NONE',  ( -1.000000000000000000, 0.0000000000000000000, 0.0000000000000000000 ) ) ;
#2590 = DIRECTION ( 'NONE',  ( -1.000000000000000000, 0.0000000000000000000, 0.0000000000000000000 ) ) ;
#2591 = EDGE_CURVE ( 'NONE', #1215, #781, #263, .T. ) ;
#2592 = ORIENTED_EDGE ( 'NONE', *, *, #2412, .T. ) ;
#2593 = PRESENTATION_STYLE_ASSIGNMENT (( #47 ) ) ;
#2594 = ORIENTED_EDGE ( 'NONE', *, *, #427, .F. ) ;
#2595 = DIRECTION ( 'NONE',  ( 0.0000000000000000000, 0.0000000000000000000, 1.000000000000000000 ) ) ;
#2596 = ORIENTED_EDGE ( 'NONE', *, *, #301, .F. ) ;
#2597 = ORIENTED_EDGE ( 'NONE', *, *, #3455, .F. ) ;
#2598 = CIRCLE ( 'NONE', #3255, 0.5461000000000002500 ) ;
#2599 = CARTESIAN_POINT ( 'NONE',  ( 2.074379112600000400, -1.397000000000000200, -0.4000500000000001800 ) ) ;
#2600 = EDGE_LOOP ( 'NONE', ( #2114, #3841, #460, #756, #1068 ) ) ;
#2601 = DIRECTION ( 'NONE',  ( 1.000000000000000000, 6.097874985857730400E-017, 0.0000000000000000000 ) ) ;
#2602 = ORIENTED_EDGE ( 'NONE', *, *, #1482, .T. ) ;
#2603 = CARTESIAN_POINT ( 'NONE',  ( 8.584373712600003300, -2.794000000000000500, 0.0000000000000000000 ) ) ;
#2604 = DIRECTION ( 'NONE',  ( -0.0000000000000000000, -1.000000000000000000, -0.0000000000000000000 ) ) ;
#2605 = DIRECTION ( 'NONE',  ( -1.000000000000000000, -1.707404996040164600E-015, -0.0000000000000000000 ) ) ;
#2606 = ORIENTED_EDGE ( 'NONE', *, *, #593, .T. ) ;
#2607 = AXIS2_PLACEMENT_3D ( 'NONE', #3218, #3249, #3500 ) ;
#2608 = VERTEX_POINT ( 'NONE', #2750 ) ;
#2609 = CYLINDRICAL_SURFACE ( 'NONE', #3734, 0.7302500000000000700 ) ;
#2610 = CARTESIAN_POINT ( 'NONE',  ( 0.7620000000000003400, -0.8890000000000001200, 0.0000000000000000000 ) ) ;
#2611 = DIRECTION ( 'NONE',  ( 0.0000000000000000000, 0.0000000000000000000, 1.000000000000000000 ) ) ;
#2612 = FACE_BOUND ( 'NONE', #3808, .T. ) ;
#2613 = ORIENTED_EDGE ( 'NONE', *, *, #1494, .F. ) ;
#2614 = VECTOR ( 'NONE', #3952, 1000.000000000000000 ) ;
#2615 = AXIS2_PLACEMENT_3D ( 'NONE', #2619, #2646, #2652 ) ;
#2616 = VECTOR ( 'NONE', #3864, 1000.000000000000000 ) ;
#2617 = EDGE_LOOP ( 'NONE', ( #388, #2813, #1321, #1796 ) ) ;
#2618 = CARTESIAN_POINT ( 'NONE',  ( 3.937000000000001200, 8.243097605060838000E-017, -0.6731000000000002500 ) ) ;
#2619 = CARTESIAN_POINT ( 'NONE',  ( 7.112000000000001000, 0.0000000000000000000, 0.0000000000000000000 ) ) ;
#2620 = EDGE_LOOP ( 'NONE', ( #3735, #1099, #306, #211 ) ) ;
#2621 = DIRECTION ( 'NONE',  ( -0.0000000000000000000, -1.000000000000000000, -0.0000000000000000000 ) ) ;
#2622 = ORIENTED_EDGE ( 'NONE', *, *, #2861, .T. ) ;
#2623 = LINE ( 'NONE', #3761, #842 ) ;
#2624 = CARTESIAN_POINT ( 'NONE',  ( 8.584373712600005000, -0.8940800000000002100, -0.5397500000000001700 ) ) ;
#2625 = ORIENTED_EDGE ( 'NONE', *, *, #1094, .T. ) ;
#2626 = CARTESIAN_POINT ( 'NONE',  ( 7.008772825200000300, 8.673617379884035500E-016, -2.540000000000000500 ) ) ;
#2627 = VECTOR ( 'NONE', #3474, 1000.000000000000000 ) ;
#2628 = DIRECTION ( 'NONE',  ( 0.0000000000000000000, -1.000000000000000000, -0.0000000000000000000 ) ) ;
#2629 = EDGE_LOOP ( 'NONE', ( #2542, #3346, #1944, #910 ) ) ;
#2630 = FACE_OUTER_BOUND ( 'NONE', #1646, .T. ) ;
#2631 = CYLINDRICAL_SURFACE ( 'NONE', #3483, 0.7302500000000000700 ) ;
#2632 = DIRECTION ( 'NONE',  ( -0.0000000000000000000, -1.000000000000000000, -0.0000000000000000000 ) ) ;
#2633 = DIRECTION ( 'NONE',  ( -0.0000000000000000000, 1.000000000000000000, 0.0000000000000000000 ) ) ;
#2634 = ORIENTED_EDGE ( 'NONE', *, *, #3369, .T. ) ;
#2635 = CIRCLE ( 'NONE', #3005, 0.7302500000000000700 ) ;
#2636 = EDGE_CURVE ( 'NONE', #3350, #1778, #3411, .T. ) ;
#2637 = EDGE_CURVE ( 'NONE', #3937, #8, #1666, .T. ) ;
#2638 = CARTESIAN_POINT ( 'NONE',  ( 3.504373712600001400, -2.794000000000000500, -1.270000000000000200 ) ) ;
#2639 = ORIENTED_EDGE ( 'NONE', *, *, #3234, .F. ) ;
#2640 = PRODUCT_DEFINITION_SHAPE ( 'NONE', 'NONE',  #4060 ) ;
#2641 = EDGE_CURVE ( 'NONE', #1992, #3128, #2529, .T. ) ;
#2642 = DIRECTION ( 'NONE',  ( 0.0000000000000000000, 0.0000000000000000000, 1.000000000000000000 ) ) ;
#2643 = ITEM_DEFINED_TRANSFORMATION ( 'NONE', 'NONE', #484,  #3665 ) ;
#2644 = DIRECTION ( 'NONE',  ( 0.0000000000000000000, 0.0000000000000000000, 1.000000000000000000 ) ) ;
#2645 = ORIENTED_EDGE ( 'NONE', *, *, #3569, .F. ) ;
#2646 = DIRECTION ( 'NONE',  ( 1.000000000000000000, -0.0000000000000000000, -0.0000000000000000000 ) ) ;
#2647 = FACE_OUTER_BOUND ( 'NONE', #3647, .T. ) ;
#2648 = ORIENTED_EDGE ( 'NONE', *, *, #552, .T. ) ;
#2649 = EDGE_CURVE ( 'NONE', #3476, #251, #76, .T. ) ;
#2650 = PRODUCT_DEFINITION_SHAPE ( 'NONE', 'NONE',  #4065 ) ;
#2651 = ORIENTED_EDGE ( 'NONE', *, *, #1504, .T. ) ;
#2652 = DIRECTION ( 'NONE',  ( 0.0000000000000000000, 0.0000000000000000000, 1.000000000000000000 ) ) ;
#2653 = AXIS2_PLACEMENT_3D ( 'NONE', #2385, #2435, #2491 ) ;
#2654 = ORIENTED_EDGE ( 'NONE', *, *, #1834, .F. ) ;
#2655 = DIRECTION ( 'NONE',  ( -1.000000000000000000, -0.0000000000000000000, -0.0000000000000000000 ) ) ;
#2656 = CARTESIAN_POINT ( 'NONE',  ( 1.549400000000000600, -0.7428687200000001500, 0.7428687200000001500 ) ) ;
#2657 = DIRECTION ( 'NONE',  ( -0.3420201333319470300, 0.0000000000000000000, 0.9396926244233255700 ) ) ;
#2658 = ORIENTED_EDGE ( 'NONE', *, *, #3330, .T. ) ;
#2659 = DIRECTION ( 'NONE',  ( -1.000000000000000000, 0.0000000000000000000, 0.0000000000000000000 ) ) ;
#2660 = DIRECTION ( 'NONE',  ( -1.000000000000000000, -3.970709293116661000E-016, -0.0000000000000000000 ) ) ;
#2661 = ORIENTED_EDGE ( 'NONE', *, *, #1494, .T. ) ;
#2662 = VECTOR ( 'NONE', #2309, 1000.000000000000000 ) ;
#2663 = EDGE_CURVE ( 'NONE', #3842, #1462, #1571, .T. ) ;
#2664 = AXIS2_PLACEMENT_3D ( 'NONE', #2512, #2501, #2495 ) ;
#2665 = FACE_OUTER_BOUND ( 'NONE', #2756, .T. ) ;
#2666 = EDGE_LOOP ( 'NONE', ( #2189, #3580 ) ) ;
#2667 = DIRECTION ( 'NONE',  ( 0.3420201333319472000, 0.0000000000000000000, 0.9396926244233254600 ) ) ;
#2668 = ORIENTED_EDGE ( 'NONE', *, *, #3386, .F. ) ;
#2669 = CARTESIAN_POINT ( 'NONE',  ( 7.112000000000001000, 0.2540000000000000600, 3.110602869834306000E-017 ) ) ;
#2670 = CARTESIAN_POINT ( 'NONE',  ( 8.584373712600005000, -0.8940800000000001000, -0.3200400000000000500 ) ) ;
#2671 = FACE_OUTER_BOUND ( 'NONE', #1009, .T. ) ;
#2672 = CARTESIAN_POINT ( 'NONE',  ( 0.7620000000000001200, 0.8890000000000001200, 1.088711004441997200E-016 ) ) ;
#2673 = EDGE_CURVE ( 'NONE', #3078, #3011, #768, .T. ) ;
#2674 = VERTEX_POINT ( 'NONE', #148 ) ;
#2675 = CARTESIAN_POINT ( 'NONE',  ( 16.20437371260000200, -0.8940800000000001000, -1.270000000000000200 ) ) ;
#2676 = CARTESIAN_POINT ( 'NONE',  ( 7.112000000000001900, -0.2540000000000000600, 0.0000000000000000000 ) ) ;
#2677 = ORIENTED_EDGE ( 'NONE', *, *, #628, .T. ) ;
#2678 = ORIENTED_EDGE ( 'NONE', *, *, #3085, .T. ) ;
#2679 = CARTESIAN_POINT ( 'NONE',  ( 8.584373712600003300, -2.794000000000000500, -2.540000000000000500 ) ) ;
#2680 = LINE ( 'NONE', #672, #2575 ) ;
#2681 = ORIENTED_EDGE ( 'NONE', *, *, #1216, .F. ) ;
#2682 = EDGE_LOOP ( 'NONE', ( #1700, #574, #3863, #1683, #1811, #2345 ) ) ;
#2683 = CARTESIAN_POINT ( 'NONE',  ( 13.66437371259999800, -2.794000000000000500, -1.270000000000000200 ) ) ;
#2684 = DIRECTION ( 'NONE',  ( 1.000000000000000000, 0.0000000000000000000, 0.0000000000000000000 ) ) ;
#2685 = CYLINDRICAL_SURFACE ( 'NONE', #1672, 0.9499600000000002500 ) ;
#2686 = FACE_OUTER_BOUND ( 'NONE', #1438, .T. ) ;
#2687 = ORIENTED_EDGE ( 'NONE', *, *, #500, .F. ) ;
#2688 = AXIS2_PLACEMENT_3D ( 'NONE', #1146, #1084, #15 ) ;
#2689 = DIRECTION ( 'NONE',  ( -0.0000000000000000000, 1.000000000000000000, 0.0000000000000000000 ) ) ;
#2690 = ORIENTED_EDGE ( 'NONE', *, *, #2340, .T. ) ;
#2691 = CARTESIAN_POINT ( 'NONE',  ( 3.708400000000001000, 0.0000000000000000000, 0.0000000000000000000 ) ) ;
#2692 = ORIENTED_EDGE ( 'NONE', *, *, #2064, .F. ) ;
#2693 = DIRECTION ( 'NONE',  ( -0.0000000000000000000, -1.000000000000000000, -0.0000000000000000000 ) ) ;
#2694 = ORIENTED_EDGE ( 'NONE', *, *, #2, .T. ) ;
#2695 = VERTEX_POINT ( 'NONE', #221 ) ;
#2696 = AXIS2_PLACEMENT_3D ( 'NONE', #4020, #423, #6 ) ;
#2697 = ORIENTED_EDGE ( 'NONE', *, *, #2443, .T. ) ;
#2698 = DIRECTION ( 'NONE',  ( 0.0000000000000000000, 0.0000000000000000000, -1.000000000000000000 ) ) ;
#2699 = DIRECTION ( 'NONE',  ( -1.000000000000000000, 0.0000000000000000000, 0.0000000000000000000 ) ) ;
#2700 = LINE ( 'NONE', #1241, #3465 ) ;
#2701 = EDGE_LOOP ( 'NONE', ( #2556, #2759, #2912, #3990, #2577 ) ) ;
#2702 = DIRECTION ( 'NONE',  ( 0.0000000000000000000, -1.000000000000000000, -0.0000000000000000000 ) ) ;
#2703 = ORIENTED_EDGE ( 'NONE', *, *, #382, .T. ) ;
#2704 = DIRECTION ( 'NONE',  ( -0.0000000000000000000, -0.0000000000000000000, -1.000000000000000000 ) ) ;
#2705 =( NAMED_UNIT ( * ) PLANE_ANGLE_UNIT ( ) SI_UNIT ( $, .RADIAN. ) );
#2706 = EDGE_CURVE ( 'NONE', #613, #1302, #3210, .T. ) ;
#2707 = PLANE ( 'NONE',  #3362 ) ;
#2708 = ORIENTED_EDGE ( 'NONE', *, *, #2861, .F. ) ;
#2709 = CARTESIAN_POINT ( 'NONE',  ( 17.31435371260000300, -2.794000000000000500, -0.4000500000000001800 ) ) ;
#2710 = CARTESIAN_POINT ( 'NONE',  ( 7.154379111330003500, -2.794000000000000500, -2.139950000000000700 ) ) ;
#2711 = ORIENTED_EDGE ( 'NONE', *, *, #1834, .T. ) ;
#2712 = FACE_OUTER_BOUND ( 'NONE', #2898, .T. ) ;
#2713 = ADVANCED_FACE ( 'NONE', ( #3313 ), #538, .T. ) ;
#2714 = PLANE ( 'NONE',  #783 ) ;
#2715 = VECTOR ( 'NONE', #1782, 1000.000000000000000 ) ;
#2716 = DIRECTION ( 'NONE',  ( -0.0000000000000000000, 1.000000000000000000, 0.0000000000000000000 ) ) ;
#2717 = ORIENTED_EDGE ( 'NONE', *, *, #1347, .T. ) ;
#2718 = EDGE_CURVE ( 'NONE', #2572, #2674, #3105, .T. ) ;
#2719 = VECTOR ( 'NONE', #3653, 1000.000000000000000 ) ;
#2720 = CARTESIAN_POINT ( 'NONE',  ( 14.62877282202500400, -2.794000000000000500, -2.540000000000000500 ) ) ;
#2721 = LINE ( 'NONE', #3958, #246 ) ;
#2722 = EDGE_LOOP ( 'NONE', ( #1365, #23, #2905, #1777 ) ) ;
#2723 = EDGE_CURVE ( 'NONE', #2754, #45, #2224, .T. ) ;
#2724 = VECTOR ( 'NONE', #1184, 1000.000000000000000 ) ;
#2725 = MECHANICAL_DESIGN_GEOMETRIC_PRESENTATION_REPRESENTATION (  '', ( #2285 ), #2957 ) ;
#2726 = EDGE_CURVE ( 'NONE', #3113, #594, #3951, .T. ) ;
#2727 = ORIENTED_EDGE ( 'NONE', *, *, #3256, .T. ) ;
#2728 = DIRECTION ( 'NONE',  ( -1.000000000000000000, 0.0000000000000000000, 0.0000000000000000000 ) ) ;
#2729 = FACE_OUTER_BOUND ( 'NONE', #1728, .T. ) ;
#2730 = CARTESIAN_POINT ( 'NONE',  ( 8.584373712600003300, -2.794000000000000500, -2.540000000000000500 ) ) ;
#2731 = ORIENTED_EDGE ( 'NONE', *, *, #2706, .T. ) ;
#2732 = CARTESIAN_POINT ( 'NONE',  ( 7.008772825200000300, -2.794000000000000500, -2.540000000000000500 ) ) ;
#2733 = LINE ( 'NONE', #3025, #3404 ) ;
#2734 = EDGE_CURVE ( 'NONE', #2916, #3568, #1469, .T. ) ;
#2735 = DIRECTION ( 'NONE',  ( 1.000000000000000000, -0.0000000000000000000, -0.0000000000000000000 ) ) ;
#2736 = CARTESIAN_POINT ( 'NONE',  ( 4.934368312600002000, 0.0000000000000000000, -2.139950000000000700 ) ) ;
#2737 = ORIENTED_EDGE ( 'NONE', *, *, #2328, .F. ) ;
#2738 = LINE ( 'NONE', #1382, #1852 ) ;
#2739 = CIRCLE ( 'NONE', #2834, 0.7302500000000000700 ) ;
#2740 = AXIS2_PLACEMENT_3D ( 'NONE', #3408, #3748, #643 ) ;
#2741 = ADVANCED_FACE ( 'NONE', ( #586 ), #3303, .F. ) ;
#2742 = ORIENTED_EDGE ( 'NONE', *, *, #3252, .T. ) ;
#2743 = DIRECTION ( 'NONE',  ( 1.000000000000000000, 0.0000000000000000000, 0.0000000000000000000 ) ) ;
#2744 = FACE_BOUND ( 'NONE', #3288, .T. ) ;
#2745 = CARTESIAN_POINT ( 'NONE',  ( 17.47437371260000600, 0.0000000000000000000, -2.139950000000000700 ) ) ;
#2746 = CARTESIAN_POINT ( 'NONE',  ( 7.366000000000001400, 0.0000000000000000000, 0.0000000000000000000 ) ) ;
#2747 = VERTEX_POINT ( 'NONE', #2042 ) ;
#2748 = DIRECTION ( 'NONE',  ( 1.000000000000000000, -0.0000000000000000000, 0.0000000000000000000 ) ) ;
#2749 = DIRECTION ( 'NONE',  ( 0.0000000000000000000, 0.0000000000000000000, 1.000000000000000000 ) ) ;
#2750 = CARTESIAN_POINT ( 'NONE',  ( 16.20437371260000200, -0.8940800000000002100, -0.5397500000000001700 ) ) ;
#2751 = CARTESIAN_POINT ( 'NONE',  ( 11.12437371260000200, -0.8940800000000001000, -1.270000000000000200 ) ) ;
#2752 = CONTEXT_DEPENDENT_SHAPE_REPRESENTATION ( #3233, #2640 ) ;
#2753 = AXIS2_PLACEMENT_3D ( 'NONE', #3064, #2926, #2728 ) ;
#2754 = VERTEX_POINT ( 'NONE', #3610 ) ;
#2755 = DIRECTION ( 'NONE',  ( 1.219574997171545800E-016, -1.000000000000000000, 0.0000000000000000000 ) ) ;
#2756 = EDGE_LOOP ( 'NONE', ( #2380, #1060, #2104, #3084 ) ) ;
#2757 = EDGE_LOOP ( 'NONE', ( #1358, #812 ) ) ;
#2758 = CARTESIAN_POINT ( 'NONE',  ( 4.358614600000001000, -0.5095227300000002600, -0.2547613650000000200 ) ) ;
#2759 = ORIENTED_EDGE ( 'NONE', *, *, #1076, .T. ) ;
#2760 = EDGE_CURVE ( 'NONE', #86, #1912, #3004, .T. ) ;
#2761 = DIRECTION ( 'NONE',  ( 0.0000000000000000000, 0.0000000000000000000, -1.000000000000000000 ) ) ;
#2762 = ADVANCED_FACE ( 'NONE', ( #1379 ), #3074, .T. ) ;
#2763 = DIRECTION ( 'NONE',  ( -1.000000000000000000, 0.0000000000000000000, 0.0000000000000000000 ) ) ;
#2764 = EDGE_LOOP ( 'NONE', ( #2692, #3945 ) ) ;
#2765 = CARTESIAN_POINT ( 'NONE',  ( 8.584373712600003300, -2.794000000000000500, -2.540000000000000500 ) ) ;
#2766 = ORIENTED_EDGE ( 'NONE', *, *, #2407, .F. ) ;
#2767 = AXIS2_PLACEMENT_3D ( 'NONE', #3014, #519, #2749 ) ;
#2768 = CONICAL_SURFACE ( 'NONE', #361, 0.5461000000000002500, 0.7853981633974481700 ) ;
#2769 = DIRECTION ( 'NONE',  ( 0.0000000000000000000, 1.000000000000000000, 0.0000000000000000000 ) ) ;
#2770 = LINE ( 'NONE', #3935, #288 ) ;
#2771 = CARTESIAN_POINT ( 'NONE',  ( 15.23997460000000500, -1.397000000000000200, 0.0000000000000000000 ) ) ;
#2772 = EDGE_LOOP ( 'NONE', ( #1918, #3180 ) ) ;
#2773 = PRESENTATION_STYLE_ASSIGNMENT (( #4056 ) ) ;
#2774 = DIRECTION ( 'NONE',  ( -1.000000000000000000, 0.0000000000000000000, 0.0000000000000000000 ) ) ;
#2775 = AXIS2_PLACEMENT_3D ( 'NONE', #1634, #1715, #1730 ) ;
#2776 = ORIENTED_EDGE ( 'NONE', *, *, #1545, .T. ) ;
#2777 = EDGE_CURVE ( 'NONE', #1215, #2089, #2121, .T. ) ;
#2778 = FACE_OUTER_BOUND ( 'NONE', #3008, .T. ) ;
#2779 = ORIENTED_EDGE ( 'NONE', *, *, #1676, .F. ) ;
#2780 = SHAPE_REPRESENTATION ( 'P3XX-11-010-00-000000_P307-11-010-00-000000', ( #3665 ), #228 ) ;
#2781 = ADVANCED_FACE ( 'NONE', ( #2903 ), #3645, .T. ) ;
#2782 = VERTEX_POINT ( 'NONE', #3869 ) ;
#2783 = AXIS2_PLACEMENT_3D ( 'NONE', #2538, #3637, #3382 ) ;
#2784 = LINE ( 'NONE', #1790, #1800 ) ;
#2785 = ORIENTED_EDGE ( 'NONE', *, *, #2314, .F. ) ;
#2786 = EDGE_LOOP ( 'NONE', ( #956, #2893, #601, #3422 ) ) ;
#2787 = DIRECTION ( 'NONE',  ( -0.9396926244233274600, 0.0000000000000000000, 0.3420201333319417600 ) ) ;
#2788 = CIRCLE ( 'NONE', #3425, 0.2539999981768812400 ) ;
#2789 = EDGE_CURVE ( 'NONE', #1853, #1302, #1179, .T. ) ;
#2790 = ORIENTED_EDGE ( 'NONE', *, *, #1561, .F. ) ;
#2791 = VECTOR ( 'NONE', #4002, 1000.000000000000000 ) ;
#2792 = CARTESIAN_POINT ( 'NONE',  ( 7.112000000000001000, -0.2540000000000001100, -0.5080000000000003400 ) ) ;
#2793 = CARTESIAN_POINT ( 'NONE',  ( 12.08877282583500300, -2.794000000000000500, -2.540000000000000500 ) ) ;
#2794 = ORIENTED_EDGE ( 'NONE', *, *, #16, .F. ) ;
#2795 = ORIENTED_EDGE ( 'NONE', *, *, #3416, .T. ) ;
#2796 = AXIS2_PLACEMENT_3D ( 'NONE', #782, #3995, #544 ) ;
#2797 = PRODUCT_DEFINITION_CONTEXT ( 'detailed design', #1898, 'design' ) ;
#2798 = EDGE_LOOP ( 'NONE', ( #444, #923, #3325, #3988 ) ) ;
#2799 = CARTESIAN_POINT ( 'NONE',  ( 4.614379110060000700, -2.794000000000000500, -2.139950000000000700 ) ) ;
#2800 = CARTESIAN_POINT ( 'NONE',  ( 0.2349500000000001000, 0.0000000000000000000, 0.5461000000000002500 ) ) ;
#2801 = VERTEX_POINT ( 'NONE', #2902 ) ;
#2802 = DIRECTION ( 'NONE',  ( 0.0000000000000000000, 0.0000000000000000000, 1.000000000000000000 ) ) ;
#2803 = ADVANCED_FACE ( 'NONE', ( #2018 ), #686, .F. ) ;
#2804 = EDGE_LOOP ( 'NONE', ( #2785, #2024, #2766, #3298 ) ) ;
#2805 = CARTESIAN_POINT ( 'NONE',  ( 6.044373712600002300, -0.8940800000000002100, -0.5397500000000001700 ) ) ;
#2806 = ORIENTED_EDGE ( 'NONE', *, *, #2988, .T. ) ;
#2807 = EDGE_CURVE ( 'NONE', #2487, #2370, #1291, .T. ) ;
#2808 = DIRECTION ( 'NONE',  ( 0.0000000000000000000, 0.0000000000000000000, 1.000000000000000000 ) ) ;
#2809 = VECTOR ( 'NONE', #1735, 999.9999999999998900 ) ;
#2810 = AXIS2_PLACEMENT_3D ( 'NONE', #579, #558, #531 ) ;
#2811 = ORIENTED_EDGE ( 'NONE', *, *, #1431, .T. ) ;
#2812 = EDGE_CURVE ( 'NONE', #3962, #651, #1908, .T. ) ;
#2813 = ORIENTED_EDGE ( 'NONE', *, *, #2641, .F. ) ;
#2814 = CARTESIAN_POINT ( 'NONE',  ( 4.191761365000001400, 0.0000000000000000000, -0.4216146000000001200 ) ) ;
#2815 = DIRECTION ( 'NONE',  ( 0.3420201333319417600, 0.0000000000000000000, -0.9396926244233274600 ) ) ;
#2816 = ORIENTED_EDGE ( 'NONE', *, *, #813, .F. ) ;
#2817 = EDGE_CURVE ( 'NONE', #1649, #2961, #1089, .T. ) ;
#2818 = STYLED_ITEM ( 'NONE', ( #2773 ), #1182 ) ;
#2819 = CARTESIAN_POINT ( 'NONE',  ( 2.539974600000001200, 0.0000000000000000000, 0.0000000000000000000 ) ) ;
#2820 = VERTEX_POINT ( 'NONE', #965 ) ;
#2821 = LINE ( 'NONE', #4046, #3572 ) ;
#2822 = FACE_OUTER_BOUND ( 'NONE', #1720, .T. ) ;
#2823 = ADVANCED_FACE ( 'NONE', ( #305 ), #2218, .F. ) ;
#2824 = DIRECTION ( 'NONE',  ( 0.0000000000000000000, 1.000000000000000000, 0.0000000000000000000 ) ) ;
#2825 = ORIENTED_EDGE ( 'NONE', *, *, #548, .F. ) ;
#2826 = LINE ( 'NONE', #395, #2719 ) ;
#2827 = VECTOR ( 'NONE', #3227, 1000.000000000000000 ) ;
#2828 = ORIENTED_EDGE ( 'NONE', *, *, #3256, .F. ) ;
#2829 = LINE ( 'NONE', #1353, #2724 ) ;
#2830 = DIRECTION ( 'NONE',  ( 0.0000000000000000000, 0.0000000000000000000, 1.000000000000000000 ) ) ;
#2831 = ORIENTED_EDGE ( 'NONE', *, *, #1614, .T. ) ;
#2832 = VECTOR ( 'NONE', #2743, 1000.000000000000000 ) ;
#2833 = CARTESIAN_POINT ( 'NONE',  ( 0.7620000000000001200, 0.8890000000000001200, 1.088711004441997200E-016 ) ) ;
#2834 = AXIS2_PLACEMENT_3D ( 'NONE', #982, #941, #1593 ) ;
#2835 = ORIENTED_EDGE ( 'NONE', *, *, #2718, .T. ) ;
#2836 = CARTESIAN_POINT ( 'NONE',  ( 13.66437371259999800, -0.8940800000000001000, -2.219960000000000800 ) ) ;
#2837 = CONICAL_SURFACE ( 'NONE', #576, 0.4191000000000001400, 0.7853981633974487200 ) ;
#2838 = DIRECTION ( 'NONE',  ( -0.3420201333319416400, 0.0000000000000000000, 0.9396926244233274600 ) ) ;
#2839 = DIRECTION ( 'NONE',  ( -0.0000000000000000000, 1.000000000000000000, 0.0000000000000000000 ) ) ;
#2840 = ORIENTED_EDGE ( 'NONE', *, *, #1831, .F. ) ;
#2841 = VECTOR ( 'NONE', #1160, 1000.000000000000000 ) ;
#2842 = VECTOR ( 'NONE', #1335, 1000.000000000000000 ) ;
#2843 = CARTESIAN_POINT ( 'NONE',  ( 4.191761365000001400, -0.8432292254000003400, -0.4216146000000001200 ) ) ;
#2844 = VERTEX_POINT ( 'NONE', #658 ) ;
#2845 = ADVANCED_FACE ( 'NONE', ( #992 ), #81, .T. ) ;
#2846 = LINE ( 'NONE', #1924, #1237 ) ;
#2847 = ORIENTED_EDGE ( 'NONE', *, *, #4030, .F. ) ;
#2848 = CARTESIAN_POINT ( 'NONE',  ( 7.366000000000002300, 0.0000000000000000000, 0.0000000000000000000 ) ) ;
#2849 = ORIENTED_EDGE ( 'NONE', *, *, #3396, .F. ) ;
#2850 = CARTESIAN_POINT ( 'NONE',  ( 17.39436371260000400, -2.794000000000000500, -2.139950000000000700 ) ) ;
#2851 = DIRECTION ( 'NONE',  ( 0.0000000000000000000, 0.0000000000000000000, 1.000000000000000000 ) ) ;
#2852 =( NAMED_UNIT ( * ) SI_UNIT ( $, .STERADIAN. ) SOLID_ANGLE_UNIT ( ) );
#2853 = AXIS2_PLACEMENT_3D ( 'NONE', #1457, #2787, #1121 ) ;
#2854 = ORIENTED_EDGE ( 'NONE', *, *, #3319, .F. ) ;
#2855 = PLANE ( 'NONE',  #2753 ) ;
#2856 = ORIENTED_EDGE ( 'NONE', *, *, #556, .F. ) ;
#2857 = CARTESIAN_POINT ( 'NONE',  ( 6.044373707781799600, 0.0000000000000000000, -1.270000000000005600 ) ) ;
#2858 = LINE ( 'NONE', #68, #1981 ) ;
#2859 = ORIENTED_EDGE ( 'NONE', *, *, #203, .F. ) ;
#2860 = EDGE_CURVE ( 'NONE', #1300, #2608, #216, .T. ) ;
#2861 = EDGE_CURVE ( 'NONE', #1527, #2537, #1805, .T. ) ;
#2862 = ORIENTED_EDGE ( 'NONE', *, *, #1010, .T. ) ;
#2863 = CARTESIAN_POINT ( 'NONE',  ( 6.044373712600002300, -2.794000000000000500, -1.270000000000000200 ) ) ;
#2864 = CARTESIAN_POINT ( 'NONE',  ( 10.01436831260000400, -1.397000000000000200, -2.139950000000000700 ) ) ;
#2865 = EDGE_CURVE ( 'NONE', #413, #887, #3450, .T. ) ;
#2866 = ADVANCED_FACE ( 'NONE', ( #2686 ), #2514, .T. ) ;
#2867 = ORIENTED_EDGE ( 'NONE', *, *, #692, .T. ) ;
#2868 = VECTOR ( 'NONE', #2455, 1000.000000000000100 ) ;
#2869 = DIRECTION ( 'NONE',  ( 0.0000000000000000000, 0.0000000000000000000, 1.000000000000000000 ) ) ;
#2870 = EDGE_CURVE ( 'NONE', #1853, #391, #123, .T. ) ;
#2871 = CARTESIAN_POINT ( 'NONE',  ( 4.774373712600001900, -2.794000000000000500, -0.4000500000000001800 ) ) ;
#2872 = ORIENTED_EDGE ( 'NONE', *, *, #354, .T. ) ;
#2873 = FACE_OUTER_BOUND ( 'NONE', #2701, .T. ) ;
#2874 = DIRECTION ( 'NONE',  ( -0.0000000000000000000, 1.000000000000000000, 0.0000000000000000000 ) ) ;
#2875 = DIRECTION ( 'NONE',  ( -1.000000000000000000, 0.0000000000000000000, 0.0000000000000000000 ) ) ;
#2876 = CIRCLE ( 'NONE', #7, 0.9499600000000002500 ) ;
#2877 = ORIENTED_EDGE ( 'NONE', *, *, #1626, .F. ) ;
#2878 = CIRCLE ( 'NONE', #2157, 0.9499600000000002500 ) ;
#2879 = CARTESIAN_POINT ( 'NONE',  ( -0.3056262874000000900, 0.0000000000000000000, -1.270000000000000500 ) ) ;
#2880 = CARTESIAN_POINT ( 'NONE',  ( 4.190999998906130000, 0.0000000000000000000, -0.4063999924172854200 ) ) ;
#2881 = DIRECTION ( 'NONE',  ( -0.3420201333319470300, 0.0000000000000000000, 0.9396926244233255700 ) ) ;
#2882 = VERTEX_POINT ( 'NONE', #2497 ) ;
#2883 = CARTESIAN_POINT ( 'NONE',  ( 12.69997460000000300, -1.397000000000000200, 0.0000000000000000000 ) ) ;
#2884 = FACE_OUTER_BOUND ( 'NONE', #369, .T. ) ;
#2885 = ORIENTED_EDGE ( 'NONE', *, *, #928, .T. ) ;
#2886 = CARTESIAN_POINT ( 'NONE',  ( 2.394368312600001000, 0.0000000000000000000, -2.139950000000000700 ) ) ;
#2887 = EDGE_LOOP ( 'NONE', ( #3144, #2677, #1153, #784 ) ) ;
#2888 = APPLICATION_CONTEXT ( 'automotive_design' ) ;
#2889 = ADVANCED_FACE ( 'NONE', ( #2471 ), #27, .F. ) ;
#2890 = ORIENTED_EDGE ( 'NONE', *, *, #1638, .F. ) ;
#2891 = EDGE_CURVE ( 'NONE', #63, #3147, #806, .T. ) ;
#2892 = DIRECTION ( 'NONE',  ( -0.0000000000000000000, 1.000000000000000000, 0.0000000000000000000 ) ) ;
#2893 = ORIENTED_EDGE ( 'NONE', *, *, #274, .T. ) ;
#2894 = LINE ( 'NONE', #2066, #1902 ) ;
#2895 = CARTESIAN_POINT ( 'NONE',  ( 8.584373712600003300, -2.794000000000000500, 0.0000000000000000000 ) ) ;
#2896 = AXIS2_PLACEMENT_3D ( 'NONE', #2683, #2874, #2802 ) ;
#2897 = DIRECTION ( 'NONE',  ( 0.0000000000000000000, 1.000000000000000000, 0.0000000000000000000 ) ) ;
#2898 = EDGE_LOOP ( 'NONE', ( #2428, #1313, #1780, #2161 ) ) ;
#2899 = VECTOR ( 'NONE', #591, 1000.000000000000100 ) ;
#2900 = DIRECTION ( 'NONE',  ( -0.3420201333319362600, 0.0000000000000000000, -0.9396926244233294600 ) ) ;
#2901 = VERTEX_POINT ( 'NONE', #3475 ) ;
#2902 = CARTESIAN_POINT ( 'NONE',  ( 15.23997460000000500, -3.252606517456513300E-016, -2.540000000000000500 ) ) ;
#2903 = FACE_OUTER_BOUND ( 'NONE', #40, .T. ) ;
#2904 = DIRECTION ( 'NONE',  ( -0.0000000000000000000, -1.000000000000000000, -0.0000000000000000000 ) ) ;
#2905 = ORIENTED_EDGE ( 'NONE', *, *, #2, .F. ) ;
#2906 = EDGE_LOOP ( 'NONE', ( #1459, #1103, #1692, #2994 ) ) ;
#2907 = EDGE_CURVE ( 'NONE', #3661, #3531, #2368, .T. ) ;
#2908 = ORIENTED_EDGE ( 'NONE', *, *, #1623, .T. ) ;
#2909 =( REPRESENTATION_RELATIONSHIP ('NONE','NONE', #1655, #2780 ) REPRESENTATION_RELATIONSHIP_WITH_TRANSFORMATION ( #458 )SHAPE_REPRESENTATION_RELATIONSHIP( ) );
#2910 = CARTESIAN_POINT ( 'NONE',  ( 4.254999795800000800, 0.0000000000000000000, -0.2443651958000000500 ) ) ;
#2911 = VERTEX_POINT ( 'NONE', #1222 ) ;
#2912 = ORIENTED_EDGE ( 'NONE', *, *, #811, .T. ) ;
#2913 = DIRECTION ( 'NONE',  ( -1.000000000000000000, -0.0000000000000000000, -0.0000000000000000000 ) ) ;
#2914 = ORIENTED_EDGE ( 'NONE', *, *, #3305, .T. ) ;
#2915 = DIRECTION ( 'NONE',  ( -1.000000000000000000, -1.524468746464432000E-016, -0.0000000000000000000 ) ) ;
#2916 = VERTEX_POINT ( 'NONE', #3157 ) ;
#2917 = AXIS2_PLACEMENT_3D ( 'NONE', #584, #879, #2432 ) ;
#2918 = EDGE_LOOP ( 'NONE', ( #1743, #2185, #2119, #3670 ) ) ;
#2919 = DIRECTION ( 'NONE',  ( -0.9396926244233255700, 0.0000000000000000000, -0.3420201333319470300 ) ) ;
#2920 = FACE_BOUND ( 'NONE', #3390, .T. ) ;
#2921 = VERTEX_POINT ( 'NONE', #625 ) ;
#2922 = EDGE_LOOP ( 'NONE', ( #2080, #2227 ) ) ;
#2923 = CARTESIAN_POINT ( 'NONE',  ( 16.20436101260000300, 0.0000000000000000000, 0.0000000000000000000 ) ) ;
#2924 = DIRECTION ( 'NONE',  ( -1.000000000000000000, -0.0000000000000000000, -0.0000000000000000000 ) ) ;
#2925 = VERTEX_POINT ( 'NONE', #909 ) ;
#2926 = DIRECTION ( 'NONE',  ( 0.0000000000000000000, 0.0000000000000000000, -1.000000000000000000 ) ) ;
#2927 = ORIENTED_EDGE ( 'NONE', *, *, #1762, .T. ) ;
#2928 = LINE ( 'NONE', #3704, #2045 ) ;
#2929 = CARTESIAN_POINT ( 'NONE',  ( 17.16874742520000700, -1.397000000000000200, 0.0000000000000000000 ) ) ;
#2930 = VECTOR ( 'NONE', #356, 1000.000000000000000 ) ;
#2931 = CARTESIAN_POINT ( 'NONE',  ( 15.09436831259999900, -1.397000000000000200, -2.139950000000000700 ) ) ;
#2932 = ORIENTED_EDGE ( 'NONE', *, *, #697, .F. ) ;
#2933 = CIRCLE ( 'NONE', #1434, 0.6731000000000002500 ) ;
#2934 = EDGE_CURVE ( 'NONE', #1410, #3481, #1710, .T. ) ;
#2935 = DIRECTION ( 'NONE',  ( 0.0000000000000000000, 0.0000000000000000000, 1.000000000000000000 ) ) ;
#2936 = LINE ( 'NONE', #3243, #3682 ) ;
#2937 = VERTEX_POINT ( 'NONE', #3772 ) ;
#2938 = VECTOR ( 'NONE', #1667, 1000.000000000000000 ) ;
#2939 = VERTEX_POINT ( 'NONE', #1821 ) ;
#2940 = CARTESIAN_POINT ( 'NONE',  ( 10.01436831260000400, -7.589415207398531000E-016, -0.4000500000000001300 ) ) ;
#2941 = CARTESIAN_POINT ( 'NONE',  ( 1.549400000000000600, 0.7112000000000001700, 8.709688035535978200E-017 ) ) ;
#2942 = EDGE_LOOP ( 'NONE', ( #752, #3292, #2162, #2999 ) ) ;
#2943 = ORIENTED_EDGE ( 'NONE', *, *, #813, .T. ) ;
#2944 = CARTESIAN_POINT ( 'NONE',  ( 11.12437371260000200, -0.8940800000000001000, -1.270000000000000200 ) ) ;
#2945 = PLANE ( 'NONE',  #134 ) ;
#2946 = DIRECTION ( 'NONE',  ( -0.0000000000000000000, -1.000000000000000000, -0.0000000000000000000 ) ) ;
#2947 = FACE_OUTER_BOUND ( 'NONE', #2617, .T. ) ;
#2948 = EDGE_LOOP ( 'NONE', ( #1278, #107, #2703, #1387, #2847 ) ) ;
#2949 = CARTESIAN_POINT ( 'NONE',  ( 7.008772825200000300, -1.397000000000000200, -2.540000000000000500 ) ) ;
#2950 = EDGE_CURVE ( 'NONE', #2235, #1773, #3259, .T. ) ;
#2951 = LINE ( 'NONE', #3028, #2841 ) ;
#2952 = EDGE_LOOP ( 'NONE', ( #3967, #1895, #1654, #571, #3963 ) ) ;
#2953 = DIRECTION ( 'NONE',  ( 0.0000000000000000000, 0.0000000000000000000, 1.000000000000000000 ) ) ;
#2954 = LINE ( 'NONE', #1006, #3697 ) ;
#2955 = EDGE_CURVE ( 'NONE', #3534, #2560, #1615, .T. ) ;
#2956 = CARTESIAN_POINT ( 'NONE',  ( 8.584373712600003300, 0.0000000000000000000, -0.4000500000000001800 ) ) ;
#2957 =( GEOMETRIC_REPRESENTATION_CONTEXT ( 3 ) GLOBAL_UNCERTAINTY_ASSIGNED_CONTEXT ( ( #1292 ) ) GLOBAL_UNIT_ASSIGNED_CONTEXT ( ( #2181, #343, #2502 ) ) REPRESENTATION_CONTEXT ( 'NONE', 'WORKASPACE' ) );
#2958 = EDGE_CURVE ( 'NONE', #2168, #3332, #2273, .T. ) ;
#2959 = VECTOR ( 'NONE', #1608, 1000.000000000000000 ) ;
#2960 = ORIENTED_EDGE ( 'NONE', *, *, #1714, .F. ) ;
#2961 = VERTEX_POINT ( 'NONE', #3759 ) ;
#2962 = DIRECTION ( 'NONE',  ( 0.0000000000000000000, -1.000000000000000000, -0.0000000000000000000 ) ) ;
#2963 = DIRECTION ( 'NONE',  ( -0.0000000000000000000, -1.000000000000000000, -0.0000000000000000000 ) ) ;
#2964 = EDGE_CURVE ( 'NONE', #371, #1979, #720, .T. ) ;
#2965 = ORIENTED_EDGE ( 'NONE', *, *, #2777, .F. ) ;
#2966 = DIRECTION ( 'NONE',  ( 4.928923856493303300E-014, 0.0000000000000000000, 1.000000000000000000 ) ) ;
#2967 = ORIENTED_EDGE ( 'NONE', *, *, #3110, .T. ) ;
#2968 = ORIENTED_EDGE ( 'NONE', *, *, #2958, .F. ) ;
#2969 = CARTESIAN_POINT ( 'NONE',  ( 1.355252715606880500E-017, -2.794000000000000500, 0.0000000000000000000 ) ) ;
#2970 = VECTOR ( 'NONE', #103, 1000.000000000000000 ) ;
#2971 = CARTESIAN_POINT ( 'NONE',  ( 16.20437371260000200, -2.794000000000000500, -1.270000000000000200 ) ) ;
#2972 = VERTEX_POINT ( 'NONE', #1189 ) ;
#2973 = CARTESIAN_POINT ( 'NONE',  ( 12.23437911260000500, -2.794000000000000500, -0.4000500000000001800 ) ) ;
#2974 = ORIENTED_EDGE ( 'NONE', *, *, #237, .T. ) ;
#2975 = DIRECTION ( 'NONE',  ( 0.0000000000000000000, 0.0000000000000000000, 1.000000000000000000 ) ) ;
#2976 = DIRECTION ( 'NONE',  ( 0.0000000000000000000, 0.0000000000000000000, 1.000000000000000000 ) ) ;
#2977 = DIRECTION ( 'NONE',  ( -0.0000000000000000000, 1.000000000000000000, 0.0000000000000000000 ) ) ;
#2978 = CARTESIAN_POINT ( 'NONE',  ( 12.16157596890000300, -2.794000000000000500, -0.2000250000000000900 ) ) ;
#2979 = VERTEX_POINT ( 'NONE', #3126 ) ;
#2980 = VECTOR ( 'NONE', #183, 1000.000000000000000 ) ;
#2981 = DIRECTION ( 'NONE',  ( 0.0000000000000000000, -1.000000000000000000, -0.0000000000000000000 ) ) ;
#2982 = EDGE_LOOP ( 'NONE', ( #3930, #3060 ) ) ;
#2983 = DIRECTION ( 'NONE',  ( -1.000000000000000000, -0.0000000000000000000, -0.0000000000000000000 ) ) ;
#2984 = CONICAL_SURFACE ( 'NONE', #3603, 1664.279522170639900, 1.029744269239507800 ) ;
#2985 = CARTESIAN_POINT ( 'NONE',  ( 17.24155056890000600, -2.794000000000000500, -2.339975000000000800 ) ) ;
#2986 = CARTESIAN_POINT ( 'NONE',  ( 4.036529976200001500, 0.0000000000000000000, 0.0000000000000000000 ) ) ;
#2987 = VECTOR ( 'NONE', #1461, 1000.000000000000100 ) ;
#2988 = EDGE_CURVE ( 'NONE', #4037, #2989, #3055, .T. ) ;
#2989 = VERTEX_POINT ( 'NONE', #2799 ) ;
#2990 = CIRCLE ( 'NONE', #1508, 0.6731000000000002500 ) ;
#2991 = EDGE_LOOP ( 'NONE', ( #424, #2463, #954, #2613 ) ) ;
#2992 = FACE_BOUND ( 'NONE', #2922, .T. ) ;
#2993 = ORIENTED_EDGE ( 'NONE', *, *, #1423, .T. ) ;
#2994 = ORIENTED_EDGE ( 'NONE', *, *, #1631, .T. ) ;
#2995 = DIRECTION ( 'NONE',  ( 0.3420201333319417600, 0.0000000000000000000, -0.9396926244233274600 ) ) ;
#2996 = CARTESIAN_POINT ( 'NONE',  ( 15.23997460000000500, -2.794000000000000500, 0.0000000000000000000 ) ) ;
#2997 = CARTESIAN_POINT ( 'NONE',  ( 10.15997460000000200, -1.397000000000000200, -2.540000000000000500 ) ) ;
#2998 = CARTESIAN_POINT ( 'NONE',  ( 0.2349500000000001000, 0.0000000000000000000, 0.0000000000000000000 ) ) ;
#2999 = ORIENTED_EDGE ( 'NONE', *, *, #1705, .T. ) ;
#3000 = LINE ( 'NONE', #1619, #1286 ) ;
#3001 = DIRECTION ( 'NONE',  ( 0.0000000000000000000, 0.0000000000000000000, 1.000000000000000000 ) ) ;
#3002 = LINE ( 'NONE', #1491, #1288 ) ;
#3003 = VERTEX_POINT ( 'NONE', #380 ) ;
#3004 = LINE ( 'NONE', #3678, #493 ) ;
#3005 = AXIS2_PLACEMENT_3D ( 'NONE', #2366, #2377, #2588 ) ;
#3006 = EDGE_CURVE ( 'NONE', #733, #1839, #540, .T. ) ;
#3007 = CARTESIAN_POINT ( 'NONE',  ( 9.548772825200000400, 4.336808689942017700E-016, 2.710505431213761100E-017 ) ) ;
#3008 = EDGE_LOOP ( 'NONE', ( #2597, #1019, #1579, #1905 ) ) ;
#3009 = CARTESIAN_POINT ( 'NONE',  ( 8.584373712600003300, -2.794000000000000500, 0.0000000000000000000 ) ) ;
#3010 = DIRECTION ( 'NONE',  ( 0.0000000000000000000, 0.0000000000000000000, 1.000000000000000000 ) ) ;
#3011 = VERTEX_POINT ( 'NONE', #21 ) ;
#3012 = CARTESIAN_POINT ( 'NONE',  ( 13.66437371259999800, -0.8940800000000001000, -0.3200400000000000500 ) ) ;
#3013 = PRODUCT_DEFINITION ( 'UNKNOWN', '', #3231, #4 ) ;
#3014 = CARTESIAN_POINT ( 'NONE',  ( 0.9643737126000001500, -0.8940800000000002100, -1.270000000000000200 ) ) ;
#3015 = DIRECTION ( 'NONE',  ( 0.3420201333319417600, 0.0000000000000000000, -0.9396926244233274600 ) ) ;
#3016 = ORIENTED_EDGE ( 'NONE', *, *, #1230, .F. ) ;
#3017 = PLANE ( 'NONE',  #1316 ) ;
#3018 = DIRECTION ( 'NONE',  ( -0.0000000000000000000, -1.000000000000000000, -0.0000000000000000000 ) ) ;
#3019 = ORIENTED_EDGE ( 'NONE', *, *, #1200, .T. ) ;
#3020 = EDGE_CURVE ( 'NONE', #1340, #1649, #2171, .T. ) ;
#3021 = ORIENTED_EDGE ( 'NONE', *, *, #3263, .T. ) ;
#3022 = CARTESIAN_POINT ( 'NONE',  ( 11.12437371260000200, -2.794000000000000500, -0.5397500000000001700 ) ) ;
#3023 = FACE_OUTER_BOUND ( 'NONE', #3713, .T. ) ;
#3024 = VERTEX_POINT ( 'NONE', #2276 ) ;
#3025 = CARTESIAN_POINT ( 'NONE',  ( 2.467171456300000900, -2.794000000000000500, -2.339975000000000800 ) ) ;
#3026 = DIRECTION ( 'NONE',  ( 0.0000000000000000000, 0.0000000000000000000, 1.000000000000000000 ) ) ;
#3027 = PLANE ( 'NONE',  #1280 ) ;
#3028 = CARTESIAN_POINT ( 'NONE',  ( 12.08877282520000100, -1.397000000000000200, 0.0000000000000000000 ) ) ;
#3029 = ORIENTED_EDGE ( 'NONE', *, *, #3152, .T. ) ;
#3030 = DIRECTION ( 'NONE',  ( 0.0000000000000000000, 1.000000000000000000, 0.0000000000000000000 ) ) ;
#3031 = ORIENTED_EDGE ( 'NONE', *, *, #3938, .T. ) ;
#3032 = LINE ( 'NONE', #3505, #1318 ) ;
#3033 = EDGE_CURVE ( 'NONE', #3011, #2154, #1421, .T. ) ;
#3034 = AXIS2_PLACEMENT_3D ( 'NONE', #693, #680, #657 ) ;
#3035 = LINE ( 'NONE', #957, #2252 ) ;
#3036 = EDGE_CURVE ( 'NONE', #1717, #1965, #3907, .T. ) ;
#3037 = EDGE_LOOP ( 'NONE', ( #2164, #2654 ) ) ;
#3038 = LINE ( 'NONE', #191, #1945 ) ;
#3039 = CARTESIAN_POINT ( 'NONE',  ( 7.081575968900002000, -2.794000000000000500, -2.339975000000000800 ) ) ;
#3040 = VECTOR ( 'NONE', #2351, 1000.000000000000000 ) ;
#3041 = PLANE ( 'NONE',  #3867 ) ;
#3042 = ORIENTED_EDGE ( 'NONE', *, *, #1920, .F. ) ;
#3043 = LINE ( 'NONE', #1572, #2938 ) ;
#3044 = CARTESIAN_POINT ( 'NONE',  ( 2.539974600000001600, 0.0000000000000000000, 2.884459620907582100E-017 ) ) ;
#3045 = EDGE_CURVE ( 'NONE', #3332, #2939, #2954, .T. ) ;
#3046 = ORIENTED_EDGE ( 'NONE', *, *, #2673, .F. ) ;
#3047 = AXIS2_PLACEMENT_3D ( 'NONE', #3909, #303, #3186 ) ;
#3048 = ADVANCED_FACE ( 'NONE', ( #1233 ), #1584, .F. ) ;
#3049 = ORIENTED_EDGE ( 'NONE', *, *, #1623, .F. ) ;
#3050 = FACE_OUTER_BOUND ( 'NONE', #2527, .T. ) ;
#3051 = ORIENTED_EDGE ( 'NONE', *, *, #747, .T. ) ;
#3052 = CARTESIAN_POINT ( 'NONE',  ( 4.934368311330002800, -2.794000000000000500, -0.4000500000000001800 ) ) ;
#3053 = CIRCLE ( 'NONE', #2917, 0.7112000000000001700 ) ;
#3054 = ORIENTED_EDGE ( 'NONE', *, *, #1497, .T. ) ;
#3055 = LINE ( 'NONE', #31, #1334 ) ;
#3056 = PLANE ( 'NONE',  #533 ) ;
#3057 = CARTESIAN_POINT ( 'NONE',  ( 9.694379112600003600, -1.397000000000000200, -2.139950000000000700 ) ) ;
#3058 = LINE ( 'NONE', #980, #3158 ) ;
#3059 = DIRECTION ( 'NONE',  ( -1.000000000000000000, -0.0000000000000000000, -0.0000000000000000000 ) ) ;
#3060 = ORIENTED_EDGE ( 'NONE', *, *, #352, .F. ) ;
#3061 = ORIENTED_EDGE ( 'NONE', *, *, #2060, .F. ) ;
#3062 = CARTESIAN_POINT ( 'NONE',  ( 11.12437371260000200, -0.8940800000000002100, -1.270000000000000200 ) ) ;
#3063 = ORIENTED_EDGE ( 'NONE', *, *, #2412, .F. ) ;
#3064 = CARTESIAN_POINT ( 'NONE',  ( 4.934368312600002000, -2.794000000000000500, -0.4000500000000001800 ) ) ;
#3065 = CARTESIAN_POINT ( 'NONE',  ( 3.504373712600001400, -0.8940800000000002100, -1.270000000000000200 ) ) ;
#3066 = AXIS2_PLACEMENT_3D ( 'NONE', #2498, #2474, #2480 ) ;
#3067 = CARTESIAN_POINT ( 'NONE',  ( 0.7620000000000003400, -0.7112000000000002800, 0.0000000000000000000 ) ) ;
#3068 = ORIENTED_EDGE ( 'NONE', *, *, #2531, .F. ) ;
#3069 = ADVANCED_FACE ( 'NONE', ( #1131 ), #2245, .F. ) ;
#3070 = DIRECTION ( 'NONE',  ( -1.000000000000000000, 0.0000000000000000000, 0.0000000000000000000 ) ) ;
#3071 = VECTOR ( 'NONE', #173, 1000.000000000000000 ) ;
#3072 = ORIENTED_EDGE ( 'NONE', *, *, #1600, .F. ) ;
#3073 = DIRECTION ( 'NONE',  ( -0.0000000000000000000, 1.000000000000000000, 0.0000000000000000000 ) ) ;
#3074 = PLANE ( 'NONE',  #1807 ) ;
#3075 = EDGE_LOOP ( 'NONE', ( #3627, #3173 ) ) ;
#3076 = DIRECTION ( 'NONE',  ( 7.941418586233319000E-016, -1.000000000000000000, 0.0000000000000000000 ) ) ;
#3077 = CARTESIAN_POINT ( 'NONE',  ( 5.079974600000001700, -2.794000000000000500, 0.0000000000000000000 ) ) ;
#3078 = VERTEX_POINT ( 'NONE', #995 ) ;
#3079 = DIRECTION ( 'NONE',  ( -0.0000000000000000000, 1.000000000000000000, 0.0000000000000000000 ) ) ;
#3080 = VERTEX_POINT ( 'NONE', #2886 ) ;
#3081 = DIRECTION ( 'NONE',  ( 0.0000000000000000000, 0.0000000000000000000, -1.000000000000000000 ) ) ;
#3082 = FACE_OUTER_BOUND ( 'NONE', #2269, .T. ) ;
#3083 = CARTESIAN_POINT ( 'NONE',  ( 12.39437371260000400, -2.794000000000000500, -0.4000500000000001800 ) ) ;
#3084 = ORIENTED_EDGE ( 'NONE', *, *, #2706, .F. ) ;
#3085 = EDGE_CURVE ( 'NONE', #1773, #2937, #1964, .T. ) ;
#3086 = LINE ( 'NONE', #88, #1359 ) ;
#3087 = CARTESIAN_POINT ( 'NONE',  ( 6.044373712600002300, -0.8940800000000002100, -1.270000000000000200 ) ) ;
#3088 = LINE ( 'NONE', #1415, #2987 ) ;
#3089 = ADVANCED_FACE ( 'NONE', ( #449 ), #1913, .F. ) ;
#3090 = EDGE_LOOP ( 'NONE', ( #3866, #516, #3438, #2289 ) ) ;
#3091 = LINE ( 'NONE', #1092, #1364 ) ;
#3092 = CARTESIAN_POINT ( 'NONE',  ( 15.09436831259999900, -2.794000000000000500, -0.4000500000000001800 ) ) ;
#3093 = EDGE_CURVE ( 'NONE', #2695, #2782, #350, .T. ) ;
#3094 = ORIENTED_EDGE ( 'NONE', *, *, #474, .T. ) ;
#3095 = CIRCLE ( 'NONE', #1737, 0.9499600000000002500 ) ;
#3096 = CARTESIAN_POINT ( 'NONE',  ( 12.69997460000000300, -2.794000000000000500, 0.0000000000000000000 ) ) ;
#3097 = VERTEX_POINT ( 'NONE', #3839 ) ;
#3098 = CARTESIAN_POINT ( 'NONE',  ( 16.20437371260000200, -2.794000000000000500, -1.270000000000000200 ) ) ;
#3099 = EDGE_CURVE ( 'NONE', #2961, #1649, #2739, .T. ) ;
#3100 = ORIENTED_EDGE ( 'NONE', *, *, #298, .T. ) ;
#3101 = LINE ( 'NONE', #3039, #2220 ) ;
#3102 = AXIS2_PLACEMENT_3D ( 'NONE', #3969, #3982, #3955 ) ;
#3103 = LINE ( 'NONE', #1523, #3849 ) ;
#3104 = ORIENTED_EDGE ( 'NONE', *, *, #16, .T. ) ;
#3105 = CIRCLE ( 'NONE', #201, 0.9499600000000002500 ) ;
#3106 = EDGE_LOOP ( 'NONE', ( #824, #1589, #3241, #3882 ) ) ;
#3107 = ADVANCED_FACE ( 'NONE', ( #1044 ), #2631, .F. ) ;
#3108 = DIRECTION ( 'NONE',  ( 0.0000000000000000000, -1.000000000000000000, 0.0000000000000000000 ) ) ;
#3109 = DIRECTION ( 'NONE',  ( 0.0000000000000000000, 0.0000000000000000000, 1.000000000000000000 ) ) ;
#3110 = EDGE_CURVE ( 'NONE', #156, #2820, #1854, .T. ) ;
#3111 = DIRECTION ( 'NONE',  ( -0.0000000000000000000, 1.000000000000000000, 0.0000000000000000000 ) ) ;
#3112 = CONTEXT_DEPENDENT_SHAPE_REPRESENTATION ( #996, #859 ) ;
#3113 = VERTEX_POINT ( 'NONE', #150 ) ;
#3114 = CARTESIAN_POINT ( 'NONE',  ( 0.2349500000000001000, 0.0000000000000000000, 0.0000000000000000000 ) ) ;
#3115 = ORIENTED_EDGE ( 'NONE', *, *, #29, .T. ) ;
#3116 = EDGE_LOOP ( 'NONE', ( #1202, #187, #164, #1126 ) ) ;
#3117 = DIRECTION ( 'NONE',  ( 1.000000000000000000, 0.0000000000000000000, 0.0000000000000000000 ) ) ;
#3118 = FACE_BOUND ( 'NONE', #1785, .T. ) ;
#3119 = ORIENTED_EDGE ( 'NONE', *, *, #928, .F. ) ;
#3120 = EDGE_CURVE ( 'NONE', #403, #2916, #3494, .T. ) ;
#3121 = DIRECTION ( 'NONE',  ( -0.3420201333319470300, 0.0000000000000000000, 0.9396926244233255700 ) ) ;
#3122 = DIRECTION ( 'NONE',  ( -0.3420201333319470300, 0.0000000000000000000, 0.9396926244233255700 ) ) ;
#3123 = CARTESIAN_POINT ( 'NONE',  ( -0.3056262874000000900, -1.397000000000000200, -2.139950000000000700 ) ) ;
#3124 = ORIENTED_EDGE ( 'NONE', *, *, #430, .F. ) ;
#3125 = ADVANCED_FACE ( 'NONE', ( #1761 ), #1612, .F. ) ;
#3126 = CARTESIAN_POINT ( 'NONE',  ( -0.1456062874000002300, 3.794707603699265500E-016, -0.4000500000000001800 ) ) ;
#3127 = DIRECTION ( 'NONE',  ( 0.0000000000000000000, 0.0000000000000000000, 1.000000000000000000 ) ) ;
#3128 = VERTEX_POINT ( 'NONE', #1041 ) ;
#3129 = AXIS2_PLACEMENT_3D ( 'NONE', #2998, #2774, #1726 ) ;
#3130 = VECTOR ( 'NONE', #3284, 1000.000000000000000 ) ;
#3131 = DIRECTION ( 'NONE',  ( 0.0000000000000000000, 0.0000000000000000000, 1.000000000000000000 ) ) ;
#3132 = VECTOR ( 'NONE', #2330, 1000.000000000000000 ) ;
#3133 = CARTESIAN_POINT ( 'NONE',  ( 8.584373712600005000, 0.0000000000000000000, -1.270000000000000200 ) ) ;
#3134 = EDGE_LOOP ( 'NONE', ( #2376, #1190 ) ) ;
#3135 = CYLINDRICAL_SURFACE ( 'NONE', #825, 0.7302500000000000700 ) ;
#3136 = DIRECTION ( 'NONE',  ( 0.0000000000000000000, 0.0000000000000000000, 1.000000000000000000 ) ) ;
#3137 = DIRECTION ( 'NONE',  ( -0.3420201333319416400, 0.0000000000000000000, -0.9396926244233274600 ) ) ;
#3138 = AXIS2_PLACEMENT_3D ( 'NONE', #1874, #3202, #951 ) ;
#3139 = FACE_OUTER_BOUND ( 'NONE', #758, .T. ) ;
#3140 = CIRCLE ( 'NONE', #844, 0.9499600000000002500 ) ;
#3141 = DIRECTION ( 'NONE',  ( 0.0000000000000000000, 0.0000000000000000000, 1.000000000000000000 ) ) ;
#3142 = ORIENTED_EDGE ( 'NONE', *, *, #3163, .F. ) ;
#3143 =( LENGTH_UNIT ( ) NAMED_UNIT ( * ) SI_UNIT ( .MILLI., .METRE. ) );
#3144 = ORIENTED_EDGE ( 'NONE', *, *, #348, .T. ) ;
#3145 = DIRECTION ( 'NONE',  ( 0.3420201333319417600, 0.0000000000000000000, 0.9396926244233274600 ) ) ;
#3146 = LINE ( 'NONE', #3789, #3592 ) ;
#3147 = VERTEX_POINT ( 'NONE', #2261 ) ;
#3148 = CARTESIAN_POINT ( 'NONE',  ( 12.62717145630000300, -2.794000000000000500, -0.2000250000000000900 ) ) ;
#3149 = ADVANCED_FACE ( 'NONE', ( #2523 ), #1648, .T. ) ;
#3150 = DIRECTION ( 'NONE',  ( -0.3420201333319362600, 0.0000000000000000000, -0.9396926244233294600 ) ) ;
#3151 = VECTOR ( 'NONE', #3470, 1000.000000000000000 ) ;
#3152 = EDGE_CURVE ( 'NONE', #1793, #779, #1663, .T. ) ;
#3153 = ORIENTED_EDGE ( 'NONE', *, *, #188, .F. ) ;
#3154 = VECTOR ( 'NONE', #609, 1000.000000000000000 ) ;
#3155 = CARTESIAN_POINT ( 'NONE',  ( 7.365999999999999700, -0.1487897551572339700, -3.644297947984516100E-017 ) ) ;
#3156 = CARTESIAN_POINT ( 'NONE',  ( 7.112000000000001000, 0.0000000000000000000, 0.0000000000000000000 ) ) ;
#3157 = CARTESIAN_POINT ( 'NONE',  ( 10.15997460000000200, -8.673617379884035500E-016, 0.0000000000000000000 ) ) ;
#3158 = VECTOR ( 'NONE', #993, 1000.000000000000000 ) ;
#3159 = ORIENTED_EDGE ( 'NONE', *, *, #2476, .F. ) ;
#3160 = ORIENTED_EDGE ( 'NONE', *, *, #2489, .T. ) ;
#3161 =( NAMED_UNIT ( * ) PLANE_ANGLE_UNIT ( ) SI_UNIT ( $, .RADIAN. ) );
#3162 = DIRECTION ( 'NONE',  ( -1.000000000000000000, 0.0000000000000000000, 0.0000000000000000000 ) ) ;
#3163 = EDGE_CURVE ( 'NONE', #3515, #2537, #172, .T. ) ;
#3164 = ORIENTED_EDGE ( 'NONE', *, *, #2734, .T. ) ;
#3165 = EDGE_CURVE ( 'NONE', #3350, #2901, #853, .T. ) ;
#3166 = ORIENTED_EDGE ( 'NONE', *, *, #157, .T. ) ;
#3167 = LINE ( 'NONE', #245, #2186 ) ;
#3168 = AXIS2_PLACEMENT_3D ( 'NONE', #925, #3175, #1242 ) ;
#3169 = ORIENTED_EDGE ( 'NONE', *, *, #2807, .T. ) ;
#3170 = EDGE_CURVE ( 'NONE', #3128, #1778, #942, .T. ) ;
#3171 = ADVANCED_FACE ( 'NONE', ( #3206 ), #1467, .F. ) ;
#3172 = DIRECTION ( 'NONE',  ( 0.0000000000000000000, 0.0000000000000000000, 1.000000000000000000 ) ) ;
#3173 = ORIENTED_EDGE ( 'NONE', *, *, #2005, .F. ) ;
#3174 = SURFACE_SIDE_STYLE ('',( #3628 ) ) ;
#3175 = DIRECTION ( 'NONE',  ( 0.0000000000000000000, 0.0000000000000000000, 1.000000000000000000 ) ) ;
#3176 = VERTEX_POINT ( 'NONE', #3554 ) ;
#3177 = EDGE_CURVE ( 'NONE', #613, #391, #1566, .T. ) ;
#3178 = CARTESIAN_POINT ( 'NONE',  ( 0.9643737126000001500, -2.794000000000000500, -1.270000000000000200 ) ) ;
#3179 = DIRECTION ( 'NONE',  ( -0.0000000000000000000, 1.000000000000000000, 0.0000000000000000000 ) ) ;
#3180 = ORIENTED_EDGE ( 'NONE', *, *, #945, .F. ) ;
#3181 = VECTOR ( 'NONE', #1150, 1000.000000000000000 ) ;
#3182 = CARTESIAN_POINT ( 'NONE',  ( 2.074379108790000500, -2.794000000000000500, -2.139950000000000700 ) ) ;
#3183 = CARTESIAN_POINT ( 'NONE',  ( 16.20437371260000200, -0.8940800000000002100, -1.270000000000000200 ) ) ;
#3184 = VERTEX_POINT ( 'NONE', #283 ) ;
#3185 = FACE_OUTER_BOUND ( 'NONE', #2666, .T. ) ;
#3186 = DIRECTION ( 'NONE',  ( -1.000000000000000000, 0.0000000000000000000, 0.0000000000000000000 ) ) ;
#3187 = FACE_OUTER_BOUND ( 'NONE', #1822, .T. ) ;
#3188 = EDGE_LOOP ( 'NONE', ( #269, #2159, #1510, #2065 ) ) ;
#3189 = CARTESIAN_POINT ( 'NONE',  ( 4.358614600000001000, 0.0000000000000000000, 0.2547613650000000700 ) ) ;
#3190 = VECTOR ( 'NONE', #1132, 1000.000000000000000 ) ;
#3191 = DIRECTION ( 'NONE',  ( 0.0000000000000000000, -1.000000000000000000, 0.0000000000000000000 ) ) ;
#3192 = CARTESIAN_POINT ( 'NONE',  ( 12.70301419260000000, -0.8940800000000001000, -0.3086404800000000500 ) ) ;
#3193 = ADVANCED_FACE ( 'NONE', ( #3309 ), #2421, .F. ) ;
#3194 = VERTEX_POINT ( 'NONE', #3912 ) ;
#3195 = LINE ( 'NONE', #2259, #662 ) ;
#3196 = EDGE_LOOP ( 'NONE', ( #3473, #1907 ) ) ;
#3197 = CARTESIAN_POINT ( 'NONE',  ( 7.154379112600002700, 8.673617379884035500E-016, -0.4000500000000001800 ) ) ;
#3198 = AXIS2_PLACEMENT_3D ( 'NONE', #2583, #2373, #2343 ) ;
#3199 = ORIENTED_EDGE ( 'NONE', *, *, #3503, .T. ) ;
#3200 = DIRECTION ( 'NONE',  ( 0.0000000000000000000, 0.0000000000000000000, 1.000000000000000000 ) ) ;
#3201 = CYLINDRICAL_SURFACE ( 'NONE', #2896, 0.7302500000000000700 ) ;
#3202 = DIRECTION ( 'NONE',  ( -0.9396926244233254600, 0.0000000000000000000, 0.3420201333319472500 ) ) ;
#3203 = CARTESIAN_POINT ( 'NONE',  ( 17.31435371260000300, 0.0000000000000000000, -2.139950000000000700 ) ) ;
#3204 = LINE ( 'NONE', #2459, #1466 ) ;
#3205 = ORIENTED_EDGE ( 'NONE', *, *, #3950, .F. ) ;
#3206 = FACE_OUTER_BOUND ( 'NONE', #2948, .T. ) ;
#3207 = EDGE_CURVE ( 'NONE', #251, #2882, #4049, .T. ) ;
#3208 =( LENGTH_UNIT ( ) NAMED_UNIT ( * ) SI_UNIT ( .MILLI., .METRE. ) );
#3209 = DIRECTION ( 'NONE',  ( 0.0000000000000000000, 0.0000000000000000000, 1.000000000000000000 ) ) ;
#3210 = LINE ( 'NONE', #497, #674 ) ;
#3211 = CARTESIAN_POINT ( 'NONE',  ( 1.355252715606880500E-017, -2.794000000000000500, -2.540000000000000500 ) ) ;
#3212 = CARTESIAN_POINT ( 'NONE',  ( 11.12437371260000200, -0.8940800000000002100, -2.000250000000000300 ) ) ;
#3213 = EDGE_LOOP ( 'NONE', ( #1582, #1034 ) ) ;
#3214 = DIRECTION ( 'NONE',  ( 1.219574997171545800E-016, -1.000000000000000000, 0.0000000000000000000 ) ) ;
#3215 = ADVANCED_FACE ( 'NONE', ( #1374 ), #1238, .T. ) ;
#3216 = ORIENTED_EDGE ( 'NONE', *, *, #776, .T. ) ;
#3217 = ORIENTED_EDGE ( 'NONE', *, *, #1814, .F. ) ;
#3218 = CARTESIAN_POINT ( 'NONE',  ( 9.694379112600003600, -2.794000000000000500, -0.4000500000000001800 ) ) ;
#3219 = PRODUCT_CONTEXT ( 'NONE', #2888, 'mechanical' ) ;
#3220 = VERTEX_POINT ( 'NONE', #2423 ) ;
#3221 = AXIS2_PLACEMENT_3D ( 'NONE', #2028, #2057, #2079 ) ;
#3222 = EDGE_CURVE ( 'NONE', #567, #3489, #3946, .T. ) ;
#3223 = ORIENTED_EDGE ( 'NONE', *, *, #1276, .T. ) ;
#3224 = DIRECTION ( 'NONE',  ( 1.000000000000000000, 6.097874985857730400E-017, 0.0000000000000000000 ) ) ;
#3225 = DIRECTION ( 'NONE',  ( 0.0000000000000000000, 0.0000000000000000000, 1.000000000000000000 ) ) ;
#3226 = ORIENTED_EDGE ( 'NONE', *, *, #2437, .T. ) ;
#3227 = DIRECTION ( 'NONE',  ( -0.0000000000000000000, 1.000000000000000000, 0.0000000000000000000 ) ) ;
#3228 = AXIS2_PLACEMENT_3D ( 'NONE', #2751, #3355, #2808 ) ;
#3229 = DIRECTION ( 'NONE',  ( 0.0000000000000000000, 0.0000000000000000000, -1.000000000000000000 ) ) ;
#3230 = CARTESIAN_POINT ( 'NONE',  ( 4.358614600000001000, 0.5095227300000002600, -0.2547613650000000200 ) ) ;
#3231 = PRODUCT_DEFINITION_FORMATION_WITH_SPECIFIED_SOURCE ( 'ANY', '', #450, .NOT_KNOWN. ) ;
#3232 = EDGE_LOOP ( 'NONE', ( #478, #3302 ) ) ;
#3233 =( REPRESENTATION_RELATIONSHIP ('NONE','NONE', #1655, #357 ) REPRESENTATION_RELATIONSHIP_WITH_TRANSFORMATION ( #1142 )SHAPE_REPRESENTATION_RELATIONSHIP( ) );
#3234 = EDGE_CURVE ( 'NONE', #779, #1853, #3101, .T. ) ;
#3235 = DIRECTION ( 'NONE',  ( -0.0000000000000000000, 1.000000000000000000, 0.0000000000000000000 ) ) ;
#3236 = ORIENTED_EDGE ( 'NONE', *, *, #3667, .T. ) ;
#3237 = LINE ( 'NONE', #2599, #1110 ) ;
#3238 = DIRECTION ( 'NONE',  ( -0.3420201333319578000, 0.0000000000000000000, -0.9396926244233215800 ) ) ;
#3239 = CARTESIAN_POINT ( 'NONE',  ( 5.079974600000001700, 5.421010862427522200E-017, -2.540000000000000500 ) ) ;
#3240 = LINE ( 'NONE', #3502, #790 ) ;
#3241 = ORIENTED_EDGE ( 'NONE', *, *, #30, .T. ) ;
#3242 = VECTOR ( 'NONE', #420, 1000.000000000000100 ) ;
#3243 = CARTESIAN_POINT ( 'NONE',  ( 4.774373712600001900, 0.0000000000000000000, -0.4000500000000001800 ) ) ;
#3244 = CARTESIAN_POINT ( 'NONE',  ( 0.7620000000000002300, -1.356006307953063700E-042, 0.0000000000000000000 ) ) ;
#3245 = FACE_OUTER_BOUND ( 'NONE', #2757, .T. ) ;
#3246 = DIRECTION ( 'NONE',  ( 0.0000000000000000000, 0.0000000000000000000, -1.000000000000000000 ) ) ;
#3247 = DIRECTION ( 'NONE',  ( 0.0000000000000000000, 0.0000000000000000000, 1.000000000000000000 ) ) ;
#3248 = LINE ( 'NONE', #1802, #1503 ) ;
#3249 = DIRECTION ( 'NONE',  ( -0.9396926244233255700, 0.0000000000000000000, -0.3420201333319470300 ) ) ;
#3250 = ORIENTED_EDGE ( 'NONE', *, *, #1792, .T. ) ;
#3251 = ORIENTED_EDGE ( 'NONE', *, *, #215, .F. ) ;
#3252 = EDGE_CURVE ( 'NONE', #89, #341, #3000, .T. ) ;
#3253 = DIRECTION ( 'NONE',  ( 0.0000000000000000000, 1.000000000000000000, 0.0000000000000000000 ) ) ;
#3254 = CIRCLE ( 'NONE', #3829, 0.7302500000000000700 ) ;
#3255 = AXIS2_PLACEMENT_3D ( 'NONE', #316, #312, #293 ) ;
#3256 = EDGE_CURVE ( 'NONE', #705, #3332, #2116, .T. ) ;
#3257 = LINE ( 'NONE', #3620, #2367 ) ;
#3258 = EDGE_LOOP ( 'NONE', ( #712, #1677, #1748, #1226 ) ) ;
#3259 = LINE ( 'NONE', #1512, #3154 ) ;
#3260 = CARTESIAN_POINT ( 'NONE',  ( 5.007171456300002700, -2.794000000000000500, -2.339975000000000800 ) ) ;
#3261 = CARTESIAN_POINT ( 'NONE',  ( 17.16874742520000700, -2.794000000000000500, 0.0000000000000000000 ) ) ;
#3262 = DIRECTION ( 'NONE',  ( -0.0000000000000000000, -1.000000000000000000, -0.0000000000000000000 ) ) ;
#3263 = EDGE_CURVE ( 'NONE', #3568, #3666, #488, .T. ) ;
#3264 = ORIENTED_EDGE ( 'NONE', *, *, #821, .T. ) ;
#3265 = CARTESIAN_POINT ( 'NONE',  ( 4.190999998906130000, 0.0000000000000000000, -0.4063999924172853600 ) ) ;
#3266 = ORIENTED_EDGE ( 'NONE', *, *, #1978, .T. ) ;
#3267 = PRESENTATION_LAYER_ASSIGNMENT (  '', '', ( #2818 ) ) ;
#3268 = EDGE_LOOP ( 'NONE', ( #2238, #530, #1543, #3749 ) ) ;
#3269 = CARTESIAN_POINT ( 'NONE',  ( 15.23997460000000500, 0.0000000000000000000, 0.0000000000000000000 ) ) ;
#3270 = CARTESIAN_POINT ( 'NONE',  ( 2.234373712600000500, 0.0000000000000000000, -2.139950000000000700 ) ) ;
#3271 = CLOSED_SHELL ( 'NONE', ( #1820, #1478, #3171, #1520, #3365, #1881, #1264, #1803, #3496, #546, #876, #75, #566, #37, #2781, #938, #253, #616, #808, #2445, #367, #846, #1100, #4028, #1724, #2132 ) ) ;
#3272 = CARTESIAN_POINT ( 'NONE',  ( 1.928772825200000500, -1.397000000000000200, 0.0000000000000000000 ) ) ;
#3273 = CARTESIAN_POINT ( 'NONE',  ( 8.584373712600003300, -2.794000000000000500, -2.540000000000000500 ) ) ;
#3274 = VERTEX_POINT ( 'NONE', #2571 ) ;
#3275 = CARTESIAN_POINT ( 'NONE',  ( 1.776905818799967600, 0.0000000000000000000, 0.0000000000000000000 ) ) ;
#3276 = VERTEX_POINT ( 'NONE', #2243 ) ;
#3277 = CARTESIAN_POINT ( 'NONE',  ( 4.190999998176882200, 0.8128000004891653400, -0.4063999875479246700 ) ) ;
#3278 = VECTOR ( 'NONE', #731, 1000.000000000000000 ) ;
#3279 = CARTESIAN_POINT ( 'NONE',  ( 4.774373712600001900, 0.0000000000000000000, -2.139950000000000700 ) ) ;
#3280 = ORIENTED_EDGE ( 'NONE', *, *, #2064, .T. ) ;
#3281 = VERTEX_POINT ( 'NONE', #2610 ) ;
#3282 = DIRECTION ( 'NONE',  ( 0.0000000000000000000, 1.000000000000000000, 0.0000000000000000000 ) ) ;
#3283 = CARTESIAN_POINT ( 'NONE',  ( -0.1456062874000000300, -1.397000000000000200, -2.139950000000000700 ) ) ;
#3284 = DIRECTION ( 'NONE',  ( -1.000000000000000000, -0.0000000000000000000, -0.0000000000000000000 ) ) ;
#3285 = VERTEX_POINT ( 'NONE', #3968 ) ;
#3286 = CARTESIAN_POINT ( 'NONE',  ( 4.343399993773977600, -5.209627084289412800E-011, -0.2539999990884406200 ) ) ;
#3287 = AXIS2_PLACEMENT_3D ( 'NONE', #2543, #2589, #2595 ) ;
#3288 = EDGE_LOOP ( 'NONE', ( #3758, #725 ) ) ;
#3289 = VECTOR ( 'NONE', #65, 1000.000000000000100 ) ;
#3290 = DIRECTION ( 'NONE',  ( 1.000000000000000000, -0.0000000000000000000, -0.0000000000000000000 ) ) ;
#3291 = CARTESIAN_POINT ( 'NONE',  ( 7.474368312600002900, -1.397000000000000200, -2.139950000000000700 ) ) ;
#3292 = ORIENTED_EDGE ( 'NONE', *, *, #1408, .T. ) ;
#3293 = CIRCLE ( 'NONE', #2507, 0.9499600000000002500 ) ;
#3294 = CARTESIAN_POINT ( 'NONE',  ( 15.23997460190500400, -2.794000000000000500, 6.098637220230962400E-017 ) ) ;
#3295 = FACE_OUTER_BOUND ( 'NONE', #2469, .T. ) ;
#3296 = ORIENTED_EDGE ( 'NONE', *, *, #2232, .F. ) ;
#3297 = LINE ( 'NONE', #2871, #878 ) ;
#3298 = ORIENTED_EDGE ( 'NONE', *, *, #309, .T. ) ;
#3299 = DIRECTION ( 'NONE',  ( 1.000000000000000000, -0.0000000000000000000, 0.0000000000000000000 ) ) ;
#3300 = LINE ( 'NONE', #2106, #2408 ) ;
#3301 = ORIENTED_EDGE ( 'NONE', *, *, #2760, .T. ) ;
#3302 = ORIENTED_EDGE ( 'NONE', *, *, #2232, .T. ) ;
#3303 = PLANE ( 'NONE',  #1394 ) ;
#3304 = FACE_BOUND ( 'NONE', #1370, .T. ) ;
#3305 = EDGE_CURVE ( 'NONE', #638, #1399, #1175, .T. ) ;
#3306 = VECTOR ( 'NONE', #1095, 1000.000000000000000 ) ;
#3307 = EDGE_LOOP ( 'NONE', ( #3642, #1873, #3029, #3911 ) ) ;
#3308 = DIRECTION ( 'NONE',  ( 0.3420201333319579700, 0.0000000000000000000, -0.9396926244233214700 ) ) ;
#3309 = FACE_OUTER_BOUND ( 'NONE', #868, .T. ) ;
#3310 = DIRECTION ( 'NONE',  ( 1.000000000000000000, -0.0000000000000000000, -0.0000000000000000000 ) ) ;
#3311 = ORIENTED_EDGE ( 'NONE', *, *, #1076, .F. ) ;
#3312 = EDGE_CURVE ( 'NONE', #3842, #3097, #396, .T. ) ;
#3313 = FACE_OUTER_BOUND ( 'NONE', #2544, .T. ) ;
#3314 = DIRECTION ( 'NONE',  ( -0.0000000000000000000, 1.000000000000000000, 0.0000000000000000000 ) ) ;
#3315 = CARTESIAN_POINT ( 'NONE',  ( 11.12437371260000200, -0.8940800000000001000, -0.3200400000000000500 ) ) ;
#3316 = ORIENTED_EDGE ( 'NONE', *, *, #550, .F. ) ;
#3317 = DIRECTION ( 'NONE',  ( 4.928923856493303300E-014, 0.0000000000000000000, 1.000000000000000000 ) ) ;
#3318 = DIRECTION ( 'NONE',  ( 0.0000000000000000000, 1.000000000000000000, 0.0000000000000000000 ) ) ;
#3319 = EDGE_CURVE ( 'NONE', #3080, #3354, #2894, .T. ) ;
#3320 = VERTEX_POINT ( 'NONE', #632 ) ;
#3321 = AXIS2_PLACEMENT_3D ( 'NONE', #2023, #4001, #4057 ) ;
#3322 = VERTEX_POINT ( 'NONE', #1524 ) ;
#3323 = VERTEX_POINT ( 'NONE', #338 ) ;
#3324 = DIRECTION ( 'NONE',  ( 0.0000000000000000000, 0.0000000000000000000, 1.000000000000000000 ) ) ;
#3325 = ORIENTED_EDGE ( 'NONE', *, *, #799, .T. ) ;
#3326 = CARTESIAN_POINT ( 'NONE',  ( 14.77437911260000200, -1.397000000000000200, -0.4000500000000001800 ) ) ;
#3327 = CARTESIAN_POINT ( 'NONE',  ( 14.77437911260000200, -1.397000000000000200, -2.139950000000000700 ) ) ;
#3328 = EDGE_LOOP ( 'NONE', ( #3800, #3722, #3398, #780 ) ) ;
#3329 = CARTESIAN_POINT ( 'NONE',  ( 4.190999998176882200, 0.8128000004891653400, 0.4063999875479246700 ) ) ;
#3330 = EDGE_CURVE ( 'NONE', #239, #1755, #299, .T. ) ;
#3331 = CARTESIAN_POINT ( 'NONE',  ( 4.358614600000001000, 0.0000000000000000000, 0.2547613650000000700 ) ) ;
#3332 = VERTEX_POINT ( 'NONE', #2321 ) ;
#3333 = CARTESIAN_POINT ( 'NONE',  ( 3.504373712600001400, 0.0000000000000000000, -2.540000000000000500 ) ) ;
#3334 = ORIENTED_EDGE ( 'NONE', *, *, #1762, .F. ) ;
#3335 = DIRECTION ( 'NONE',  ( 0.0000000000000000000, 0.0000000000000000000, 1.000000000000000000 ) ) ;
#3336 = CYLINDRICAL_SURFACE ( 'NONE', #1991, 0.9499600000000002500 ) ;
#3337 = CARTESIAN_POINT ( 'NONE',  ( 6.044373712600002300, -0.8940800000000002100, -2.000250000000000300 ) ) ;
#3338 = FACE_OUTER_BOUND ( 'NONE', #1531, .T. ) ;
#3339 = EDGE_CURVE ( 'NONE', #161, #3322, #2784, .T. ) ;
#3340 = VERTEX_POINT ( 'NONE', #1054 ) ;
#3341 = CARTESIAN_POINT ( 'NONE',  ( -0.3056262874000000900, -2.794000000000000500, -1.270000000000000200 ) ) ;
#3342 = LINE ( 'NONE', #3965, #1166 ) ;
#3343 = FACE_OUTER_BOUND ( 'NONE', #759, .T. ) ;
#3344 = CIRCLE ( 'NONE', #459, 0.7302500000000000700 ) ;
#3345 = FILL_AREA_STYLE_COLOUR ( '', #1271 ) ;
#3346 = ORIENTED_EDGE ( 'NONE', *, *, #2282, .F. ) ;
#3347 = CARTESIAN_POINT ( 'NONE',  ( -0.1456062874000002600, 0.0000000000000000000, -2.139950000000000700 ) ) ;
#3348 = CARTESIAN_POINT ( 'NONE',  ( 11.12437371260000200, -0.8940800000000001000, -1.270000000000000200 ) ) ;
#3349 = CARTESIAN_POINT ( 'NONE',  ( 3.937000000000001200, 0.0000000000000000000, 0.6731000000000002500 ) ) ;
#3350 = VERTEX_POINT ( 'NONE', #623 ) ;
#3351 = DIRECTION ( 'NONE',  ( 0.3420201333319472500, 0.0000000000000000000, 0.9396926244233254600 ) ) ;
#3352 = ORIENTED_EDGE ( 'NONE', *, *, #3875, .F. ) ;
#3353 = LINE ( 'NONE', #3478, #24 ) ;
#3354 = VERTEX_POINT ( 'NONE', #2187 ) ;
#3355 = DIRECTION ( 'NONE',  ( -0.0000000000000000000, 1.000000000000000000, 0.0000000000000000000 ) ) ;
#3356 = CIRCLE ( 'NONE', #589, 0.7302500000000000700 ) ;
#3357 = VECTOR ( 'NONE', #54, 1000.000000000000000 ) ;
#3358 = AXIS2_PLACEMENT_3D ( 'NONE', #3183, #939, #2851 ) ;
#3359 = DIRECTION ( 'NONE',  ( 1.000000000000000000, -0.0000000000000000000, -0.0000000000000000000 ) ) ;
#3360 = VERTEX_POINT ( 'NONE', #3052 ) ;
#3361 = DIRECTION ( 'NONE',  ( 1.524468746464432300E-016, -1.000000000000000000, 0.0000000000000000000 ) ) ;
#3362 = AXIS2_PLACEMENT_3D ( 'NONE', #578, #3442, #3914 ) ;
#3363 = ORIENTED_EDGE ( 'NONE', *, *, #3222, .T. ) ;
#3364 = CARTESIAN_POINT ( 'NONE',  ( 11.12437371260000200, -0.8940800000000001000, -2.219960000000000800 ) ) ;
#3365 = ADVANCED_FACE ( 'NONE', ( #1085 ), #3448, .T. ) ;
#3366 = CARTESIAN_POINT ( 'NONE',  ( 2.074379112600000400, 0.0000000000000000000, -0.4000500000000001800 ) ) ;
#3367 = CARTESIAN_POINT ( 'NONE',  ( 6.044373712600002300, -0.8940800000000001000, -2.219960000000000400 ) ) ;
#3368 = ORIENTED_EDGE ( 'NONE', *, *, #1139, .F. ) ;
#3369 = EDGE_CURVE ( 'NONE', #339, #1337, #1227, .T. ) ;
#3370 = ORIENTED_EDGE ( 'NONE', *, *, #3586, .F. ) ;
#3371 = CARTESIAN_POINT ( 'NONE',  ( 4.190999998906130000, 0.0000000000000000000, 0.4063999924172853600 ) ) ;
#3372 = FACE_OUTER_BOUND ( 'NONE', #3616, .T. ) ;
#3373 = ORIENTED_EDGE ( 'NONE', *, *, #858, .F. ) ;
#3374 = EDGE_LOOP ( 'NONE', ( #1698, #2697, #464, #2687, #1948 ) ) ;
#3375 = DIRECTION ( 'NONE',  ( 2.953987882422465200E-016, -1.000000000000000000, 0.0000000000000000000 ) ) ;
#3376 = CARTESIAN_POINT ( 'NONE',  ( 12.08877282520000100, -2.794000000000000500, -2.540000000000000500 ) ) ;
#3377 = DIRECTION ( 'NONE',  ( -1.000000000000000000, 0.0000000000000000000, 0.0000000000000000000 ) ) ;
#3378 = ORIENTED_EDGE ( 'NONE', *, *, #500, .T. ) ;
#3379 = CARTESIAN_POINT ( 'NONE',  ( 12.08877282520000100, -1.397000000000000200, -2.540000000000000500 ) ) ;
#3380 = DIRECTION ( 'NONE',  ( -1.000000000000000000, 0.0000000000000000000, 0.0000000000000000000 ) ) ;
#3381 = EDGE_CURVE ( 'NONE', #2937, #2168, #2680, .T. ) ;
#3382 = DIRECTION ( 'NONE',  ( 1.000000000000000000, 0.0000000000000000000, 0.0000000000000000000 ) ) ;
#3383 = ORIENTED_EDGE ( 'NONE', *, *, #1686, .T. ) ;
#3384 = FACE_OUTER_BOUND ( 'NONE', #2682, .T. ) ;
#3385 = ADVANCED_FACE ( 'NONE', ( #580 ), #3827, .F. ) ;
#3386 = EDGE_CURVE ( 'NONE', #285, #3534, #119, .T. ) ;
#3387 = DIRECTION ( 'NONE',  ( -1.000000000000000000, 0.0000000000000000000, 0.0000000000000000000 ) ) ;
#3388 = AXIS2_PLACEMENT_3D ( 'NONE', #3490, #1542, #3810 ) ;
#3389 = EDGE_CURVE ( 'NONE', #2494, #1300, #889, .T. ) ;
#3390 = EDGE_LOOP ( 'NONE', ( #3878, #1731 ) ) ;
#3391 = FACE_BOUND ( 'NONE', #431, .T. ) ;
#3392 = CARTESIAN_POINT ( 'NONE',  ( 13.66437371259999800, -0.8940800000000002100, -0.5397500000000001700 ) ) ;
#3393 = VECTOR ( 'NONE', #3787, 1000.000000000000000 ) ;
#3394 = VERTEX_POINT ( 'NONE', #3687 ) ;
#3395 = PLANE ( 'NONE',  #899 ) ;
#3396 = EDGE_CURVE ( 'NONE', #1405, #2961, #3353, .T. ) ;
#3397 = CARTESIAN_POINT ( 'NONE',  ( 7.260789755157235300, -0.2540000000000002800, 0.5080000000000003400 ) ) ;
#3398 = ORIENTED_EDGE ( 'NONE', *, *, #1419, .T. ) ;
#3399 = DIRECTION ( 'NONE',  ( -0.9396926244233274600, 0.0000000000000000000, -0.3420201333319418700 ) ) ;
#3400 = CIRCLE ( 'NONE', #1115, 0.6731000000000002500 ) ;
#3401 = AXIS2_PLACEMENT_3D ( 'NONE', #3899, #386, #437 ) ;
#3402 = EDGE_LOOP ( 'NONE', ( #3169, #698, #2776, #320 ) ) ;
#3403 = CARTESIAN_POINT ( 'NONE',  ( 8.584373712600005000, -2.794000000000000500, -0.5397500000000001700 ) ) ;
#3404 = VECTOR ( 'NONE', #2995, 1000.000000000000100 ) ;
#3405 = DIRECTION ( 'NONE',  ( -0.0000000000000000000, -1.000000000000000000, -0.0000000000000000000 ) ) ;
#3406 = VECTOR ( 'NONE', #2074, 1000.000000000000000 ) ;
#3407 = VECTOR ( 'NONE', #3262, 1000.000000000000000 ) ;
#3408 = CARTESIAN_POINT ( 'NONE',  ( 5.083014192600000300, -0.8940800000000001000, -0.3086404800000000500 ) ) ;
#3409 = ADVANCED_FACE ( 'NONE', ( #1703 ), #2855, .F. ) ;
#3410 = CARTESIAN_POINT ( 'NONE',  ( 2.539974600000001200, -2.794000000000000500, 0.0000000000000000000 ) ) ;
#3411 = LINE ( 'NONE', #2736, #854 ) ;
#3412 = DIRECTION ( 'NONE',  ( -0.0000000000000000000, -1.000000000000000000, -0.0000000000000000000 ) ) ;
#3413 = AXIS2_PLACEMENT_3D ( 'NONE', #1249, #1207, #1181 ) ;
#3414 = DIRECTION ( 'NONE',  ( -0.0000000000000000000, 1.000000000000000000, 0.0000000000000000000 ) ) ;
#3415 = ITEM_DEFINED_TRANSFORMATION ( 'NONE', 'NONE', #676,  #3665 ) ;
#3416 = EDGE_CURVE ( 'NONE', #510, #1678, #2364, .T. ) ;
#3417 = DIRECTION ( 'NONE',  ( 1.000000000000000000, 0.0000000000000000000, 0.0000000000000000000 ) ) ;
#3418 = EDGE_LOOP ( 'NONE', ( #202, #2149, #3754, #2277 ) ) ;
#3419 = DIRECTION ( 'NONE',  ( 1.000000000000000000, -0.0000000000000000000, -0.0000000000000000000 ) ) ;
#3420 = ORIENTED_EDGE ( 'NONE', *, *, #1276, .F. ) ;
#3421 = DIRECTION ( 'NONE',  ( -0.0000000000000000000, 1.000000000000000000, 0.0000000000000000000 ) ) ;
#3422 = ORIENTED_EDGE ( 'NONE', *, *, #2891, .F. ) ;
#3423 = ADVANCED_FACE ( 'NONE', ( #802 ), #3714, .T. ) ;
#3424 = CARTESIAN_POINT ( 'NONE',  ( 8.584373712600003300, -2.794000000000000500, 0.0000000000000000000 ) ) ;
#3425 = AXIS2_PLACEMENT_3D ( 'NONE', #848, #262, #3634 ) ;
#3426 = DIRECTION ( 'NONE',  ( 1.000000000000000000, 1.610759430226569700E-016, 0.0000000000000000000 ) ) ;
#3427 = EDGE_LOOP ( 'NONE', ( #3217, #473, #2198, #2318, #818, #133, #1661, #3453, #3624, #2030, #3571, #2731, #3635, #422, #2440, #1871, #275, #2779, #2854, #3910, #2175, #1738, #2681, #2056, #748, #933, #3934, #4007, #3046, #4025, #2877, #3061, #1492, #1857, #2146, #3334, #482, #231, #2253, #1897, #1985, #1915, #2462, #932, #273, #192, #2532, #2960, #787, #1167, #1309, #3888, #3538, #3613, #3892, #3251, #2840, #3510, #871, #1969 ) ) ;
#3428 = CARTESIAN_POINT ( 'NONE',  ( 17.16874742520000700, -2.794000000000000500, -2.540000000000000500 ) ) ;
#3429 = AXIS2_PLACEMENT_3D ( 'NONE', #2944, #2962, #2976 ) ;
#3430 = ORIENTED_EDGE ( 'NONE', *, *, #3381, .T. ) ;
#3431 = EDGE_CURVE ( 'NONE', #2405, #3285, #717, .T. ) ;
#3432 = LINE ( 'NONE', #2508, #3525 ) ;
#3433 = PLANE ( 'NONE',  #2783 ) ;
#3434 = CONICAL_SURFACE ( 'NONE', #407, 0.4191000000000001400, 0.7853981633974487200 ) ;
#3435 = ORIENTED_EDGE ( 'NONE', *, *, #2492, .T. ) ;
#3436 = DIRECTION ( 'NONE',  ( 0.0000000000000000000, 0.0000000000000000000, 1.000000000000000000 ) ) ;
#3437 = AXIS2_PLACEMENT_3D ( 'NONE', #210, #3985, #1712 ) ;
#3438 = ORIENTED_EDGE ( 'NONE', *, *, #882, .F. ) ;
#3439 = CARTESIAN_POINT ( 'NONE',  ( 1.549400000000034100, -3.664571430634635000E-017, 0.0000000000000000000 ) ) ;
#3440 = CONICAL_SURFACE ( 'NONE', #3702, 1664.279522170639900, 1.029744269239507800 ) ;
#3441 = PRODUCT_RELATED_PRODUCT_CATEGORY ( 'part', '', ( #450 ) ) ;
#3442 = DIRECTION ( 'NONE',  ( 0.0000000000000000000, -1.000000000000000000, 0.0000000000000000000 ) ) ;
#3443 = ADVANCED_FACE ( 'NONE', ( #3993 ), #1938, .T. ) ;
#3444 = ORIENTED_EDGE ( 'NONE', *, *, #412, .T. ) ;
#3445 = EDGE_CURVE ( 'NONE', #3003, #2310, #2267, .T. ) ;
#3446 = CARTESIAN_POINT ( 'NONE',  ( 7.112000000000001000, 0.2540000000000002800, -0.5080000000000002300 ) ) ;
#3447 = ORIENTED_EDGE ( 'NONE', *, *, #2860, .F. ) ;
#3448 = CYLINDRICAL_SURFACE ( 'NONE', #1653, 0.8890000000000001200 ) ;
#3449 = CARTESIAN_POINT ( 'NONE',  ( 16.20437371260000200, 0.0000000000000000000, -2.219960000000000800 ) ) ;
#3450 = CIRCLE ( 'NONE', #3767, 0.5461000000000002500 ) ;
#3451 = CARTESIAN_POINT ( 'NONE',  ( 7.619974600000000800, -2.794000000000000500, -2.540000000000000500 ) ) ;
#3452 = PLANE ( 'NONE',  #1029 ) ;
#3453 = ORIENTED_EDGE ( 'NONE', *, *, #2406, .T. ) ;
#3454 = CARTESIAN_POINT ( 'NONE',  ( 9.548772825200000400, 4.336808689942017700E-016, -2.540000000000000500 ) ) ;
#3455 = EDGE_CURVE ( 'NONE', #3845, #2972, #3254, .T. ) ;
#3456 = DIRECTION ( 'NONE',  ( 0.0000000000000000000, -1.000000000000000000, 0.0000000000000000000 ) ) ;
#3457 = EDGE_CURVE ( 'NONE', #3481, #2674, #1417, .T. ) ;
#3458 = ADVANCED_FACE ( 'NONE', ( #2167 ), #536, .F. ) ;
#3459 = CARTESIAN_POINT ( 'NONE',  ( 0.9643737126000001500, -0.8940800000000001000, -1.270000000000000200 ) ) ;
#3460 = SURFACE_STYLE_FILL_AREA ( #3796 ) ;
#3461 = ORIENTED_EDGE ( 'NONE', *, *, #3840, .T. ) ;
#3462 = VERTEX_POINT ( 'NONE', #828 ) ;
#3463 = CARTESIAN_POINT ( 'NONE',  ( 1.549400000000000600, -0.7112000000000001700, 0.0000000000000000000 ) ) ;
#3464 = DIRECTION ( 'NONE',  ( 1.000000000000000000, 0.0000000000000000000, 0.0000000000000000000 ) ) ;
#3465 = VECTOR ( 'NONE', #1304, 1000.000000000000000 ) ;
#3466 = ORIENTED_EDGE ( 'NONE', *, *, #1758, .T. ) ;
#3467 = EDGE_CURVE ( 'NONE', #1340, #1405, #1331, .T. ) ;
#3468 = PLANE ( 'NONE',  #1639 ) ;
#3469 = ORIENTED_EDGE ( 'NONE', *, *, #2144, .F. ) ;
#3470 = DIRECTION ( 'NONE',  ( -1.000000000000000000, -6.097874985857730400E-017, -0.0000000000000000000 ) ) ;
#3471 = MECHANICAL_DESIGN_GEOMETRIC_PRESENTATION_REPRESENTATION (  '', ( #2818 ), #3681 ) ;
#3472 = CARTESIAN_POINT ( 'NONE',  ( 13.66437371259999800, -2.794000000000000500, -1.270000000000000200 ) ) ;
#3473 = ORIENTED_EDGE ( 'NONE', *, *, #3467, .T. ) ;
#3474 = DIRECTION ( 'NONE',  ( -1.000000000000000000, -1.524468746464432000E-016, -0.0000000000000000000 ) ) ;
#3475 = CARTESIAN_POINT ( 'NONE',  ( 4.614379112600001800, 0.0000000000000000000, -2.139950000000000700 ) ) ;
#3476 = VERTEX_POINT ( 'NONE', #724 ) ;
#3477 = CIRCLE ( 'NONE', #3520, 0.7302500000000000700 ) ;
#3478 = CARTESIAN_POINT ( 'NONE',  ( 13.66437371259999800, -2.794000000000000500, -2.000250000000000300 ) ) ;
#3479 = LINE ( 'NONE', #2679, #242 ) ;
#3480 = ADVANCED_FACE ( 'NONE', ( #622 ), #2062, .F. ) ;
#3481 = VERTEX_POINT ( 'NONE', #342 ) ;
#3482 = LINE ( 'NONE', #2978, #2614 ) ;
#3483 = AXIS2_PLACEMENT_3D ( 'NONE', #3553, #727, #3871 ) ;
#3484 = LINE ( 'NONE', #3848, #922 ) ;
#3485 = ORIENTED_EDGE ( 'NONE', *, *, #1614, .F. ) ;
#3486 = CARTESIAN_POINT ( 'NONE',  ( 1.549400000000000600, 0.0000000000000000000, 0.0000000000000000000 ) ) ;
#3487 = DIRECTION ( 'NONE',  ( -0.9396926244233275700, 0.0000000000000000000, 0.3420201333319417000 ) ) ;
#3488 = ORIENTED_EDGE ( 'NONE', *, *, #2907, .F. ) ;
#3489 = VERTEX_POINT ( 'NONE', #353 ) ;
#3490 = CARTESIAN_POINT ( 'NONE',  ( 0.0000000000000000000, 0.0000000000000000000, 0.0000000000000000000 ) ) ;
#3491 = LINE ( 'NONE', #3463, #2627 ) ;
#3492 = CARTESIAN_POINT ( 'NONE',  ( 0.7620000000000001200, 0.7112000000000000500, 8.709688035535978200E-017 ) ) ;
#3493 = LINE ( 'NONE', #2054, #852 ) ;
#3494 = LINE ( 'NONE', #1025, #2842 ) ;
#3495 = CARTESIAN_POINT ( 'NONE',  ( 8.584373712600005000, -2.794000000000000500, -2.000250000000000300 ) ) ;
#3496 = ADVANCED_FACE ( 'NONE', ( #3050 ), #2837, .T. ) ;
#3497 = LINE ( 'NONE', #2618, #1765 ) ;
#3498 = AXIS2_PLACEMENT_3D ( 'NONE', #1413, #1377, #1366 ) ;
#3499 = CARTESIAN_POINT ( 'NONE',  ( 4.358614600000001000, 0.5095227300000002600, 0.2547613650000000200 ) ) ;
#3500 = DIRECTION ( 'NONE',  ( -0.3420201333319470300, 0.0000000000000000000, 0.9396926244233255700 ) ) ;
#3501 = DIRECTION ( 'NONE',  ( 0.0000000000000000000, 0.0000000000000000000, 1.000000000000000000 ) ) ;
#3502 = CARTESIAN_POINT ( 'NONE',  ( 1.776905818800000900, -0.6731000000000002500, 0.0000000000000000000 ) ) ;
#3503 = EDGE_CURVE ( 'NONE', #890, #3918, #3693, .T. ) ;
#3504 = CONTEXT_DEPENDENT_SHAPE_REPRESENTATION ( #3543, #1255 ) ;
#3505 = CARTESIAN_POINT ( 'NONE',  ( 9.854373712600002800, 0.0000000000000000000, -0.4000500000000001800 ) ) ;
#3506 = ORIENTED_EDGE ( 'NONE', *, *, #3590, .T. ) ;
#3507 = CARTESIAN_POINT ( 'NONE',  ( 1.928772825200000500, 0.0000000000000000000, -2.540000000000000500 ) ) ;
#3508 = SHAPE_REPRESENTATION_RELATIONSHIP ( 'NONE' , 'NONE' ,  #2780, #1129 ) ;
#3509 = CARTESIAN_POINT ( 'NONE',  ( 2.074379112600000400, -2.794000000000000500, -2.139950000000000700 ) ) ;
#3510 = ORIENTED_EDGE ( 'NONE', *, *, #487, .F. ) ;
#3511 = EDGE_CURVE ( 'NONE', #280, #3898, #3788, .T. ) ;
#3512 = DIRECTION ( 'NONE',  ( 0.0000000000000000000, 0.0000000000000000000, 1.000000000000000000 ) ) ;
#3513 = ORIENTED_EDGE ( 'NONE', *, *, #997, .F. ) ;
#3514 = CARTESIAN_POINT ( 'NONE',  ( 7.474368312600002900, -2.794000000000000500, -0.4000500000000001800 ) ) ;
#3515 = VERTEX_POINT ( 'NONE', #3954 ) ;
#3516 =( NAMED_UNIT ( * ) SI_UNIT ( $, .STERADIAN. ) SOLID_ANGLE_UNIT ( ) );
#3517 = EDGE_CURVE ( 'NONE', #679, #2004, #445, .T. ) ;
#3518 = DIRECTION ( 'NONE',  ( -0.0000000000000000000, 1.000000000000000000, 0.0000000000000000000 ) ) ;
#3519 = ADVANCED_FACE ( 'NONE', ( #2947 ), #4040, .F. ) ;
#3520 = AXIS2_PLACEMENT_3D ( 'NONE', #3618, #3535, #3549 ) ;
#3521 = VERTEX_POINT ( 'NONE', #3895 ) ;
#3522 = DIRECTION ( 'NONE',  ( 0.3420201333319472000, 0.0000000000000000000, 0.9396926244233254600 ) ) ;
#3523 = CARTESIAN_POINT ( 'NONE',  ( 17.16874742520000700, -1.397000000000000200, -2.540000000000000500 ) ) ;
#3524 = ORIENTED_EDGE ( 'NONE', *, *, #1289, .T. ) ;
#3525 = VECTOR ( 'NONE', #2296, 1000.000000000000000 ) ;
#3526 = PLANE ( 'NONE',  #2740 ) ;
#3527 = CARTESIAN_POINT ( 'NONE',  ( 10.15997460000000200, -2.794000000000000500, 0.0000000000000000000 ) ) ;
#3528 = LINE ( 'NONE', #3012, #105 ) ;
#3529 = ORIENTED_EDGE ( 'NONE', *, *, #2585, .F. ) ;
#3530 = APPLICATION_PROTOCOL_DEFINITION ( 'draft international standard', 'automotive_design', 1998, #1287 ) ;
#3531 = VERTEX_POINT ( 'NONE', #3750 ) ;
#3532 = EDGE_CURVE ( 'NONE', #1979, #1808, #3146, .T. ) ;
#3533 = VECTOR ( 'NONE', #2605, 1000.000000000000000 ) ;
#3534 = VERTEX_POINT ( 'NONE', #3737 ) ;
#3535 = DIRECTION ( 'NONE',  ( -0.0000000000000000000, 1.000000000000000000, 0.0000000000000000000 ) ) ;
#3536 = AXIS2_PLACEMENT_3D ( 'NONE', #2472, #2239, #2228 ) ;
#3537 = PRODUCT_DEFINITION_SHAPE ( 'NONE', 'NONE',  #4059 ) ;
#3538 = ORIENTED_EDGE ( 'NONE', *, *, #1419, .F. ) ;
#3539 = CARTESIAN_POINT ( 'NONE',  ( 10.15997460063500300, -2.794000000000000500, -6.776263578034402700E-017 ) ) ;
#3540 = ADVANCED_FACE ( 'NONE', ( #344 ), #1040, .F. ) ;
#3541 = VECTOR ( 'NONE', #3145, 1000.000000000000100 ) ;
#3542 = EDGE_CURVE ( 'NONE', #833, #2299, #1850, .T. ) ;
#3543 =( REPRESENTATION_RELATIONSHIP ('NONE','NONE', #1655, #357 ) REPRESENTATION_RELATIONSHIP_WITH_TRANSFORMATION ( #1864 )SHAPE_REPRESENTATION_RELATIONSHIP( ) );
#3544 = CIRCLE ( 'NONE', #2108, 0.6731000000000002500 ) ;
#3545 = DIRECTION ( 'NONE',  ( 0.0000000000000000000, 1.000000000000000000, 0.0000000000000000000 ) ) ;
#3546 = VECTOR ( 'NONE', #2881, 1000.000000000000100 ) ;
#3547 = PRESENTATION_LAYER_ASSIGNMENT (  '', '', ( #1865 ) ) ;
#3548 = CARTESIAN_POINT ( 'NONE',  ( 4.343400000000000800, -0.2540000000000047800, 0.0000000000000000000 ) ) ;
#3549 = DIRECTION ( 'NONE',  ( 0.0000000000000000000, 0.0000000000000000000, 1.000000000000000000 ) ) ;
#3550 = DIRECTION ( 'NONE',  ( -0.0000000000000000000, 1.000000000000000000, 0.0000000000000000000 ) ) ;
#3551 = ORIENTED_EDGE ( 'NONE', *, *, #1453, .F. ) ;
#3552 = DIRECTION ( 'NONE',  ( 0.0000000000000000000, 1.000000000000000000, 0.0000000000000000000 ) ) ;
#3553 = CARTESIAN_POINT ( 'NONE',  ( 3.504373712600001400, -2.794000000000000500, -1.270000000000000200 ) ) ;
#3554 = CARTESIAN_POINT ( 'NONE',  ( 6.044373712600002300, -0.8940800000000001000, -2.219960000000000800 ) ) ;
#3555 = EDGE_LOOP ( 'NONE', ( #838, #3420, #3142, #1670 ) ) ;
#3556 = FILL_AREA_STYLE ('',( #3345 ) ) ;
#3557 = AXIS2_PLACEMENT_3D ( 'NONE', #368, #2202, #69 ) ;
#3558 = ORIENTED_EDGE ( 'NONE', *, *, #3893, .T. ) ;
#3559 = CARTESIAN_POINT ( 'NONE',  ( 4.181365195800000700, -0.6359996170000000700, 0.3179997958000001000 ) ) ;
#3560 = VECTOR ( 'NONE', #1168, 1000.000000000000000 ) ;
#3561 = CARTESIAN_POINT ( 'NONE',  ( 3.937000000000001200, 0.0000000000000000000, 0.0000000000000000000 ) ) ;
#3562 = EDGE_LOOP ( 'NONE', ( #2044, #2135, #1479, #3124 ) ) ;
#3563 = VERTEX_POINT ( 'NONE', #3548 ) ;
#3564 = DIRECTION ( 'NONE',  ( -1.000000000000000000, -1.524468746464432000E-016, -0.0000000000000000000 ) ) ;
#3565 = DIRECTION ( 'NONE',  ( 0.3420201333319472000, 0.0000000000000000000, 0.9396926244233254600 ) ) ;
#3566 = DIRECTION ( 'NONE',  ( 0.0000000000000000000, -1.000000000000000000, -0.0000000000000000000 ) ) ;
#3567 = DIRECTION ( 'NONE',  ( -0.0000000000000000000, 1.000000000000000000, 0.0000000000000000000 ) ) ;
#3568 = VERTEX_POINT ( 'NONE', #3539 ) ;
#3569 = EDGE_CURVE ( 'NONE', #3918, #638, #3491, .T. ) ;
#3570 = CARTESIAN_POINT ( 'NONE',  ( 0.2349500000000001000, 0.0000000000000000000, 0.0000000000000000000 ) ) ;
#3571 = ORIENTED_EDGE ( 'NONE', *, *, #29, .F. ) ;
#3572 = VECTOR ( 'NONE', #2655, 1000.000000000000000 ) ;
#3573 = CARTESIAN_POINT ( 'NONE',  ( 12.16157596890000300, -2.794000000000000500, -2.339975000000000800 ) ) ;
#3574 = CIRCLE ( 'NONE', #2470, 0.8890000000000001200 ) ;
#3575 = EDGE_LOOP ( 'NONE', ( #820, #1548 ) ) ;
#3576 = DIRECTION ( 'NONE',  ( -1.000000000000000000, 0.0000000000000000000, 0.0000000000000000000 ) ) ;
#3577 = LINE ( 'NONE', #913, #56 ) ;
#3578 = CARTESIAN_POINT ( 'NONE',  ( 0.0000000000000000000, -1.397000000000000200, 0.0000000000000000000 ) ) ;
#3579 = LINE ( 'NONE', #4003, #1838 ) ;
#3580 = ORIENTED_EDGE ( 'NONE', *, *, #581, .F. ) ;
#3581 = DIRECTION ( 'NONE',  ( 1.219574997171545800E-016, -1.000000000000000000, 0.0000000000000000000 ) ) ;
#3582 = DIRECTION ( 'NONE',  ( 0.0000000000000000000, -1.000000000000000000, -0.0000000000000000000 ) ) ;
#3583 = PRESENTATION_STYLE_ASSIGNMENT (( #946 ) ) ;
#3584 = CARTESIAN_POINT ( 'NONE',  ( 5.079974600000001700, -1.397000000000000200, -2.540000000000000500 ) ) ;
#3585 = ORIENTED_EDGE ( 'NONE', *, *, #1431, .F. ) ;
#3586 = EDGE_CURVE ( 'NONE', #3281, #1607, #1128, .T. ) ;
#3587 = VECTOR ( 'NONE', #2983, 1000.000000000000000 ) ;
#3588 = CARTESIAN_POINT ( 'NONE',  ( 17.47437371260000600, -2.794000000000000500, -1.270000000000000200 ) ) ;
#3589 = VERTEX_POINT ( 'NONE', #3347 ) ;
#3590 = EDGE_CURVE ( 'NONE', #4043, #440, #1756, .T. ) ;
#3591 = CARTESIAN_POINT ( 'NONE',  ( 6.044373712600002300, -0.8940800000000001000, -1.270000000000000200 ) ) ;
#3592 = VECTOR ( 'NONE', #3643, 1000.000000000000000 ) ;
#3593 = CARTESIAN_POINT ( 'NONE',  ( 1.928772823295000300, -2.794000000000000500, 6.776263578034402700E-018 ) ) ;
#3594 = EDGE_CURVE ( 'NONE', #1113, #3589, #1959, .T. ) ;
#3595 = DIRECTION ( 'NONE',  ( -0.3420201333319380900, 0.0000000000000000000, -0.9396926244233289000 ) ) ;
#3596 = DIRECTION ( 'NONE',  ( -1.000000000000000000, 0.0000000000000000000, 0.0000000000000000000 ) ) ;
#3597 = VECTOR ( 'NONE', #1713, 1000.000000000000000 ) ;
#3598 = VECTOR ( 'NONE', #2946, 1000.000000000000000 ) ;
#3599 = DIRECTION ( 'NONE',  ( -1.000000000000000000, -0.0000000000000000000, -0.0000000000000000000 ) ) ;
#3600 = EDGE_CURVE ( 'NONE', #2820, #1892, #2733, .T. ) ;
#3601 = FACE_BOUND ( 'NONE', #3768, .T. ) ;
#3602 = CARTESIAN_POINT ( 'NONE',  ( -2.710505431213761100E-017, 0.0000000000000000000, 0.7810500000000002400 ) ) ;
#3603 = AXIS2_PLACEMENT_3D ( 'NONE', #171, #764, #582 ) ;
#3604 = CARTESIAN_POINT ( 'NONE',  ( 14.77437911260000200, 0.0000000000000000000, -2.139950000000000700 ) ) ;
#3605 = DIRECTION ( 'NONE',  ( -0.9396926244233275700, 0.0000000000000000000, -0.3420201333319417000 ) ) ;
#3606 = DIRECTION ( 'NONE',  ( 0.0000000000000000000, 0.0000000000000000000, -1.000000000000000000 ) ) ;
#3607 = CARTESIAN_POINT ( 'NONE',  ( 1.928772823295000300, -2.794000000000000500, -2.540000000000000500 ) ) ;
#3608 = CARTESIAN_POINT ( 'NONE',  ( 2.394368310060001300, -2.794000000000000500, -0.4000500000000001800 ) ) ;
#3609 = VERTEX_POINT ( 'NONE', #3211 ) ;
#3610 = CARTESIAN_POINT ( 'NONE',  ( 3.937000000000001200, 0.6730999999999987000, 8.243097605060823200E-017 ) ) ;
#3611 = VECTOR ( 'NONE', #3238, 1000.000000000000000 ) ;
#3612 = ORIENTED_EDGE ( 'NONE', *, *, #2726, .F. ) ;
#3613 = ORIENTED_EDGE ( 'NONE', *, *, #3622, .F. ) ;
#3614 = DIRECTION ( 'NONE',  ( 0.0000000000000000000, 0.0000000000000000000, 1.000000000000000000 ) ) ;
#3615 = AXIS2_PLACEMENT_3D ( 'NONE', #2549, #1779, #1934 ) ;
#3616 = EDGE_LOOP ( 'NONE', ( #2430, #4031, #3686, #145 ) ) ;
#3617 = CARTESIAN_POINT ( 'NONE',  ( 4.181365195800000700, 0.0000000000000000000, -0.3179997958000001000 ) ) ;
#3618 = CARTESIAN_POINT ( 'NONE',  ( 8.584373712600005000, -0.8940800000000002100, -1.270000000000000200 ) ) ;
#3619 = CARTESIAN_POINT ( 'NONE',  ( 12.55436831260000300, -1.397000000000000200, -0.4000500000000001800 ) ) ;
#3620 = CARTESIAN_POINT ( 'NONE',  ( 4.036529976200001500, 0.0000000000000000000, 0.0000000000000000000 ) ) ;
#3621 = VERTEX_POINT ( 'NONE', #2969 ) ;
#3622 = EDGE_CURVE ( 'NONE', #730, #3531, #256, .T. ) ;
#3623 = DIRECTION ( 'NONE',  ( 0.0000000000000000000, 0.0000000000000000000, 1.000000000000000000 ) ) ;
#3624 = ORIENTED_EDGE ( 'NONE', *, *, #2548, .F. ) ;
#3625 = LINE ( 'NONE', #3877, #1884 ) ;
#3626 = FACE_OUTER_BOUND ( 'NONE', #3915, .T. ) ;
#3627 = ORIENTED_EDGE ( 'NONE', *, *, #3542, .F. ) ;
#3628 = SURFACE_STYLE_FILL_AREA ( #3556 ) ;
#3629 = DIRECTION ( 'NONE',  ( 0.0000000000000000000, 0.0000000000000000000, 1.000000000000000000 ) ) ;
#3630 = ORIENTED_EDGE ( 'NONE', *, *, #3744, .F. ) ;
#3631 = CARTESIAN_POINT ( 'NONE',  ( 13.66437371259999800, -2.794000000000000500, -0.5397500000000001700 ) ) ;
#3632 = PLANE ( 'NONE',  #2120 ) ;
#3633 = LINE ( 'NONE', #2025, #796 ) ;
#3634 = DIRECTION ( 'NONE',  ( 0.0000000000000000000, 1.000000000000000000, 0.0000000000000000000 ) ) ;
#3635 = ORIENTED_EDGE ( 'NONE', *, *, #3667, .F. ) ;
#3636 = ORIENTED_EDGE ( 'NONE', *, *, #3950, .T. ) ;
#3637 = DIRECTION ( 'NONE',  ( 0.0000000000000000000, 0.0000000000000000000, 1.000000000000000000 ) ) ;
#3638 = AXIS2_PLACEMENT_3D ( 'NONE', #3275, #3290, #3317 ) ;
#3639 = EDGE_CURVE ( 'NONE', #1678, #3621, #168, .T. ) ;
#3640 = DIRECTION ( 'NONE',  ( 0.0000000000000000000, 0.0000000000000000000, 1.000000000000000000 ) ) ;
#3641 = VECTOR ( 'NONE', #1617, 1000.000000000000000 ) ;
#3642 = ORIENTED_EDGE ( 'NONE', *, *, #3170, .T. ) ;
#3643 = DIRECTION ( 'NONE',  ( -0.0000000000000000000, 1.000000000000000000, 0.0000000000000000000 ) ) ;
#3644 = FACE_OUTER_BOUND ( 'NONE', #2918, .T. ) ;
#3645 = CYLINDRICAL_SURFACE ( 'NONE', #2247, 0.8890000000000001200 ) ;
#3646 = PRODUCT_DEFINITION_FORMATION_WITH_SPECIFIED_SOURCE ( 'ANY', '', #1339, .NOT_KNOWN. ) ;
#3647 = EDGE_LOOP ( 'NONE', ( #3469, #2087, #327, #1675 ) ) ;
#3648 = CARTESIAN_POINT ( 'NONE',  ( 3.708400000000000600, 0.5461000000000002500, 6.687796170143697900E-017 ) ) ;
#3649 = ORIENTED_EDGE ( 'NONE', *, *, #858, .T. ) ;
#3650 = CARTESIAN_POINT ( 'NONE',  ( 8.584373712600005000, -2.794000000000000500, -1.270000000000000200 ) ) ;
#3651 = CARTESIAN_POINT ( 'NONE',  ( 4.468772825200001200, -2.794000000000000500, -2.540000000000000500 ) ) ;
#3652 = EDGE_CURVE ( 'NONE', #890, #1399, #67, .T. ) ;
#3653 = DIRECTION ( 'NONE',  ( -0.0000000000000000000, -1.000000000000000000, -0.0000000000000000000 ) ) ;
#3654 = ORIENTED_EDGE ( 'NONE', *, *, #106, .T. ) ;
#3655 = DIRECTION ( 'NONE',  ( -0.3420201333319470300, 0.0000000000000000000, 0.9396926244233255700 ) ) ;
#3656 = ORIENTED_EDGE ( 'NONE', *, *, #412, .F. ) ;
#3657 = DIRECTION ( 'NONE',  ( 0.0000000000000000000, 0.0000000000000000000, 1.000000000000000000 ) ) ;
#3658 = CYLINDRICAL_SURFACE ( 'NONE', #502, 0.7302500000000000700 ) ;
#3659 = ORIENTED_EDGE ( 'NONE', *, *, #1771, .T. ) ;
#3660 = DIRECTION ( 'NONE',  ( -0.0000000000000000000, 1.000000000000000000, 0.0000000000000000000 ) ) ;
#3661 = VERTEX_POINT ( 'NONE', #2709 ) ;
#3662 = ADVANCED_FACE ( 'NONE', ( #1657 ), #3201, .F. ) ;
#3663 = EDGE_CURVE ( 'NONE', #3991, #3323, #4045, .T. ) ;
#3664 = DIRECTION ( 'NONE',  ( 0.0000000000000000000, 1.000000000000000000, 0.0000000000000000000 ) ) ;
#3665 = AXIS2_PLACEMENT_3D ( 'NONE', #147, #3657, #3464 ) ;
#3666 = VERTEX_POINT ( 'NONE', #2586 ) ;
#3667 = EDGE_CURVE ( 'NONE', #1793, #1302, #471, .T. ) ;
#3668 = DIRECTION ( 'NONE',  ( 1.219574997171545800E-016, -1.000000000000000000, 0.0000000000000000000 ) ) ;
#3669 = CARTESIAN_POINT ( 'NONE',  ( 6.044373712600002300, -0.8940800000000002100, -1.270000000000000200 ) ) ;
#3670 = ORIENTED_EDGE ( 'NONE', *, *, #1827, .F. ) ;
#3671 = DIRECTION ( 'NONE',  ( 0.9396926244233282400, -0.0000000000000000000, 0.3420201333319398700 ) ) ;
#3672 = CYLINDRICAL_SURFACE ( 'NONE', #3102, 0.2540000000000000600 ) ;
#3673 = DIRECTION ( 'NONE',  ( 0.0000000000000000000, 0.0000000000000000000, 1.000000000000000000 ) ) ;
#3674 = VECTOR ( 'NONE', #3318, 1000.000000000000000 ) ;
#3675 = EDGE_CURVE ( 'NONE', #1405, #1340, #1560, .T. ) ;
#3676 = CARTESIAN_POINT ( 'NONE',  ( 7.366000000000000500, 0.1487897551572338900, 0.2975795103144679400 ) ) ;
#3677 = ORIENTED_EDGE ( 'NONE', *, *, #2293, .T. ) ;
#3678 = CARTESIAN_POINT ( 'NONE',  ( 8.584373712600005000, -0.8940800000000001000, -0.3200400000000000500 ) ) ;
#3679 = CIRCLE ( 'NONE', #1847, 0.9499600000000002500 ) ;
#3680 = DIRECTION ( 'NONE',  ( 0.0000000000000000000, 0.0000000000000000000, -1.000000000000000000 ) ) ;
#3681 =( GEOMETRIC_REPRESENTATION_CONTEXT ( 3 ) GLOBAL_UNCERTAINTY_ASSIGNED_CONTEXT ( ( #1199 ) ) GLOBAL_UNIT_ASSIGNED_CONTEXT ( ( #3143, #190, #2852 ) ) REPRESENTATION_CONTEXT ( 'NONE', 'WORKASPACE' ) );
#3682 = VECTOR ( 'NONE', #4034, 1000.000000000000000 ) ;
#3683 = VERTEX_POINT ( 'NONE', #2429 ) ;
#3684 = VECTOR ( 'NONE', #1117, 1000.000000000000000 ) ;
#3685 = DIRECTION ( 'NONE',  ( -1.000000000000000000, 0.0000000000000000000, 0.0000000000000000000 ) ) ;
#3686 = ORIENTED_EDGE ( 'NONE', *, *, #430, .T. ) ;
#3687 = CARTESIAN_POINT ( 'NONE',  ( 0.2349500000000001000, -0.5461000000000002500, 0.0000000000000000000 ) ) ;
#3688 = LINE ( 'NONE', #2765, #2832 ) ;
#3689 = CARTESIAN_POINT ( 'NONE',  ( 7.619974600000000800, -1.397000000000000200, -2.540000000000000500 ) ) ;
#3690 = ADVANCED_FACE ( 'NONE', ( #3304, #3118, #2240, #1392, #762, #595, #3872, #3023 ), #2396, .T. ) ;
#3691 = VERTEX_POINT ( 'NONE', #1921 ) ;
#3692 = DIRECTION ( 'NONE',  ( -1.000000000000000000, -3.970709293116661000E-016, -0.0000000000000000000 ) ) ;
#3693 = CIRCLE ( 'NONE', #4050, 0.7112000000000001700 ) ;
#3694 = DIRECTION ( 'NONE',  ( -0.0000000000000000000, 1.000000000000000000, 0.0000000000000000000 ) ) ;
#3695 = CARTESIAN_POINT ( 'NONE',  ( 0.7620000000000002300, 0.0000000000000000000, 0.0000000000000000000 ) ) ;
#3696 = LINE ( 'NONE', #1507, #3597 ) ;
#3697 = VECTOR ( 'NONE', #97, 1000.000000000000100 ) ;
#3698 = AXIS2_PLACEMENT_3D ( 'NONE', #452, #1622, #1637 ) ;
#3699 = DIRECTION ( 'NONE',  ( 0.0000000000000000000, -1.000000000000000000, -0.0000000000000000000 ) ) ;
#3700 = FACE_BOUND ( 'NONE', #1687, .T. ) ;
#3701 = DIRECTION ( 'NONE',  ( 0.0000000000000000000, 0.0000000000000000000, 1.000000000000000000 ) ) ;
#3702 = AXIS2_PLACEMENT_3D ( 'NONE', #2012, #2660, #2051 ) ;
#3703 = DIRECTION ( 'NONE',  ( 3.221518860453139400E-016, -1.000000000000000000, 0.0000000000000000000 ) ) ;
#3704 = CARTESIAN_POINT ( 'NONE',  ( 13.66437371260000300, 0.0000000000000000000, 0.0000000000000000000 ) ) ;
#3705 = DIRECTION ( 'NONE',  ( -0.3420201333319418700, 0.0000000000000000000, 0.9396926244233274600 ) ) ;
#3706 = DIRECTION ( 'NONE',  ( -0.0000000000000000000, -1.000000000000000000, -0.0000000000000000000 ) ) ;
#3707 = EDGE_LOOP ( 'NONE', ( #3821, #3812 ) ) ;
#3708 = ADVANCED_FACE ( 'NONE', ( #2920, #1305 ), #2122, .F. ) ;
#3709 = DIRECTION ( 'NONE',  ( 0.0000000000000000000, 1.000000000000000000, 0.0000000000000000000 ) ) ;
#3710 = VECTOR ( 'NONE', #1517, 1000.000000000000000 ) ;
#3711 = ORIENTED_EDGE ( 'NONE', *, *, #870, .T. ) ;
#3712 = AXIS2_PLACEMENT_3D ( 'NONE', #1234, #1213, #1186 ) ;
#3713 = EDGE_LOOP ( 'NONE', ( #3216, #2180, #2101, #2622, #3223, #383, #4044, #1192, #1195, #143, #1901, #903, #645, #3104, #3363, #2872, #2515, #1011, #290, #664, #3021, #1307, #827, #2908, #1345, #564, #3054, #499, #1882, #1554, #2384, #198, #577, #906, #2795, #1536, #2473, #138, #3719, #3352, #1917, #2661, #3094, #2967, #877, #2112, #2806, #1091, #641, #3166, #1819, #376, #2183, #455, #3430, #1367, #634, #12, #2010, #3558 ) ) ;
#3714 = PLANE ( 'NONE',  #3198 ) ;
#3715 = CARTESIAN_POINT ( 'NONE',  ( 6.044373712600002300, -2.794000000000000500, -2.000250000000000300 ) ) ;
#3716 = CARTESIAN_POINT ( 'NONE',  ( 17.47437371260000600, 2.710505431213761100E-017, -0.4000500000000001300 ) ) ;
#3717 = EDGE_CURVE ( 'NONE', #2089, #2925, #509, .T. ) ;
#3718 = CARTESIAN_POINT ( 'NONE',  ( 3.504373712600001400, -2.794000000000000500, -0.5397500000000001700 ) ) ;
#3719 = ORIENTED_EDGE ( 'NONE', *, *, #2663, .T. ) ;
#3720 = VECTOR ( 'NONE', #1859, 1000.000000000000000 ) ;
#3721 = CARTESIAN_POINT ( 'NONE',  ( 8.584373712600003300, -2.794000000000000500, -2.540000000000000500 ) ) ;
#3722 = ORIENTED_EDGE ( 'NONE', *, *, #2907, .T. ) ;
#3723 = FACE_OUTER_BOUND ( 'NONE', #2000, .T. ) ;
#3724 = VECTOR ( 'NONE', #994, 1000.000000000000100 ) ;
#3725 = CARTESIAN_POINT ( 'NONE',  ( 13.66437371259999800, -2.794000000000000500, -2.000250000000000300 ) ) ;
#3726 = ADVANCED_FACE ( 'NONE', ( #2033 ), #3658, .F. ) ;
#3727 = ORIENTED_EDGE ( 'NONE', *, *, #3445, .T. ) ;
#3728 = FACE_OUTER_BOUND ( 'NONE', #411, .T. ) ;
#3729 = DIRECTION ( 'NONE',  ( -1.000000000000000000, 0.0000000000000000000, 0.0000000000000000000 ) ) ;
#3730 = EDGE_CURVE ( 'NONE', #3764, #3394, #415, .T. ) ;
#3731 = CARTESIAN_POINT ( 'NONE',  ( 3.504373712600001400, -0.8940800000000001000, -0.3200400000000000500 ) ) ;
#3732 = ORIENTED_EDGE ( 'NONE', *, *, #744, .F. ) ;
#3733 = CIRCLE ( 'NONE', #2615, 0.2540000000000000600 ) ;
#3734 = AXIS2_PLACEMENT_3D ( 'NONE', #2863, #3179, #2611 ) ;
#3735 = ORIENTED_EDGE ( 'NONE', *, *, #1350, .F. ) ;
#3736 = DIRECTION ( 'NONE',  ( 0.3420201333319398100, 0.0000000000000000000, -0.9396926244233281300 ) ) ;
#3737 = CARTESIAN_POINT ( 'NONE',  ( 12.23437911387000400, -2.794000000000000500, -2.139950000000000700 ) ) ;
#3738 = VECTOR ( 'NONE', #3405, 1000.000000000000000 ) ;
#3739 = CARTESIAN_POINT ( 'NONE',  ( 15.23997460000000500, 0.0000000000000000000, 1.442229810453799700E-017 ) ) ;
#3740 = CARTESIAN_POINT ( 'NONE',  ( 12.69997460000000300, 0.0000000000000000000, 0.0000000000000000000 ) ) ;
#3741 = CIRCLE ( 'NONE', #3931, 0.7302500000000000700 ) ;
#3742 = VECTOR ( 'NONE', #3884, 1000.000000000000000 ) ;
#3743 = CARTESIAN_POINT ( 'NONE',  ( 0.9643737126000001500, -2.794000000000000500, -0.5397500000000001700 ) ) ;
#3744 = EDGE_CURVE ( 'NONE', #3323, #534, #1194, .T. ) ;
#3745 = EDGE_LOOP ( 'NONE', ( #2856, #975, #2215, #1722 ) ) ;
#3746 = AXIS2_PLACEMENT_3D ( 'NONE', #1950, #1900, #1885 ) ;
#3747 = ADVANCED_FACE ( 'NONE', ( #1101 ), #1679, .F. ) ;
#3748 = DIRECTION ( 'NONE',  ( 0.0000000000000000000, -1.000000000000000000, 0.0000000000000000000 ) ) ;
#3749 = ORIENTED_EDGE ( 'NONE', *, *, #1149, .F. ) ;
#3750 = CARTESIAN_POINT ( 'NONE',  ( 17.31435371260000300, 0.0000000000000000000, -0.4000500000000001800 ) ) ;
#3751 = EDGE_CURVE ( 'NONE', #3220, #3898, #2138, .T. ) ;
#3752 = DIRECTION ( 'NONE',  ( 1.000000000000000000, 0.0000000000000000000, 0.0000000000000000000 ) ) ;
#3753 = CARTESIAN_POINT ( 'NONE',  ( -0.1456062874000000300, -2.794000000000000500, -2.139950000000000700 ) ) ;
#3754 = ORIENTED_EDGE ( 'NONE', *, *, #556, .T. ) ;
#3755 = MECHANICAL_DESIGN_GEOMETRIC_PRESENTATION_REPRESENTATION (  '', ( #1865 ), #3975 ) ;
#3756 = ORIENTED_EDGE ( 'NONE', *, *, #2964, .T. ) ;
#3757 = FACE_OUTER_BOUND ( 'NONE', #3418, .T. ) ;
#3758 = ORIENTED_EDGE ( 'NONE', *, *, #3751, .F. ) ;
#3759 = CARTESIAN_POINT ( 'NONE',  ( 13.66437371259999800, -0.8940800000000002100, -2.000250000000000300 ) ) ;
#3760 = ORIENTED_EDGE ( 'NONE', *, *, #2723, .T. ) ;
#3761 = CARTESIAN_POINT ( 'NONE',  ( 11.12437371260000200, -2.794000000000000500, -0.5397500000000001700 ) ) ;
#3762 = AXIS2_PLACEMENT_3D ( 'NONE', #2156, #296, #3121 ) ;
#3763 = CARTESIAN_POINT ( 'NONE',  ( 0.7620000000000002300, 0.0000000000000000000, 0.0000000000000000000 ) ) ;
#3764 = VERTEX_POINT ( 'NONE', #1528 ) ;
#3765 = ADVANCED_FACE ( 'NONE', ( #317 ), #1818, .F. ) ;
#3766 = DIRECTION ( 'NONE',  ( -0.0000000000000000000, 1.000000000000000000, 0.0000000000000000000 ) ) ;
#3767 = AXIS2_PLACEMENT_3D ( 'NONE', #1851, #3805, #1539 ) ;
#3768 = EDGE_LOOP ( 'NONE', ( #3585, #1483 ) ) ;
#3769 = CIRCLE ( 'NONE', #2653, 0.2539999999999998900 ) ;
#3770 = DIRECTION ( 'NONE',  ( 1.000000000000000000, 0.0000000000000000000, 0.0000000000000000000 ) ) ;
#3771 = LINE ( 'NONE', #984, #3674 ) ;
#3772 = CARTESIAN_POINT ( 'NONE',  ( 9.548772825200002100, -2.794000000000000500, -2.540000000000000500 ) ) ;
#3773 = ORIENTED_EDGE ( 'NONE', *, *, #2225, .F. ) ;
#3774 = LINE ( 'NONE', #1039, #523 ) ;
#3775 = PLANE ( 'NONE',  #3047 ) ;
#3776 = AXIS2_PLACEMENT_3D ( 'NONE', #2656, #2748, #2761 ) ;
#3777 = CYLINDRICAL_SURFACE ( 'NONE', #1891, 0.9499600000000002500 ) ;
#3778 = ORIENTED_EDGE ( 'NONE', *, *, #439, .T. ) ;
#3779 = DIRECTION ( 'NONE',  ( 1.000000000000000000, 0.0000000000000000000, 0.0000000000000000000 ) ) ;
#3780 = LINE ( 'NONE', #1555, #1217 ) ;
#3781 = FILL_AREA_STYLE ('',( #1518 ) ) ;
#3782 = DIRECTION ( 'NONE',  ( 0.0000000000000000000, 0.0000000000000000000, 1.000000000000000000 ) ) ;
#3783 = VERTEX_POINT ( 'NONE', #1294 ) ;
#3784 = CARTESIAN_POINT ( 'NONE',  ( 0.0000000000000000000, 4.336808689942017700E-016, 0.0000000000000000000 ) ) ;
#3785 = CARTESIAN_POINT ( 'NONE',  ( 7.366000000000000500, -0.1487897551572338900, -0.2975795103144679400 ) ) ;
#3786 = ORIENTED_EDGE ( 'NONE', *, *, #1350, .T. ) ;
#3787 = DIRECTION ( 'NONE',  ( -0.0000000000000000000, 1.000000000000000000, 0.0000000000000000000 ) ) ;
#3788 = LINE ( 'NONE', #4054, #1229 ) ;
#3789 = CARTESIAN_POINT ( 'NONE',  ( 11.12437371260000200, -2.794000000000000500, -2.000250000000000300 ) ) ;
#3790 = ADVANCED_FACE ( 'NONE', ( #3757 ), #1338, .F. ) ;
#3791 = CARTESIAN_POINT ( 'NONE',  ( 6.044373712600002300, -0.8940800000000001000, -0.3200400000000000500 ) ) ;
#3792 = CARTESIAN_POINT ( 'NONE',  ( 4.614379112600001800, 0.0000000000000000000, -0.4000500000000001800 ) ) ;
#3793 = VECTOR ( 'NONE', #2699, 1000.000000000000000 ) ;
#3794 = VECTOR ( 'NONE', #84, 1000.000000000000000 ) ;
#3795 = DIRECTION ( 'NONE',  ( 0.0000000000000000000, 0.0000000000000000000, 1.000000000000000000 ) ) ;
#3796 = FILL_AREA_STYLE ('',( #1529 ) ) ;
#3797 = DIRECTION ( 'NONE',  ( 1.000000000000000000, -0.0000000000000000000, -0.0000000000000000000 ) ) ;
#3798 = VECTOR ( 'NONE', #1311, 1000.000000000000000 ) ;
#3799 = EDGE_CURVE ( 'NONE', #3281, #3003, #1007, .T. ) ;
#3800 = ORIENTED_EDGE ( 'NONE', *, *, #347, .T. ) ;
#3801 = CARTESIAN_POINT ( 'NONE',  ( 6.044373712600002300, 0.0000000000000000000, -1.270000000000000200 ) ) ;
#3802 = EDGE_CURVE ( 'NONE', #1410, #2572, #2700, .T. ) ;
#3803 = CARTESIAN_POINT ( 'NONE',  ( 8.584373712600003300, 0.0000000000000000000, -2.139950000000000700 ) ) ;
#3804 = EDGE_CURVE ( 'NONE', #3898, #3220, #227, .T. ) ;
#3805 = DIRECTION ( 'NONE',  ( -1.000000000000000000, 0.0000000000000000000, 0.0000000000000000000 ) ) ;
#3806 = ORIENTED_EDGE ( 'NONE', *, *, #2637, .T. ) ;
#3807 = CARTESIAN_POINT ( 'NONE',  ( 6.044373712600002300, -0.8940800000000001000, -1.270000000000000200 ) ) ;
#3808 = EDGE_LOOP ( 'NONE', ( #2482, #3199 ) ) ;
#3809 = DIRECTION ( 'NONE',  ( 0.0000000000000000000, 0.0000000000000000000, 1.000000000000000000 ) ) ;
#3810 = DIRECTION ( 'NONE',  ( 1.000000000000000000, 0.0000000000000000000, 0.0000000000000000000 ) ) ;
#3811 = VECTOR ( 'NONE', #122, 1000.000000000000000 ) ;
#3812 = ORIENTED_EDGE ( 'NONE', *, *, #3663, .T. ) ;
#3813 = EDGE_CURVE ( 'NONE', #1709, #292, #1928, .T. ) ;
#3814 = ADVANCED_FACE ( 'NONE', ( #3372 ), #1628, .F. ) ;
#3815 = EDGE_LOOP ( 'NONE', ( #1065, #3851, #219, #100 ) ) ;
#3816 = AXIS2_PLACEMENT_3D ( 'NONE', #3192, #830, #176 ) ;
#3817 = DIRECTION ( 'NONE',  ( -0.0000000000000000000, 1.000000000000000000, 0.0000000000000000000 ) ) ;
#3818 = DIRECTION ( 'NONE',  ( 0.3420201333319417600, 0.0000000000000000000, -0.9396926244233274600 ) ) ;
#3819 = CARTESIAN_POINT ( 'NONE',  ( 14.93437371260000100, -2.794000000000000500, -2.139950000000000700 ) ) ;
#3820 = CARTESIAN_POINT ( 'NONE',  ( 3.937000000000001200, 0.0000000000000000000, 0.0000000000000000000 ) ) ;
#3821 = ORIENTED_EDGE ( 'NONE', *, *, #1984, .T. ) ;
#3822 = CYLINDRICAL_SURFACE ( 'NONE', #2796, 0.7112000000000001700 ) ;
#3823 = CARTESIAN_POINT ( 'NONE',  ( 11.12437370778180000, 0.0000000000000000000, -1.270000000000005600 ) ) ;
#3824 = CARTESIAN_POINT ( 'NONE',  ( 4.254999795800000800, 0.4887304170000001900, 0.2443651958000000500 ) ) ;
#3825 = ORIENTED_EDGE ( 'NONE', *, *, #3622, .T. ) ;
#3826 = LINE ( 'NONE', #3844, #1267 ) ;
#3827 = PLANE ( 'NONE',  #2305 ) ;
#3828 = DIRECTION ( 'NONE',  ( 0.0000000000000000000, 0.0000000000000000000, 1.000000000000000000 ) ) ;
#3829 = AXIS2_PLACEMENT_3D ( 'NONE', #986, #924, #990 ) ;
#3830 = FACE_OUTER_BOUND ( 'NONE', #3037, .T. ) ;
#3831 = EDGE_LOOP ( 'NONE', ( #2248, #2668, #4011, #1210 ) ) ;
#3832 = FACE_OUTER_BOUND ( 'NONE', #2125, .T. ) ;
#3833 = DIRECTION ( 'NONE',  ( 0.9396926244233274600, -0.0000000000000000000, 0.3420201333319417600 ) ) ;
#3834 = ADVANCED_FACE ( 'NONE', ( #1727, #137 ), #960, .F. ) ;
#3835 = CARTESIAN_POINT ( 'NONE',  ( 13.66437371259999800, -0.8940800000000002100, -1.270000000000000200 ) ) ;
#3836 = VERTEX_POINT ( 'NONE', #943 ) ;
#3837 = VECTOR ( 'NONE', #2355, 1000.000000000000000 ) ;
#3838 = VERTEX_POINT ( 'NONE', #803 ) ;
#3839 = CARTESIAN_POINT ( 'NONE',  ( -0.1456062874000000300, -2.794000000000000500, -0.4000500000000001800 ) ) ;
#3840 = EDGE_CURVE ( 'NONE', #651, #1251, #819, .T. ) ;
#3841 = ORIENTED_EDGE ( 'NONE', *, *, #2492, .F. ) ;
#3842 = VERTEX_POINT ( 'NONE', #745 ) ;
#3843 = CARTESIAN_POINT ( 'NONE',  ( 0.0000000000000000000, 0.0000000000000000000, 0.0000000000000000000 ) ) ;
#3844 = CARTESIAN_POINT ( 'NONE',  ( 17.39436371260000400, -2.794000000000000500, -0.4000500000000001800 ) ) ;
#3845 = VERTEX_POINT ( 'NONE', #713 ) ;
#3846 = VECTOR ( 'NONE', #2174, 1000.000000000000100 ) ;
#3847 = CARTESIAN_POINT ( 'NONE',  ( 14.62877282520000400, 0.0000000000000000000, -2.540000000000000500 ) ) ;
#3848 = CARTESIAN_POINT ( 'NONE',  ( 8.584373712600003300, 0.0000000000000000000, -2.139950000000000700 ) ) ;
#3849 = VECTOR ( 'NONE', #1443, 1000.000000000000100 ) ;
#3850 = DIRECTION ( 'NONE',  ( 0.0000000000000000000, 0.0000000000000000000, 1.000000000000000000 ) ) ;
#3851 = ORIENTED_EDGE ( 'NONE', *, *, #2201, .T. ) ;
#3852 = DIRECTION ( 'NONE',  ( 0.9396926244233281300, -0.0000000000000000000, 0.3420201333319400300 ) ) ;
#3853 = VECTOR ( 'NONE', #2604, 1000.000000000000000 ) ;
#3854 = PRODUCT_CONTEXT ( 'NONE', #2221, 'mechanical' ) ;
#3855 = DIRECTION ( 'NONE',  ( -1.000000000000000000, 0.0000000000000000000, 0.0000000000000000000 ) ) ;
#3856 = DIRECTION ( 'NONE',  ( 0.0000000000000000000, 0.0000000000000000000, -1.000000000000000000 ) ) ;
#3857 = ADVANCED_FACE ( 'NONE', ( #2382 ), #722, .T. ) ;
#3858 = AXIS2_PLACEMENT_3D ( 'NONE', #3650, #3660, #3901 ) ;
#3859 = EDGE_CURVE ( 'NONE', #86, #3521, #41, .T. ) ;
#3860 = ORIENTED_EDGE ( 'NONE', *, *, #2328, .T. ) ;
#3861 = CARTESIAN_POINT ( 'NONE',  ( 16.20437371260000200, -2.794000000000000500, -2.000250000000000300 ) ) ;
#3862 = DIRECTION ( 'NONE',  ( 0.0000000000000000000, 1.000000000000000000, 0.0000000000000000000 ) ) ;
#3863 = ORIENTED_EDGE ( 'NONE', *, *, #1139, .T. ) ;
#3864 = DIRECTION ( 'NONE',  ( -0.0000000000000000000, -1.000000000000000000, -0.0000000000000000000 ) ) ;
#3865 = DIRECTION ( 'NONE',  ( -1.000000000000000000, 0.0000000000000000000, 0.0000000000000000000 ) ) ;
#3866 = ORIENTED_EDGE ( 'NONE', *, *, #2357, .F. ) ;
#3867 = AXIS2_PLACEMENT_3D ( 'NONE', #1445, #1381, #2698 ) ;
#3868 = VERTEX_POINT ( 'NONE', #635 ) ;
#3869 = CARTESIAN_POINT ( 'NONE',  ( 1.776905818800000600, 0.0000000000000000000, 0.6731000000000002500 ) ) ;
#3870 = PRODUCT_RELATED_PRODUCT_CATEGORY ( 'part', '', ( #1339 ) ) ;
#3871 = DIRECTION ( 'NONE',  ( 0.0000000000000000000, 0.0000000000000000000, 1.000000000000000000 ) ) ;
#3872 = FACE_BOUND ( 'NONE', #2410, .T. ) ;
#3873 = ORIENTED_EDGE ( 'NONE', *, *, #1549, .T. ) ;
#3874 =( REPRESENTATION_RELATIONSHIP ('NONE','NONE', #1655, #357 ) REPRESENTATION_RELATIONSHIP_WITH_TRANSFORMATION ( #2643 )SHAPE_REPRESENTATION_RELATIONSHIP( ) );
#3875 = EDGE_CURVE ( 'NONE', #1113, #1462, #732, .T. ) ;
#3876 = CARTESIAN_POINT ( 'NONE',  ( 16.20437371260000200, -0.8940800000000002100, -2.000250000000000300 ) ) ;
#3877 = CARTESIAN_POINT ( 'NONE',  ( 15.23997460000000500, -1.397000000000000200, -2.540000000000000500 ) ) ;
#3878 = ORIENTED_EDGE ( 'NONE', *, *, #2147, .F. ) ;
#3879 = PRODUCT_DEFINITION_SHAPE ( 'NONE', 'NONE',  #4062 ) ;
#3880 = CARTESIAN_POINT ( 'NONE',  ( 1.928772825200000500, -1.397000000000000200, -2.540000000000000500 ) ) ;
#3881 = CARTESIAN_POINT ( 'NONE',  ( 0.0000000000000000000, 0.0000000000000000000, 0.0000000000000000000 ) ) ;
#3882 = ORIENTED_EDGE ( 'NONE', *, *, #3799, .F. ) ;
#3883 = VECTOR ( 'NONE', #3310, 1000.000000000000000 ) ;
#3884 = DIRECTION ( 'NONE',  ( -0.0000000000000000000, 1.000000000000000000, 0.0000000000000000000 ) ) ;
#3885 = CARTESIAN_POINT ( 'NONE',  ( 0.9643737126000001500, -0.8940800000000001000, -0.3200400000000000500 ) ) ;
#3886 = CARTESIAN_POINT ( 'NONE',  ( 1.776905818799967600, 0.0000000000000000000, 0.0000000000000000000 ) ) ;
#3887 = LINE ( 'NONE', #1643, #1208 ) ;
#3888 = ORIENTED_EDGE ( 'NONE', *, *, #628, .F. ) ;
#3889 = VECTOR ( 'NONE', #3308, 1000.000000000000100 ) ;
#3890 = CARTESIAN_POINT ( 'NONE',  ( 15.16717145630000200, -2.794000000000000500, -2.339975000000000800 ) ) ;
#3891 = FACE_OUTER_BOUND ( 'NONE', #2136, .T. ) ;
#3892 = ORIENTED_EDGE ( 'NONE', *, *, #755, .F. ) ;
#3893 = EDGE_CURVE ( 'NONE', #3534, #1371, #1530, .T. ) ;
#3894 = FACE_OUTER_BOUND ( 'NONE', #2401, .T. ) ;
#3895 = CARTESIAN_POINT ( 'NONE',  ( 8.584373712600005000, -0.8940800000000001000, -2.219960000000000800 ) ) ;
#3896 = AXIS2_PLACEMENT_3D ( 'NONE', #42, #13, #2838 ) ;
#3897 = EDGE_CURVE ( 'NONE', #3340, #2315, #2598, .T. ) ;
#3898 = VERTEX_POINT ( 'NONE', #390 ) ;
#3899 = CARTESIAN_POINT ( 'NONE',  ( 12.08877282520000100, -2.794000000000000500, -2.540000000000000500 ) ) ;
#3900 = ORIENTED_EDGE ( 'NONE', *, *, #2152, .T. ) ;
#3901 = DIRECTION ( 'NONE',  ( 0.0000000000000000000, 0.0000000000000000000, 1.000000000000000000 ) ) ;
#3902 = VECTOR ( 'NONE', #1602, 1000.000000000000000 ) ;
#3903 = EDGE_CURVE ( 'NONE', #1892, #3354, #636, .T. ) ;
#3904 = VECTOR ( 'NONE', #2657, 1000.000000000000000 ) ;
#3905 = ORIENTED_EDGE ( 'NONE', *, *, #3177, .F. ) ;
#3906 = DIRECTION ( 'NONE',  ( -0.0000000000000000000, -0.0000000000000000000, 1.000000000000000000 ) ) ;
#3907 = CIRCLE ( 'NONE', #1108, 0.7302500000000000700 ) ;
#3908 = CIRCLE ( 'NONE', #1274, 0.7112000000000001700 ) ;
#3909 = CARTESIAN_POINT ( 'NONE',  ( 14.62877282520000400, -2.794000000000000500, -2.540000000000000500 ) ) ;
#3910 = ORIENTED_EDGE ( 'NONE', *, *, #1638, .T. ) ;
#3911 = ORIENTED_EDGE ( 'NONE', *, *, #157, .F. ) ;
#3912 = CARTESIAN_POINT ( 'NONE',  ( 12.08877282520000100, 4.336808689942017700E-016, -2.540000000000000500 ) ) ;
#3913 = ORIENTED_EDGE ( 'NONE', *, *, #1814, .T. ) ;
#3914 = DIRECTION ( 'NONE',  ( 0.0000000000000000000, 0.0000000000000000000, -1.000000000000000000 ) ) ;
#3915 = EDGE_LOOP ( 'NONE', ( #3063, #48, #417, #2031, #3941 ) ) ;
#3916 = VECTOR ( 'NONE', #266, 1000.000000000000000 ) ;
#3917 = DIRECTION ( 'NONE',  ( -1.000000000000000000, -0.0000000000000000000, -0.0000000000000000000 ) ) ;
#3918 = VERTEX_POINT ( 'NONE', #414 ) ;
#3919 = CARTESIAN_POINT ( 'NONE',  ( 4.468772825200001200, 5.421010862427522200E-017, 8.131516293641283300E-017 ) ) ;
#3920 = ORIENTED_EDGE ( 'NONE', *, *, #3120, .T. ) ;
#3921 = AXIS2_PLACEMENT_3D ( 'NONE', #2638, #2546, #2642 ) ;
#3922 = CARTESIAN_POINT ( 'NONE',  ( 0.0000000000000000000, -2.794000000000000500, -2.540000000000000500 ) ) ;
#3923 = CARTESIAN_POINT ( 'NONE',  ( 3.504373712600001400, -0.8940800000000001000, -0.3200400000000000500 ) ) ;
#3924 = ORIENTED_EDGE ( 'NONE', *, *, #2286, .F. ) ;
#3925 = CARTESIAN_POINT ( 'NONE',  ( 3.708400000000001000, 0.0000000000000000000, 0.0000000000000000000 ) ) ;
#3926 = ORIENTED_EDGE ( 'NONE', *, *, #2443, .F. ) ;
#3927 = FACE_OUTER_BOUND ( 'NONE', #139, .T. ) ;
#3928 = CARTESIAN_POINT ( 'NONE',  ( 4.934368312600002000, -2.794000000000000500, -2.139950000000000700 ) ) ;
#3929 = CARTESIAN_POINT ( 'NONE',  ( 3.504373712600001400, -0.8940800000000001000, -1.270000000000000200 ) ) ;
#3930 = ORIENTED_EDGE ( 'NONE', *, *, #1482, .F. ) ;
#3931 = AXIS2_PLACEMENT_3D ( 'NONE', #1067, #1047, #1033 ) ;
#3932 = VECTOR ( 'NONE', #3992, 1000.000000000000000 ) ;
#3933 = LINE ( 'NONE', #3326, #2306 ) ;
#3934 = ORIENTED_EDGE ( 'NONE', *, *, #169, .F. ) ;
#3935 = CARTESIAN_POINT ( 'NONE',  ( 14.93437371260000100, 0.0000000000000000000, -0.4000500000000001800 ) ) ;
#3936 = LINE ( 'NONE', #1052, #1456 ) ;
#3937 = VERTEX_POINT ( 'NONE', #232 ) ;
#3938 = EDGE_CURVE ( 'NONE', #3489, #3683, #3167, .T. ) ;
#3939 = LINE ( 'NONE', #2298, #4041 ) ;
#3940 = DIRECTION ( 'NONE',  ( -0.3420201333319470300, 0.0000000000000000000, 0.9396926244233255700 ) ) ;
#3941 = ORIENTED_EDGE ( 'NONE', *, *, #1308, .T. ) ;
#3942 = DIRECTION ( 'NONE',  ( 0.0000000000000000000, 1.000000000000000000, 0.0000000000000000000 ) ) ;
#3943 = AXIS2_PLACEMENT_3D ( 'NONE', #2145, #2409, #2312 ) ;
#3944 = CARTESIAN_POINT ( 'NONE',  ( 3.937000000000001200, 8.243097605060838000E-017, -0.6731000000000002500 ) ) ;
#3945 = ORIENTED_EDGE ( 'NONE', *, *, #1094, .F. ) ;
#3946 = LINE ( 'NONE', #2308, #3846 ) ;
#3947 = DIRECTION ( 'NONE',  ( -1.000000000000000000, -6.097874985857730400E-017, -0.0000000000000000000 ) ) ;
#3948 = DIRECTION ( 'NONE',  ( 0.0000000000000000000, 1.000000000000000000, 0.0000000000000000000 ) ) ;
#3949 = CIRCLE ( 'NONE', #3498, 0.4190999999999459600 ) ;
#3950 = EDGE_CURVE ( 'NONE', #3097, #2979, #2290, .T. ) ;
#3951 = CIRCLE ( 'NONE', #786, 0.9499600000000002500 ) ;
#3952 = DIRECTION ( 'NONE',  ( -0.3420201333319470300, 0.0000000000000000000, 0.9396926244233255700 ) ) ;
#3953 = AXIS2_PLACEMENT_3D ( 'NONE', #2241, #1588, #973 ) ;
#3954 = CARTESIAN_POINT ( 'NONE',  ( 15.09436831259999900, -3.794707603699265500E-016, -2.139950000000000700 ) ) ;
#3955 = DIRECTION ( 'NONE',  ( 3.414809992080327900E-015, -1.000000000000000000, 0.0000000000000000000 ) ) ;
#3956 = CARTESIAN_POINT ( 'NONE',  ( 7.547171456300001000, -2.794000000000000500, -0.2000250000000000900 ) ) ;
#3957 = DIRECTION ( 'NONE',  ( 1.000000000000000000, 0.0000000000000000000, 0.0000000000000000000 ) ) ;
#3958 = CARTESIAN_POINT ( 'NONE',  ( 3.504373712600001400, -2.794000000000000500, -2.000250000000000300 ) ) ;
#3959 = CARTESIAN_POINT ( 'NONE',  ( 17.31435371260000300, -2.794000000000000500, -2.139950000000000700 ) ) ;
#3960 = DIRECTION ( 'NONE',  ( -0.3420201333319416400, -0.0000000000000000000, -0.9396926244233274600 ) ) ;
#3961 = PRESENTATION_STYLE_ASSIGNMENT (( #34 ) ) ;
#3962 = VERTEX_POINT ( 'NONE', #158 ) ;
#3963 = ORIENTED_EDGE ( 'NONE', *, *, #2865, .T. ) ;
#3964 = EDGE_CURVE ( 'NONE', #3462, #2405, #1343, .T. ) ;
#3965 = CARTESIAN_POINT ( 'NONE',  ( 7.008772825200000300, -1.397000000000000200, 0.0000000000000000000 ) ) ;
#3966 = AXIS2_PLACEMENT_3D ( 'NONE', #2216, #1799, #1890 ) ;
#3967 = ORIENTED_EDGE ( 'NONE', *, *, #2365, .F. ) ;
#3968 = CARTESIAN_POINT ( 'NONE',  ( 2.394368312600001000, 0.0000000000000000000, -0.4000500000000001800 ) ) ;
#3969 = CARTESIAN_POINT ( 'NONE',  ( 7.112000000000001000, 0.0000000000000000000, 0.0000000000000000000 ) ) ;
#3970 = CARTESIAN_POINT ( 'NONE',  ( 4.191000000000000700, 0.0000000000000000000, 0.0000000000000000000 ) ) ;
#3971 = CARTESIAN_POINT ( 'NONE',  ( 7.474368312600002900, 0.0000000000000000000, -0.4000500000000001800 ) ) ;
#3972 = ORIENTED_EDGE ( 'NONE', *, *, #1135, .T. ) ;
#3973 = EDGE_CURVE ( 'NONE', #521, #3184, #554, .T. ) ;
#3974 = CARTESIAN_POINT ( 'NONE',  ( 11.12437371260000200, -0.8940800000000001000, -2.219960000000000400 ) ) ;
#3975 =( GEOMETRIC_REPRESENTATION_CONTEXT ( 3 ) GLOBAL_UNCERTAINTY_ASSIGNED_CONTEXT ( ( #1155 ) ) GLOBAL_UNIT_ASSIGNED_CONTEXT ( ( #1079, #966, #1144 ) ) REPRESENTATION_CONTEXT ( 'NONE', 'WORKASPACE' ) );
#3976 = ORIENTED_EDGE ( 'NONE', *, *, #3431, .T. ) ;
#3977 = LINE ( 'NONE', #3379, #1401 ) ;
#3978 = FACE_OUTER_BOUND ( 'NONE', #734, .T. ) ;
#3979 = VERTEX_POINT ( 'NONE', #60 ) ;
#3980 = LINE ( 'NONE', #3956, #2350 ) ;
#3981 = DIRECTION ( 'NONE',  ( 0.0000000000000000000, -1.000000000000000000, 0.0000000000000000000 ) ) ;
#3982 = DIRECTION ( 'NONE',  ( -1.000000000000000000, -1.707404996040164600E-015, -0.0000000000000000000 ) ) ;
#3983 = LINE ( 'NONE', #2985, #3040 ) ;
#3984 = DIRECTION ( 'NONE',  ( 0.3420201333319579700, 0.0000000000000000000, -0.9396926244233214700 ) ) ;
#3985 = DIRECTION ( 'NONE',  ( 0.0000000000000000000, 0.0000000000000000000, 1.000000000000000000 ) ) ;
#3986 = FACE_BOUND ( 'NONE', #2188, .T. ) ;
#3987 = CARTESIAN_POINT ( 'NONE',  ( 9.854373712600002800, 0.0000000000000000000, -2.139950000000000700 ) ) ;
#3988 = ORIENTED_EDGE ( 'NONE', *, *, #3802, .F. ) ;
#3989 = CARTESIAN_POINT ( 'NONE',  ( 7.154379112600002700, -1.397000000000000200, -2.139950000000000700 ) ) ;
#3990 = ORIENTED_EDGE ( 'NONE', *, *, #1026, .F. ) ;
#3991 = VERTEX_POINT ( 'NONE', #90 ) ;
#3992 = DIRECTION ( 'NONE',  ( 1.000000000000000000, 0.0000000000000000000, 0.0000000000000000000 ) ) ;
#3993 = FACE_OUTER_BOUND ( 'NONE', #2991, .T. ) ;
#3994 = DIRECTION ( 'NONE',  ( 1.000000000000000000, 1.524468746464432000E-016, 0.0000000000000000000 ) ) ;
#3995 = DIRECTION ( 'NONE',  ( -1.000000000000000000, -1.524468746464432000E-016, -0.0000000000000000000 ) ) ;
#3996 = LINE ( 'NONE', #535, #3904 ) ;
#3997 = VECTOR ( 'NONE', #2148, 1000.000000000000000 ) ;
#3998 = PLANE ( 'NONE',  #563 ) ;
#3999 = CARTESIAN_POINT ( 'NONE',  ( 8.584373712600005000, -2.794000000000000500, -1.270000000000000200 ) ) ;
#4000 = FACE_OUTER_BOUND ( 'NONE', #2484, .T. ) ;
#4001 = DIRECTION ( 'NONE',  ( -0.0000000000000000000, 1.000000000000000000, 0.0000000000000000000 ) ) ;
#4002 = DIRECTION ( 'NONE',  ( 0.0000000000000000000, 1.000000000000000000, 0.0000000000000000000 ) ) ;
#4003 = CARTESIAN_POINT ( 'NONE',  ( -0.1456062874000000300, 8.673617379884035500E-016, -0.4000500000000001800 ) ) ;
#4004 = PRODUCT_DEFINITION_SHAPE ( 'NONE', 'NONE',  #3013 ) ;
#4005 = ADVANCED_FACE ( 'NONE', ( #2088 ), #78, .F. ) ;
#4006 = DIRECTION ( 'NONE',  ( -1.000000000000000000, 0.0000000000000000000, 0.0000000000000000000 ) ) ;
#4007 = ORIENTED_EDGE ( 'NONE', *, *, #3033, .F. ) ;
#4008 = CARTESIAN_POINT ( 'NONE',  ( 1.549400000000000600, -6.780031539765312400E-042, 0.0000000000000000000 ) ) ;
#4009 = CARTESIAN_POINT ( 'NONE',  ( 2.539974603175001000, -2.794000000000000500, -2.540000000000000500 ) ) ;
#4010 = DIRECTION ( 'NONE',  ( 0.3420201333319416400, 0.0000000000000000000, 0.9396926244233274600 ) ) ;
#4011 = ORIENTED_EDGE ( 'NONE', *, *, #1664, .F. ) ;
#4012 = VERTEX_POINT ( 'NONE', #2745 ) ;
#4013 = VECTOR ( 'NONE', #480, 1000.000000000000000 ) ;
#4014 = VERTEX_POINT ( 'NONE', #3604 ) ;
#4015 = DIRECTION ( 'NONE',  ( -0.3420201333319416400, 0.0000000000000000000, 0.9396926244233274600 ) ) ;
#4016 = EDGE_CURVE ( 'NONE', #3842, #2844, #2858, .T. ) ;
#4017 = EDGE_LOOP ( 'NONE', ( #1702, #2606 ) ) ;
#4018 = DIRECTION ( 'NONE',  ( -0.0000000000000000000, 1.000000000000000000, 0.0000000000000000000 ) ) ;
#4019 = EDGE_CURVE ( 'NONE', #2297, #425, #1436, .T. ) ;
#4020 = CARTESIAN_POINT ( 'NONE',  ( 2.394368312600001000, -2.794000000000000500, -2.139950000000000700 ) ) ;
#4021 = VERTEX_POINT ( 'NONE', #3451 ) ;
#4022 = EDGE_CURVE ( 'NONE', #685, #2921, #364, .T. ) ;
#4023 = DIRECTION ( 'NONE',  ( -0.0000000000000000000, 1.000000000000000000, 0.0000000000000000000 ) ) ;
#4024 = DIRECTION ( 'NONE',  ( -0.0000000000000000000, 1.000000000000000000, 0.0000000000000000000 ) ) ;
#4025 = ORIENTED_EDGE ( 'NONE', *, *, #1013, .T. ) ;
#4026 = CARTESIAN_POINT ( 'NONE',  ( 17.47437371260000600, -2.794000000000000500, -2.139950000000000700 ) ) ;
#4027 = CIRCLE ( 'NONE', #287, 0.9499600000000002500 ) ;
#4028 = ADVANCED_FACE ( 'NONE', ( #1147 ), #1252, .F. ) ;
#4029 = DIRECTION ( 'NONE',  ( -1.008560160451631500E-013, 0.0000000000000000000, 1.000000000000000000 ) ) ;
#4030 = EDGE_CURVE ( 'NONE', #3340, #3394, #1056, .T. ) ;
#4031 = ORIENTED_EDGE ( 'NONE', *, *, #581, .T. ) ;
#4032 = DIRECTION ( 'NONE',  ( -0.0000000000000000000, 1.000000000000000000, 0.0000000000000000000 ) ) ;
#4033 = LINE ( 'NONE', #3721, #3932 ) ;
#4034 = DIRECTION ( 'NONE',  ( 1.000000000000000000, -0.0000000000000000000, -0.0000000000000000000 ) ) ;
#4035 = AXIS2_PLACEMENT_3D ( 'NONE', #3133, #795, #602 ) ;
#4036 = CYLINDRICAL_SURFACE ( 'NONE', #2554, 0.7112000000000001700 ) ;
#4037 = VERTEX_POINT ( 'NONE', #1450 ) ;
#4038 = FACE_OUTER_BOUND ( 'NONE', #2600, .T. ) ;
#4039 = EDGE_LOOP ( 'NONE', ( #276, #1396, #3100, #3654 ) ) ;
#4040 = PLANE ( 'NONE',  #1576 ) ;
#4041 = VECTOR ( 'NONE', #2311, 1000.000000000000000 ) ;
#4042 = CARTESIAN_POINT ( 'NONE',  ( 14.62877282520000400, 0.0000000000000000000, -2.540000000000000500 ) ) ;
#4043 = VERTEX_POINT ( 'NONE', #1565 ) ;
#4044 = ORIENTED_EDGE ( 'NONE', *, *, #102, .F. ) ;
#4045 = CIRCLE ( 'NONE', #2664, 0.4190999999999459600 ) ;
#4046 = CARTESIAN_POINT ( 'NONE',  ( 6.044373712600001400, 0.0000000000000000000, 0.0000000000000000000 ) ) ;
#4047 = CARTESIAN_POINT ( 'NONE',  ( 7.154379112600002700, 3.794707603699265500E-016, -0.4000500000000001800 ) ) ;
#4048 = FACE_OUTER_BOUND ( 'NONE', #1223, .T. ) ;
#4049 = LINE ( 'NONE', #2099, #2320 ) ;
#4050 = AXIS2_PLACEMENT_3D ( 'NONE', #4008, #3994, #3981 ) ;
#4051 = ADVANCED_FACE ( 'NONE', ( #272 ), #1776, .F. ) ;
#4052 = DIRECTION ( 'NONE',  ( -0.0000000000000000000, 1.000000000000000000, 0.0000000000000000000 ) ) ;
#4053 = VECTOR ( 'NONE', #3229, 1000.000000000000000 ) ;
#4054 = CARTESIAN_POINT ( 'NONE',  ( 13.66437371259999800, -0.8940800000000001000, -2.219960000000000400 ) ) ;
#4055 = EDGE_CURVE ( 'NONE', #89, #3322, #1248, .T. ) ;
#4056 = SURFACE_STYLE_USAGE ( .BOTH. , #3174 ) ;
#4057 = DIRECTION ( 'NONE',  ( 0.0000000000000000000, 0.0000000000000000000, 1.000000000000000000 ) ) ;
#4058 = CARTESIAN_POINT ( 'NONE',  ( 12.69997460127000200, -2.794000000000000500, -2.540000000000000500 ) ) ;
#4059 = NEXT_ASSEMBLY_USAGE_OCCURRENCE ( 'NAUO1', ' ', ' ', #3013, #2335, $ ) ;
#4060 = NEXT_ASSEMBLY_USAGE_OCCURRENCE ( 'NAUO2', ' ', ' ', #3013, #2123, $ ) ;
#4061 = NEXT_ASSEMBLY_USAGE_OCCURRENCE ( 'NAUO3', ' ', ' ', #3013, #2123, $ ) ;
#4062 = NEXT_ASSEMBLY_USAGE_OCCURRENCE ( 'NAUO4', ' ', ' ', #3013, #2123, $ ) ;
#4063 = NEXT_ASSEMBLY_USAGE_OCCURRENCE ( 'NAUO5', ' ', ' ', #3013, #2123, $ ) ;
#4064 = NEXT_ASSEMBLY_USAGE_OCCURRENCE ( 'NAUO6', ' ', ' ', #3013, #2123, $ ) ;
#4065 = NEXT_ASSEMBLY_USAGE_OCCURRENCE ( 'NAUO7', ' ', ' ', #3013, #2123, $ ) ;
#4066 = NEXT_ASSEMBLY_USAGE_OCCURRENCE ( 'NAUO8', ' ', ' ', #3013, #2123, $ ) ;
ENDSEC;
END-ISO-10303-21;
