ISO-10303-21;
HEADER;
FILE_DESCRIPTION (( 'STEP AP203' ),
    '1' );
FILE_NAME ('91294A004_Black-Oxide Alloy Steel Hex Drive Flat Head Screw.STEP',
    '2026-01-07T22:43:15',
    ( 'McMaster Carr Supply' ),
    ( 'McMaster Carr Supply' ),
    'SwSTEP 2.0',
    'SolidWorks 2024',
    '' );
FILE_SCHEMA (( 'CONFIG_CONTROL_DESIGN' ));
ENDSEC;

DATA;
#1 = CARTESIAN_POINT ( 'NONE',  ( 0.4273502691896250982, 0.7401923788646659341, -2.383333333333340853 ) ) ;
#2 = CARTESIAN_POINT ( 'NONE',  ( -1.224646799147354440E-16, -1.000000000000001776, -0.7499999999999911182 ) ) ;
#3 = CARTESIAN_POINT ( 'NONE',  ( 1.179700538379251595, -1.278902724841564424E-15, -0.2875000000000051958 ) ) ;
#4 = EDGE_CURVE ( 'NONE', #2723, #2183, #2404, .T. ) ;
#5 = ORIENTED_EDGE ( 'NONE', *, *, #2095, .F. ) ;
#6 = CARTESIAN_POINT ( 'NONE',  ( 1.224646799147354686E-16, -1.000000000000001554, -3.000000000000000000 ) ) ;
#7 = ORIENTED_EDGE ( 'NONE', *, *, #984, .T. ) ;
#8 = EDGE_LOOP ( 'NONE', ( #3060, #2205, #1522, #1128 ) ) ;
#9 = CARTESIAN_POINT ( 'NONE',  ( 0.000000000000000000, 8.739904209134028646E-15, 3.000000000000000000 ) ) ;
#10 = CARTESIAN_POINT ( 'NONE',  ( 0.000000000000000000, 0.7401923788646650459, 1.599999999999992983 ) ) ;
#11 = DIRECTION ( 'NONE',  ( 0.8660254037844388186, 0.4999999999999997224, 0.000000000000000000 ) ) ;
#12 = DIRECTION ( 'NONE',  ( 0.000000000000000000, 1.000000000000000000, 2.168404344971006403E-16 ) ) ;
#13 = CARTESIAN_POINT ( 'NONE',  ( 0.000000000000000000, 0.7401923788646654900, -0.4000000000000075717 ) ) ;
#14 = CARTESIAN_POINT ( 'NONE',  ( -0.4273502691896248762, -0.7401923788646679325, 2.216666666666659236 ) ) ;
#15 = CARTESIAN_POINT ( 'NONE',  ( 0.4273502691896243766, -0.7401923788646678215, -0.1166666666666741903 ) ) ;
#16 = CARTESIAN_POINT ( 'NONE',  ( -0.6410254037844371755, -0.3700961894323337997, -1.866666666666674024 ) ) ;
#17 = CARTESIAN_POINT ( 'NONE',  ( -0.6410254037844370645, -0.3700961894323336332, -2.216666666666674335 ) ) ;
#18 = CARTESIAN_POINT ( 'NONE',  ( -1.154700538379252572, -1.492391639373089753E-15, 1.499999999999995781 ) ) ;
#19 = CARTESIAN_POINT ( 'NONE',  ( 0.8847754037844384190, -0.5108253175473073115, 0.4791666666666611896 ) ) ;
#20 = B_SPLINE_CURVE_WITH_KNOTS ( 'NONE', 3,
 ( #187, #3093, #1879, #669, #1631, #1141, #898, #2599 ),
 .UNSPECIFIED., .F., .F.,
 ( 4, 2, 2, 4 ),
 ( 2.544447657593109537E-07, 0.0001940764893329882223, 0.0003878985339002172955, 0.0007755426230346755502 ),
 .UNSPECIFIED. ) ;
#21 = AXIS2_PLACEMENT_3D ( 'NONE', #2430, #1718, #1036 ) ;
#22 =( BOUNDED_CURVE ( )  B_SPLINE_CURVE ( 2, ( #2119, #2313, #1673, #2646, #558, #2979, #1490 ),
 .UNSPECIFIED., .F., .F. ) 
 B_SPLINE_CURVE_WITH_KNOTS ( ( 3, 2, 2, 3 ),
 ( 0.3999999999999999112, 0.4111111111111110383, 0.4222222222222222765, 0.4333333333333334036 ),
 .UNSPECIFIED. ) 
 CURVE ( )  GEOMETRIC_REPRESENTATION_ITEM ( )  RATIONAL_B_SPLINE_CURVE ( ( 1.000000000000001332, 0.8660254037844373753, 1.000000000000000000, 0.8660254037844387076, 1.000000000000000000, 0.8660254037844380415, 1.000000000000000666 ) ) 
 REPRESENTATION_ITEM ( '' )  );
#23 = ORIENTED_EDGE ( 'NONE', *, *, #1869, .T. ) ;
#24 = CARTESIAN_POINT ( 'NONE',  ( -1.224646799147354440E-16, -1.000000000000001554, -1.549999999999991163 ) ) ;
#25 = ORIENTED_EDGE ( 'NONE', *, *, #396, .T. ) ;
#26 = ADVANCED_FACE ( 'NONE', ( #500 ), #1201, .T. ) ;
#27 = CLOSED_SHELL ( 'NONE', ( #411, #1943, #2036, #127, #1967, #1196, #2103, #1647, #2958, #2538, #2976, #2896, #2556, #2764, #1586, #2351, #2439, #182, #2755, #1546, #358, #437, #774, #1562, #3055, #3114, #95, #2819, #2200, #2680, #2277, #2718, #1218, #1808, #71, #26, #2797, #809, #189, #1788, #2862, #963, #2316, #302, #699, #1425, #2400, #1294, #2880, #832 ) ) ;
#28 = ORIENTED_EDGE ( 'NONE', *, *, #2222, .F. ) ;
#29 = CARTESIAN_POINT ( 'NONE',  ( -0.8847754037844389741, -0.5108253175473073115, 2.370833333333344228 ) ) ;
#30 = AXIS2_PLACEMENT_3D ( 'NONE', #1958, #1746, #791 ) ;
#31 = CARTESIAN_POINT ( 'NONE',  ( -0.6410254037844370645, 0.3700961894323318013, 1.666666666666659191 ) ) ;
#32 = CARTESIAN_POINT ( 'NONE',  ( 0.000000000000000000, -0.7000000000000000666, -3.000000000000000000 ) ) ;
#33 = ORIENTED_EDGE ( 'NONE', *, *, #166, .T. ) ;
#34 = CARTESIAN_POINT ( 'NONE',  ( -0.8660254037844393737, 0.4999999999999992784, 0.6666666666666624108 ) ) ;
#35 = CARTESIAN_POINT ( 'NONE',  ( -0.4273502691896248762, -0.7401923788646678215, 1.366666666666659369 ) ) ;
#36 = CARTESIAN_POINT ( 'NONE',  ( -0.6410254037844370645, 0.3700961894323330226, -2.733333333333340942 ) ) ;
#37 = CARTESIAN_POINT ( 'NONE',  ( -0.4273502691896249872, -0.7401923788646671554, -1.433333333333340454 ) ) ;
#38 = CARTESIAN_POINT ( 'NONE',  ( 0.6410254037844368424, -0.3700961894323346879, -0.08333333333334107251 ) ) ;
#39 = CARTESIAN_POINT ( 'NONE',  ( -0.6410254037844371755, -0.3700961894323339108, -1.466666666666674113 ) ) ;
#40 = CARTESIAN_POINT ( 'NONE',  ( 0.4273502691896243766, -0.7401923788646678215, 0.2833333333333255544 ) ) ;
#41 = CARTESIAN_POINT ( 'NONE',  ( 0.000000000000000000, 0.9999999999999997780, -0.5499999999999907185 ) ) ;
#42 = CARTESIAN_POINT ( 'NONE',  ( 0.8847754037844384190, -0.5108253175473074226, 0.8791666666666608787 ) ) ;
#43 = VERTEX_POINT ( 'NONE', #264 ) ;
#44 = DIRECTION ( 'NONE',  ( 1.000000000000000000, 0.000000000000000000, 0.000000000000000000 ) ) ;
#45 =( BOUNDED_SURFACE ( )  B_SPLINE_SURFACE ( 1, 2, ( 
 ( #1840, #3038, #1857, #892, #2288, #2765, #646, #632, #848, #1607, #1543, #1135, #2826, #2516, #584, #598, #1592, #2304, #2564, #355, #2345, #178, #2045, #151, #1307, #2579, #1369, #2333, #413, #1071, #1559, #3020, #2113, #401, #1824, #119, #163, #1117, #833, #134, #1576, #3068, #878, #1810, #2780, #2532, #370, #1089, #2547, #385, #1341, #863, #2320, #1104, #2076, #3050, #3128, #2415, #241, #211, #494, #2661, #1933, #1387, #1872, #1655, #1889, #908, #2159, #2592, #429, #2903, #1448, #473, #257, #196, #2858, #1151, #952, #2889, #2146, #1210, #2402, #2644, #13, #1400, #3116, #1431, #3144, #2360, #1192, #721, #1688, #2173, #2130, #3102, #459, #935, #445, #1671, #2188, #2626, #1919, #2842, #661, #1166, #1623, #677, #1642, #2611, #2373, #1416, #920, #1905, #707, #2874, #693, #2387, #226, #1179, #2226, #2467, #2725, #2483, #2938, #1005, #550, #2676, #52, #799, #768, #563, #1509, #1020, #2242, #1037, #1996, #35, #988, #320, #2952, #1769, #1950, #1275, #1260, #1983, #1246, #2256, #2013, #785, #2742, #1494, #2984, #1523, #1966, #1704, #505, #2496, #336, #1737, #2711, #536, #306, #85, #69, #752, #1289, #2269, #969, #2920, #737, #1461, #2431, #273, #2968, #1754, #1227, #2209, #1719, #2692, #521 ),
 ( #1478, #2450, #292, #2317, #2776, #3047, #100, #2822, #641, #2512, #610, #351, #1338, #859, #2087, #144, #1099, #2559, #364, #397, #1836, #2805, #1589, #2042, #2527, #2074, #1318, #1353, #595, #627, #2330, #1820, #1555, #1805, #579, #2300, #131, #1086, #2058, #409, #160, #1304, #3034, #3017, #1603, #1114, #3062, #873, #1854, #844, #2574, #1067, #1540, #2025, #1366, #2791, #1052, #115, #2758, #2284, #829, #3000, #813, #1789, #1573, #2544, #381, #207, #424, #1162, #1930, #889, #947, #2154, #442, #1426, #2885, #2125, #3097, #2900, #904, #704, #1397, #488, #1147, #2342, #2370, #1667, #2382, #2357, #717, #2141, #1681, #1412, #467, #2640, #2657, #174, #1618, #2854, #1130, #2398, #1189, #1867, #2589, #237, #2109, #3082, #2838, #3139, #657, #1381, #3112, #3125, #222, #1174, #931, #2170, #1915, #1652, #193, #456, #1884, #2622, #673, #1636, #2608, #2870, #916, #1901, #690, #2293, #820, #588, #1814, #502, #1046, #1457, #2519, #1548, #1297, #1442, #123, #1798, #359, #2785, #2427, #2020, #269, #1311, #733, #2751, #2278, #1076, #1533, #572, #2769, #1715, #2050, #109, #1060, #3009, #1222, #748, #2506, #2688, #3025, #1960, #343, #2033, #94, #2932, #29, #1946, #556, #1516, #983, #2490, #2411, #837, #2672 ) ),
 .UNSPECIFIED., .F., .F., .F. ) 
 B_SPLINE_SURFACE_WITH_KNOTS ( ( 2, 2 ),
 ( 3, 2, 2, 2, 2, 2, 2, 2, 2, 2, 2, 2, 2, 2, 2, 2, 2, 2, 2, 2, 2, 2, 2, 2, 2, 2, 2, 2, 2, 2, 2, 2, 2, 2, 2, 2, 2, 2, 2, 2, 2, 2, 2, 2, 2, 2, 2, 2, 2, 2, 2, 2, 2, 2, 2, 2, 2, 2, 2, 2, 2, 2, 2, 2, 2, 2, 2, 2, 2, 2, 2, 2, 2, 2, 2, 2, 2, 2, 2, 2, 2, 2, 2, 2, 2, 2, 2, 2, 2, 2, 3 ),
 ( 0.000000000000000000, 1.000000000000000000 ),
 ( 0.000000000000000000, 0.01111111111111111154, 0.02222222222222222307, 0.03333333333333333287, 0.04444444444444444614, 0.05555555555555555247, 0.06666666666666666574, 0.07777777777777777901, 0.08888888888888889228, 0.1000000000000000056, 0.1111111111111111049, 0.1222222222222222182, 0.1333333333333333315, 0.1444444444444444309, 0.1555555555555555580, 0.1666666666666666574, 0.1777777777777777846, 0.1888888888888888840, 0.2000000000000000111, 0.2111111111111111105, 0.2222222222222222099, 0.2333333333333333370, 0.2444444444444444364, 0.2555555555555555358, 0.2666666666666666630, 0.2777777777777777901, 0.2888888888888888618, 0.2999999999999999889, 0.3111111111111111160, 0.3222222222222222432, 0.3333333333333333148, 0.3444444444444444420, 0.3555555555555555691, 0.3666666666666666408, 0.3777777777777777679, 0.3888888888888888951, 0.4000000000000000222, 0.4111111111111110938, 0.4222222222222222210, 0.4333333333333333481, 0.4444444444444444198, 0.4555555555555555469, 0.4666666666666666741, 0.4777777777777778012, 0.4888888888888888729, 0.5000000000000000000, 0.5111111111111110716, 0.5222222222222222543, 0.5333333333333333259, 0.5444444444444443976, 0.5555555555555555802, 0.5666666666666666519, 0.5777777777777777235, 0.5888888888888889062, 0.5999999999999999778, 0.6111111111111111605, 0.6222222222222222321, 0.6333333333333333037, 0.6444444444444444864, 0.6555555555555555580, 0.6666666666666666297, 0.6777777777777778123, 0.6888888888888888840, 0.6999999999999999556, 0.7111111111111111382, 0.7222222222222222099, 0.7333333333333332815, 0.7444444444444444642, 0.7555555555555555358, 0.7666666666666667185, 0.7777777777777777901, 0.7888888888888888618, 0.8000000000000000444, 0.8111111111111111160, 0.8222222222222221877, 0.8333333333333333703, 0.8444444444444444420, 0.8555555555555555136, 0.8666666666666666963, 0.8777777777777777679, 0.8888888888888888395, 0.9000000000000000222, 0.9111111111111110938, 0.9222222222222222765, 0.9333333333333333481, 0.9444444444444444198, 0.9555555555555556024, 0.9666666666666666741, 0.9777777777777777457, 0.9888888888888889284, 1.000000000000000000 ),
 .UNSPECIFIED. ) 
 GEOMETRIC_REPRESENTATION_ITEM ( )  RATIONAL_B_SPLINE_SURFACE ( (
 ( 1.000000000000000000, 0.8660254037844387076, 1.000000000000000000, 0.8660254037844387076, 1.000000000000000000, 0.8660254037844387076, 1.000000000000000000, 0.8660254037844387076, 1.000000000000000000, 0.8660254037844387076, 1.000000000000000000, 0.8660254037844387076, 1.000000000000000000, 0.8660254037844387076, 1.000000000000000000, 0.8660254037844387076, 1.000000000000000000, 0.8660254037844387076, 1.000000000000000000, 0.8660254037844387076, 1.000000000000000000, 0.8660254037844387076, 1.000000000000000000, 0.8660254037844387076, 1.000000000000000000, 0.8660254037844387076, 1.000000000000000000, 0.8660254037844387076, 1.000000000000000000, 0.8660254037844387076, 1.000000000000000000, 0.8660254037844387076, 1.000000000000000000, 0.8660254037844387076, 1.000000000000000000, 0.8660254037844387076, 1.000000000000000000, 0.8660254037844387076, 1.000000000000000000, 0.8660254037844387076, 1.000000000000000000, 0.8660254037844387076, 1.000000000000000000, 0.8660254037844387076, 1.000000000000000000, 0.8660254037844387076, 1.000000000000000000, 0.8660254037844387076, 1.000000000000000000, 0.8660254037844387076, 1.000000000000000000, 0.8660254037844387076, 1.000000000000000000, 0.8660254037844387076, 1.000000000000000000, 0.8660254037844387076, 1.000000000000000000, 0.8660254037844387076, 1.000000000000000000, 0.8660254037844387076, 1.000000000000000000, 0.8660254037844387076, 1.000000000000000000, 0.8660254037844387076, 1.000000000000000000, 0.8660254037844387076, 1.000000000000000000, 0.8660254037844387076, 1.000000000000000000, 0.8660254037844387076, 1.000000000000000000, 0.8660254037844387076, 1.000000000000000000, 0.8660254037844387076, 1.000000000000000000, 0.8660254037844387076, 1.000000000000000000, 0.8660254037844387076, 1.000000000000000000, 0.8660254037844387076, 1.000000000000000000, 0.8660254037844387076, 1.000000000000000000, 0.8660254037844387076, 1.000000000000000000, 0.8660254037844387076, 1.000000000000000000, 0.8660254037844387076, 1.000000000000000000, 0.8660254037844387076, 1.000000000000000000, 0.8660254037844387076, 1.000000000000000000, 0.8660254037844387076, 1.000000000000000000, 0.8660254037844387076, 1.000000000000000000, 0.8660254037844387076, 1.000000000000000000, 0.8660254037844387076, 1.000000000000000000, 0.8660254037844387076, 1.000000000000000000, 0.8660254037844387076, 1.000000000000000000, 0.8660254037844387076, 1.000000000000000000, 0.8660254037844387076, 1.000000000000000000, 0.8660254037844387076, 1.000000000000000000, 0.8660254037844387076, 1.000000000000000000, 0.8660254037844387076, 1.000000000000000000, 0.8660254037844387076, 1.000000000000000000, 0.8660254037844387076, 1.000000000000000000, 0.8660254037844387076, 1.000000000000000000, 0.8660254037844387076, 1.000000000000000000, 0.8660254037844387076, 1.000000000000000000, 0.8660254037844387076, 1.000000000000000000, 0.8660254037844387076, 1.000000000000000000, 0.8660254037844387076, 1.000000000000000000, 0.8660254037844387076, 1.000000000000000000, 0.8660254037844387076, 1.000000000000000000, 0.8660254037844387076, 1.000000000000000000, 0.8660254037844387076, 1.000000000000000000, 0.8660254037844387076, 1.000000000000000000, 0.8660254037844387076, 1.000000000000000000, 0.8660254037844387076, 1.000000000000000000, 0.8660254037844387076, 1.000000000000000000, 0.8660254037844387076, 1.000000000000000000, 0.8660254037844387076, 1.000000000000000000, 0.8660254037844387076, 1.000000000000000000, 0.8660254037844387076, 1.000000000000000000, 0.8660254037844387076, 1.000000000000000000, 0.8660254037844387076, 1.000000000000000000, 0.8660254037844387076, 1.000000000000000000, 0.8660254037844387076, 1.000000000000000000, 0.8660254037844387076, 1.000000000000000000, 0.8660254037844387076, 1.000000000000000000, 0.8660254037844387076, 1.000000000000000000, 0.8660254037844387076, 1.000000000000000000, 0.8660254037844387076, 1.000000000000000000, 0.8660254037844387076, 1.000000000000000000, 0.8660254037844387076, 1.000000000000000000, 0.8660254037844387076, 1.000000000000000000, 0.8660254037844387076, 1.000000000000000000),
 ( 1.000000000000000000, 0.8660254037844387076, 1.000000000000000000, 0.8660254037844387076, 1.000000000000000000, 0.8660254037844387076, 1.000000000000000000, 0.8660254037844387076, 1.000000000000000000, 0.8660254037844387076, 1.000000000000000000, 0.8660254037844387076, 1.000000000000000000, 0.8660254037844387076, 1.000000000000000000, 0.8660254037844387076, 1.000000000000000000, 0.8660254037844387076, 1.000000000000000000, 0.8660254037844387076, 1.000000000000000000, 0.8660254037844387076, 1.000000000000000000, 0.8660254037844387076, 1.000000000000000000, 0.8660254037844387076, 1.000000000000000000, 0.8660254037844387076, 1.000000000000000000, 0.8660254037844387076, 1.000000000000000000, 0.8660254037844387076, 1.000000000000000000, 0.8660254037844387076, 1.000000000000000000, 0.8660254037844387076, 1.000000000000000000, 0.8660254037844387076, 1.000000000000000000, 0.8660254037844387076, 1.000000000000000000, 0.8660254037844387076, 1.000000000000000000, 0.8660254037844387076, 1.000000000000000000, 0.8660254037844387076, 1.000000000000000000, 0.8660254037844387076, 1.000000000000000000, 0.8660254037844387076, 1.000000000000000000, 0.8660254037844387076, 1.000000000000000000, 0.8660254037844387076, 1.000000000000000000, 0.8660254037844387076, 1.000000000000000000, 0.8660254037844387076, 1.000000000000000000, 0.8660254037844387076, 1.000000000000000000, 0.8660254037844387076, 1.000000000000000000, 0.8660254037844387076, 1.000000000000000000, 0.8660254037844387076, 1.000000000000000000, 0.8660254037844387076, 1.000000000000000000, 0.8660254037844387076, 1.000000000000000000, 0.8660254037844387076, 1.000000000000000000, 0.8660254037844387076, 1.000000000000000000, 0.8660254037844387076, 1.000000000000000000, 0.8660254037844387076, 1.000000000000000000, 0.8660254037844387076, 1.000000000000000000, 0.8660254037844387076, 1.000000000000000000, 0.8660254037844387076, 1.000000000000000000, 0.8660254037844387076, 1.000000000000000000, 0.8660254037844387076, 1.000000000000000000, 0.8660254037844387076, 1.000000000000000000, 0.8660254037844387076, 1.000000000000000000, 0.8660254037844387076, 1.000000000000000000, 0.8660254037844387076, 1.000000000000000000, 0.8660254037844387076, 1.000000000000000000, 0.8660254037844387076, 1.000000000000000000, 0.8660254037844387076, 1.000000000000000000, 0.8660254037844387076, 1.000000000000000000, 0.8660254037844387076, 1.000000000000000000, 0.8660254037844387076, 1.000000000000000000, 0.8660254037844387076, 1.000000000000000000, 0.8660254037844387076, 1.000000000000000000, 0.8660254037844387076, 1.000000000000000000, 0.8660254037844387076, 1.000000000000000000, 0.8660254037844387076, 1.000000000000000000, 0.8660254037844387076, 1.000000000000000000, 0.8660254037844387076, 1.000000000000000000, 0.8660254037844387076, 1.000000000000000000, 0.8660254037844387076, 1.000000000000000000, 0.8660254037844387076, 1.000000000000000000, 0.8660254037844387076, 1.000000000000000000, 0.8660254037844387076, 1.000000000000000000, 0.8660254037844387076, 1.000000000000000000, 0.8660254037844387076, 1.000000000000000000, 0.8660254037844387076, 1.000000000000000000, 0.8660254037844387076, 1.000000000000000000, 0.8660254037844387076, 1.000000000000000000, 0.8660254037844387076, 1.000000000000000000, 0.8660254037844387076, 1.000000000000000000, 0.8660254037844387076, 1.000000000000000000, 0.8660254037844387076, 1.000000000000000000, 0.8660254037844387076, 1.000000000000000000, 0.8660254037844387076, 1.000000000000000000, 0.8660254037844387076, 1.000000000000000000, 0.8660254037844387076, 1.000000000000000000, 0.8660254037844387076, 1.000000000000000000, 0.8660254037844387076, 1.000000000000000000, 0.8660254037844387076, 1.000000000000000000, 0.8660254037844387076, 1.000000000000000000, 0.8660254037844387076, 1.000000000000000000, 0.8660254037844387076, 1.000000000000000000, 0.8660254037844387076, 1.000000000000000000, 0.8660254037844387076, 1.000000000000000000, 0.8660254037844387076, 1.000000000000000000, 0.8660254037844387076, 1.000000000000000000, 0.8660254037844387076, 1.000000000000000000) ) ) 
 REPRESENTATION_ITEM ( '' )  SURFACE ( )  );
#46 = ORIENTED_EDGE ( 'NONE', *, *, #942, .F. ) ;
#47 = CARTESIAN_POINT ( 'NONE',  ( -0.5773502691896262862, 0.9999999999999997780, -0.1666666666666709595 ) ) ;
#48 = CARTESIAN_POINT ( 'NONE',  ( -0.6500000000000001332, -0.3752776749732567585, 2.160000000000000142 ) ) ;
#49 = CARTESIAN_POINT ( 'NONE',  ( 0.000000000000000000, 0.9999999999999993339, 1.050000000000009592 ) ) ;
#50 = ORIENTED_EDGE ( 'NONE', *, *, #2997, .F. ) ;
#51 = CARTESIAN_POINT ( 'NONE',  ( -1.224646799147354440E-16, -1.000000000000001998, 0.3999999999999948597 ) ) ;
#52 = CARTESIAN_POINT ( 'NONE',  ( 0.6410254037844368424, -0.3700961894323350210, 1.066666666666659324 ) ) ;
#53 = EDGE_CURVE ( 'NONE', #2719, #205, #1219, .T. ) ;
#54 = CARTESIAN_POINT ( 'NONE',  ( -0.8547005383792493083, -1.020368358728394236E-15, -0.2500000000000076050 ) ) ;
#55 = CARTESIAN_POINT ( 'NONE',  ( 0.8547005383792494193, -9.354738248603847297E-16, -1.300000000000007372 ) ) ;
#56 = DIRECTION ( 'NONE',  ( 0.000000000000000000, 1.000000000000000000, 2.168404344971007882E-16 ) ) ;
#57 = CARTESIAN_POINT ( 'NONE',  ( 0.000000000000000000, 0.7401923788646653790, 0.04999999999999232836 ) ) ;
#58 = CARTESIAN_POINT ( 'NONE',  ( -9.064742275298787661E-17, -0.7401923788646671554, -1.750000000000007772 ) ) ;
#59 = CARTESIAN_POINT ( 'NONE',  ( 0.5898502691896264638, 1.021650635094609294, 0.9791666666666620777 ) ) ;
#60 = CARTESIAN_POINT ( 'NONE',  ( 0.6499999999999998002, 0.3752776749732572581, 2.160000000000000142 ) ) ;
#61 = DIRECTION ( 'NONE',  ( -0.000000000000000000, -0.000000000000000000, 1.000000000000000000 ) ) ;
#62 = ORIENTED_EDGE ( 'NONE', *, *, #1621, .T. ) ;
#63 =( BOUNDED_CURVE ( )  B_SPLINE_CURVE ( 2, ( #1910, #2177, #958, #2392, #2927, #450, #479 ),
 .UNSPECIFIED., .F., .F. ) 
 B_SPLINE_CURVE_WITH_KNOTS ( ( 3, 2, 2, 3 ),
 ( 0.2666666666666666630, 0.2777777777777777901, 0.2888888888888888062, 0.2999999999999999334 ),
 .UNSPECIFIED. ) 
 CURVE ( )  GEOMETRIC_REPRESENTATION_ITEM ( )  RATIONAL_B_SPLINE_CURVE ( ( 1.000000000000000000, 0.8660254037844387076, 1.000000000000000000, 0.8660254037844387076, 1.000000000000000000, 0.8660254037844393737, 0.9999999999999993339 ) ) 
 REPRESENTATION_ITEM ( '' )  );
#64 = LINE ( 'NONE', #2891, #2550 ) ;
#65 = CARTESIAN_POINT ( 'NONE',  ( -9.064742275298788894E-17, -0.7401923788646682656, 1.799999999999992495 ) ) ;
#66 = CARTESIAN_POINT ( 'NONE',  ( 1.154700538379252572, -1.733178018807477248E-15, 1.350000000000009193 ) ) ;
#67 = EDGE_LOOP ( 'NONE', ( #2225, #545, #141, #1945 ) ) ;
#68 = DIRECTION ( 'NONE',  ( -0.000000000000000000, 1.224646799147353207E-16, -1.000000000000000000 ) ) ;
#69 = CARTESIAN_POINT ( 'NONE',  ( 0.6410254037844368424, -0.3700961894323353540, 2.266666666666659058 ) ) ;
#70 = CARTESIAN_POINT ( 'NONE',  ( 0.8547005383792493083, -1.509934175943473798E-15, 0.7499999999999924505 ) ) ;
#71 = ADVANCED_FACE ( 'NONE', ( #136 ), #1182, .T. ) ;
#72 = CARTESIAN_POINT ( 'NONE',  ( 0.000000000000000000, 0.7401923788646659341, -1.600000000000007416 ) ) ;
#73 = CARTESIAN_POINT ( 'NONE',  ( 0.000000000000000000, 0.7401923788646651570, 0.8499999999999922062 ) ) ;
#74 = CARTESIAN_POINT ( 'NONE',  ( -0.6410254037844369535, 0.3700961894323329671, -2.683333333333341564 ) ) ;
#75 = CARTESIAN_POINT ( 'NONE',  ( -1.179700538379251595, -1.270183988689798213E-15, 0.7124999999999948042 ) ) ;
#76 = CARTESIAN_POINT ( 'NONE',  ( -1.224646799147354440E-16, -1.000000000000001332, -2.000000000000005329 ) ) ;
#77 = AXIS2_PLACEMENT_3D ( 'NONE', #185, #1877, #2848 ) ;
#78 = ORIENTED_EDGE ( 'NONE', *, *, #262, .F. ) ;
#79 = CARTESIAN_POINT ( 'NONE',  ( -9.064742275298788894E-17, -0.7401923788646679325, 0.5999999999999924283 ) ) ;
#80 = CARTESIAN_POINT ( 'NONE',  ( 0.000000000000000000, 1.000000000000000000, -0.6000000000000043077 ) ) ;
#81 = VECTOR ( 'NONE', #1502, 1000.000000000000000 ) ;
#82 = ORIENTED_EDGE ( 'NONE', *, *, #514, .F. ) ;
#83 = CARTESIAN_POINT ( 'NONE',  ( -0.1200778981531349515, -0.7303876067571655195, -2.959807621135334355 ) ) ;
#84 = AXIS2_PLACEMENT_3D ( 'NONE', #2673, #2203, #2085 ) ;
#85 = CARTESIAN_POINT ( 'NONE',  ( 0.4273502691896243766, -0.7401923788646684876, 2.233333333333325843 ) ) ;
#86 = CARTESIAN_POINT ( 'NONE',  ( 0.8547005383792494193, -8.233840002588065768E-16, -1.700000000000007505 ) ) ;
#87 = CARTESIAN_POINT ( 'NONE',  ( 0.4273502691896243766, -0.7401923788646684876, 2.283333333333325221 ) ) ;
#88 = CARTESIAN_POINT ( 'NONE',  ( -0.05078453885289836017, -0.7212348827691218434, 2.970679532822618540 ) ) ;
#89 = CARTESIAN_POINT ( 'NONE',  ( 0.8547005383792494193, -1.047563649461963080E-15, -0.9000000000000075717 ) ) ;
#90 = CARTESIAN_POINT ( 'NONE',  ( 0.8547005383792493083, -1.622024000545051754E-15, 1.149999999999992140 ) ) ;
#91 = CARTESIAN_POINT ( 'NONE',  ( -0.4273502691896248762, -0.7401923788646670443, -1.383333333333341075 ) ) ;
#92 = EDGE_CURVE ( 'NONE', #1254, #1221, #2581, .T. ) ;
#93 = CARTESIAN_POINT ( 'NONE',  ( -0.6410254037844369535, 0.3700961894323330781, -3.083333333333341031 ) ) ;
#94 = CARTESIAN_POINT ( 'NONE',  ( -0.8847754037844388630, 0.5108253175473038699, 2.304166666666678243 ) ) ;
#95 = ADVANCED_FACE ( 'NONE', ( #2290 ), #586, .T. ) ;
#96 = FACE_OUTER_BOUND ( 'NONE', #713, .T. ) ;
#97 = CARTESIAN_POINT ( 'NONE',  ( -0.8660254037844394848, -0.5000000000000011102, -0.8666666666666713592 ) ) ;
#98 = CARTESIAN_POINT ( 'NONE',  ( -0.5773502691896281735, -0.9999999999999993339, 1.616666666666675134 ) ) ;
#99 = ORIENTED_EDGE ( 'NONE', *, *, #659, .F. ) ;
#100 = CARTESIAN_POINT ( 'NONE',  ( -1.251161180115476355E-16, -1.021650635094611514, -3.162499999999989431 ) ) ;
#101 = B_SPLINE_CURVE_WITH_KNOTS ( 'NONE', 3,
 ( #2991, #807, #2264, #1699 ),
 .UNSPECIFIED., .F., .F.,
 ( 4, 4 ),
 ( 0.0004662781166824369163, 0.0005876427248046902068 ),
 .UNSPECIFIED. ) ;
#102 = CARTESIAN_POINT ( 'NONE',  ( 0.4273502691896251537, 0.7401923788646656011, -1.233333333333340720 ) ) ;
#103 = CARTESIAN_POINT ( 'NONE',  ( -0.8547005383792493083, -1.580817481736285592E-15, 1.749999999999992228 ) ) ;
#104 = CARTESIAN_POINT ( 'NONE',  ( -0.6500000000000001332, -0.3752776749732466000, 3.000000000000000000 ) ) ;
#105 = CARTESIAN_POINT ( 'NONE',  ( -9.064742275298788894E-17, -0.7401923788646682656, 1.799999999999992495 ) ) ;
#106 = CARTESIAN_POINT ( 'NONE',  ( -0.8547005383792493083, -1.132458183329972389E-15, 0.1499999999999921674 ) ) ;
#107 = CARTESIAN_POINT ( 'NONE',  ( -0.6410254037844369535, 0.3700961894323328560, -2.283333333333341209 ) ) ;
#108 = CARTESIAN_POINT ( 'NONE',  ( 0.5898502691896253536, -1.021650635094612847, 2.045833333333327619 ) ) ;
#109 = CARTESIAN_POINT ( 'NONE',  ( -1.179700538379251817, -1.613459076532136261E-15, 1.937500000000010880 ) ) ;
#110 = EDGE_CURVE ( 'NONE', #2353, #625, #1883, .T. ) ;
#111 = DIRECTION ( 'NONE',  ( -0.8660254037844387076, 0.4999999999999998890, 0.000000000000000000 ) ) ;
#112 = CARTESIAN_POINT ( 'NONE',  ( -1.154700538379252572, -9.319425163651981999E-16, -0.5000000000000048850 ) ) ;
#113 = VERTEX_POINT ( 'NONE', #2252 ) ;
#114 =( LENGTH_UNIT ( ) NAMED_UNIT ( * ) SI_UNIT ( .MILLI., .METRE. ) );
#115 = CARTESIAN_POINT ( 'NONE',  ( 1.179700538379251817, -9.496388650744327658E-16, -1.462499999999989031 ) ) ;
#116 = CARTESIAN_POINT ( 'NONE',  ( 0.4273502691896251537, 0.7401923788646654900, -0.8333333333333409199 ) ) ;
#117 = CARTESIAN_POINT ( 'NONE',  ( 0.6499999999999998002, 8.739904209046480862E-15, 2.899444650053487393 ) ) ;
#118 = CARTESIAN_POINT ( 'NONE',  ( -9.064742275298788894E-17, -0.7401923788646681546, 1.399999999999992362 ) ) ;
#119 = CARTESIAN_POINT ( 'NONE',  ( 0.4273502691896250982, 0.7401923788646657121, -2.033333333333341209 ) ) ;
#120 = CARTESIAN_POINT ( 'NONE',  ( -0.8547005383792493083, -3.478294111189245299E-16, -2.650000000000007905 ) ) ;
#121 = CARTESIAN_POINT ( 'NONE',  ( -1.251161180115476108E-16, -1.021650635094612625, 1.612499999999994049 ) ) ;
#122 = DIRECTION ( 'NONE',  ( -0.000000000000000000, 1.224646799147353207E-16, -1.000000000000000000 ) ) ;
#123 = CARTESIAN_POINT ( 'NONE',  ( 0.8847754037844393071, 0.5108253175473033147, 1.370833333333344228 ) ) ;
#124 = CARTESIAN_POINT ( 'NONE',  ( 0.000000000000000000, 0.9999999999999997780, 0.1999999999999955702 ) ) ;
#125 = VERTEX_POINT ( 'NONE', #1993 ) ;
#126 = CARTESIAN_POINT ( 'NONE',  ( 0.1269547389349338640, -0.9731002579617112902, -2.726899742035767460 ) ) ;
#127 = ADVANCED_FACE ( 'NONE', ( #1750 ), #2207, .T. ) ;
#128 = CARTESIAN_POINT ( 'NONE',  ( 0.4397072302068816274, -0.4966902622219458996, 2.910128554084014940 ) ) ;
#129 = EDGE_LOOP ( 'NONE', ( #2235, #2801, #23, #1762 ) ) ;
#130 = APPLICATION_PROTOCOL_DEFINITION ( 'international standard', 'config_control_design', 1994, #956 ) ;
#131 = CARTESIAN_POINT ( 'NONE',  ( 0.000000000000000000, 1.021650635094610626, -2.162499999999988542 ) ) ;
#132 = CARTESIAN_POINT ( 'NONE',  ( -9.064742275298787661E-17, -0.7401923788646683766, 2.649999999999992806 ) ) ;
#133 = CARTESIAN_POINT ( 'NONE',  ( -0.6410254037844371755, -0.3700961894323346879, 1.333333333333326154 ) ) ;
#134 = CARTESIAN_POINT ( 'NONE',  ( -0.8547005383792493083, -5.579978322468838130E-16, -1.900000000000007683 ) ) ;
#135 = CARTESIAN_POINT ( 'NONE',  ( 0.4273502691896243766, -0.7401923788646675995, -0.9166666666666745122 ) ) ;
#136 = FACE_OUTER_BOUND ( 'NONE', #1587, .T. ) ;
#137 = CARTESIAN_POINT ( 'NONE',  ( 0.5898502691896264638, 1.021650635094609072, 2.179166666666661367 ) ) ;
#138 = CARTESIAN_POINT ( 'NONE',  ( 0.3490495836158112875, -0.7289145743702930558, 1.800000000000000044 ) ) ;
#139 = CARTESIAN_POINT ( 'NONE',  ( -1.224646799147354440E-16, -1.000000000000001554, -1.600000000000005418 ) ) ;
#140 = CARTESIAN_POINT ( 'NONE',  ( -1.224646799147354440E-16, -1.000000000000001554, -1.949999999999991296 ) ) ;
#141 = ORIENTED_EDGE ( 'NONE', *, *, #491, .F. ) ;
#142 = CARTESIAN_POINT ( 'NONE',  ( 0.000000000000000000, 0.9999999999999995559, 0.5999999999999957589 ) ) ;
#143 = EDGE_LOOP ( 'NONE', ( #1831, #454, #797, #2233 ) ) ;
#144 = CARTESIAN_POINT ( 'NONE',  ( -1.179700538379251817, -2.683811813131967504E-16, -2.862499999999988720 ) ) ;
#145 = CARTESIAN_POINT ( 'NONE',  ( -0.8547005383792494193, -7.821774814500405132E-16, -1.100000000000007194 ) ) ;
#146 = CARTESIAN_POINT ( 'NONE',  ( -0.8508899097101170206, 0.06023418121630250838, 1.799999999999954747 ) ) ;
#147 =( BOUNDED_CURVE ( )  B_SPLINE_CURVE ( 2, ( #1511, #2485, #1039, #1771, #565, #2561, #1855 ),
 .UNSPECIFIED., .F., .F. ) 
 B_SPLINE_CURVE_WITH_KNOTS ( ( 3, 2, 2, 3 ),
 ( 0.2999999999999999334, 0.3111111111111110050, 0.3222222222222221322, 0.3333333333333333148 ),
 .UNSPECIFIED. ) 
 CURVE ( )  GEOMETRIC_REPRESENTATION_ITEM ( )  RATIONAL_B_SPLINE_CURVE ( ( 1.000000000000001332, 0.8660254037844373753, 1.000000000000000000, 0.8660254037844387076, 1.000000000000000000, 0.8660254037844393737, 0.9999999999999993339 ) ) 
 REPRESENTATION_ITEM ( '' )  );
#148 = EDGE_CURVE ( 'NONE', #2521, #2056, #1032, .T. ) ;
#149 = CARTESIAN_POINT ( 'NONE',  ( -0.4273502691896249317, -0.7401923788646675995, 0.1666666666666591357 ) ) ;
#150 = EDGE_CURVE ( 'NONE', #2086, #1439, #2504, .T. ) ;
#151 = CARTESIAN_POINT ( 'NONE',  ( 0.4273502691896250982, 0.7401923788646659341, -2.433333333333341120 ) ) ;
#152 = CARTESIAN_POINT ( 'NONE',  ( 0.4273502691896250982, 0.7401923788646652680, 0.01666666666665919325 ) ) ;
#153 = CARTESIAN_POINT ( 'NONE',  ( -0.8847754037844386410, 0.5108253175473037588, 2.279166666666661900 ) ) ;
#154 = CARTESIAN_POINT ( 'NONE',  ( -0.6410254037844369535, 0.3700961894323329671, -2.683333333333341564 ) ) ;
#155 = CARTESIAN_POINT ( 'NONE',  ( 0.5773502691896268413, 0.9999999999999993339, 0.1666666666666624108 ) ) ;
#156 = ORIENTED_EDGE ( 'NONE', *, *, #1766, .T. ) ;
#157 = CARTESIAN_POINT ( 'NONE',  ( 0.8660254037844398178, 0.4999999999999989453, -1.466666666666671448 ) ) ;
#158 = ORIENTED_EDGE ( 'NONE', *, *, #1864, .F. ) ;
#159 = FACE_OUTER_BOUND ( 'NONE', #805, .T. ) ;
#160 = CARTESIAN_POINT ( 'NONE',  ( -0.8847754037844389741, -0.5108253175473059793, -2.029166666666655683 ) ) ;
#161 = CARTESIAN_POINT ( 'NONE',  ( 0.5752537684079778169, -0.5090747125130556938, -2.950299697608907756 ) ) ;
#162 = CARTESIAN_POINT ( 'NONE',  ( -0.8547005383792494193, -1.454716429059510515E-15, 1.299999999999993161 ) ) ;
#163 = CARTESIAN_POINT ( 'NONE',  ( 0.000000000000000000, 0.7401923788646659341, -2.000000000000007550 ) ) ;
#164 = CARTESIAN_POINT ( 'NONE',  ( -0.6410254037844370645, -0.3700961894323340773, -0.6166666666666742458 ) ) ;
#165 = CARTESIAN_POINT ( 'NONE',  ( -0.4273502691896244876, 0.7401923788646657121, -1.116666666666674246 ) ) ;
#166 = EDGE_CURVE ( 'NONE', #1977, #2397, #1947, .T. ) ;
#167 = CARTESIAN_POINT ( 'NONE',  ( 0.5773502691896242878, -1.000000000000004885, -1.166666666666672292 ) ) ;
#168 = DIRECTION ( 'NONE',  ( 1.000000000000000000, 0.000000000000000000, 0.000000000000000000 ) ) ;
#169 = CARTESIAN_POINT ( 'NONE',  ( -1.224646799147354440E-16, -1.000000000000001776, -0.8000000000000051514 ) ) ;
#170 = CARTESIAN_POINT ( 'NONE',  ( 0.000000000000000000, -3.494140929970925097E-16, -3.000000000000000000 ) ) ;
#171 = EDGE_LOOP ( 'NONE', ( #1112, #2572, #1801, #380 ) ) ;
#172 = CARTESIAN_POINT ( 'NONE',  ( 0.8660254037844391517, -0.5000000000000016653, -1.533333333333338544 ) ) ;
#173 = VERTEX_POINT ( 'NONE', #2917 ) ;
#174 = CARTESIAN_POINT ( 'NONE',  ( -0.5898502691896257977, 1.021650635094610182, -0.1291666666666554664 ) ) ;
#175 = CARTESIAN_POINT ( 'NONE',  ( 0.5478303432654872962, 0.4342653537919398676, 2.941012321179924616 ) ) ;
#176 = AXIS2_PLACEMENT_3D ( 'NONE', #2329, #626, #858 ) ;
#177 = CARTESIAN_POINT ( 'NONE',  ( 0.6410254037844369535, -0.3700961894323352985, 1.866666666666659813 ) ) ;
#178 = CARTESIAN_POINT ( 'NONE',  ( 0.8547005383792493083, -5.992043510556498767E-16, -2.500000000000007105 ) ) ;
#179 = CARTESIAN_POINT ( 'NONE',  ( -0.4273502691896248762, -0.7401923788646670443, -0.9833333333333412751 ) ) ;
#180 = CARTESIAN_POINT ( 'NONE',  ( 0.4273502691896250982, 0.7401923788646656011, -1.583333333333341031 ) ) ;
#181 = AXIS2_PLACEMENT_3D ( 'NONE', #509, #1465, #56 ) ;
#182 = ADVANCED_FACE ( 'NONE', ( #489 ), #1223, .T. ) ;
#183 = DIRECTION ( 'NONE',  ( -0.000000000000000000, 1.224646799147353207E-16, -1.000000000000000000 ) ) ;
#184 = CIRCLE ( 'NONE', #2212, 2.000000000000000000 ) ;
#185 = CARTESIAN_POINT ( 'NONE',  ( 0.000000000000000000, -3.494140929970925097E-16, -3.000000000000000000 ) ) ;
#186 = FACE_OUTER_BOUND ( 'NONE', #1145, .T. ) ;
#187 = CARTESIAN_POINT ( 'NONE',  ( -0.6500000000000062395, 0.3752776749732536499, 3.000000000000000000 ) ) ;
#188 = ORIENTED_EDGE ( 'NONE', *, *, #1766, .F. ) ;
#189 = ADVANCED_FACE ( 'NONE', ( #1700 ), #3073, .F. ) ;
#190 = CARTESIAN_POINT ( 'NONE',  ( 0.000000000000000000, -1.084202172485504631E-15, 3.000000000000001776 ) ) ;
#191 = ORIENTED_EDGE ( 'NONE', *, *, #659, .T. ) ;
#192 = COORDINATED_UNIVERSAL_TIME_OFFSET ( 6, 0, .BEHIND. ) ;
#193 = CARTESIAN_POINT ( 'NONE',  ( 0.000000000000000000, 1.021650635094609960, 0.6375000000000112799 ) ) ;
#194 = PLANE ( 'NONE',  #1518 ) ;
#195 = CARTESIAN_POINT ( 'NONE',  ( -0.4273502691896249317, -0.7401923788646680435, 2.166666666666659857 ) ) ;
#196 = CARTESIAN_POINT ( 'NONE',  ( -0.8547005383792493083, -8.942673060516189619E-16, -0.7000000000000073941 ) ) ;
#197 = CARTESIAN_POINT ( 'NONE',  ( -0.6410254037844370645, -0.3700961894323347434, 1.783333333333326109 ) ) ;
#198 = CARTESIAN_POINT ( 'NONE',  ( 0.4340844946297217621, -0.5995460026148062838, -2.959807621135143840 ) ) ;
#199 = CARTESIAN_POINT ( 'NONE',  ( 0.4273502691896243766, -0.7401923788646675995, -0.9166666666666745122 ) ) ;
#200 = CARTESIAN_POINT ( 'NONE',  ( 0.8547005383792493083, -7.253054037324254466E-16, -2.050000000000007372 ) ) ;
#201 = CARTESIAN_POINT ( 'NONE',  ( 0.000000000000000000, -3.494140929970925097E-16, -3.000000000000000000 ) ) ;
#202 = CARTESIAN_POINT ( 'NONE',  ( -0.5898502691896256866, 1.021650635094610848, -2.954166666666671937 ) ) ;
#203 = LINE ( 'NONE', #2137, #578 ) ;
#204 = EDGE_CURVE ( 'NONE', #3058, #1258, #486, .T. ) ;
#205 = VERTEX_POINT ( 'NONE', #1395 ) ;
#206 = PERSON_AND_ORGANIZATION ( #2408, #1725 ) ;
#207 = CARTESIAN_POINT ( 'NONE',  ( 0.5898502691896256866, -1.021650635094612403, -1.129166666666656438 ) ) ;
#208 = CARTESIAN_POINT ( 'NONE',  ( -0.4273502691896246541, 0.7401923788646654900, 0.03333333333332576254 ) ) ;
#209 = CARTESIAN_POINT ( 'NONE',  ( 0.5773502691896251759, 1.000000000000001998, 0.6166666666666762442 ) ) ;
#210 = CARTESIAN_POINT ( 'NONE',  ( -0.7954994381766733458, 0.4067679521152069988, -2.814478842168703920 ) ) ;
#211 = CARTESIAN_POINT ( 'NONE',  ( 0.4273502691896250982, 0.7401923788646654900, -1.233333333333340720 ) ) ;
#212 = CARTESIAN_POINT ( 'NONE',  ( 0.6410254037844368424, -0.3700961894323354651, 2.716666666666658791 ) ) ;
#213 = CARTESIAN_POINT ( 'NONE',  ( 0.8547005383792493083, -7.253054037324254466E-16, -2.050000000000007816 ) ) ;
#214 = CARTESIAN_POINT ( 'NONE',  ( -9.064742275298787661E-17, -0.7401923788646672664, -1.350000000000007638 ) ) ;
#215 = CARTESIAN_POINT ( 'NONE',  ( -0.8660254037844394848, -0.5000000000000018874, 1.533333333333328552 ) ) ;
#216 = CARTESIAN_POINT ( 'NONE',  ( -0.5898502691896256866, 1.021650635094610404, -1.354166666666671404 ) ) ;
#217 = ORIENTED_EDGE ( 'NONE', *, *, #204, .F. ) ;
#218 = CARTESIAN_POINT ( 'NONE',  ( 0.8660254037844398178, 0.4999999999999992784, -2.616666666666657814 ) ) ;
#219 = ORIENTED_EDGE ( 'NONE', *, *, #2331, .F. ) ;
#220 = PERSON_AND_ORGANIZATION_ROLE ( 'creator' ) ;
#221 = EDGE_CURVE ( 'NONE', #1376, #625, #2458, .T. ) ;
#222 = CARTESIAN_POINT ( 'NONE',  ( -1.251161180115476355E-16, -1.021650635094612625, 0.4375000000000103806 ) ) ;
#223 = CARTESIAN_POINT ( 'NONE',  ( 0.6410254037844373975, 0.3700961894323316348, -0.06666666666667406260 ) ) ;
#224 = CARTESIAN_POINT ( 'NONE',  ( 0.8660254037844398178, 0.4999999999999991673, -2.216666666666657459 ) ) ;
#225 = CARTESIAN_POINT ( 'NONE',  ( -0.4524656467832807172, -0.8419201486746501484, -2.751505791732588690 ) ) ;
#226 = CARTESIAN_POINT ( 'NONE',  ( 0.6410254037844372865, 0.3700961894323313572, 0.7333333333333262871 ) ) ;
#227 = CARTESIAN_POINT ( 'NONE',  ( -0.4273502691896244876, 0.7401923788646646019, 2.483333333333325843 ) ) ;
#228 = VECTOR ( 'NONE', #2675, 1000.000000000000000 ) ;
#229 = CARTESIAN_POINT ( 'NONE',  ( -0.4273502691896248762, -0.7401923788646670443, -1.383333333333341075 ) ) ;
#230 = CARTESIAN_POINT ( 'NONE',  ( -0.4273502691896248762, -0.7401923788646666003, -2.183333333333341120 ) ) ;
#231 = CARTESIAN_POINT ( 'NONE',  ( 0.000000000000000000, -1.084202172485504631E-15, 3.000000000000001776 ) ) ;
#232 = CARTESIAN_POINT ( 'NONE',  ( -0.8847754037844386410, 0.5108253175473052021, -2.520833333333338366 ) ) ;
#233 = VECTOR ( 'NONE', #418, 1000.000000000000000 ) ;
#234 = VERTEX_POINT ( 'NONE', #1127 ) ;
#235 = CARTESIAN_POINT ( 'NONE',  ( -1.189463854480177987E-16, -0.7505553499465136280, 2.160000000000000142 ) ) ;
#236 = ORIENTED_EDGE ( 'NONE', *, *, #3076, .F. ) ;
#237 = CARTESIAN_POINT ( 'NONE',  ( 1.179700538379251817, -1.397998163480745969E-15, 0.1375000000000108635 ) ) ;
#238 = CARTESIAN_POINT ( 'NONE',  ( 0.000000000000000000, 0.7401923788646653790, 0.3999999999999928058 ) ) ;
#239 = CARTESIAN_POINT ( 'NONE',  ( -1.224646799147354440E-16, -1.000000000000002220, 0.8500000000000091926 ) ) ;
#240 = CARTESIAN_POINT ( 'NONE',  ( 0.8547005383792494193, -1.832192421673010939E-15, 1.899999999999992806 ) ) ;
#241 = CARTESIAN_POINT ( 'NONE',  ( 0.6410254037844372865, 0.3700961894323319124, -1.266666666666674157 ) ) ;
#242 = CARTESIAN_POINT ( 'NONE',  ( 0.6410254037844373975, 0.3700961894323324120, -2.866666666666674246 ) ) ;
#243 = CARTESIAN_POINT ( 'NONE',  ( -0.8547005383792494193, -4.459080076453056602E-16, -2.300000000000007372 ) ) ;
#244 = CARTESIAN_POINT ( 'NONE',  ( -0.8547005383792493083, -9.082785341268160830E-16, -0.6500000000000077938 ) ) ;
#245 = EDGE_CURVE ( 'NONE', #3058, #872, #887, .T. ) ;
#246 = EDGE_CURVE ( 'NONE', #1507, #2056, #1506, .T. ) ;
#247 = CARTESIAN_POINT ( 'NONE',  ( -0.6410254037844369535, 0.3700961894323328560, -2.283333333333341209 ) ) ;
#248 =( BOUNDED_CURVE ( )  B_SPLINE_CURVE ( 2, ( #601, #1373, #1580, #2535, #373, #1326, #852, #1827, #2080, #2551, #154, #2567, #1108, #1595, #2877, #2631, #1894, #462, #2893, #1, #2906, #2176, #247, #1197, #17, #230, #1693, #2376, #2863, #200, #497, #1419, #726, #1404, #911, #449, #1646, #2665, #1451, #957, #1659, #2391, #1184, #2419, #261, #1936, #1215, #1924, #2193, #974, #214, #2134, #3106, #1955, #2926, #2164, #3133, #940, #710, #742, #1676, #2649, #1709, #1436, #1169, #2682, #478, #1390, #2406, #2363, #1156, #682, #2615, #2149, #1909, #3119, #924, #696, #2214, #757, #2017, #2747, #553, #1740, #1527, #2436, #2029, #568, #278, #1794, #1482, #2731, #57, #323, #511, #106, #1056, #2942, #1024, #40, #2501, #1758, #1513, #788, #2487, #3004, #1042, #1999, #339, #1280, #1467, #1292, #2987, #2273, #817, #2697, #73, #525, #1231, #1724, #2260, #803, #992, #2455, #2246, #90, #2229, #1774, #1971, #1265, #296, #1249, #1009, #1986, #2955, #772, #2714, #539, #1497, #309, #2473, #2973, #2063, #2794, #1322, #613, #3086 ),
 .UNSPECIFIED., .F., .F. ) 
 B_SPLINE_CURVE_WITH_KNOTS ( ( 3, 2, 2, 2, 2, 2, 2, 2, 2, 2, 2, 2, 2, 2, 2, 2, 2, 2, 2, 2, 2, 2, 2, 2, 2, 2, 2, 2, 2, 2, 2, 2, 2, 2, 2, 2, 2, 2, 2, 2, 2, 2, 2, 2, 2, 2, 2, 2, 2, 2, 2, 2, 2, 2, 2, 2, 2, 2, 2, 2, 2, 2, 2, 2, 2, 2, 2, 2, 2, 2, 2, 2, 2, 3 ),
 ( 0.03155766254181812530, 0.03333333333333333287, 0.04444444444444444614, 0.05555555555555555247, 0.06666666666666666574, 0.07777777777777777901, 0.08888888888888887840, 0.1000000000000000056, 0.1111111111111111049, 0.1222222222222222321, 0.1333333333333333315, 0.1444444444444444309, 0.1555555555555555580, 0.1666666666666666574, 0.1777777777777777846, 0.1888888888888888840, 0.2000000000000000389, 0.2111111111111111105, 0.2222222222222222376, 0.2333333333333333370, 0.2444444444444444087, 0.2555555555555555358, 0.2666666666666666630, 0.2777777777777777901, 0.2888888888888888618, 0.2999999999999999889, 0.3111111111111111160, 0.3222222222222222432, 0.3333333333333333148, 0.3444444444444444420, 0.3555555555555555691, 0.3666666666666666408, 0.3777777777777777679, 0.3888888888888888395, 0.4000000000000000222, 0.4111111111111110938, 0.4222222222222222765, 0.4333333333333333481, 0.4444444444444444198, 0.4555555555555555469, 0.4666666666666666741, 0.4777777777777778012, 0.4888888888888888729, 0.5000000000000000000, 0.5111111111111110716, 0.5222222222222222543, 0.5333333333333333259, 0.5444444444444443976, 0.5555555555555555802, 0.5666666666666666519, 0.5777777777777777235, 0.5888888888888889062, 0.5999999999999999778, 0.6111111111111111605, 0.6222222222222222321, 0.6333333333333333037, 0.6444444444444444864, 0.6555555555555555580, 0.6666666666666666297, 0.6777777777777778123, 0.6888888888888888840, 0.6999999999999999556, 0.7111111111111111382, 0.7222222222222220989, 0.7333333333333332815, 0.7444444444444444642, 0.7555555555555554248, 0.7666666666666667185, 0.7777777777777777901, 0.7888888888888889728, 0.8000000000000000444, 0.8111111111111111160, 0.8222222222222221877, 0.8251442633035495078 ),
 .UNSPECIFIED. ) 
 CURVE ( )  GEOMETRIC_REPRESENTATION_ITEM ( )  RATIONAL_B_SPLINE_CURVE ( ( 0.9640221895668326102, 0.9785894700425485926, 1.000000000000000000, 0.8660254037844387076, 1.000000000000000000, 0.8660254037844387076, 1.000000000000000000, 0.8660254037844387076, 1.000000000000000000, 0.8660254037844387076, 1.000000000000000000, 0.8660254037844387076, 1.000000000000000000, 0.8660254037844387076, 1.000000000000000000, 0.8660254037844387076, 1.000000000000000000, 0.8660254037844387076, 1.000000000000000000, 0.8660254037844387076, 1.000000000000000000, 0.8660254037844387076, 1.000000000000000000, 0.8660254037844387076, 1.000000000000000000, 0.8660254037844387076, 1.000000000000000000, 0.8660254037844387076, 1.000000000000000000, 0.8660254037844387076, 1.000000000000000000, 0.8660254037844387076, 1.000000000000000000, 0.8660254037844387076, 1.000000000000000000, 0.8660254037844387076, 1.000000000000000000, 0.8660254037844387076, 1.000000000000000000, 0.8660254037844387076, 1.000000000000000000, 0.8660254037844387076, 1.000000000000000000, 0.8660254037844387076, 1.000000000000000000, 0.8660254037844387076, 1.000000000000000000, 0.8660254037844387076, 1.000000000000000000, 0.8660254037844387076, 1.000000000000000000, 0.8660254037844387076, 1.000000000000000000, 0.8660254037844387076, 1.000000000000000000, 0.8660254037844387076, 1.000000000000000000, 0.8660254037844387076, 1.000000000000000000, 0.8660254037844387076, 1.000000000000000000, 0.8660254037844387076, 1.000000000000000000, 0.8660254037844387076, 1.000000000000000000, 0.8660254037844387076, 1.000000000000000000, 0.8660254037844387076, 1.000000000000000000, 0.8660254037844387076, 1.000000000000000000, 0.8660254037844387076, 1.000000000000000000, 0.8660254037844387076, 1.000000000000000000, 0.8660254037844387076, 1.000000000000000000, 0.8660254037844387076, 1.000000000000000000, 0.8660254037844387076, 1.000000000000000000, 0.8660254037844387076, 1.000000000000000000, 0.8660254037844387076, 1.000000000000000000, 0.8660254037844387076, 1.000000000000000000, 0.8660254037844387076, 1.000000000000000000, 0.8660254037844387076, 1.000000000000000000, 0.8660254037844387076, 1.000000000000000000, 0.8660254037844387076, 1.000000000000000000, 0.8660254037844387076, 1.000000000000000000, 0.8660254037844387076, 1.000000000000000000, 0.8660254037844387076, 1.000000000000000000, 0.8660254037844387076, 1.000000000000000000, 0.8660254037844387076, 1.000000000000000000, 0.8660254037844387076, 1.000000000000000000, 0.8660254037844387076, 1.000000000000000000, 0.8660254037844387076, 1.000000000000000000, 0.8660254037844387076, 1.000000000000000000, 0.8660254037844387076, 1.000000000000000000, 0.8660254037844387076, 1.000000000000000000, 0.8660254037844387076, 1.000000000000000000, 0.8660254037844387076, 1.000000000000000000, 0.8660254037844387076, 1.000000000000000000, 0.8660254037844387076, 1.000000000000000000, 0.8660254037844387076, 1.000000000000000000, 0.8660254037844387076, 1.000000000000000000, 0.8660254037844387076, 1.000000000000000000, 0.8660254037844387076, 1.000000000000000000, 0.8660254037844387076, 1.000000000000000000, 0.8660254037844387076, 1.000000000000000000, 0.8660254037844387076, 1.000000000000000000, 0.8660254037844387076, 1.000000000000000000, 0.8660254037844387076, 1.000000000000000000, 0.8660254037844387076, 1.000000000000000000, 0.9647668653403503880, 0.9480652107225986391 ) ) 
 REPRESENTATION_ITEM ( '' )  );
#249 = CARTESIAN_POINT ( 'NONE',  ( -0.5773502691896266192, -1.000000000000001332, -1.983333333333324733 ) ) ;
#250 = CARTESIAN_POINT ( 'NONE',  ( 0.5773502691896293948, 0.9999999999999956701, -2.233333333333337833 ) ) ;
#251 = VERTEX_POINT ( 'NONE', #2923 ) ;
#252 = VERTEX_POINT ( 'NONE', #2679 ) ;
#253 = LINE ( 'NONE', #2202, #2258 ) ;
#254 = DIRECTION ( 'NONE',  ( -0.000000000000000000, 1.224646799147353207E-16, -1.000000000000000000 ) ) ;
#255 = ORIENTED_EDGE ( 'NONE', *, *, #4, .T. ) ;
#256 = CYLINDRICAL_SURFACE ( 'NONE', #822, 1.000000000000001110 ) ;
#257 = CARTESIAN_POINT ( 'NONE',  ( -0.6410254037844369535, 0.3700961894323324120, -0.7333333333333406090 ) ) ;
#258 = CARTESIAN_POINT ( 'NONE',  ( 0.8547005383792493083, -1.734113825146629907E-15, 1.549999999999992495 ) ) ;
#259 = CARTESIAN_POINT ( 'NONE',  ( -0.6410254037844369535, 0.3700961894323319679, 0.9166666666666594132 ) ) ;
#260 = CARTESIAN_POINT ( 'NONE',  ( 0.000000000000000000, 0.7401923788646658231, -1.200000000000007505 ) ) ;
#261 = CARTESIAN_POINT ( 'NONE',  ( 0.000000000000000000, 0.7401923788646658231, -1.550000000000007816 ) ) ;
#262 = EDGE_CURVE ( 'NONE', #2603, #1881, #1532, .T. ) ;
#263 = CARTESIAN_POINT ( 'NONE',  ( 0.8847754037844390851, 0.5108253175473035368, 0.1458333333333281245 ) ) ;
#264 = CARTESIAN_POINT ( 'NONE',  ( 0.000000000000000000, 0.9999999999999997780, 0.1999999999999955702 ) ) ;
#265 = CARTESIAN_POINT ( 'NONE',  ( 0.8660254037844398178, 0.4999999999999989453, -1.416666666666657637 ) ) ;
#266 =( BOUNDED_CURVE ( )  B_SPLINE_CURVE ( 2, ( #76, #1012, #2686, #2249, #2425, #2930, #996 ),
 .UNSPECIFIED., .F., .T. ) 
 B_SPLINE_CURVE_WITH_KNOTS ( ( 3, 2, 2, 3 ),
 ( 0.1666666666666666297, 0.1777777777777777568, 0.1888888888888888840, 0.2000000000000000111 ),
 .UNSPECIFIED. ) 
 CURVE ( )  GEOMETRIC_REPRESENTATION_ITEM ( )  RATIONAL_B_SPLINE_CURVE ( ( 1.000000000000000222, 0.8660254037844383745, 1.000000000000000000, 0.8660254037844387076, 1.000000000000000000, 0.8660254037844387076, 1.000000000000000000 ) ) 
 REPRESENTATION_ITEM ( '' )  );
#267 = ORIENTED_EDGE ( 'NONE', *, *, #2993, .T. ) ;
#268 = EDGE_LOOP ( 'NONE', ( #1680, #2586, #2911, #534, #1777 ) ) ;
#269 = CARTESIAN_POINT ( 'NONE',  ( -0.8847754037844389741, -0.5108253175473070895, 1.570833333333344628 ) ) ;
#270 = CARTESIAN_POINT ( 'NONE',  ( -0.6410254037844371755, -0.3700961894323346879, 1.333333333333326154 ) ) ;
#271 = CARTESIAN_POINT ( 'NONE',  ( 0.000000000000000000, -3.494140929970925097E-16, -3.000000000000000000 ) ) ;
#272 = DIRECTION ( 'NONE',  ( 0.000000000000000000, -1.224646799147353207E-16, 1.000000000000000000 ) ) ;
#273 = CARTESIAN_POINT ( 'NONE',  ( -0.4273502691896248762, -0.7401923788646680435, 2.566666666666659768 ) ) ;
#274 = CARTESIAN_POINT ( 'NONE',  ( -0.8547005383792494193, -3.338181830437273594E-16, -2.700000000000007283 ) ) ;
#275 = CARTESIAN_POINT ( 'NONE',  ( -0.6410254037844371755, -0.3700961894323339108, -1.466666666666674113 ) ) ;
#276 = CARTESIAN_POINT ( 'NONE',  ( -0.4273502691896244876, 0.7401923788646652680, 0.8833333333333254211 ) ) ;
#277 = CARTESIAN_POINT ( 'NONE',  ( 0.6410254037844369535, -0.3700961894323342438, -2.133333333333340853 ) ) ;
#278 = CARTESIAN_POINT ( 'NONE',  ( 0.6410254037844368424, -0.3700961894323346879, -0.08333333333334107251 ) ) ;
#279 = CARTESIAN_POINT ( 'NONE',  ( -9.348922554027406636E-17, -0.7633974596215410413, -2.936602540378459469 ) ) ;
#280 = CARTESIAN_POINT ( 'NONE',  ( -0.8847754037844387520, -0.5108253175473066454, 0.3458333333333282189 ) ) ;
#281 = VERTEX_POINT ( 'NONE', #771 ) ;
#282 = CARTESIAN_POINT ( 'NONE',  ( 0.6499999999999998002, 0.3752776749732572581, 2.160000000000000142 ) ) ;
#283 = AXIS2_PLACEMENT_3D ( 'NONE', #648, #2828, #1609 ) ;
#284 = AXIS2_PLACEMENT_3D ( 'NONE', #2524, #2296, #377 ) ;
#285 = EDGE_CURVE ( 'NONE', #421, #43, #2472, .T. ) ;
#286 = VERTEX_POINT ( 'NONE', #3147 ) ;
#287 = CARTESIAN_POINT ( 'NONE',  ( 0.000000000000000000, 0.9999999999999997780, -0.5499999999999907185 ) ) ;
#288 = CARTESIAN_POINT ( 'NONE',  ( 0.000000000000000000, -3.494140929970925097E-16, -3.000000000000000000 ) ) ;
#289 = CARTESIAN_POINT ( 'NONE',  ( 0.7006292692221427476, 0.7135254915623163718, 1.799999999999999600 ) ) ;
#290 = ORIENTED_EDGE ( 'NONE', *, *, #1662, .F. ) ;
#291 = CARTESIAN_POINT ( 'NONE',  ( -0.6500000000000002442, -0.1321289683848176078, 2.899436331573844061 ) ) ;
#292 = CARTESIAN_POINT ( 'NONE',  ( -0.8847754037844388630, 0.5108253175473055352, -3.295833333333321846 ) ) ;
#293 = CARTESIAN_POINT ( 'NONE',  ( 0.4273502691896250982, 0.7401923788646648239, 1.216666666666659458 ) ) ;
#294 = CC_DESIGN_APPROVAL ( #1776, ( #1570 ) ) ;
#295 = CARTESIAN_POINT ( 'NONE',  ( -0.4273502691896246541, 0.7401923788646662672, -2.366666666666673802 ) ) ;
#296 = CARTESIAN_POINT ( 'NONE',  ( -0.6410254037844369535, 0.3700961894323318568, 1.316666666666658658 ) ) ;
#297 = CARTESIAN_POINT ( 'NONE',  ( -0.4273502691896248762, -0.7401923788646670443, -1.783333333333341209 ) ) ;
#298 = CARTESIAN_POINT ( 'NONE',  ( 0.8847754037844390851, 0.5108253175473033147, 0.9458333333333285298 ) ) ;
#299 = ORIENTED_EDGE ( 'NONE', *, *, #221, .F. ) ;
#300 = ORIENTED_EDGE ( 'NONE', *, *, #942, .T. ) ;
#301 = CARTESIAN_POINT ( 'NONE',  ( 0.000000000000000000, -1.000000000000000666, 1.799999999999999378 ) ) ;
#302 = ADVANCED_FACE ( 'NONE', ( #1155 ), #1893, .F. ) ;
#303 = CARTESIAN_POINT ( 'NONE',  ( 0.000000000000000000, 0.7401923788646652680, 0.7999999999999926059 ) ) ;
#304 = DIRECTION ( 'NONE',  ( 0.000000000000000000, -1.000000000000000000, 0.000000000000000000 ) ) ;
#305 = CARTESIAN_POINT ( 'NONE',  ( -0.08084631424052735049, -0.7451435077993425748, -2.951611534167237760 ) ) ;
#306 = CARTESIAN_POINT ( 'NONE',  ( -9.064742275298787661E-17, -0.7401923788646682656, 2.199999999999992628 ) ) ;
#307 = CARTESIAN_POINT ( 'NONE',  ( -9.064742275298787661E-17, -0.7401923788646677105, 0.2499999999999924227 ) ) ;
#308 = CARTESIAN_POINT ( 'NONE',  ( 0.000000000000000000, 0.7401923788646661562, -2.400000000000007461 ) ) ;
#309 = CARTESIAN_POINT ( 'NONE',  ( 0.4273502691896250982, 0.7401923788646648239, 1.616666666666659591 ) ) ;
#310 = CARTESIAN_POINT ( 'NONE',  ( 0.6410254037844368424, -0.3700961894323344104, -1.283333333333341209 ) ) ;
#311 = CARTESIAN_POINT ( 'NONE',  ( 0.5898502691896253536, -1.021650635094612403, 0.4458333333333275861 ) ) ;
#312 = CARTESIAN_POINT ( 'NONE',  ( -0.8660254037844395958, -0.5000000000000008882, -1.616666666666657592 ) ) ;
#313 = ORIENTED_EDGE ( 'NONE', *, *, #2122, .T. ) ;
#314 = DIRECTION ( 'NONE',  ( -0.000000000000000000, -0.000000000000000000, 1.000000000000000000 ) ) ;
#315 = CARTESIAN_POINT ( 'NONE',  ( -0.8547005383792494193, -1.566806253661088471E-15, 1.699999999999992406 ) ) ;
#316 = CARTESIAN_POINT ( 'NONE',  ( 0.000000000000000000, 8.739904209134028646E-15, 3.000000000000000000 ) ) ;
#317 = EDGE_CURVE ( 'NONE', #1095, #2603, #2100, .T. ) ;
#318 = ORIENTED_EDGE ( 'NONE', *, *, #2916, .T. ) ;
#319 = CARTESIAN_POINT ( 'NONE',  ( -0.6500000000000001332, -0.2589885041878929872, 2.941855414607323471 ) ) ;
#320 = CARTESIAN_POINT ( 'NONE',  ( 0.4273502691896243766, -0.7401923788646681546, 1.433333333333326243 ) ) ;
#321 = CARTESIAN_POINT ( 'NONE',  ( -0.4273502691896248762, -0.7401923788646678215, 1.816666666666658880 ) ) ;
#322 = CARTESIAN_POINT ( 'NONE',  ( -0.6410254037844370645, 0.3700961894323326340, -1.533333333333340764 ) ) ;
#323 = CARTESIAN_POINT ( 'NONE',  ( -0.4273502691896245431, 0.7401923788646654900, 0.08333333333332546000 ) ) ;
#324 = CARTESIAN_POINT ( 'NONE',  ( -0.6410254037844370645, -0.3700961894323339663, -1.016666666666674379 ) ) ;
#325 = CARTESIAN_POINT ( 'NONE',  ( -0.5898502691896261307, -1.021650635094611959, 0.7791666666666611230 ) ) ;
#326 = FACE_OUTER_BOUND ( 'NONE', #1336, .T. ) ;
#327 = DIRECTION ( 'NONE',  ( 1.000000000000000000, 0.000000000000000000, 0.000000000000000000 ) ) ;
#328 = VERTEX_POINT ( 'NONE', #977 ) ;
#329 = PRODUCT_RELATED_PRODUCT_CATEGORY ( 'detail', '', ( #2271 ) ) ;
#330 = CARTESIAN_POINT ( 'NONE',  ( 2.686616104935888371E-18, 0.7505553499465138501, 2.160000000000000142 ) ) ;
#331 = CC_DESIGN_PERSON_AND_ORGANIZATION_ASSIGNMENT ( #2869, #2124, ( #2111 ) ) ;
#332 = AXIS2_PLACEMENT_3D ( 'NONE', #2399, #1948, #1444 ) ;
#333 = ORIENTED_EDGE ( 'NONE', *, *, #2595, .T. ) ;
#334 = DIRECTION ( 'NONE',  ( 0.000000000000000000, 1.000000000000000000, 0.000000000000000000 ) ) ;
#335 = VECTOR ( 'NONE', #2523, 1000.000000000000000 ) ;
#336 = CARTESIAN_POINT ( 'NONE',  ( -0.6410254037844369535, 0.3700961894323316348, 2.066666666666659324 ) ) ;
#337 = CARTESIAN_POINT ( 'NONE',  ( -0.6410254037844369535, 0.3700961894323317458, 1.716666666666658791 ) ) ;
#338 = CARTESIAN_POINT ( 'NONE',  ( 0.8547005383792494193, -1.608012772469854436E-15, 1.099999999999992539 ) ) ;
#339 = CARTESIAN_POINT ( 'NONE',  ( -0.6410254037844370645, -0.3700961894323344104, 0.5833333333333254878 ) ) ;
#340 = CARTESIAN_POINT ( 'NONE',  ( -0.4273502691896244876, 0.7401923788646662672, -2.716666666666674335 ) ) ;
#341 = ORIENTED_EDGE ( 'NONE', *, *, #2636, .T. ) ;
#342 = CARTESIAN_POINT ( 'NONE',  ( -1.179700538379251595, -1.830633111697689569E-15, 2.712499999999994582 ) ) ;
#343 = CARTESIAN_POINT ( 'NONE',  ( 0.000000000000000000, 1.021650635094609516, 2.237500000000011369 ) ) ;
#344 = CARTESIAN_POINT ( 'NONE',  ( 0.8660254037844398178, 0.4999999999999990563, -1.816666666666657548 ) ) ;
#345 = ORIENTED_EDGE ( 'NONE', *, *, #1908, .T. ) ;
#346 = CARTESIAN_POINT ( 'NONE',  ( -1.154700538379252572, -9.459537444403996599E-16, -0.4499999999999907963 ) ) ;
#347 = CARTESIAN_POINT ( 'NONE',  ( -0.8660254037844394848, 0.4999999999999990563, 1.116666666666676022 ) ) ;
#348 =( BOUNDED_CURVE ( )  B_SPLINE_CURVE ( 2, ( #1534, #3043, #2770, #2082, #2507, #3056, #838 ),
 .UNSPECIFIED., .F., .F. ) 
 B_SPLINE_CURVE_WITH_KNOTS ( ( 3, 2, 2, 3 ),
 ( 0.8333333333333333703, 0.8444444444444444420, 0.8555555555555557357, 0.8666666666666668073 ),
 .UNSPECIFIED. ) 
 CURVE ( )  GEOMETRIC_REPRESENTATION_ITEM ( )  RATIONAL_B_SPLINE_CURVE ( ( 1.000000000000000000, 0.8660254037844387076, 1.000000000000000000, 0.8660254037844387076, 1.000000000000000000, 0.8660254037844373753, 1.000000000000001332 ) ) 
 REPRESENTATION_ITEM ( '' )  );
#349 = ORIENTED_EDGE ( 'NONE', *, *, #1064, .F. ) ;
#350 = PERSON_AND_ORGANIZATION_ROLE ( 'design_owner' ) ;
#351 = CARTESIAN_POINT ( 'NONE',  ( 0.5898502691896265748, 1.021650635094610626, -2.995833333333322024 ) ) ;
#352 = CARTESIAN_POINT ( 'NONE',  ( -0.6410254037844370645, 0.3700961894323325230, -1.133333333333340853 ) ) ;
#353 = CARTESIAN_POINT ( 'NONE',  ( 0.6410254037844372865, 0.3700961894323307466, 2.783333333333326109 ) ) ;
#354 = CARTESIAN_POINT ( 'NONE',  ( 0.000000000000000000, 0.7401923788646651570, 1.199999999999992628 ) ) ;
#355 = CARTESIAN_POINT ( 'NONE',  ( 0.4273502691896243766, -0.7401923788646670443, -2.566666666666674423 ) ) ;
#356 = CARTESIAN_POINT ( 'NONE',  ( -0.8547005383792493083, -2.357395865173462291E-16, -3.050000000000007816 ) ) ;
#357 = CARTESIAN_POINT ( 'NONE',  ( 0.8847754037844384190, -0.5108253175473074226, 1.279166666666661012 ) ) ;
#358 = ADVANCED_FACE ( 'NONE', ( #1159 ), #1963, .T. ) ;
#359 = CARTESIAN_POINT ( 'NONE',  ( 0.000000000000000000, 1.021650635094609738, 1.437500000000011768 ) ) ;
#360 = CARTESIAN_POINT ( 'NONE',  ( 0.5773502691896259531, 1.000000000000001776, -2.633333333333337745 ) ) ;
#361 = CARTESIAN_POINT ( 'NONE',  ( -1.224646799147354440E-16, -1.000000000000002220, 0.4500000000000085598 ) ) ;
#362 = CARTESIAN_POINT ( 'NONE',  ( 0.6499999999999911404, -0.3752776749732621986, 3.000000000000000000 ) ) ;
#363 = ORIENTED_EDGE ( 'NONE', *, *, #2002, .T. ) ;
#364 = CARTESIAN_POINT ( 'NONE',  ( -1.251161180115476355E-16, -1.021650635094611737, -2.762499999999989964 ) ) ;
#365 = LOCAL_TIME ( 16, 43, 15.00000000000000000, #2607 ) ;
#366 = CARTESIAN_POINT ( 'NONE',  ( 0.4273502691896251537, 0.7401923788646654900, -0.4333333333333406756 ) ) ;
#367 = CARTESIAN_POINT ( 'NONE',  ( 0.000000000000000000, 0.7401923788646649349, 1.649999999999992584 ) ) ;
#368 =( BOUNDED_CURVE ( )  B_SPLINE_CURVE ( 2, ( #1733, #1749, #794, #346, #2704, #1255, #287 ),
 .UNSPECIFIED., .F., .F. ) 
 B_SPLINE_CURVE_WITH_KNOTS ( ( 3, 2, 2, 3 ),
 ( 0.5000000000000000000, 0.5111111111111110716, 0.5222222222222221433, 0.5333333333333333259 ),
 .UNSPECIFIED. ) 
 CURVE ( )  GEOMETRIC_REPRESENTATION_ITEM ( )  RATIONAL_B_SPLINE_CURVE ( ( 1.000000000000000000, 0.8660254037844387076, 1.000000000000000000, 0.8660254037844387076, 1.000000000000000000, 0.8660254037844387076, 1.000000000000000000 ) ) 
 REPRESENTATION_ITEM ( '' )  );
#369 = CARTESIAN_POINT ( 'NONE',  ( 0.4273502691896251537, 0.7401923788646651570, 0.7666666666666593910 ) ) ;
#370 = CARTESIAN_POINT ( 'NONE',  ( 0.6410254037844372865, 0.3700961894323320234, -1.666666666666674068 ) ) ;
#371 = CARTESIAN_POINT ( 'NONE',  ( 0.4273502691896250982, 0.7401923788646654900, -0.7833333333333412085 ) ) ;
#372 = CARTESIAN_POINT ( 'NONE',  ( 0.8847754037844390851, 0.5108253175473030927, 1.745833333333328019 ) ) ;
#373 = CARTESIAN_POINT ( 'NONE',  ( 0.6410254037844368424, -0.3700961894323339108, -2.883333333333340853 ) ) ;
#374 = CARTESIAN_POINT ( 'NONE',  ( 0.000000000000000000, 0.9999999999999995559, 0.6500000000000093481 ) ) ;
#375 = ORIENTED_EDGE ( 'NONE', *, *, #1602, .T. ) ;
#376 = CARTESIAN_POINT ( 'NONE',  ( -0.5773502691896295058, 0.9999999999999938938, 0.2833333333333432069 ) ) ;
#377 = DIRECTION ( 'NONE',  ( 1.776356839400250465E-15, 1.000000000000000000, 0.000000000000000000 ) ) ;
#378 = EDGE_CURVE ( 'NONE', #2687, #1173, #3011, .T. ) ;
#379 = AXIS2_PLACEMENT_3D ( 'NONE', #1686, #784, #2724 ) ;
#380 = ORIENTED_EDGE ( 'NONE', *, *, #2662, .T. ) ;
#381 = CARTESIAN_POINT ( 'NONE',  ( -1.251161180115476355E-16, -1.021650635094612181, -1.162499999999989431 ) ) ;
#382 = CARTESIAN_POINT ( 'NONE',  ( -0.1706322164384760087, 0.9829367783561580030, 1.799999999999999378 ) ) ;
#383 = VECTOR ( 'NONE', #2587, 1000.000000000000000 ) ;
#384 = CARTESIAN_POINT ( 'NONE',  ( 0.6410254037844373975, 0.3700961894323315238, 0.3333333333333260984 ) ) ;
#385 = CARTESIAN_POINT ( 'NONE',  ( -0.4273502691896244876, 0.7401923788646659341, -1.566666666666674201 ) ) ;
#386 = CARTESIAN_POINT ( 'NONE',  ( 0.000000000000000000, 0.7401923788646654900, -0.3500000000000078604 ) ) ;
#387 =( BOUNDED_CURVE ( )  B_SPLINE_CURVE ( 2, ( #1226, #2206, #34, #2691, #1477, #2447, #1244 ),
 .UNSPECIFIED., .F., .F. ) 
 B_SPLINE_CURVE_WITH_KNOTS ( ( 3, 2, 2, 3 ),
 ( 0.5999999999999999778, 0.6111111111111111605, 0.6222222222222221211, 0.6333333333333331927 ),
 .UNSPECIFIED. ) 
 CURVE ( )  GEOMETRIC_REPRESENTATION_ITEM ( )  RATIONAL_B_SPLINE_CURVE ( ( 1.000000000000000000, 0.8660254037844387076, 1.000000000000000000, 0.8660254037844387076, 1.000000000000000000, 0.8660254037844400399, 0.9999999999999986677 ) ) 
 REPRESENTATION_ITEM ( '' )  );
#388 = CARTESIAN_POINT ( 'NONE',  ( -0.5898502691896261307, -1.021650635094612625, 2.779166666666661456 ) ) ;
#389 = CARTESIAN_POINT ( 'NONE',  ( 0.000000000000000000, 1.000000000000000222, -2.149999999999991029 ) ) ;
#390 = DIRECTION ( 'NONE',  ( 0.000000000000000000, 0.000000000000000000, 1.000000000000000000 ) ) ;
#391 = DIRECTION ( 'NONE',  ( 0.000000000000000000, 1.000000000000000000, 0.000000000000000000 ) ) ;
#392 = VERTEX_POINT ( 'NONE', #606 ) ;
#393 = CARTESIAN_POINT ( 'NONE',  ( 0.6499999999999998002, 0.3752776749732572581, 2.160000000000000142 ) ) ;
#394 = VERTEX_POINT ( 'NONE', #2540 ) ;
#395 = LINE ( 'NONE', #1588, #475 ) ;
#396 = EDGE_CURVE ( 'NONE', #2275, #1474, #2571, .T. ) ;
#397 = CARTESIAN_POINT ( 'NONE',  ( 0.5898502691896256866, -1.021650635094611959, -2.729166666666656305 ) ) ;
#398 = CARTESIAN_POINT ( 'NONE',  ( -0.6410254037844370645, 0.3700961894323324120, -0.7333333333333406090 ) ) ;
#399 = DIRECTION ( 'NONE',  ( 0.8660254037844385966, -0.5000000000000001110, 0.000000000000000000 ) ) ;
#400 = CARTESIAN_POINT ( 'NONE',  ( 0.4273502691896244876, -0.7401923788646678215, -0.1666666666666739016 ) ) ;
#401 = CARTESIAN_POINT ( 'NONE',  ( 0.8547005383792493083, -7.112941756572281282E-16, -2.100000000000007194 ) ) ;
#402 = CARTESIAN_POINT ( 'NONE',  ( 0.4273502691896243766, -0.7401923788646680435, 1.083333333333325932 ) ) ;
#403 = CARTESIAN_POINT ( 'NONE',  ( -0.8547005383792493083, -2.357395865173462291E-16, -3.050000000000007816 ) ) ;
#404 = CARTESIAN_POINT ( 'NONE',  ( 0.000000000000000000, -3.494140929970925097E-16, -3.000000000000000000 ) ) ;
#405 = CARTESIAN_POINT ( 'NONE',  ( -1.224646799147354440E-16, -1.000000000000001776, -0.7499999999999911182 ) ) ;
#406 = CARTESIAN_POINT ( 'NONE',  ( -1.224646799147354440E-16, -1.000000000000002220, 0.7999999999999946043 ) ) ;
#407 = CARTESIAN_POINT ( 'NONE',  ( 0.6499999999999998002, -0.3752776749732571471, 2.160000000000000142 ) ) ;
#408 = ORIENTED_EDGE ( 'NONE', *, *, #2618, .T. ) ;
#409 = CARTESIAN_POINT ( 'NONE',  ( -1.179700538379251817, -4.925608305163533520E-16, -2.062499999999988454 ) ) ;
#410 = CARTESIAN_POINT ( 'NONE',  ( 0.4372887098050897703, 0.4980865956269610595, 2.899167121815175552 ) ) ;
#411 = ADVANCED_FACE ( 'NONE', ( #823 ), #1333, .T. ) ;
#412 = CARTESIAN_POINT ( 'NONE',  ( -0.2361997483908424289, -0.9367333105285593486, -2.741174582602674104 ) ) ;
#413 = CARTESIAN_POINT ( 'NONE',  ( -0.6410254037844370645, -0.3700961894323336332, -2.266666666666674157 ) ) ;
#414 = CARTESIAN_POINT ( 'NONE',  ( -0.4273502691896248762, -0.7401923788646671554, -0.5833333333333410309 ) ) ;
#415 = DIRECTION ( 'NONE',  ( 0.7071067811865487940, 0.000000000000000000, 0.7071067811865463515 ) ) ;
#416 = CARTESIAN_POINT ( 'NONE',  ( 0.4273502691896243766, -0.7401923788646670443, -2.516666666666674157 ) ) ;
#417 = EDGE_CURVE ( 'NONE', #2070, #421, #1225, .T. ) ;
#418 = DIRECTION ( 'NONE',  ( 8.659560562354921765E-17, 0.7071067811865464625, 0.7071067811865486830 ) ) ;
#419 = DIRECTION ( 'NONE',  ( 0.000000000000000000, 1.000000000000000000, 0.000000000000000000 ) ) ;
#420 = CARTESIAN_POINT ( 'NONE',  ( 1.179700538379251595, -1.054723075638407921E-15, -1.087500000000005462 ) ) ;
#421 = VERTEX_POINT ( 'NONE', #1567 ) ;
#422 = CARTESIAN_POINT ( 'NONE',  ( 1.154700538379252572, -7.103583693180714264E-16, -2.300000000000004707 ) ) ;
#423 = ORIENTED_EDGE ( 'NONE', *, *, #150, .T. ) ;
#424 = CARTESIAN_POINT ( 'NONE',  ( 0.8847754037844385300, -0.5108253175473069785, -1.095833333333322779 ) ) ;
#425 = APPROVAL ( #902, 'UNSPECIFIED' ) ;
#426 = CARTESIAN_POINT ( 'NONE',  ( -0.6410254037844371755, -0.3700961894323343548, 0.1333333333333260318 ) ) ;
#427 = FACE_OUTER_BOUND ( 'NONE', #2998, .T. ) ;
#428 = CARTESIAN_POINT ( 'NONE',  ( 0.8547005383792494193, -1.944282246274589880E-15, 2.299999999999992717 ) ) ;
#429 = CARTESIAN_POINT ( 'NONE',  ( 0.6410254037844372865, 0.3700961894323318013, -0.8666666666666740237 ) ) ;
#430 = CARTESIAN_POINT ( 'NONE',  ( 0.6410254037844368424, -0.3700961894323349100, 0.7166666666666589025 ) ) ;
#431 = CARTESIAN_POINT ( 'NONE',  ( 0.6410254037844369535, -0.3700961894323340773, -2.533333333333340764 ) ) ;
#432 = CARTESIAN_POINT ( 'NONE',  ( -0.8547005383792493083, -6.840988849236593829E-16, -1.450000000000007727 ) ) ;
#433 = AXIS2_PLACEMENT_3D ( 'NONE', #999, #2428, #2009 ) ;
#434 = CONICAL_SURFACE ( 'NONE', #1131, 0.7505553499465129619, 0.7853981633974500554 ) ;
#435 = CARTESIAN_POINT ( 'NONE',  ( 0.9359354681298490686, 0.07552832928243743971, 1.799999999999989386 ) ) ;
#436 = DIRECTION ( 'NONE',  ( -0.000000000000000000, 1.224646799147353207E-16, -1.000000000000000000 ) ) ;
#437 = ADVANCED_FACE ( 'NONE', ( #2312 ), #2104, .T. ) ;
#438 = CARTESIAN_POINT ( 'NONE',  ( -0.5898502691896256866, 1.021650635094610626, -2.154166666666671670 ) ) ;
#439 = CARTESIAN_POINT ( 'NONE',  ( -9.064742275298786429E-17, -0.7401923788646667113, -2.959807621135332578 ) ) ;
#440 = ORIENTED_EDGE ( 'NONE', *, *, #1627, .F. ) ;
#441 = CALENDAR_DATE ( 2026, 7, 1 ) ;
#442 = CARTESIAN_POINT ( 'NONE',  ( -0.8847754037844388630, 0.5108253175473048691, -0.8958333333333218240 ) ) ;
#443 = FACE_OUTER_BOUND ( 'NONE', #915, .T. ) ;
#444 = FACE_OUTER_BOUND ( 'NONE', #2199, .T. ) ;
#445 = CARTESIAN_POINT ( 'NONE',  ( -0.6410254037844369535, 0.3700961894323321899, 0.06666666666665932439 ) ) ;
#446 = CARTESIAN_POINT ( 'NONE',  ( -0.6410254037844370645, -0.3700961894323348544, 2.183333333333326021 ) ) ;
#447 = CARTESIAN_POINT ( 'NONE',  ( -0.6410254037844370645, 0.3700961894323329116, -2.333333333333341031 ) ) ;
#448 = CARTESIAN_POINT ( 'NONE',  ( -0.6410254037844369535, 0.3700961894323325785, -1.483333333333341164 ) ) ;
#449 = CARTESIAN_POINT ( 'NONE',  ( -0.8547005383792493083, -5.720090603220811314E-16, -1.850000000000007860 ) ) ;
#450 = CARTESIAN_POINT ( 'NONE',  ( -0.5773502691896281735, -0.9999999999999983347, -1.233333333333338722 ) ) ;
#451 = CARTESIAN_POINT ( 'NONE',  ( 1.179700538379251595, -8.305434264352513191E-16, -1.887500000000005285 ) ) ;
#452 = EDGE_CURVE ( 'NONE', #620, #173, #1001, .T. ) ;
#453 = DIRECTION ( 'NONE',  ( -0.000000000000000000, 1.224646799147353207E-16, -1.000000000000000000 ) ) ;
#454 = ORIENTED_EDGE ( 'NONE', *, *, #2163, .T. ) ;
#455 = APPROVAL_ROLE ( '' ) ;
#456 = CARTESIAN_POINT ( 'NONE',  ( -0.5898502691896257977, 1.021650635094609960, 0.6708333333333443838 ) ) ;
#457 = CARTESIAN_POINT ( 'NONE',  ( -1.224646799147354440E-16, -1.000000000000001332, -2.349999999999991207 ) ) ;
#458 = CARTESIAN_POINT ( 'NONE',  ( -1.224646799147354440E-16, -1.000000000000001554, -1.949999999999991296 ) ) ;
#459 = CARTESIAN_POINT ( 'NONE',  ( 0.000000000000000000, 0.7401923788646653790, -7.372574772901430151E-15 ) ) ;
#460 = CARTESIAN_POINT ( 'NONE',  ( 0.4273502691896243766, -0.7401923788646684876, 2.283333333333325221 ) ) ;
#461 = CARTESIAN_POINT ( 'NONE',  ( 0.4273502691896250982, 0.7401923788646654900, -1.183333333333340898 ) ) ;
#462 = CARTESIAN_POINT ( 'NONE',  ( 0.8547005383792493083, -6.132155791308471951E-16, -2.450000000000007727 ) ) ;
#463 = DIRECTION ( 'NONE',  ( -0.000000000000000000, 1.224646799147353207E-16, -1.000000000000000000 ) ) ;
#464 = CARTESIAN_POINT ( 'NONE',  ( -0.8847754037844386410, 0.5108253175473050911, -2.120833333333338455 ) ) ;
#465 = ORIENTED_EDGE ( 'NONE', *, *, #1409, .F. ) ;
#466 = VERTEX_POINT ( 'NONE', #1062 ) ;
#467 = CARTESIAN_POINT ( 'NONE',  ( 0.8847754037844393071, 0.5108253175473037588, -0.2291666666666557495 ) ) ;
#468 = CARTESIAN_POINT ( 'NONE',  ( -0.4273502691896249872, -0.7401923788646675995, 0.1666666666666591912 ) ) ;
#469 = EDGE_CURVE ( 'NONE', #561, #2275, #1848, .T. ) ;
#470 = CARTESIAN_POINT ( 'NONE',  ( 0.8660254037844391517, -0.5000000000000023315, 0.9166666666666754004 ) ) ;
#471 = ORIENTED_EDGE ( 'NONE', *, *, #1200, .F. ) ;
#472 = DIRECTION ( 'NONE',  ( -0.000000000000000000, 1.224646799147353207E-16, -1.000000000000000000 ) ) ;
#473 = CARTESIAN_POINT ( 'NONE',  ( -0.4273502691896244876, 0.7401923788646656011, -0.7666666666666742680 ) ) ;
#474 = CARTESIAN_POINT ( 'NONE',  ( 0.8547005383792494193, -4.871145264540716252E-16, -2.900000000000007461 ) ) ;
#475 = VECTOR ( 'NONE', #1352, 1000.000000000000000 ) ;
#476 = CARTESIAN_POINT ( 'NONE',  ( 0.000000000000000000, 0.9999999999999997780, -0.2000000000000045908 ) ) ;
#477 = CARTESIAN_POINT ( 'NONE',  ( 0.4273502691896250982, 0.7401923788646653790, -0.3833333333333409643 ) ) ;
#478 = CARTESIAN_POINT ( 'NONE',  ( 0.6410254037844372865, 0.3700961894323318013, -0.8166666666666743124 ) ) ;
#479 = CARTESIAN_POINT ( 'NONE',  ( -1.224646799147354440E-16, -1.000000000000001554, -1.200000000000005285 ) ) ;
#480 = CARTESIAN_POINT ( 'NONE',  ( 0.8847754037844384190, -0.5108253175473064234, -2.720833333333338988 ) ) ;
#481 = AXIS2_PLACEMENT_3D ( 'NONE', #3031, #2493, #1818 ) ;
#482 = AXIS2_PLACEMENT_3D ( 'NONE', #2898, #1897, #2181 ) ;
#483 = CIRCLE ( 'NONE', #2967, 0.7505553499465129619 ) ;
#484 = ORIENTED_EDGE ( 'NONE', *, *, #1829, .F. ) ;
#485 = CARTESIAN_POINT ( 'NONE',  ( 0.8660254037844391517, -0.5000000000000014433, -2.333333333333338366 ) ) ;
#486 =( BOUNDED_CURVE ( )  B_SPLINE_CURVE ( 2, ( #2054, #98, #2037, #3030, #624, #3044, #928 ),
 .UNSPECIFIED., .F., .F. ) 
 B_SPLINE_CURVE_WITH_KNOTS ( ( 3, 2, 2, 3 ),
 ( 0.1666666666666666852, 0.1777777777777778401, 0.1888888888888888840, 0.1999999999999999278 ),
 .UNSPECIFIED. ) 
 CURVE ( )  GEOMETRIC_REPRESENTATION_ITEM ( )  RATIONAL_B_SPLINE_CURVE ( ( 0.9999999999999993339, 0.8660254037844393737, 1.000000000000000000, 0.8660254037844387076, 1.000000000000000000, 0.8660254037844390407, 0.9999999999999996669 ) ) 
 REPRESENTATION_ITEM ( '' )  );
#487 = EDGE_LOOP ( 'NONE', ( #1852, #2539, #766, #1253 ) ) ;
#488 = CARTESIAN_POINT ( 'NONE',  ( 0.5898502691896265748, 1.021650635094609738, -0.5958333333333218906 ) ) ;
#489 = FACE_OUTER_BOUND ( 'NONE', #8, .T. ) ;
#490 = DIRECTION ( 'NONE',  ( -0.000000000000000000, 1.224646799147353207E-16, -1.000000000000000000 ) ) ;
#491 = EDGE_CURVE ( 'NONE', #1365, #1078, #1331, .T. ) ;
#492 = ORIENTED_EDGE ( 'NONE', *, *, #2066, .T. ) ;
#493 = LINE ( 'NONE', #2255, #228 ) ;
#494 = CARTESIAN_POINT ( 'NONE',  ( 0.000000000000000000, 0.7401923788646657121, -1.200000000000007505 ) ) ;
#495 = CARTESIAN_POINT ( 'NONE',  ( -0.4273502691896248762, -0.7401923788646680435, 2.616666666666659591 ) ) ;
#496 = CARTESIAN_POINT ( 'NONE',  ( -0.6410254037844369535, 0.3700961894323320789, 0.5166666666666591690 ) ) ;
#497 = CARTESIAN_POINT ( 'NONE',  ( 0.6410254037844372865, 0.3700961894323321344, -2.016666666666674601 ) ) ;
#498 = CARTESIAN_POINT ( 'NONE',  ( 0.7518581365102938729, -0.5255322886351103673, -2.790000153565471930 ) ) ;
#499 = CARTESIAN_POINT ( 'NONE',  ( -0.8847754037844386410, 0.5108253175473047580, -0.9208333333333381665 ) ) ;
#500 = FACE_OUTER_BOUND ( 'NONE', #1730, .T. ) ;
#501 = ORIENTED_EDGE ( 'NONE', *, *, #166, .F. ) ;
#502 = CARTESIAN_POINT ( 'NONE',  ( -1.179700538379251817, -1.389279427328979758E-15, 1.137500000000011280 ) ) ;
#503 = CARTESIAN_POINT ( 'NONE',  ( -0.6410254037844370645, 0.3700961894323319124, 1.266666666666659058 ) ) ;
#504 = DIRECTION ( 'NONE',  ( -0.000000000000000000, 1.224646799147353207E-16, -1.000000000000000000 ) ) ;
#505 = CARTESIAN_POINT ( 'NONE',  ( 0.000000000000000000, 0.7401923788646648239, 1.999999999999993117 ) ) ;
#506 = CARTESIAN_POINT ( 'NONE',  ( 0.4273502691896250982, 0.7401923788646646019, 2.016666666666659058 ) ) ;
#507 = CARTESIAN_POINT ( 'NONE',  ( -0.6410254037844370645, 0.3700961894323326340, -1.533333333333340764 ) ) ;
#508 = CARTESIAN_POINT ( 'NONE',  ( 0.4273502691896243766, -0.7401923788646680435, 1.083333333333325932 ) ) ;
#509 = CARTESIAN_POINT ( 'NONE',  ( 0.000000000000000000, -1.059709236502557128E-15, 2.799999999999997158 ) ) ;
#510 = CARTESIAN_POINT ( 'NONE',  ( 0.4273502691896251537, 0.7401923788646659341, -2.033333333333341209 ) ) ;
#511 = CARTESIAN_POINT ( 'NONE',  ( -0.6410254037844369535, 0.3700961894323321899, 0.1166666666666590219 ) ) ;
#512 = CARTESIAN_POINT ( 'NONE',  ( 0.1146572721782111587, -0.7839142617871172058, -2.916085738213561207 ) ) ;
#513 = CARTESIAN_POINT ( 'NONE',  ( 0.8847754037844390851, 0.5108253175473036478, -0.2541666666666720920 ) ) ;
#514 = EDGE_CURVE ( 'NONE', #2298, #1380, #2843, .T. ) ;
#515 = CARTESIAN_POINT ( 'NONE',  ( -1.224646799147354440E-16, -1.000000000000001332, -2.349999999999991207 ) ) ;
#516 = ORIENTED_EDGE ( 'NONE', *, *, #2079, .F. ) ;
#517 = CARTESIAN_POINT ( 'NONE',  ( -0.4273502691896246541, 0.7401923788646649349, 1.633333333333325976 ) ) ;
#518 = CARTESIAN_POINT ( 'NONE',  ( -0.6500000000000001332, 0.3752776749732570916, 2.160000000000000142 ) ) ;
#519 = PRODUCT_DEFINITION_FORMATION_WITH_SPECIFIED_SOURCE ( 'ANY', '', #2271, .NOT_KNOWN. ) ;
#520 = DIRECTION ( 'NONE',  ( -0.000000000000000000, 1.224646799147353207E-16, -1.000000000000000000 ) ) ;
#521 = CARTESIAN_POINT ( 'NONE',  ( 0.000000000000000000, 0.7401923788646646019, 2.799999999999992717 ) ) ;
#522 = CARTESIAN_POINT ( 'NONE',  ( 0.6410254037844373975, 0.3700961894323323009, -2.466666666666674335 ) ) ;
#523 = CARTESIAN_POINT ( 'NONE',  ( 0.6410254037844368424, -0.3700961894323350210, 1.116666666666659147 ) ) ;
#524 = CARTESIAN_POINT ( 'NONE',  ( -0.8547005383792494193, -5.579978322468838130E-16, -1.900000000000007683 ) ) ;
#525 = CARTESIAN_POINT ( 'NONE',  ( -0.4273502691896245431, 0.7401923788646651570, 0.8833333333333255322 ) ) ;
#526 = CARTESIAN_POINT ( 'NONE',  ( 0.4273502691896250982, 0.7401923788646657121, -1.983333333333341386 ) ) ;
#527 = CARTESIAN_POINT ( 'NONE',  ( 0.5898502691896253536, -1.021650635094611959, -0.3541666666666723473 ) ) ;
#528 = DIRECTION ( 'NONE',  ( 1.000000000000000000, 0.000000000000000000, -0.000000000000000000 ) ) ;
#529 = VECTOR ( 'NONE', #415, 1000.000000000000000 ) ;
#530 = CIRCLE ( 'NONE', #1949, 2.000000000000000888 ) ;
#531 = VERTEX_POINT ( 'NONE', #142 ) ;
#532 = CYLINDRICAL_SURFACE ( 'NONE', #1383, 2.000000000000000000 ) ;
#533 = CARTESIAN_POINT ( 'NONE',  ( 0.000000000000000000, -3.494140929970925097E-16, -3.000000000000000000 ) ) ;
#534 = ORIENTED_EDGE ( 'NONE', *, *, #960, .F. ) ;
#535 = DIRECTION ( 'NONE',  ( 0.000000000000000000, -1.000000000000000000, -1.224646799147353207E-16 ) ) ;
#536 = CARTESIAN_POINT ( 'NONE',  ( -0.4273502691896248762, -0.7401923788646679325, 2.166666666666659857 ) ) ;
#537 = CARTESIAN_POINT ( 'NONE',  ( -0.8547005383792493083, -1.244548007931550936E-15, 0.5499999999999922728 ) ) ;
#538 = CARTESIAN_POINT ( 'NONE',  ( -0.4273502691896246541, 0.7401923788646656011, -0.3666666666666740237 ) ) ;
#539 = CARTESIAN_POINT ( 'NONE',  ( 0.8547005383792493083, -1.734113825146629907E-15, 1.549999999999992495 ) ) ;
#540 = CARTESIAN_POINT ( 'NONE',  ( 0.000000000000000000, 0.7401923788646661562, -2.750000000000007550 ) ) ;
#541 = CARTESIAN_POINT ( 'NONE',  ( -1.179700538379251595, -1.382273813291376366E-15, 1.112499999999994937 ) ) ;
#542 = CARTESIAN_POINT ( 'NONE',  ( -1.224646799147354440E-16, -1.000000000000001332, -2.000000000000005329 ) ) ;
#543 = EDGE_CURVE ( 'NONE', #2099, #1614, #3029, .T. ) ;
#544 = B_SPLINE_CURVE_WITH_KNOTS ( 'NONE', 3,
 ( #362, #841, #1315, #128, #2964, #2055, #1063, #1751 ),
 .UNSPECIFIED., .F., .F.,
 ( 4, 2, 2, 4 ),
 ( 2.544447657777188326E-07, 0.0001940764893329989559, 0.0003878985339002202228, 0.0007755426230346626482 ),
 .UNSPECIFIED. ) ;
#545 = ORIENTED_EDGE ( 'NONE', *, *, #1846, .F. ) ;
#546 = DIRECTION ( 'NONE',  ( 0.000000000000000000, -1.224646799147352714E-16, 1.000000000000000000 ) ) ;
#547 = CARTESIAN_POINT ( 'NONE',  ( 0.6410254037844369535, -0.3700961894323349655, 0.6666666666666591912 ) ) ;
#548 = CARTESIAN_POINT ( 'NONE',  ( -0.5773502691896281735, -0.9999999999999985567, -0.4333333333333387327 ) ) ;
#549 = CARTESIAN_POINT ( 'NONE',  ( -1.224646799147354440E-16, -1.000000000000001998, -5.314284711073480327E-15 ) ) ;
#550 = CARTESIAN_POINT ( 'NONE',  ( -9.064742275298787661E-17, -0.7401923788646679325, 0.9999999999999931166 ) ) ;
#551 = CARTESIAN_POINT ( 'NONE',  ( -0.7207892705105571896, 0.5650823297644883558, 1.800000000000042011 ) ) ;
#552 = CARTESIAN_POINT ( 'NONE',  ( -0.4273502691896249317, -0.7401923788646670443, -1.833333333333340809 ) ) ;
#553 = CARTESIAN_POINT ( 'NONE',  ( -0.6410254037844369535, 0.3700961894323323009, -0.2833333333333411530 ) ) ;
#554 = CARTESIAN_POINT ( 'NONE',  ( -0.6410254037844369535, 0.3700961894323324675, -1.083333333333341031 ) ) ;
#555 = CARTESIAN_POINT ( 'NONE',  ( -0.5898502691896261307, -1.021650635094611737, -0.8208333333333391879 ) ) ;
#556 = CARTESIAN_POINT ( 'NONE',  ( -1.251161180115476355E-16, -1.021650635094613069, 2.437500000000010658 ) ) ;
#557 = FACE_OUTER_BOUND ( 'NONE', #2884, .T. ) ;
#558 = CARTESIAN_POINT ( 'NONE',  ( 0.8660254037844391517, -0.5000000000000021094, 0.1166666666666754809 ) ) ;
#559 = CARTESIAN_POINT ( 'NONE',  ( -1.224646799147354440E-16, -1.000000000000002442, 1.250000000000008438 ) ) ;
#560 =( BOUNDED_CURVE ( )  B_SPLINE_CURVE ( 2, ( #2413, #933, #2901, #1916, #967, #1668, #1701 ),
 .UNSPECIFIED., .F., .F. ) 
 B_SPLINE_CURVE_WITH_KNOTS ( ( 3, 2, 2, 3 ),
 ( 0.1415224033631199418, 0.1444444444444444864, 0.1555555555555555858, 0.1666666666666666852 ),
 .UNSPECIFIED. ) 
 CURVE ( )  GEOMETRIC_REPRESENTATION_ITEM ( )  RATIONAL_B_SPLINE_CURVE ( ( 0.9480652107226303915, 0.9647668653403838057, 1.000000000000000000, 0.8660254037844387076, 1.000000000000000000, 0.8660254037844380415, 1.000000000000000666 ) ) 
 REPRESENTATION_ITEM ( '' )  );
#561 = VERTEX_POINT ( 'NONE', #2053 ) ;
#562 = CARTESIAN_POINT ( 'NONE',  ( 0.000000000000000000, 0.9999999999999993339, 1.399999999999995692 ) ) ;
#563 = CARTESIAN_POINT ( 'NONE',  ( 0.4273502691896250982, 0.7401923788646648239, 1.166666666666659413 ) ) ;
#564 = EDGE_CURVE ( 'NONE', #1804, #620, #1832, .T. ) ;
#565 = CARTESIAN_POINT ( 'NONE',  ( -0.8660254037844394848, 0.4999999999999991673, 0.7166666666666765551 ) ) ;
#566 = VECTOR ( 'NONE', #11, 1000.000000000000000 ) ;
#567 = CARTESIAN_POINT ( 'NONE',  ( 0.4273502691896251537, 0.7401923788646654900, -0.8333333333333408088 ) ) ;
#568 = CARTESIAN_POINT ( 'NONE',  ( 0.4273502691896243766, -0.7401923788646678215, -0.1166666666666742180 ) ) ;
#569 = CARTESIAN_POINT ( 'NONE',  ( 0.8547005383792493083, -8.373952283340036980E-16, -1.650000000000007905 ) ) ;
#570 = ORIENTED_EDGE ( 'NONE', *, *, #2222, .T. ) ;
#571 = CARTESIAN_POINT ( 'NONE',  ( 1.179700538379251595, -2.063531497052612874E-15, 2.512499999999994849 ) ) ;
#572 = CARTESIAN_POINT ( 'NONE',  ( 0.5898502691896265748, 1.021650635094609072, 1.804166666666678021 ) ) ;
#573 = CARTESIAN_POINT ( 'NONE',  ( 0.8660254037844398178, 0.4999999999999982792, 0.9333333333333289072 ) ) ;
#574 = DIRECTION ( 'NONE',  ( -0.000000000000000000, 1.224646799147353207E-16, -1.000000000000000000 ) ) ;
#575 = CARTESIAN_POINT ( 'NONE',  ( -0.8660254037844395958, -0.5000000000000017764, 1.183333333333342452 ) ) ;
#576 = ORIENTED_EDGE ( 'NONE', *, *, #514, .T. ) ;
#577 = MECHANICAL_CONTEXT ( 'NONE', #1224, 'mechanical' ) ;
#578 = VECTOR ( 'NONE', #2867, 1000.000000000000114 ) ;
#579 = CARTESIAN_POINT ( 'NONE',  ( 0.8847754037844393071, 0.5108253175473043139, -2.229166666666655860 ) ) ;
#580 = CARTESIAN_POINT ( 'NONE',  ( 0.8547005383792493083, -1.958293474349786804E-15, 2.349999999999992539 ) ) ;
#581 =( BOUNDED_CURVE ( )  B_SPLINE_CURVE ( 2, ( #2384, #209, #2872, #1639, #1653, #675, #2609 ),
 .UNSPECIFIED., .F., .F. ) 
 B_SPLINE_CURVE_WITH_KNOTS ( ( 3, 2, 2, 3 ),
 ( 0.3333333333333333148, 0.3444444444444443865, 0.3555555555555555136, 0.3666666666666666963 ),
 .UNSPECIFIED. ) 
 CURVE ( )  GEOMETRIC_REPRESENTATION_ITEM ( )  RATIONAL_B_SPLINE_CURVE ( ( 1.000000000000000888, 0.8660254037844381525, 1.000000000000000000, 0.8660254037844387076, 1.000000000000000000, 0.8660254037844387076, 1.000000000000000000 ) ) 
 REPRESENTATION_ITEM ( '' )  );
#582 = EDGE_CURVE ( 'NONE', #561, #286, #1599, .T. ) ;
#583 = CARTESIAN_POINT ( 'NONE',  ( -0.6410254037844370645, 0.3700961894323320234, 0.8666666666666597019 ) ) ;
#584 = CARTESIAN_POINT ( 'NONE',  ( -0.6410254037844369535, 0.3700961894323329671, -2.733333333333340942 ) ) ;
#585 = CARTESIAN_POINT ( 'NONE',  ( 0.4273502691896250982, 0.7401923788646660451, -2.783333333333341209 ) ) ;
#586 = CYLINDRICAL_SURFACE ( 'NONE', #777, 1.000000000000001110 ) ;
#587 = CARTESIAN_POINT ( 'NONE',  ( 0.5898502691896253536, -1.021650635094612625, 1.245833333333328019 ) ) ;
#588 = CARTESIAN_POINT ( 'NONE',  ( -0.5898502691896257977, 1.021650635094609738, 1.070833333333344628 ) ) ;
#589 = CARTESIAN_POINT ( 'NONE',  ( -0.6500000000000062395, 0.3752776749732536499, 3.000000000000000000 ) ) ;
#590 = ORIENTED_EDGE ( 'NONE', *, *, #2178, .F. ) ;
#591 = DIRECTION ( 'NONE',  ( -0.000000000000000000, 1.224646799147353207E-16, -1.000000000000000000 ) ) ;
#592 = PRODUCT_DEFINITION_SHAPE ( 'NONE', 'NONE',  #2111 ) ;
#593 = DIRECTION ( 'NONE',  ( 1.000000000000000000, 0.000000000000000000, 0.000000000000000000 ) ) ;
#594 = ORIENTED_EDGE ( 'NONE', *, *, #543, .T. ) ;
#595 = CARTESIAN_POINT ( 'NONE',  ( -0.8847754037844389741, -0.5108253175473058683, -2.429166666666656038 ) ) ;
#596 = CARTESIAN_POINT ( 'NONE',  ( 0.4273502691896243766, -0.7401923788646683766, 1.883333333333325310 ) ) ;
#597 = CARTESIAN_POINT ( 'NONE',  ( 0.4273502691896251537, 0.7401923788646652680, 0.3666666666666592578 ) ) ;
#598 = CARTESIAN_POINT ( 'NONE',  ( -0.8547005383792493083, -3.338181830437273594E-16, -2.700000000000007283 ) ) ;
#599 = CARTESIAN_POINT ( 'NONE',  ( 0.6410254037844372865, 0.3700961894323313572, 0.7833333333333259985 ) ) ;
#600 = CARTESIAN_POINT ( 'NONE',  ( 0.5898502691896264638, 1.021650635094609072, 1.379166666666662211 ) ) ;
#601 = CARTESIAN_POINT ( 'NONE',  ( -0.1200778981531349515, -0.7303876067571655195, -2.959807621135334355 ) ) ;
#602 = CARTESIAN_POINT ( 'NONE',  ( 0.000000000000000000, 8.739904209134028646E-15, 3.000000000000000000 ) ) ;
#603 = EDGE_CURVE ( 'NONE', #466, #251, #1863, .T. ) ;
#604 = DIRECTION ( 'NONE',  ( -0.000000000000000000, 1.224646799147353207E-16, -1.000000000000000000 ) ) ;
#605 = ORIENTED_EDGE ( 'NONE', *, *, #1278, .T. ) ;
#606 = CARTESIAN_POINT ( 'NONE',  ( -9.348922554027406636E-17, -0.7633974596215410413, -2.936602540378459469 ) ) ;
#607 = CARTESIAN_POINT ( 'NONE',  ( 0.5773502691896242878, -1.000000000000004885, -0.7666666666666723806 ) ) ;
#608 = ORIENTED_EDGE ( 'NONE', *, *, #3016, .F. ) ;
#609 = LINE ( 'NONE', #2983, #2494 ) ;
#610 = CARTESIAN_POINT ( 'NONE',  ( 0.8847754037844393071, 0.5108253175473045360, -3.029166666666655683 ) ) ;
#611 = CARTESIAN_POINT ( 'NONE',  ( -0.3375521824700803419, 0.9178802635442561142, 1.799999999999999600 ) ) ;
#612 = CARTESIAN_POINT ( 'NONE',  ( 0.8547005383792494193, -1.271743298665119780E-15, -0.1000000000000072081 ) ) ;
#613 = CARTESIAN_POINT ( 'NONE',  ( -0.5905835469186223596, -0.4574640483520426293, 1.791202265916655545 ) ) ;
#614 = CARTESIAN_POINT ( 'NONE',  ( -0.4273502691896244876, 0.7401923788646654900, 0.08333333333332546000 ) ) ;
#615 = CARTESIAN_POINT ( 'NONE',  ( -0.5898502691896256866, 1.021650635094609516, 1.445833333333328419 ) ) ;
#616 = CARTESIAN_POINT ( 'NONE',  ( 1.224646799147354686E-16, -1.000000000000001554, -3.000000000000000000 ) ) ;
#617 = CARTESIAN_POINT ( 'NONE',  ( -0.5773502691896266192, -1.000000000000001554, -0.7833333333333246662 ) ) ;
#618 = CARTESIAN_POINT ( 'NONE',  ( -0.5773502691896266192, -1.000000000000001776, 0.3666666666666612562 ) ) ;
#619 = EDGE_CURVE ( 'NONE', #826, #793, #1325, .T. ) ;
#620 = VERTEX_POINT ( 'NONE', #1172 ) ;
#621 = B_SPLINE_CURVE_WITH_KNOTS ( 'NONE', 3,
 ( #279, #512, #1232, #2216, #2650, #498, #2907, #727, #1694, #743 ),
 .UNSPECIFIED., .F., .F.,
 ( 4, 2, 2, 2, 4 ),
 ( 0.0001262661743606166434, 0.0004810549563797702653, 0.0008358437383989238871, 0.001190632520418077617, 0.001545421302437231022 ),
 .UNSPECIFIED. ) ;
#622 = AXIS2_PLACEMENT_3D ( 'NONE', #968, #68, #1447 ) ;
#623 = DIRECTION ( 'NONE',  ( -0.000000000000000000, 1.224646799147353207E-16, -1.000000000000000000 ) ) ;
#624 = CARTESIAN_POINT ( 'NONE',  ( -0.8660254037844394848, 0.4999999999999989453, 1.516666666666675933 ) ) ;
#625 = VERTEX_POINT ( 'NONE', #1697 ) ;
#626 = DIRECTION ( 'NONE',  ( 0.000000000000000000, -1.224646799147353207E-16, 1.000000000000000000 ) ) ;
#627 = CARTESIAN_POINT ( 'NONE',  ( -0.5898502691896262418, -1.021650635094611292, -2.395833333333322823 ) ) ;
#628 = CONICAL_SURFACE ( 'NONE', #3071, 0.7505553499465129619, 0.7853981633974500554 ) ;
#629 = CARTESIAN_POINT ( 'NONE',  ( 0.6932576226971870481, 0.4349982032698378465, -2.898855110336465035 ) ) ;
#630 = AXIS2_PLACEMENT_3D ( 'NONE', #602, #390, #1564 ) ;
#631 = CARTESIAN_POINT ( 'NONE',  ( 0.000000000000000000, 0.7401923788646653790, 0.3999999999999928058 ) ) ;
#632 = CARTESIAN_POINT ( 'NONE',  ( 0.4273502691896243766, -0.7401923788646670443, -2.966666666666674335 ) ) ;
#633 = CARTESIAN_POINT ( 'NONE',  ( 0.6410254037844368424, -0.3700961894323345214, -0.8833333333333409643 ) ) ;
#634 = CARTESIAN_POINT ( 'NONE',  ( 0.000000000000000000, 1.021650635094609294, 2.212499999999995914 ) ) ;
#635 = LINE ( 'NONE', #2584, #1435 ) ;
#636 = CARTESIAN_POINT ( 'NONE',  ( 0.000000000000000000, 1.999999999999998668, 3.000000000000002220 ) ) ;
#637 = EDGE_LOOP ( 'NONE', ( #341, #747, #156, #2461 ) ) ;
#638 = DIRECTION ( 'NONE',  ( -0.000000000000000000, 1.224646799147353207E-16, -1.000000000000000000 ) ) ;
#639 = EDGE_CURVE ( 'NONE', #466, #2298, #1547, .T. ) ;
#640 = ORIENTED_EDGE ( 'NONE', *, *, #2423, .T. ) ;
#641 = CARTESIAN_POINT ( 'NONE',  ( 0.8847754037844385300, -0.5108253175473064234, -3.095833333333323001 ) ) ;
#642 = CARTESIAN_POINT ( 'NONE',  ( 0.000000000000000000, 0.7401923788646657121, -0.8000000000000072609 ) ) ;
#643 = EDGE_CURVE ( 'NONE', #2070, #394, #2355, .T. ) ;
#644 = CARTESIAN_POINT ( 'NONE',  ( 0.5773502691896268413, 0.9999999999999997780, -2.183333333333324244 ) ) ;
#645 = CARTESIAN_POINT ( 'NONE',  ( -0.8547005383792494193, -1.566806253661088471E-15, 1.699999999999992406 ) ) ;
#646 = CARTESIAN_POINT ( 'NONE',  ( -9.064742275298787661E-17, -0.7401923788646668223, -3.000000000000007550 ) ) ;
#647 = CARTESIAN_POINT ( 'NONE',  ( -9.064742275298787661E-17, -0.7401923788646675995, -0.1500000000000077660 ) ) ;
#648 = CARTESIAN_POINT ( 'NONE',  ( 0.000000000000000000, -9.372445565878219801E-16, 1.799999999999999600 ) ) ;
#649 = CARTESIAN_POINT ( 'NONE',  ( -0.8547005383792493083, -7.961887095252376344E-16, -1.050000000000007594 ) ) ;
#650 = CYLINDRICAL_SURFACE ( 'NONE', #2602, 1.000000000000001110 ) ;
#651 = CARTESIAN_POINT ( 'NONE',  ( -0.5773502691896262862, 1.000000000000000000, -0.9166666666666573038 ) ) ;
#652 = CARTESIAN_POINT ( 'NONE',  ( 0.8847754037844384190, -0.5108253175473067564, -1.520833333333339032 ) ) ;
#653 = ORIENTED_EDGE ( 'NONE', *, *, #2636, .F. ) ;
#654 = CARTESIAN_POINT ( 'NONE',  ( 1.903235337701470189E-11, -0.9683012701899454955, -2.731698729810053905 ) ) ;
#655 = ORIENTED_EDGE ( 'NONE', *, *, #755, .T. ) ;
#656 = DATE_AND_TIME ( #2853, #3027 ) ;
#657 = CARTESIAN_POINT ( 'NONE',  ( -0.8847754037844388630, 0.5108253175473045360, 0.3041666666666782426 ) ) ;
#658 = CARTESIAN_POINT ( 'NONE',  ( -1.189463854480177987E-16, -0.7505553499465136280, 2.160000000000000142 ) ) ;
#659 = EDGE_CURVE ( 'NONE', #1351, #1507, #1408, .T. ) ;
#660 = DIRECTION ( 'NONE',  ( -0.000000000000000000, 1.224646799147353207E-16, -1.000000000000000000 ) ) ;
#661 = CARTESIAN_POINT ( 'NONE',  ( 0.6410254037844368424, -0.3700961894323347989, 0.2666666666666593910 ) ) ;
#662 = CARTESIAN_POINT ( 'NONE',  ( -0.6410254037844369535, 0.3700961894323320789, 0.5166666666666591690 ) ) ;
#663 = CARTESIAN_POINT ( 'NONE',  ( 0.4273502691896245431, -0.7401923788646673774, -2.166666666666674512 ) ) ;
#664 = CARTESIAN_POINT ( 'NONE',  ( 0.8547005383792493083, -6.132155791308471951E-16, -2.450000000000007727 ) ) ;
#665 =( BOUNDED_CURVE ( )  B_SPLINE_CURVE ( 2, ( #2364, #1828, #1109, #2537, #667, #2597, #139 ),
 .UNSPECIFIED., .F., .F. ) 
 B_SPLINE_CURVE_WITH_KNOTS ( ( 3, 2, 2, 3 ),
 ( 0.2000000000000000111, 0.2111111111111110827, 0.2222222222222221544, 0.2333333333333332538 ),
 .UNSPECIFIED. ) 
 CURVE ( )  GEOMETRIC_REPRESENTATION_ITEM ( )  RATIONAL_B_SPLINE_CURVE ( ( 1.000000000000000000, 0.8660254037844387076, 1.000000000000000000, 0.8660254037844387076, 1.000000000000000000, 0.8660254037844397068, 0.9999999999999990008 ) ) 
 REPRESENTATION_ITEM ( '' )  );
#666 = CARTESIAN_POINT ( 'NONE',  ( 0.7006292692221427476, 0.7135254915623163718, 1.799999999999999600 ) ) ;
#667 = CARTESIAN_POINT ( 'NONE',  ( -0.8660254037844394848, -0.5000000000000008882, -1.666666666666671626 ) ) ;
#668 = CARTESIAN_POINT ( 'NONE',  ( -1.179700538379251595, -3.734653918771718561E-16, -2.487500000000005151 ) ) ;
#669 = CARTESIAN_POINT ( 'NONE',  ( -0.4397072302068901206, 0.4966902622219410146, 2.910128554084003394 ) ) ;
#670 = CARTESIAN_POINT ( 'NONE',  ( 1.154700538379252572, -6.122797727916943390E-16, -2.649999999999991029 ) ) ;
#671 = ORIENTED_EDGE ( 'NONE', *, *, #1409, .T. ) ;
#672 = APPROVAL_DATE_TIME ( #656, #1776 ) ;
#673 = CARTESIAN_POINT ( 'NONE',  ( -0.8847754037844389741, -0.5108253175473068675, 0.7708333333333442505 ) ) ;
#674 = CARTESIAN_POINT ( 'NONE',  ( -0.4273502691896246541, 0.7401923788646654900, 0.4333333333333259652 ) ) ;
#675 = CARTESIAN_POINT ( 'NONE',  ( 0.5773502691896260641, -1.000000000000002442, 0.4833333333333420523 ) ) ;
#676 = CARTESIAN_POINT ( 'NONE',  ( 0.4273502691896244876, -0.7401923788646685987, 2.233333333333325843 ) ) ;
#677 = CARTESIAN_POINT ( 'NONE',  ( 0.4273502691896250982, 0.7401923788646651570, 0.3666666666666592578 ) ) ;
#678 = CARTESIAN_POINT ( 'NONE',  ( -0.6410254037844370645, -0.3700961894323349655, 2.583333333333325488 ) ) ;
#679 = CARTESIAN_POINT ( 'NONE',  ( 0.4273502691896250982, 0.7401923788646654900, -0.7833333333333412085 ) ) ;
#680 = EDGE_CURVE ( 'NONE', #811, #173, #1633, .T. ) ;
#681 = VECTOR ( 'NONE', #591, 1000.000000000000000 ) ;
#682 = CARTESIAN_POINT ( 'NONE',  ( -0.8547005383792493083, -9.082785341268160830E-16, -0.6500000000000077938 ) ) ;
#683 = CIRCLE ( 'NONE', #1133, 0.6999999999999997335 ) ;
#684 = CARTESIAN_POINT ( 'NONE',  ( -0.5773502691896262862, 0.9999999999999993339, 1.433333333333328463 ) ) ;
#685 = CARTESIAN_POINT ( 'NONE',  ( 0.5898502691896253536, -1.021650635094611737, -2.354166666666672292 ) ) ;
#686 =( BOUNDED_CURVE ( )  B_SPLINE_CURVE ( 2, ( #2198, #1455, #265, #2440, #1713, #1220, #24 ),
 .UNSPECIFIED., .F., .F. ) 
 B_SPLINE_CURVE_WITH_KNOTS ( ( 3, 2, 2, 3 ),
 ( 0.6666666666666666297, 0.6777777777777777013, 0.6888888888888887729, 0.6999999999999998446 ),
 .UNSPECIFIED. ) 
 CURVE ( )  GEOMETRIC_REPRESENTATION_ITEM ( )  RATIONAL_B_SPLINE_CURVE ( ( 1.000000000000001332, 0.8660254037844373753, 1.000000000000000000, 0.8660254037844387076, 1.000000000000000000, 0.8660254037844400399, 0.9999999999999986677 ) ) 
 REPRESENTATION_ITEM ( '' )  );
#687 = DIRECTION ( 'NONE',  ( -0.000000000000000000, 1.224646799147353207E-16, -1.000000000000000000 ) ) ;
#688 = ORIENTED_EDGE ( 'NONE', *, *, #2196, .F. ) ;
#689 = APPROVAL_DATE_TIME ( #1146, #1344 ) ;
#690 = CARTESIAN_POINT ( 'NONE',  ( 0.8847754037844393071, 0.5108253175473034258, 0.9708333333333439841 ) ) ;
#691 = CARTESIAN_POINT ( 'NONE',  ( -0.5773502691896266192, -1.000000000000001554, -1.183333333333324910 ) ) ;
#692 = CARTESIAN_POINT ( 'NONE',  ( -9.064742275298788894E-17, -0.7401923788646684876, 2.599999999999992983 ) ) ;
#693 = CARTESIAN_POINT ( 'NONE',  ( 0.6410254037844368424, -0.3700961894323349100, 0.6666666666666591912 ) ) ;
#694 = CARTESIAN_POINT ( 'NONE',  ( 0.000000000000000000, 0.7401923788646648239, 2.449999999999992184 ) ) ;
#695 = CARTESIAN_POINT ( 'NONE',  ( 0.8547005383792493083, -8.373952283340036980E-16, -1.650000000000007905 ) ) ;
#696 = CARTESIAN_POINT ( 'NONE',  ( 0.8547005383792493083, -1.173664702138738551E-15, -0.4500000000000076716 ) ) ;
#697 = CARTESIAN_POINT ( 'NONE',  ( 0.8660254037844398178, 0.4999999999999986122, -0.2166666666666575980 ) ) ;
#698 = CARTESIAN_POINT ( 'NONE',  ( -1.251161180115476108E-16, -1.021650635094611737, -1.187500000000005551 ) ) ;
#699 = ADVANCED_FACE ( 'NONE', ( #1664 ), #961, .F. ) ;
#700 = DIRECTION ( 'NONE',  ( -0.000000000000000000, 1.224646799147353207E-16, -1.000000000000000000 ) ) ;
#701 =( BOUNDED_SURFACE ( )  B_SPLINE_SURFACE ( 1, 2, ( 
 ( #1938, #2517, #2766, #356, #1309, #1759, #2748, #2018, #2988, #1741, #2715, #585, #540, #340, #74, #120, #773, #1972, #1025, #1293, #804, #1988, #1544, #2000, #2289, #1043, #107, #2274, #2943, #758, #1250, #2474, #1726, #2030, #818, #526, #2230, #1057, #2698, #1483, #2456, #297, #58, #1010, #2732, #569, #1775, #1529, #2502, #3005, #1795, #1281, #2956, #91, #1498, #2261, #310, #1266, #2247, #2488, #2974, #789, #554, #1514, #324, #179, #1388, #135, #633, #1090, #2114, #371, #2334, #879, #3087, #1118, #164, #414, #1342, #1370, #1858, #2827, #2580, #3039, #386, #2092, #2321, #2346, #1577, #3069, #647, #2809, #2548, #2795, #1560, #152, #1105, #614, #2077, #2361, #1608, #2305, #3051, #849, #2593, #1136, #893, #1873, #2844, #864, #662, #2064, #2533, #3021, #1624, #1841, #430, #1825, #599, #1593, #1323, #1072, #2046, #834, #2565, #1811, #2781, #402, #1357, #1180, #2921, #1890, #1951, #3145, #1417, #2416, #722, #2388, #1211, #2131, #1705, #258, #3103, #1462, #1167, #2403, #2875, #953, #197, #739, #2677, #2612, #708, #2859, #2189, #506, #1934, #970, #1643, #2147, #446, #14, #1193, #460, #1152, #1689, #2904, #909, #694, #227, #2663, #1449, #678, #495, #1401, #2374, #212, #3117, #921, #1920, #1432 ),
 ( #1906, #1656, #2627, #2160, #3129, #936, #2890, #1672, #2645, #474, #242, #2174, #1968, #2210, #36, #274, #989, #2939, #753, #1720, #1228, #2693, #522, #2432, #308, #295, #1230, #741, #2192, #2486, #2454, #1757, #277, #2925, #2435, #510, #2730, #1512, #2971, #524, #16, #552, #1248, #1466, #2228, #2986, #1954, #2016, #72, #1481, #322, #787, #39, #991, #802, #1970, #1279, #55, #1525, #2213, #260, #1008, #2259, #1264, #2941, #1772, #1985, #2746, #2471, #89, #1041, #567, #1214, #2681, #756, #973, #1708, #2245, #1723, #2696, #770, #2954, #1023, #1739, #2713, #538, #1496, #1998, #1542, #2061, #2515, #400, #1792, #612, #2319, #1356, #2546, #1575, #1839, #2779, #2807, #149, #1103, #862, #1306, #1809, #384, #597, #631, #3019, #1340, #2075, #1088, #831, #1070, #3003, #1558, #2531, #2044, #369, #2825, #3049, #583, #1321, #2287, #877, #1591, #2563, #2500, #338, #2332, #2303, #354, #816, #1291, #162, #133, #1116, #118, #2028, #3037, #2763, #2090, #3067, #1856, #847, #2272, #645, #1823, #2793, #105, #1055, #177, #240, #1415, #2857, #706, #2158, #1386, #2359, #1191, #195, #3127, #676, #2902, #428, #1606, #1641, #934, #1654, #1622, #2172, #2610, #3143, #692, #2888, #1917, #1932, #951, #891, #2129 ) ),
 .UNSPECIFIED., .F., .F., .F. ) 
 B_SPLINE_SURFACE_WITH_KNOTS ( ( 2, 2 ),
 ( 3, 2, 2, 2, 2, 2, 2, 2, 2, 2, 2, 2, 2, 2, 2, 2, 2, 2, 2, 2, 2, 2, 2, 2, 2, 2, 2, 2, 2, 2, 2, 2, 2, 2, 2, 2, 2, 2, 2, 2, 2, 2, 2, 2, 2, 2, 2, 2, 2, 2, 2, 2, 2, 2, 2, 2, 2, 2, 2, 2, 2, 2, 2, 2, 2, 2, 2, 2, 2, 2, 2, 2, 2, 2, 2, 2, 2, 2, 2, 2, 2, 2, 2, 2, 2, 2, 2, 2, 2, 2, 3 ),
 ( 0.000000000000000000, 1.000000000000000000 ),
 ( 0.000000000000000000, 0.01111111111111111154, 0.02222222222222222307, 0.03333333333333333287, 0.04444444444444444614, 0.05555555555555555247, 0.06666666666666666574, 0.07777777777777777901, 0.08888888888888889228, 0.1000000000000000056, 0.1111111111111111049, 0.1222222222222222182, 0.1333333333333333315, 0.1444444444444444309, 0.1555555555555555580, 0.1666666666666666574, 0.1777777777777777846, 0.1888888888888888840, 0.2000000000000000111, 0.2111111111111111105, 0.2222222222222222099, 0.2333333333333333370, 0.2444444444444444364, 0.2555555555555555358, 0.2666666666666666630, 0.2777777777777777901, 0.2888888888888888618, 0.2999999999999999889, 0.3111111111111111160, 0.3222222222222222432, 0.3333333333333333148, 0.3444444444444444420, 0.3555555555555555691, 0.3666666666666666408, 0.3777777777777777679, 0.3888888888888888951, 0.4000000000000000222, 0.4111111111111110938, 0.4222222222222222210, 0.4333333333333333481, 0.4444444444444444198, 0.4555555555555555469, 0.4666666666666666741, 0.4777777777777778012, 0.4888888888888888729, 0.5000000000000000000, 0.5111111111111110716, 0.5222222222222222543, 0.5333333333333333259, 0.5444444444444443976, 0.5555555555555555802, 0.5666666666666666519, 0.5777777777777777235, 0.5888888888888889062, 0.5999999999999999778, 0.6111111111111111605, 0.6222222222222222321, 0.6333333333333333037, 0.6444444444444444864, 0.6555555555555555580, 0.6666666666666666297, 0.6777777777777778123, 0.6888888888888888840, 0.6999999999999999556, 0.7111111111111111382, 0.7222222222222222099, 0.7333333333333332815, 0.7444444444444444642, 0.7555555555555555358, 0.7666666666666667185, 0.7777777777777777901, 0.7888888888888888618, 0.8000000000000000444, 0.8111111111111111160, 0.8222222222222221877, 0.8333333333333333703, 0.8444444444444444420, 0.8555555555555555136, 0.8666666666666666963, 0.8777777777777777679, 0.8888888888888888395, 0.9000000000000000222, 0.9111111111111110938, 0.9222222222222222765, 0.9333333333333333481, 0.9444444444444444198, 0.9555555555555556024, 0.9666666666666666741, 0.9777777777777777457, 0.9888888888888889284, 1.000000000000000000 ),
 .UNSPECIFIED. ) 
 GEOMETRIC_REPRESENTATION_ITEM ( )  RATIONAL_B_SPLINE_SURFACE ( (
 ( 1.000000000000000000, 0.8660254037844387076, 1.000000000000000000, 0.8660254037844387076, 1.000000000000000000, 0.8660254037844387076, 1.000000000000000000, 0.8660254037844387076, 1.000000000000000000, 0.8660254037844387076, 1.000000000000000000, 0.8660254037844387076, 1.000000000000000000, 0.8660254037844387076, 1.000000000000000000, 0.8660254037844387076, 1.000000000000000000, 0.8660254037844387076, 1.000000000000000000, 0.8660254037844387076, 1.000000000000000000, 0.8660254037844387076, 1.000000000000000000, 0.8660254037844387076, 1.000000000000000000, 0.8660254037844387076, 1.000000000000000000, 0.8660254037844387076, 1.000000000000000000, 0.8660254037844387076, 1.000000000000000000, 0.8660254037844387076, 1.000000000000000000, 0.8660254037844387076, 1.000000000000000000, 0.8660254037844387076, 1.000000000000000000, 0.8660254037844387076, 1.000000000000000000, 0.8660254037844387076, 1.000000000000000000, 0.8660254037844387076, 1.000000000000000000, 0.8660254037844387076, 1.000000000000000000, 0.8660254037844387076, 1.000000000000000000, 0.8660254037844387076, 1.000000000000000000, 0.8660254037844387076, 1.000000000000000000, 0.8660254037844387076, 1.000000000000000000, 0.8660254037844387076, 1.000000000000000000, 0.8660254037844387076, 1.000000000000000000, 0.8660254037844387076, 1.000000000000000000, 0.8660254037844387076, 1.000000000000000000, 0.8660254037844387076, 1.000000000000000000, 0.8660254037844387076, 1.000000000000000000, 0.8660254037844387076, 1.000000000000000000, 0.8660254037844387076, 1.000000000000000000, 0.8660254037844387076, 1.000000000000000000, 0.8660254037844387076, 1.000000000000000000, 0.8660254037844387076, 1.000000000000000000, 0.8660254037844387076, 1.000000000000000000, 0.8660254037844387076, 1.000000000000000000, 0.8660254037844387076, 1.000000000000000000, 0.8660254037844387076, 1.000000000000000000, 0.8660254037844387076, 1.000000000000000000, 0.8660254037844387076, 1.000000000000000000, 0.8660254037844387076, 1.000000000000000000, 0.8660254037844387076, 1.000000000000000000, 0.8660254037844387076, 1.000000000000000000, 0.8660254037844387076, 1.000000000000000000, 0.8660254037844387076, 1.000000000000000000, 0.8660254037844387076, 1.000000000000000000, 0.8660254037844387076, 1.000000000000000000, 0.8660254037844387076, 1.000000000000000000, 0.8660254037844387076, 1.000000000000000000, 0.8660254037844387076, 1.000000000000000000, 0.8660254037844387076, 1.000000000000000000, 0.8660254037844387076, 1.000000000000000000, 0.8660254037844387076, 1.000000000000000000, 0.8660254037844387076, 1.000000000000000000, 0.8660254037844387076, 1.000000000000000000, 0.8660254037844387076, 1.000000000000000000, 0.8660254037844387076, 1.000000000000000000, 0.8660254037844387076, 1.000000000000000000, 0.8660254037844387076, 1.000000000000000000, 0.8660254037844387076, 1.000000000000000000, 0.8660254037844387076, 1.000000000000000000, 0.8660254037844387076, 1.000000000000000000, 0.8660254037844387076, 1.000000000000000000, 0.8660254037844387076, 1.000000000000000000, 0.8660254037844387076, 1.000000000000000000, 0.8660254037844387076, 1.000000000000000000, 0.8660254037844387076, 1.000000000000000000, 0.8660254037844387076, 1.000000000000000000, 0.8660254037844387076, 1.000000000000000000, 0.8660254037844387076, 1.000000000000000000, 0.8660254037844387076, 1.000000000000000000, 0.8660254037844387076, 1.000000000000000000, 0.8660254037844387076, 1.000000000000000000, 0.8660254037844387076, 1.000000000000000000, 0.8660254037844387076, 1.000000000000000000, 0.8660254037844387076, 1.000000000000000000, 0.8660254037844387076, 1.000000000000000000, 0.8660254037844387076, 1.000000000000000000, 0.8660254037844387076, 1.000000000000000000, 0.8660254037844387076, 1.000000000000000000, 0.8660254037844387076, 1.000000000000000000, 0.8660254037844387076, 1.000000000000000000, 0.8660254037844387076, 1.000000000000000000, 0.8660254037844387076, 1.000000000000000000, 0.8660254037844387076, 1.000000000000000000, 0.8660254037844387076, 1.000000000000000000, 0.8660254037844387076, 1.000000000000000000),
 ( 1.000000000000000000, 0.8660254037844387076, 1.000000000000000000, 0.8660254037844387076, 1.000000000000000000, 0.8660254037844387076, 1.000000000000000000, 0.8660254037844387076, 1.000000000000000000, 0.8660254037844387076, 1.000000000000000000, 0.8660254037844387076, 1.000000000000000000, 0.8660254037844387076, 1.000000000000000000, 0.8660254037844387076, 1.000000000000000000, 0.8660254037844387076, 1.000000000000000000, 0.8660254037844387076, 1.000000000000000000, 0.8660254037844387076, 1.000000000000000000, 0.8660254037844387076, 1.000000000000000000, 0.8660254037844387076, 1.000000000000000000, 0.8660254037844387076, 1.000000000000000000, 0.8660254037844387076, 1.000000000000000000, 0.8660254037844387076, 1.000000000000000000, 0.8660254037844387076, 1.000000000000000000, 0.8660254037844387076, 1.000000000000000000, 0.8660254037844387076, 1.000000000000000000, 0.8660254037844387076, 1.000000000000000000, 0.8660254037844387076, 1.000000000000000000, 0.8660254037844387076, 1.000000000000000000, 0.8660254037844387076, 1.000000000000000000, 0.8660254037844387076, 1.000000000000000000, 0.8660254037844387076, 1.000000000000000000, 0.8660254037844387076, 1.000000000000000000, 0.8660254037844387076, 1.000000000000000000, 0.8660254037844387076, 1.000000000000000000, 0.8660254037844387076, 1.000000000000000000, 0.8660254037844387076, 1.000000000000000000, 0.8660254037844387076, 1.000000000000000000, 0.8660254037844387076, 1.000000000000000000, 0.8660254037844387076, 1.000000000000000000, 0.8660254037844387076, 1.000000000000000000, 0.8660254037844387076, 1.000000000000000000, 0.8660254037844387076, 1.000000000000000000, 0.8660254037844387076, 1.000000000000000000, 0.8660254037844387076, 1.000000000000000000, 0.8660254037844387076, 1.000000000000000000, 0.8660254037844387076, 1.000000000000000000, 0.8660254037844387076, 1.000000000000000000, 0.8660254037844387076, 1.000000000000000000, 0.8660254037844387076, 1.000000000000000000, 0.8660254037844387076, 1.000000000000000000, 0.8660254037844387076, 1.000000000000000000, 0.8660254037844387076, 1.000000000000000000, 0.8660254037844387076, 1.000000000000000000, 0.8660254037844387076, 1.000000000000000000, 0.8660254037844387076, 1.000000000000000000, 0.8660254037844387076, 1.000000000000000000, 0.8660254037844387076, 1.000000000000000000, 0.8660254037844387076, 1.000000000000000000, 0.8660254037844387076, 1.000000000000000000, 0.8660254037844387076, 1.000000000000000000, 0.8660254037844387076, 1.000000000000000000, 0.8660254037844387076, 1.000000000000000000, 0.8660254037844387076, 1.000000000000000000, 0.8660254037844387076, 1.000000000000000000, 0.8660254037844387076, 1.000000000000000000, 0.8660254037844387076, 1.000000000000000000, 0.8660254037844387076, 1.000000000000000000, 0.8660254037844387076, 1.000000000000000000, 0.8660254037844387076, 1.000000000000000000, 0.8660254037844387076, 1.000000000000000000, 0.8660254037844387076, 1.000000000000000000, 0.8660254037844387076, 1.000000000000000000, 0.8660254037844387076, 1.000000000000000000, 0.8660254037844387076, 1.000000000000000000, 0.8660254037844387076, 1.000000000000000000, 0.8660254037844387076, 1.000000000000000000, 0.8660254037844387076, 1.000000000000000000, 0.8660254037844387076, 1.000000000000000000, 0.8660254037844387076, 1.000000000000000000, 0.8660254037844387076, 1.000000000000000000, 0.8660254037844387076, 1.000000000000000000, 0.8660254037844387076, 1.000000000000000000, 0.8660254037844387076, 1.000000000000000000, 0.8660254037844387076, 1.000000000000000000, 0.8660254037844387076, 1.000000000000000000, 0.8660254037844387076, 1.000000000000000000, 0.8660254037844387076, 1.000000000000000000, 0.8660254037844387076, 1.000000000000000000, 0.8660254037844387076, 1.000000000000000000, 0.8660254037844387076, 1.000000000000000000, 0.8660254037844387076, 1.000000000000000000, 0.8660254037844387076, 1.000000000000000000, 0.8660254037844387076, 1.000000000000000000, 0.8660254037844387076, 1.000000000000000000, 0.8660254037844387076, 1.000000000000000000, 0.8660254037844387076, 1.000000000000000000) ) ) 
 REPRESENTATION_ITEM ( '' )  SURFACE ( )  );
#702 = EDGE_LOOP ( 'NONE', ( #2144, #1288, #2254, #3032 ) ) ;
#703 = DATE_TIME_ROLE ( 'classification_date' ) ;
#704 = CARTESIAN_POINT ( 'NONE',  ( 1.179700538379251817, -1.173818514277589466E-15, -0.6624999999999889866 ) ) ;
#705 = FACE_OUTER_BOUND ( 'NONE', #143, .T. ) ;
#706 = CARTESIAN_POINT ( 'NONE',  ( 0.000000000000000000, 0.7401923788646649349, 1.999999999999993117 ) ) ;
#707 = CARTESIAN_POINT ( 'NONE',  ( -9.064742275298787661E-17, -0.7401923788646678215, 0.5999999999999924283 ) ) ;
#708 = CARTESIAN_POINT ( 'NONE',  ( 0.6410254037844368424, -0.3700961894323352430, 1.916666666666659413 ) ) ;
#709 = CARTESIAN_POINT ( 'NONE',  ( -0.6410254037844370645, -0.3700961894323335222, -2.616666666666674246 ) ) ;
#710 = CARTESIAN_POINT ( 'NONE',  ( -0.6410254037844369535, 0.3700961894323324675, -1.083333333333341031 ) ) ;
#711 = FACE_OUTER_BOUND ( 'NONE', #2624, .T. ) ;
#712 = CARTESIAN_POINT ( 'NONE',  ( 0.5898502691896253536, -1.021650635094611959, -1.154166666666672336 ) ) ;
#713 = EDGE_LOOP ( 'NONE', ( #1083, #1471 ) ) ;
#714 = CARTESIAN_POINT ( 'NONE',  ( 0.5773502691896301720, 0.9999999999999943379, -2.583333333333324155 ) ) ;
#715 = EDGE_CURVE ( 'NONE', #1977, #857, #2215, .T. ) ;
#716 = VERTEX_POINT ( 'NONE', #2635 ) ;
#717 = CARTESIAN_POINT ( 'NONE',  ( -1.251161180115476355E-16, -1.021650635094612403, -0.3624999999999895528 ) ) ;
#718 = FACE_OUTER_BOUND ( 'NONE', #171, .T. ) ;
#719 = EDGE_LOOP ( 'NONE', ( #1065, #1530, #1747, #2481 ) ) ;
#720 = CARTESIAN_POINT ( 'NONE',  ( 0.000000000000000000, -3.494140929970925097E-16, -3.000000000000000000 ) ) ;
#721 = CARTESIAN_POINT ( 'NONE',  ( 0.4273502691896243766, -0.7401923788646678215, -0.1666666666666739016 ) ) ;
#722 = CARTESIAN_POINT ( 'NONE',  ( -0.6410254037844370645, -0.3700961894323346324, 1.383333333333325754 ) ) ;
#723 = AXIS2_PLACEMENT_3D ( 'NONE', #2041, #2315, #3033 ) ;
#724 = DIRECTION ( 'NONE',  ( 0.000000000000000000, 1.000000000000000000, 0.000000000000000000 ) ) ;
#725 = CARTESIAN_POINT ( 'NONE',  ( -0.4273502691896244876, 0.7401923788646654900, 0.08333333333332546000 ) ) ;
#726 = CARTESIAN_POINT ( 'NONE',  ( 0.000000000000000000, 0.7401923788646659341, -1.950000000000007727 ) ) ;
#727 = CARTESIAN_POINT ( 'NONE',  ( 0.9422412092701812902, -0.2291570271207891141, -2.737203631352528532 ) ) ;
#728 = CARTESIAN_POINT ( 'NONE',  ( -0.5898502691896261307, -1.021650635094611959, -0.02083333333333884860 ) ) ;
#729 = CARTESIAN_POINT ( 'NONE',  ( -0.8660254037844395958, -0.5000000000000007772, -2.016666666666657282 ) ) ;
#730 = CARTESIAN_POINT ( 'NONE',  ( 1.154700538379252572, -1.060639071198007345E-15, -1.049999999999990941 ) ) ;
#731 = VERTEX_POINT ( 'NONE', #439 ) ;
#732 = EDGE_CURVE ( 'NONE', #3063, #205, #1987, .T. ) ;
#733 = CARTESIAN_POINT ( 'NONE',  ( -1.251161180115476355E-16, -1.021650635094612847, 1.637500000000010392 ) ) ;
#734 = DIRECTION ( 'NONE',  ( 0.000000000000000000, 1.000000000000000000, 0.000000000000000000 ) ) ;
#735 = CARTESIAN_POINT ( 'NONE',  ( -1.664250334765249306E-14, -0.7505553499465043021, 3.000000000000000000 ) ) ;
#736 = DIRECTION ( 'NONE',  ( 0.000000000000000000, 1.000000000000000000, 0.000000000000000000 ) ) ;
#737 = CARTESIAN_POINT ( 'NONE',  ( -0.6410254037844369535, 0.3700961894323315238, 2.466666666666659680 ) ) ;
#738 = EDGE_CURVE ( 'NONE', #2740, #2936, #2653, .T. ) ;
#739 = CARTESIAN_POINT ( 'NONE',  ( -0.4273502691896248762, -0.7401923788646678215, 1.816666666666658880 ) ) ;
#740 = CARTESIAN_POINT ( 'NONE',  ( -0.6410254037844370645, -0.3700961894323342993, 0.1833333333333257154 ) ) ;
#741 = CARTESIAN_POINT ( 'NONE',  ( -0.8547005383792494193, -4.459080076453056602E-16, -2.300000000000007372 ) ) ;
#742 = CARTESIAN_POINT ( 'NONE',  ( -0.8547005383792493083, -7.961887095252375358E-16, -1.050000000000007594 ) ) ;
#743 = CARTESIAN_POINT ( 'NONE',  ( 1.000000000000001110, 1.012460801831285653E-13, -2.699999999999997957 ) ) ;
#744 = CARTESIAN_POINT ( 'NONE',  ( 0.5898502691896264638, 1.021650635094609294, 0.5791666666666619445 ) ) ;
#745 = DIRECTION ( 'NONE',  ( 0.000000000000000000, 1.000000000000000000, 2.168404344971008868E-16 ) ) ;
#746 = FACE_OUTER_BOUND ( 'NONE', #2011, .T. ) ;
#747 = ORIENTED_EDGE ( 'NONE', *, *, #378, .T. ) ;
#748 = CARTESIAN_POINT ( 'NONE',  ( 0.5898502691896256866, -1.021650635094613291, 2.070833333333343518 ) ) ;
#749 = CARTESIAN_POINT ( 'NONE',  ( 0.8547005383792494193, -1.608012772469854436E-15, 1.099999999999992539 ) ) ;
#750 = LINE ( 'NONE', #2918, #566 ) ;
#751 = PLANE ( 'NONE',  #21 ) ;
#752 = CARTESIAN_POINT ( 'NONE',  ( 0.8547005383792493083, -1.944282246274589091E-15, 2.299999999999992717 ) ) ;
#753 = CARTESIAN_POINT ( 'NONE',  ( -9.064742275298788894E-17, -0.7401923788646670443, -2.600000000000007638 ) ) ;
#754 = CARTESIAN_POINT ( 'NONE',  ( -0.6410254037844370645, -0.3700961894323345214, 0.9833333333333256210 ) ) ;
#755 = EDGE_CURVE ( 'NONE', #1095, #2169, #184, .T. ) ;
#756 = CARTESIAN_POINT ( 'NONE',  ( -0.6410254037844370645, 0.3700961894323324120, -0.7333333333333406090 ) ) ;
#757 = CARTESIAN_POINT ( 'NONE',  ( 0.4273502691896250982, 0.7401923788646652680, -0.3833333333333409643 ) ) ;
#758 = CARTESIAN_POINT ( 'NONE',  ( -0.4273502691896248762, -0.7401923788646668223, -2.183333333333340676 ) ) ;
#759 = CARTESIAN_POINT ( 'NONE',  ( 0.000000000000000000, 1.021650635094609738, 0.6124999999999953815 ) ) ;
#760 = CARTESIAN_POINT ( 'NONE',  ( 0.000000000000000000, 8.739904209134028646E-15, 3.000000000000000000 ) ) ;
#761 = LOCAL_TIME ( 16, 43, 15.00000000000000000, #2108 ) ;
#762 = EDGE_LOOP ( 'NONE', ( #1819, #1410, #2787, #492 ) ) ;
#763 = CARTESIAN_POINT ( 'NONE',  ( -0.5773502691896262862, 1.000000000000000000, -0.9666666666666710039 ) ) ;
#764 = CARTESIAN_POINT ( 'NONE',  ( -0.4273502691896249872, -0.7401923788646678215, 1.366666666666659369 ) ) ;
#765 = LINE ( 'NONE', #1735, #2710 ) ;
#766 = ORIENTED_EDGE ( 'NONE', *, *, #2079, .T. ) ;
#767 = CARTESIAN_POINT ( 'NONE',  ( -0.6500000000000001332, -0.3752776749732466000, 3.000000000000000000 ) ) ;
#768 = CARTESIAN_POINT ( 'NONE',  ( 0.6410254037844372865, 0.3700961894323312462, 1.133333333333325532 ) ) ;
#769 = CARTESIAN_POINT ( 'NONE',  ( -9.064742275298787661E-17, -0.7401923788646678215, 0.6499999999999921396 ) ) ;
#770 = CARTESIAN_POINT ( 'NONE',  ( 0.6410254037844369535, -0.3700961894323346879, -0.5333333333333405424 ) ) ;
#771 = CARTESIAN_POINT ( 'NONE',  ( 0.000000000000000000, -1.000000000000001998, 1.799999999999999378 ) ) ;
#772 = CARTESIAN_POINT ( 'NONE',  ( 0.4273502691896243766, -0.7401923788646683766, 1.483333333333326287 ) ) ;
#773 = CARTESIAN_POINT ( 'NONE',  ( -0.6410254037844370645, -0.3700961894323335222, -2.616666666666674246 ) ) ;
#774 = ADVANCED_FACE ( 'NONE', ( #1144 ), #2121, .T. ) ;
#775 = CARTESIAN_POINT ( 'NONE',  ( 1.179700538379251595, -1.390992549443142774E-15, 0.1124999999999949929 ) ) ;
#776 = DIRECTION ( 'NONE',  ( -0.000000000000000000, -0.000000000000000000, 1.000000000000000000 ) ) ;
#777 = AXIS2_PLACEMENT_3D ( 'NONE', #1402, #1690, #724 ) ;
#778 = ORIENTED_EDGE ( 'NONE', *, *, #1393, .F. ) ;
#779 = CARTESIAN_POINT ( 'NONE',  ( 0.000000000000000000, 8.739904209134028646E-15, 3.000000000000000000 ) ) ;
#780 = CARTESIAN_POINT ( 'NONE',  ( 0.8547005383792494193, -1.720102597071432786E-15, 1.499999999999992673 ) ) ;
#781 = CARTESIAN_POINT ( 'NONE',  ( 0.8660254037844398178, 0.4999999999999987232, -0.6666666666666714036 ) ) ;
#782 = CC_DESIGN_PERSON_AND_ORGANIZATION_ASSIGNMENT ( #1914, #220, ( #519 ) ) ;
#783 = EDGE_LOOP ( 'NONE', ( #1566, #1161, #2280, #1748 ) ) ;
#784 = DIRECTION ( 'NONE',  ( -0.000000000000000000, -0.000000000000000000, 1.000000000000000000 ) ) ;
#785 = CARTESIAN_POINT ( 'NONE',  ( -0.4273502691896248762, -0.7401923788646678215, 1.766666666666659502 ) ) ;
#786 = CARTESIAN_POINT ( 'NONE',  ( -0.8547005383792493083, -1.468727657134707439E-15, 1.349999999999992539 ) ) ;
#787 = CARTESIAN_POINT ( 'NONE',  ( -0.8547005383792494193, -6.700876568484622617E-16, -1.500000000000007327 ) ) ;
#788 = CARTESIAN_POINT ( 'NONE',  ( 0.4273502691896250982, 0.7401923788646649349, 0.4166666666666589691 ) ) ;
#789 = CARTESIAN_POINT ( 'NONE',  ( -0.4273502691896244876, 0.7401923788646657121, -1.116666666666674246 ) ) ;
#790 = CARTESIAN_POINT ( 'NONE',  ( 1.179700538379251595, -1.166812900239986074E-15, -0.6875000000000054401 ) ) ;
#791 = DIRECTION ( 'NONE',  ( 3.552713678800500929E-15, 1.000000000000000000, 2.168404344971006403E-16 ) ) ;
#792 = EDGE_CURVE ( 'NONE', #1474, #1365, #203, .T. ) ;
#793 = VERTEX_POINT ( 'NONE', #1649 ) ;
#794 = CARTESIAN_POINT ( 'NONE',  ( -0.8660254037844395958, -0.5000000000000013323, -0.4166666666666576924 ) ) ;
#795 = CARTESIAN_POINT ( 'NONE',  ( 0.6410254037844373975, 0.3700961894323313017, 1.133333333333325532 ) ) ;
#796 = CARTESIAN_POINT ( 'NONE',  ( 1.224646799147354686E-16, -1.000000000000001554, -3.000000000000000000 ) ) ;
#797 = ORIENTED_EDGE ( 'NONE', *, *, #1142, .T. ) ;
#798 = CARTESIAN_POINT ( 'NONE',  ( 0.000000000000000000, 0.9999999999999993339, 1.799999999999995826 ) ) ;
#799 = CARTESIAN_POINT ( 'NONE',  ( 0.8547005383792493083, -1.608012772469854436E-15, 1.099999999999992539 ) ) ;
#800 = CARTESIAN_POINT ( 'NONE',  ( -0.6410254037844369535, 0.3700961894323315238, 2.516666666666659058 ) ) ;
#801 =( BOUNDED_CURVE ( )  B_SPLINE_CURVE ( 2, ( #1207, #2934, #1476, #1459, #2186, #2659, #1931 ),
 .UNSPECIFIED., .F., .F. ) 
 B_SPLINE_CURVE_WITH_KNOTS ( ( 3, 2, 2, 3 ),
 ( 0.4333333333333332926, 0.4444444444444443643, 0.4555555555555555469, 0.4666666666666666741 ),
 .UNSPECIFIED. ) 
 CURVE ( )  GEOMETRIC_REPRESENTATION_ITEM ( )  RATIONAL_B_SPLINE_CURVE ( ( 1.000000000000000888, 0.8660254037844381525, 1.000000000000000000, 0.8660254037844387076, 1.000000000000000000, 0.8660254037844387076, 1.000000000000000000 ) ) 
 REPRESENTATION_ITEM ( '' )  );
#802 = CARTESIAN_POINT ( 'NONE',  ( -9.064742275298788894E-17, -0.7401923788646673774, -1.400000000000007461 ) ) ;
#803 = CARTESIAN_POINT ( 'NONE',  ( -0.4273502691896248762, -0.7401923788646677105, 1.016666666666658836 ) ) ;
#804 = CARTESIAN_POINT ( 'NONE',  ( 0.6410254037844368424, -0.3700961894323340218, -2.483333333333340942 ) ) ;
#805 = EDGE_LOOP ( 'NONE', ( #2753, #255, #1678, #300 ) ) ;
#806 = CARTESIAN_POINT ( 'NONE',  ( -0.5898502691896261307, -1.021650635094612403, 1.579166666666661056 ) ) ;
#807 = CARTESIAN_POINT ( 'NONE',  ( -0.04004093797798451149, -0.7401923788646584956, -2.959807621135025268 ) ) ;
#808 = LINE ( 'NONE', #301, #2155 ) ;
#809 = ADVANCED_FACE ( 'NONE', ( #557 ), #828, .F. ) ;
#810 = DIRECTION ( 'NONE',  ( -0.000000000000000000, 1.224646799147353207E-16, -1.000000000000000000 ) ) ;
#811 = VERTEX_POINT ( 'NONE', #1729 ) ;
#812 = APPLICATION_PROTOCOL_DEFINITION ( 'international standard', 'config_control_design', 1994, #1224 ) ;
#813 = CARTESIAN_POINT ( 'NONE',  ( -0.8847754037844388630, 0.5108253175473049801, -1.295833333333322068 ) ) ;
#814 = CARTESIAN_POINT ( 'NONE',  ( -9.064742275298787661E-17, -0.7401923788646680435, 1.449999999999992184 ) ) ;
#815 = VECTOR ( 'NONE', #304, 1000.000000000000000 ) ;
#816 = CARTESIAN_POINT ( 'NONE',  ( -0.4273502691896246541, 0.7401923788646652680, 1.233333333333325843 ) ) ;
#817 = CARTESIAN_POINT ( 'NONE',  ( 0.6410254037844372865, 0.3700961894323313572, 0.7833333333333259985 ) ) ;
#818 = CARTESIAN_POINT ( 'NONE',  ( 0.6410254037844372865, 0.3700961894323321344, -2.016666666666674601 ) ) ;
#819 = CARTESIAN_POINT ( 'NONE',  ( 0.4273502691896243766, -0.7401923788646670443, -2.916666666666674512 ) ) ;
#820 = CARTESIAN_POINT ( 'NONE',  ( 0.000000000000000000, 1.021650635094609738, 1.037500000000011413 ) ) ;
#821 = CARTESIAN_POINT ( 'NONE',  ( 0.6499999999999998002, 0.2591494144896134832, 2.941935869758174782 ) ) ;
#822 = AXIS2_PLACEMENT_3D ( 'NONE', #720, #520, #736 ) ;
#823 = FACE_OUTER_BOUND ( 'NONE', #2442, .T. ) ;
#824 = DIRECTION ( 'NONE',  ( 0.000000000000000000, 0.000000000000000000, 1.000000000000000000 ) ) ;
#825 = CIRCLE ( 'NONE', #630, 0.7505553499465129619 ) ;
#826 = VERTEX_POINT ( 'NONE', #1268 ) ;
#827 =( NAMED_UNIT ( * ) SI_UNIT ( $, .STERADIAN. ) SOLID_ANGLE_UNIT ( ) );
#828 = CONICAL_SURFACE ( 'NONE', #2767, 0.7505553499465129619, 0.7853981633974500554 ) ;
#829 = CARTESIAN_POINT ( 'NONE',  ( 0.000000000000000000, 1.021650635094610404, -1.362499999999988720 ) ) ;
#830 = CARTESIAN_POINT ( 'NONE',  ( 0.8547005383792493083, -1.734113825146629907E-15, 1.549999999999992495 ) ) ;
#831 = CARTESIAN_POINT ( 'NONE',  ( -0.4273502691896249317, -0.7401923788646677105, 0.5666666666666593244 ) ) ;
#832 = ADVANCED_FACE ( 'NONE', ( #746 ), #1975, .T. ) ;
#833 = CARTESIAN_POINT ( 'NONE',  ( -0.6410254037844369535, 0.3700961894323326895, -1.933333333333340676 ) ) ;
#834 = CARTESIAN_POINT ( 'NONE',  ( -0.8547005383792493083, -1.356637832533129089E-15, 0.9499999999999924061 ) ) ;
#835 = CARTESIAN_POINT ( 'NONE',  ( -0.8847754037844386410, 0.5108253175473036478, 2.679166666666662255 ) ) ;
#836 = CARTESIAN_POINT ( 'NONE',  ( 1.154700538379252572, -1.831256615333854533E-15, 1.699999999999995071 ) ) ;
#837 = CARTESIAN_POINT ( 'NONE',  ( 0.5898502691896265748, 1.021650635094609072, 2.604166666666678509 ) ) ;
#838 = CARTESIAN_POINT ( 'NONE',  ( 0.000000000000000000, 1.000000000000000444, -2.549999999999990941 ) ) ;
#839 = ORIENTED_EDGE ( 'NONE', *, *, #1313, .F. ) ;
#840 = DIRECTION ( 'NONE',  ( 0.000000000000000000, 1.000000000000000000, 0.000000000000000000 ) ) ;
#841 = CARTESIAN_POINT ( 'NONE',  ( 0.5992154611471085524, -0.4045981421506448794, 2.970679532822617652 ) ) ;
#842 = EDGE_LOOP ( 'NONE', ( #1783, #1243, #33, #2852 ) ) ;
#843 = CARTESIAN_POINT ( 'NONE',  ( 1.154700538379252572, -1.719166790732275591E-15, 1.299999999999994937 ) ) ;
#844 = CARTESIAN_POINT ( 'NONE',  ( -0.5898502691896257977, 1.021650635094610626, -1.729166666666655416 ) ) ;
#845 = CARTESIAN_POINT ( 'NONE',  ( 0.6410254037844369535, -0.3700961894323346879, -0.5333333333333405424 ) ) ;
#846 = CARTESIAN_POINT ( 'NONE',  ( 0.4273502691896250982, 0.7401923788646644908, 2.816666666666658880 ) ) ;
#847 = CARTESIAN_POINT ( 'NONE',  ( -0.4273502691896246541, 0.7401923788646651570, 1.633333333333326198 ) ) ;
#848 = CARTESIAN_POINT ( 'NONE',  ( 0.6410254037844368424, -0.3700961894323339108, -2.933333333333340676 ) ) ;
#849 = CARTESIAN_POINT ( 'NONE',  ( 0.4273502691896243766, -0.7401923788646678215, 0.2833333333333255544 ) ) ;
#850 = CARTESIAN_POINT ( 'NONE',  ( 0.000000000000000000, 1.021650635094609516, 1.412499999999995426 ) ) ;
#851 = EDGE_CURVE ( 'NONE', #1804, #2099, #2522, .T. ) ;
#852 = CARTESIAN_POINT ( 'NONE',  ( 0.6410254037844372865, 0.3700961894323323564, -2.816666666666674423 ) ) ;
#853 = CARTESIAN_POINT ( 'NONE',  ( 0.000000000000000000, 1.000000000000000000, -1.000000000000004663 ) ) ;
#854 = CARTESIAN_POINT ( 'NONE',  ( -0.5773502691896262862, 0.9999999999999997780, 0.2333333333333286741 ) ) ;
#855 = ORIENTED_EDGE ( 'NONE', *, *, #1728, .T. ) ;
#856 = CARTESIAN_POINT ( 'NONE',  ( 1.224646799147354686E-16, -1.000000000000001554, -3.000000000000000000 ) ) ;
#857 = VERTEX_POINT ( 'NONE', #1517 ) ;
#858 = DIRECTION ( 'NONE',  ( 0.000000000000000000, 1.000000000000000000, 2.168404344971006403E-16 ) ) ;
#859 = CARTESIAN_POINT ( 'NONE',  ( -0.5898502691896257977, 1.021650635094610848, -2.929166666666655594 ) ) ;
#860 = CARTESIAN_POINT ( 'NONE',  ( 0.000000000000000000, 0.7401923788646648239, 2.449999999999992184 ) ) ;
#861 = AXIS2_PLACEMENT_3D ( 'NONE', #1051, #1787, #2757 ) ;
#862 = CARTESIAN_POINT ( 'NONE',  ( 0.4273502691896244876, -0.7401923788646679325, 0.2333333333333258708 ) ) ;
#863 = CARTESIAN_POINT ( 'NONE',  ( -0.8547005383792493083, -6.700876568484622617E-16, -1.500000000000007327 ) ) ;
#864 = CARTESIAN_POINT ( 'NONE',  ( -0.4273502691896244876, 0.7401923788646653790, 0.4833333333333256765 ) ) ;
#865 = CARTESIAN_POINT ( 'NONE',  ( 0.5898502691896264638, 1.021650635094609072, 2.579166666666662167 ) ) ;
#866 = EDGE_CURVE ( 'NONE', #1254, #286, #1016, .T. ) ;
#867 = CARTESIAN_POINT ( 'NONE',  ( 0.000000000000000000, 0.9999999999999993339, 1.799999999999995826 ) ) ;
#868 = PLANE ( 'NONE',  #2814 ) ;
#869 = CARTESIAN_POINT ( 'NONE',  ( 1.000000000000001110, 1.012460801831285653E-13, -2.699999999999997957 ) ) ;
#870 = ORIENTED_EDGE ( 'NONE', *, *, #1503, .F. ) ;
#871 = CARTESIAN_POINT ( 'NONE',  ( 0.000000000000000000, 1.000000000000000222, -1.400000000000004352 ) ) ;
#872 = VERTEX_POINT ( 'NONE', #2945 ) ;
#873 = CARTESIAN_POINT ( 'NONE',  ( 0.5898502691896265748, 1.021650635094610182, -1.795833333333321846 ) ) ;
#874 = ORIENTED_EDGE ( 'NONE', *, *, #1683, .F. ) ;
#875 = CARTESIAN_POINT ( 'NONE',  ( 0.3287746352657430760, 0.7753566459796998878, -2.874268215578175134 ) ) ;
#876 = VECTOR ( 'NONE', #2721, 1000.000000000000000 ) ;
#877 = CARTESIAN_POINT ( 'NONE',  ( -0.4273502691896249317, -0.7401923788646678215, 0.9666666666666590135 ) ) ;
#878 = CARTESIAN_POINT ( 'NONE',  ( -9.064742275298787661E-17, -0.7401923788646671554, -1.800000000000007594 ) ) ;
#879 = CARTESIAN_POINT ( 'NONE',  ( -0.4273502691896244876, 0.7401923788646656011, -0.7166666666666743346 ) ) ;
#880 = CARTESIAN_POINT ( 'NONE',  ( -0.6410254037844369535, 0.3700961894323326895, -1.883333333333341075 ) ) ;
#881 =( BOUNDED_CURVE ( )  B_SPLINE_CURVE ( 2, ( #1093, #2350, #2568, #1360, #2068, #2337, #2097 ),
 .UNSPECIFIED., .F., .F. ) 
 B_SPLINE_CURVE_WITH_KNOTS ( ( 3, 2, 2, 3 ),
 ( 0.4333333333333334036, 0.4444444444444444753, 0.4555555555555556024, 0.4666666666666666741 ),
 .UNSPECIFIED. ) 
 CURVE ( )  GEOMETRIC_REPRESENTATION_ITEM ( )  RATIONAL_B_SPLINE_CURVE ( ( 0.9999999999999993339, 0.8660254037844393737, 1.000000000000000000, 0.8660254037844387076, 1.000000000000000000, 0.8660254037844387076, 1.000000000000000000 ) ) 
 REPRESENTATION_ITEM ( '' )  );
#882 = LINE ( 'NONE', #2292, #976 ) ;
#883 = CARTESIAN_POINT ( 'NONE',  ( -1.154700538379252572, -8.338639198388212112E-16, -0.8499999999999909850 ) ) ;
#884 = CARTESIAN_POINT ( 'NONE',  ( 0.5898502691896264638, 1.021650635094610182, -2.220833333333338100 ) ) ;
#885 = VERTEX_POINT ( 'NONE', #515 ) ;
#886 = DIRECTION ( 'NONE',  ( -0.000000000000000000, -0.000000000000000000, 1.000000000000000000 ) ) ;
#887 = LINE ( 'NONE', #1865, #1902 ) ;
#888 = ORIENTED_EDGE ( 'NONE', *, *, #1682, .F. ) ;
#889 = CARTESIAN_POINT ( 'NONE',  ( 0.5898502691896265748, 1.021650635094609960, -0.9958333333333220239 ) ) ;
#890 = CARTESIAN_POINT ( 'NONE',  ( 0.4340844946297217621, -0.5995460026148062838, -2.959807621135143840 ) ) ;
#891 = CARTESIAN_POINT ( 'NONE',  ( 0.4273502691896251537, 0.7401923788646646019, 2.766666666666659502 ) ) ;
#892 = CARTESIAN_POINT ( 'NONE',  ( -0.8547005383792493083, -2.217283584421490833E-16, -3.100000000000007638 ) ) ;
#893 = CARTESIAN_POINT ( 'NONE',  ( 0.6410254037844372865, 0.3700961894323314683, 0.3833333333333258097 ) ) ;
#894 = CARTESIAN_POINT ( 'NONE',  ( -0.4273502691896246541, 0.7401923788646661562, -2.366666666666674246 ) ) ;
#895 = CARTESIAN_POINT ( 'NONE',  ( -0.4273502691896244876, 0.7401923788646662672, -2.716666666666674335 ) ) ;
#896 = CARTESIAN_POINT ( 'NONE',  ( 0.000000000000000000, -3.494140929970925097E-16, -3.000000000000000000 ) ) ;
#897 = CARTESIAN_POINT ( 'NONE',  ( 0.000000000000000000, 1.021650635094610182, -0.9875000000000048184 ) ) ;
#898 = CARTESIAN_POINT ( 'NONE',  ( -0.1021696567345013323, 0.6915676711278379019, 2.941012321179925948 ) ) ;
#899 =( BOUNDED_CURVE ( )  B_SPLINE_CURVE ( 2, ( #3084, #644, #224, #2143, #3113, #917, #457 ),
 .UNSPECIFIED., .F., .F. ) 
 B_SPLINE_CURVE_WITH_KNOTS ( ( 3, 2, 2, 3 ),
 ( 0.8000000000000000444, 0.8111111111111111160, 0.8222222222222221877, 0.8333333333333333703 ),
 .UNSPECIFIED. ) 
 CURVE ( )  GEOMETRIC_REPRESENTATION_ITEM ( )  RATIONAL_B_SPLINE_CURVE ( ( 1.000000000000000000, 0.8660254037844387076, 1.000000000000000000, 0.8660254037844387076, 1.000000000000000000, 0.8660254037844387076, 1.000000000000000000 ) ) 
 REPRESENTATION_ITEM ( '' )  );
#900 = CARTESIAN_POINT ( 'NONE',  ( 0.8660254037844391517, -0.5000000000000017764, -1.083333333333324600 ) ) ;
#901 = ORIENTED_EDGE ( 'NONE', *, *, #3132, .F. ) ;
#902 = APPROVAL_STATUS ( 'not_yet_approved' ) ;
#903 = EDGE_CURVE ( 'NONE', #125, #1614, #266, .T. ) ;
#904 = CARTESIAN_POINT ( 'NONE',  ( 0.8847754037844385300, -0.5108253175473070895, -0.6958333333333226456 ) ) ;
#905 = CARTESIAN_POINT ( 'NONE',  ( 0.8547005383792494193, -1.383833123266697933E-15, 0.2999999999999925504 ) ) ;
#906 = DIRECTION ( 'NONE',  ( -0.000000000000000000, 0.000000000000000000, 1.000000000000000000 ) ) ;
#907 = FACE_OUTER_BOUND ( 'NONE', #487, .T. ) ;
#908 = CARTESIAN_POINT ( 'NONE',  ( 0.4273502691896243766, -0.7401923788646675995, -0.9666666666666743346 ) ) ;
#909 = CARTESIAN_POINT ( 'NONE',  ( 0.4273502691896250982, 0.7401923788646646019, 2.416666666666658969 ) ) ;
#910 = CARTESIAN_POINT ( 'NONE',  ( 0.000000000000000000, 0.7401923788646657121, -1.150000000000007683 ) ) ;
#911 = CARTESIAN_POINT ( 'NONE',  ( -0.6410254037844369535, 0.3700961894323326895, -1.883333333333341075 ) ) ;
#912 = DIRECTION ( 'NONE',  ( 1.000000000000000000, 0.000000000000000000, 0.000000000000000000 ) ) ;
#913 = CARTESIAN_POINT ( 'NONE',  ( 0.000000000000000000, 1.021650635094610404, -1.787500000000004752 ) ) ;
#914 = CARTESIAN_POINT ( 'NONE',  ( -0.8660254037844393737, 0.4999999999999990563, 1.066666666666662655 ) ) ;
#915 = EDGE_LOOP ( 'NONE', ( #1650, #2495, #1473, #2503 ) ) ;
#916 = CARTESIAN_POINT ( 'NONE',  ( 0.8847754037844385300, -0.5108253175473074226, 0.9041666666666772212 ) ) ;
#917 = CARTESIAN_POINT ( 'NONE',  ( 0.5773502691896260641, -1.000000000000001554, -2.316666666666658436 ) ) ;
#918 = VECTOR ( 'NONE', #2386, 1000.000000000000000 ) ;
#919 = CARTESIAN_POINT ( 'NONE',  ( -0.1179954471570892477, 0.8466387342150732964, -2.853361265781440448 ) ) ;
#920 = CARTESIAN_POINT ( 'NONE',  ( -0.6410254037844370645, -0.3700961894323344104, 0.5333333333333257764 ) ) ;
#921 = CARTESIAN_POINT ( 'NONE',  ( 0.6410254037844372865, 0.3700961894323307466, 2.783333333333326109 ) ) ;
#922 = CARTESIAN_POINT ( 'NONE',  ( 0.6410254037844372865, 0.3700961894323322454, -2.416666666666674512 ) ) ;
#923 = EDGE_CURVE ( 'NONE', #286, #1221, #1640, .T. ) ;
#924 = CARTESIAN_POINT ( 'NONE',  ( 0.6410254037844368424, -0.3700961894323346324, -0.4833333333333408310 ) ) ;
#925 = CARTESIAN_POINT ( 'NONE',  ( -0.5773502691896300609, -0.9999999999999963363, 1.566666666666661101 ) ) ;
#926 = CARTESIAN_POINT ( 'NONE',  ( -0.8847754037844386410, 0.5108253175473048691, -1.320833333333338189 ) ) ;
#927 = CARTESIAN_POINT ( 'NONE',  ( 0.000000000000000000, 1.000000000000000666, -3.000000000000000000 ) ) ;
#928 = CARTESIAN_POINT ( 'NONE',  ( 0.000000000000000000, 0.9999999999999993339, 1.450000000000009948 ) ) ;
#929 = ORIENTED_EDGE ( 'NONE', *, *, #1469, .T. ) ;
#930 = CALENDAR_DATE ( 2026, 7, 1 ) ;
#931 = CARTESIAN_POINT ( 'NONE',  ( 0.8847754037844385300, -0.5108253175473074226, 0.5041666666666770880 ) ) ;
#932 = CARTESIAN_POINT ( 'NONE',  ( 0.4273502691896251537, 0.7401923788646652680, -0.03333333333334050075 ) ) ;
#933 = CARTESIAN_POINT ( 'NONE',  ( 0.7978784486062002745, 0.6180339887498282891, 1.791202265916664427 ) ) ;
#934 = CARTESIAN_POINT ( 'NONE',  ( 0.000000000000000000, 0.7401923788646648239, 2.399999999999992362 ) ) ;
#935 = CARTESIAN_POINT ( 'NONE',  ( -0.4273502691896244876, 0.7401923788646654900, 0.03333333333332575560 ) ) ;
#936 = CARTESIAN_POINT ( 'NONE',  ( -0.4273502691896249317, -0.7401923788646666003, -3.033333333333341209 ) ) ;
#937 = CARTESIAN_POINT ( 'NONE',  ( -0.8660254037844394848, -0.5000000000000014433, -0.06666666666667160623 ) ) ;
#938 = CARTESIAN_POINT ( 'NONE',  ( 0.000000000000000000, 0.7401923788646662672, -2.800000000000007372 ) ) ;
#939 = CARTESIAN_POINT ( 'NONE',  ( -0.6410254037844370645, -0.3700961894323337442, -1.816666666666674423 ) ) ;
#940 = CARTESIAN_POINT ( 'NONE',  ( -0.4273502691896245431, 0.7401923788646657121, -1.116666666666674246 ) ) ;
#941 = CARTESIAN_POINT ( 'NONE',  ( 0.000000000000000000, 2.000000000000000000, 2.799999999999997158 ) ) ;
#942 = EDGE_CURVE ( 'NONE', #793, #125, #1528, .T. ) ;
#943 = CARTESIAN_POINT ( 'NONE',  ( 0.000000000000000000, 1.021650635094610626, -2.587500000000004796 ) ) ;
#944 = ORIENTED_EDGE ( 'NONE', *, *, #2383, .F. ) ;
#945 = ORIENTED_EDGE ( 'NONE', *, *, #221, .T. ) ;
#946 = ORIENTED_EDGE ( 'NONE', *, *, #2783, .T. ) ;
#947 = CARTESIAN_POINT ( 'NONE',  ( 0.000000000000000000, 1.021650635094610404, -0.9624999999999885869 ) ) ;
#948 = CARTESIAN_POINT ( 'NONE',  ( -0.6410254037844370645, 0.3700961894323321344, 0.4666666666666595131 ) ) ;
#949 = FACE_OUTER_BOUND ( 'NONE', #1613, .T. ) ;
#950 = EDGE_LOOP ( 'NONE', ( #236, #1015, #874, #576 ) ) ;
#951 = CARTESIAN_POINT ( 'NONE',  ( 0.6410254037844373975, 0.3700961894323308021, 2.733333333333326287 ) ) ;
#952 = CARTESIAN_POINT ( 'NONE',  ( -9.064742275298787661E-17, -0.7401923788646674884, -0.6000000000000071942 ) ) ;
#953 = CARTESIAN_POINT ( 'NONE',  ( -0.8547005383792493083, -1.580817481736285592E-15, 1.749999999999992228 ) ) ;
#954 = CARTESIAN_POINT ( 'NONE',  ( -9.064742275298788894E-17, -0.7401923788646671554, -2.200000000000007283 ) ) ;
#955 = CARTESIAN_POINT ( 'NONE',  ( -0.6410254037844369535, 0.3700961894323323009, -0.2833333333333411530 ) ) ;
#956 = APPLICATION_CONTEXT ( 'configuration controlled 3d designs of mechanical parts and assemblies' ) ;
#957 = CARTESIAN_POINT ( 'NONE',  ( 0.4273502691896243766, -0.7401923788646673774, -1.716666666666674557 ) ) ;
#958 = CARTESIAN_POINT ( 'NONE',  ( -0.8660254037844393737, 0.4999999999999997780, -1.333333333333337922 ) ) ;
#959 = CARTESIAN_POINT ( 'NONE',  ( 0.5898502691896264638, 1.021650635094609516, -0.2208333333333380444 ) ) ;
#960 = EDGE_CURVE ( 'NONE', #2275, #2086, #2232, .T. ) ;
#961 = PLANE ( 'NONE',  #482 ) ;
#962 = ORIENTED_EDGE ( 'NONE', *, *, #1662, .T. ) ;
#963 = ADVANCED_FACE ( 'NONE', ( #96 ), #2051, .F. ) ;
#964 = ORIENTED_EDGE ( 'NONE', *, *, #2916, .F. ) ;
#965 = DIRECTION ( 'NONE',  ( -0.000000000000000000, -0.000000000000000000, 1.000000000000000000 ) ) ;
#966 = CARTESIAN_POINT ( 'NONE',  ( -9.064742275298788894E-17, -0.7401923788646680435, 0.9999999999999931166 ) ) ;
#967 = CARTESIAN_POINT ( 'NONE',  ( 0.8660254037844391517, -0.5000000000000025535, 1.716666666666675889 ) ) ;
#968 = CARTESIAN_POINT ( 'NONE',  ( 0.000000000000000000, -3.494140929970925097E-16, -3.000000000000000000 ) ) ;
#969 = CARTESIAN_POINT ( 'NONE',  ( 0.000000000000000000, 0.7401923788646648239, 2.399999999999992362 ) ) ;
#970 = CARTESIAN_POINT ( 'NONE',  ( -0.4273502691896244876, 0.7401923788646647129, 2.083333333333325932 ) ) ;
#971 = CARTESIAN_POINT ( 'NONE',  ( 0.4273502691896251537, 0.7401923788646659341, -2.033333333333340764 ) ) ;
#972 = CARTESIAN_POINT ( 'NONE',  ( 0.6410254037844372865, 0.3700961894323316903, -0.4166666666666745678 ) ) ;
#973 = CARTESIAN_POINT ( 'NONE',  ( -0.8547005383792494193, -8.942673060516185674E-16, -0.7000000000000073941 ) ) ;
#974 = CARTESIAN_POINT ( 'NONE',  ( -0.4273502691896248762, -0.7401923788646671554, -1.383333333333341075 ) ) ;
#975 = CARTESIAN_POINT ( 'NONE',  ( 0.5898502691896253536, -1.021650635094611959, -0.7541666666666725360 ) ) ;
#976 = VECTOR ( 'NONE', #122, 1000.000000000000000 ) ;
#977 = CARTESIAN_POINT ( 'NONE',  ( 0.000000000000000000, 1.000000000000000000, -0.6000000000000043077 ) ) ;
#978 = DIRECTION ( 'NONE',  ( -0.000000000000000000, 1.224646799147353207E-16, -1.000000000000000000 ) ) ;
#979 = CARTESIAN_POINT ( 'NONE',  ( 1.022525628151025922E-16, 0.6999999999999994005, -3.000000000000000000 ) ) ;
#980 = ORIENTED_EDGE ( 'NONE', *, *, #2460, .F. ) ;
#981 = ORIENTED_EDGE ( 'NONE', *, *, #2102, .T. ) ;
#982 =( BOUNDED_CURVE ( )  B_SPLINE_CURVE ( 2, ( #1468, #1170, #697, #2150, #1956, #2666, #3134 ),
 .UNSPECIFIED., .F., .F. ) 
 B_SPLINE_CURVE_WITH_KNOTS ( ( 3, 2, 2, 3 ),
 ( 0.4666666666666666741, 0.4777777777777777457, 0.4888888888888889284, 0.5000000000000000000 ),
 .UNSPECIFIED. ) 
 CURVE ( )  GEOMETRIC_REPRESENTATION_ITEM ( )  RATIONAL_B_SPLINE_CURVE ( ( 1.000000000000000000, 0.8660254037844387076, 1.000000000000000000, 0.8660254037844387076, 1.000000000000000000, 0.8660254037844387076, 1.000000000000000000 ) ) 
 REPRESENTATION_ITEM ( '' )  );
#983 = CARTESIAN_POINT ( 'NONE',  ( 0.8847754037844385300, -0.5108253175473078667, 2.504166666666677088 ) ) ;
#984 = EDGE_CURVE ( 'NONE', #1617, #3077, #1385, .T. ) ;
#985 = CARTESIAN_POINT ( 'NONE',  ( -0.6410254037844371755, -0.3700961894323344659, 0.5333333333333257764 ) ) ;
#986 = DIRECTION ( 'NONE',  ( 0.000000000000000000, 1.000000000000000000, 0.000000000000000000 ) ) ;
#987 = CARTESIAN_POINT ( 'NONE',  ( 0.000000000000000000, 0.9999999999999997780, -0.1499999999999905020 ) ) ;
#988 = CARTESIAN_POINT ( 'NONE',  ( -9.064742275298787661E-17, -0.7401923788646680435, 1.399999999999992362 ) ) ;
#989 = CARTESIAN_POINT ( 'NONE',  ( -0.6410254037844371755, -0.3700961894323335777, -2.666666666666674068 ) ) ;
#990 = CARTESIAN_POINT ( 'NONE',  ( 0.4273502691896243766, -0.7401923788646677105, -0.5166666666666743790 ) ) ;
#991 = CARTESIAN_POINT ( 'NONE',  ( -0.4273502691896249317, -0.7401923788646670443, -1.433333333333340454 ) ) ;
#992 = CARTESIAN_POINT ( 'NONE',  ( -9.064742275298787661E-17, -0.7401923788646679325, 1.049999999999992717 ) ) ;
#993 = CARTESIAN_POINT ( 'NONE',  ( 0.8660254037844391517, -0.5000000000000018874, -0.6833333333333245774 ) ) ;
#994 = CARTESIAN_POINT ( 'NONE',  ( -0.8847754037844386410, 0.5108253175473046470, -0.5208333333333380333 ) ) ;
#995 = EDGE_LOOP ( 'NONE', ( #1634, #3136, #1003 ) ) ;
#996 = CARTESIAN_POINT ( 'NONE',  ( 0.000000000000000000, 1.000000000000000222, -1.800000000000004263 ) ) ;
#997 = ORIENTED_EDGE ( 'NONE', *, *, #543, .F. ) ;
#998 = CARTESIAN_POINT ( 'NONE',  ( -1.224646799147354440E-16, -1.000000000000002220, 0.4500000000000085598 ) ) ;
#999 = CARTESIAN_POINT ( 'NONE',  ( 0.000000000000000000, 8.739904209134028646E-15, 3.000000000000000000 ) ) ;
#1000 = DIRECTION ( 'NONE',  ( -0.000000000000000000, 1.224646799147353207E-16, -1.000000000000000000 ) ) ;
#1001 =( BOUNDED_CURVE ( )  B_SPLINE_CURVE ( 2, ( #3059, #2818, #172, #1300, #157, #1126, #871 ),
 .UNSPECIFIED., .F., .T. ) 
 B_SPLINE_CURVE_WITH_KNOTS ( ( 3, 2, 2, 3 ),
 ( 0.2333333333333332538, 0.2444444444444443809, 0.2555555555555555358, 0.2666666666666666630 ),
 .UNSPECIFIED. ) 
 CURVE ( )  GEOMETRIC_REPRESENTATION_ITEM ( )  RATIONAL_B_SPLINE_CURVE ( ( 1.000000000000001110, 0.8660254037844377084, 1.000000000000000000, 0.8660254037844387076, 1.000000000000000000, 0.8660254037844387076, 1.000000000000000000 ) ) 
 REPRESENTATION_ITEM ( '' )  );
#1002 = EDGE_CURVE ( 'NONE', #811, #1804, #686, .T. ) ;
#1003 = ORIENTED_EDGE ( 'NONE', *, *, #1702, .T. ) ;
#1004 = CARTESIAN_POINT ( 'NONE',  ( 0.5773502691896259531, -1.000000000000002220, 0.4333333333333280746 ) ) ;
#1005 = CARTESIAN_POINT ( 'NONE',  ( -0.4273502691896248762, -0.7401923788646677105, 0.9666666666666590135 ) ) ;
#1006 = CARTESIAN_POINT ( 'NONE',  ( 0.000000000000000000, 0.7401923788646650459, 1.249999999999992450 ) ) ;
#1007 = CARTESIAN_POINT ( 'NONE',  ( -0.1027150441303306266, -0.6912527915680432011, 2.945749438421303878 ) ) ;
#1008 = CARTESIAN_POINT ( 'NONE',  ( -0.4273502691896246541, 0.7401923788646659341, -1.166666666666674068 ) ) ;
#1009 = CARTESIAN_POINT ( 'NONE',  ( -0.6410254037844370645, -0.3700961894323346324, 1.383333333333325754 ) ) ;
#1010 = CARTESIAN_POINT ( 'NONE',  ( 0.4273502691896243766, -0.7401923788646672664, -1.716666666666674557 ) ) ;
#1011 = CARTESIAN_POINT ( 'NONE',  ( 0.000000000000000000, 1.021650635094609738, 1.012499999999995071 ) ) ;
#1012 = CARTESIAN_POINT ( 'NONE',  ( 0.5773502691896249539, -1.000000000000002887, -1.966666666666672114 ) ) ;
#1013 =( GEOMETRIC_REPRESENTATION_CONTEXT ( 3 ) GLOBAL_UNCERTAINTY_ASSIGNED_CONTEXT ( ( #1423 ) ) GLOBAL_UNIT_ASSIGNED_CONTEXT ( ( #114, #1337, #827 ) ) REPRESENTATION_CONTEXT ( 'NONE', 'WORKASPACE' ) );
#1014 = VERTEX_POINT ( 'NONE', #979 ) ;
#1015 = ORIENTED_EDGE ( 'NONE', *, *, #2578, .T. ) ;
#1016 = B_SPLINE_CURVE_WITH_KNOTS ( 'NONE', 3,
 ( #2006, #1761, #2021, #2734 ),
 .UNSPECIFIED., .F., .F.,
 ( 4, 4 ),
 ( 0.0007962593265048679633, 0.001184944431010547189 ),
 .UNSPECIFIED. ) ;
#1017 = DIRECTION ( 'NONE',  ( -0.000000000000000000, 1.224646799147353207E-16, -1.000000000000000000 ) ) ;
#1018 = CARTESIAN_POINT ( 'NONE',  ( 0.4273502691896245431, -0.7401923788646681546, 0.6333333333333259763 ) ) ;
#1019 = CYLINDRICAL_SURFACE ( 'NONE', #1793, 1.000000000000001110 ) ;
#1020 = CARTESIAN_POINT ( 'NONE',  ( -0.4273502691896244876, 0.7401923788646651570, 1.233333333333325843 ) ) ;
#1021 = CARTESIAN_POINT ( 'NONE',  ( -0.4273502691896246541, 0.7401923788646660451, -1.966666666666673668 ) ) ;
#1022 = CARTESIAN_POINT ( 'NONE',  ( -0.4273502691896248762, -0.7401923788646671554, -0.5833333333333410309 ) ) ;
#1023 = CARTESIAN_POINT ( 'NONE',  ( 0.6410254037844373975, 0.3700961894323317458, -0.4666666666666742236 ) ) ;
#1024 = CARTESIAN_POINT ( 'NONE',  ( -9.064742275298787661E-17, -0.7401923788646677105, 0.2499999999999924227 ) ) ;
#1025 = CARTESIAN_POINT ( 'NONE',  ( -9.064742275298787661E-17, -0.7401923788646669333, -2.550000000000007816 ) ) ;
#1026 = CARTESIAN_POINT ( 'NONE',  ( -1.179700538379251595, -8.218246902834850098E-16, -0.8875000000000050626 ) ) ;
#1027 = EDGE_CURVE ( 'NONE', #2353, #731, #2528, .T. ) ;
#1028 = DIRECTION ( 'NONE',  ( 1.000000000000000000, 0.000000000000000000, 0.000000000000000000 ) ) ;
#1029 = AXIS2_PLACEMENT_3D ( 'NONE', #2324, #1596, #912 ) ;
#1030 = ORIENTED_EDGE ( 'NONE', *, *, #396, .F. ) ;
#1031 = CARTESIAN_POINT ( 'NONE',  ( -0.8660254037844393737, 0.4999999999999996669, -0.9333333333333377890 ) ) ;
#1032 = LINE ( 'NONE', #48, #876 ) ;
#1033 = CARTESIAN_POINT ( 'NONE',  ( 0.8660254037844391517, -0.5000000000000024425, 1.316666666666675534 ) ) ;
#1034 = B_SPLINE_CURVE_WITH_KNOTS ( 'NONE', 3,
 ( #1870, #2089, #3064, #2343, #2358, #410, #175, #2110 ),
 .UNSPECIFIED., .F., .F.,
 ( 4, 2, 2, 4 ),
 ( 2.544447657720180361E-07, 0.0001940764893329929115, 0.0003878985339002137718, 0.0007755426230346559261 ),
 .UNSPECIFIED. ) ;
#1035 = ORIENTED_EDGE ( 'NONE', *, *, #2595, .F. ) ;
#1036 = DIRECTION ( 'NONE',  ( -0.8660254037844387076, -0.4999999999999998890, 0.000000000000000000 ) ) ;
#1037 = CARTESIAN_POINT ( 'NONE',  ( -0.8547005383792493083, -1.454716429059510515E-15, 1.299999999999993161 ) ) ;
#1038 = CARTESIAN_POINT ( 'NONE',  ( 0.000000000000000000, 0.7401923788646660451, -2.000000000000007550 ) ) ;
#1039 = CARTESIAN_POINT ( 'NONE',  ( -0.8660254037844395958, -0.5000000000000016653, 0.7833333333333424298 ) ) ;
#1040 = CARTESIAN_POINT ( 'NONE',  ( -0.4372887098050964316, -0.4980865956269571737, 2.899167121815192427 ) ) ;
#1041 = CARTESIAN_POINT ( 'NONE',  ( 0.6410254037844373975, 0.3700961894323318568, -0.8666666666666740237 ) ) ;
#1042 = CARTESIAN_POINT ( 'NONE',  ( -0.6410254037844369535, 0.3700961894323320789, 0.5166666666666591690 ) ) ;
#1043 = CARTESIAN_POINT ( 'NONE',  ( -0.4273502691896244876, 0.7401923788646661562, -2.316666666666674423 ) ) ;
#1044 = CARTESIAN_POINT ( 'NONE',  ( -9.064742275298787661E-17, -0.7401923788646668223, -2.950000000000007727 ) ) ;
#1045 = EDGE_CURVE ( 'NONE', #2936, #43, #1862, .T. ) ;
#1046 = CARTESIAN_POINT ( 'NONE',  ( -0.8847754037844389741, -0.5108253175473069785, 1.170833333333344495 ) ) ;
#1047 = CARTESIAN_POINT ( 'NONE',  ( -0.5773502691896231775, -1.000000000000007105, -1.583333333333324378 ) ) ;
#1048 = CARTESIAN_POINT ( 'NONE',  ( -0.5773502691896281735, -0.9999999999999985567, -0.8333333333333389215 ) ) ;
#1049 = CARTESIAN_POINT ( 'NONE',  ( -0.5773502691896300609, -0.9999999999999965583, 1.216666666666675223 ) ) ;
#1050 = EDGE_LOOP ( 'NONE', ( #605, #1786, #2218, #516 ) ) ;
#1051 = CARTESIAN_POINT ( 'NONE',  ( 0.000000000000000000, 0.000000000000000000, 0.000000000000000000 ) ) ;
#1052 = CARTESIAN_POINT ( 'NONE',  ( 0.8847754037844385300, -0.5108253175473068675, -1.495833333333322912 ) ) ;
#1053 = CARTESIAN_POINT ( 'NONE',  ( -0.6410254037844371755, -0.3700961894323341328, -0.6666666666666739571 ) ) ;
#1054 = CARTESIAN_POINT ( 'NONE',  ( -0.4273502691896244876, 0.7401923788646647129, 2.083333333333325932 ) ) ;
#1055 = CARTESIAN_POINT ( 'NONE',  ( 0.4273502691896244876, -0.7401923788646684876, 1.833333333333325710 ) ) ;
#1056 = CARTESIAN_POINT ( 'NONE',  ( -0.6410254037844370645, -0.3700961894323342993, 0.1833333333333257154 ) ) ;
#1057 = CARTESIAN_POINT ( 'NONE',  ( -0.4273502691896244876, 0.7401923788646660451, -1.916666666666674290 ) ) ;
#1058 = ORIENTED_EDGE ( 'NONE', *, *, #1503, .T. ) ;
#1059 = CARTESIAN_POINT ( 'NONE',  ( -0.8847754037844386410, 0.5108253175473039809, 1.479166666666661634 ) ) ;
#1060 = CARTESIAN_POINT ( 'NONE',  ( -0.8847754037844389741, -0.5108253175473072005, 1.970833333333344761 ) ) ;
#1061 = CARTESIAN_POINT ( 'NONE',  ( 0.5773502691896242878, -1.000000000000005107, 0.03333333333332805931 ) ) ;
#1062 = CARTESIAN_POINT ( 'NONE',  ( 0.000000000000000000, 1.000000000000000444, -2.549999999999990941 ) ) ;
#1063 = CARTESIAN_POINT ( 'NONE',  ( 0.1021696567345065781, -0.6915676711278346822, 2.941012321179941047 ) ) ;
#1064 = EDGE_CURVE ( 'NONE', #2099, #2723, #1123, .T. ) ;
#1065 = ORIENTED_EDGE ( 'NONE', *, *, #1864, .T. ) ;
#1066 = CARTESIAN_POINT ( 'NONE',  ( 0.5773502691896292838, -0.9999999999999965583, 1.233333333333328730 ) ) ;
#1067 = CARTESIAN_POINT ( 'NONE',  ( -1.179700538379251817, -6.046506551179316034E-16, -1.662499999999988987 ) ) ;
#1068 = CARTESIAN_POINT ( 'NONE',  ( 0.4273502691896245431, -0.7401923788646678215, -0.5666666666666739793 ) ) ;
#1069 = CARTESIAN_POINT ( 'NONE',  ( 0.4273502691896243766, -0.7401923788646681546, 1.483333333333326287 ) ) ;
#1070 = CARTESIAN_POINT ( 'NONE',  ( -9.064742275298788894E-17, -0.7401923788646679325, 0.5999999999999924283 ) ) ;
#1071 = CARTESIAN_POINT ( 'NONE',  ( -0.4273502691896248762, -0.7401923788646668223, -2.233333333333340498 ) ) ;
#1072 = CARTESIAN_POINT ( 'NONE',  ( -0.4273502691896244876, 0.7401923788646652680, 0.8833333333333254211 ) ) ;
#1073 = CARTESIAN_POINT ( 'NONE',  ( 0.7505553499465129619, 8.739904209134028646E-15, 3.000000000000000000 ) ) ;
#1074 = CARTESIAN_POINT ( 'NONE',  ( 0.8847754037844384190, -0.5108253175473077556, 2.479166666666660745 ) ) ;
#1075 = CARTESIAN_POINT ( 'NONE',  ( 1.154700538379252572, -1.046627843122806279E-15, -1.100000000000004752 ) ) ;
#1076 = CARTESIAN_POINT ( 'NONE',  ( 1.179700538379251817, -1.846357461887059369E-15, 1.737500000000011147 ) ) ;
#1077 = CARTESIAN_POINT ( 'NONE',  ( 0.000000000000000000, 1.000000000000000444, -2.600000000000004086 ) ) ;
#1078 = VERTEX_POINT ( 'NONE', #589 ) ;
#1079 = CARTESIAN_POINT ( 'NONE',  ( 0.000000000000000000, 1.000000000000000666, -3.000000000000000000 ) ) ;
#1080 = AXIS2_PLACEMENT_3D ( 'NONE', #2834, #623, #1817 ) ;
#1081 = CARTESIAN_POINT ( 'NONE',  ( -1.224646799147354440E-16, -1.000000000000001776, -0.4000000000000050737 ) ) ;
#1082 = AXIS2_PLACEMENT_3D ( 'NONE', #1569, #824, #593 ) ;
#1083 = ORIENTED_EDGE ( 'NONE', *, *, #2837, .T. ) ;
#1084 = AXIS2_PLACEMENT_3D ( 'NONE', #2491, #2992, #327 ) ;
#1085 = EDGE_CURVE ( 'NONE', #2086, #1254, #2726, .T. ) ;
#1086 = CARTESIAN_POINT ( 'NONE',  ( -0.5898502691896257977, 1.021650635094610626, -2.129166666666654883 ) ) ;
#1087 = CARTESIAN_POINT ( 'NONE',  ( 0.4273502691896243766, -0.7401923788646685987, 2.683333333333326021 ) ) ;
#1088 = CARTESIAN_POINT ( 'NONE',  ( -0.6410254037844371755, -0.3700961894323344659, 0.5333333333333257764 ) ) ;
#1089 = CARTESIAN_POINT ( 'NONE',  ( 0.4273502691896250982, 0.7401923788646656011, -1.633333333333341075 ) ) ;
#1090 = CARTESIAN_POINT ( 'NONE',  ( 0.8547005383792493083, -1.061574877537160398E-15, -0.8500000000000078604 ) ) ;
#1091 = CARTESIAN_POINT ( 'NONE',  ( -0.5898502691896261307, -1.021650635094612625, 2.379166666666661101 ) ) ;
#1092 = CARTESIAN_POINT ( 'NONE',  ( 0.7678393674550518799, -0.4189226968494987879, 1.800000000000000488 ) ) ;
#1093 = CARTESIAN_POINT ( 'NONE',  ( -1.224646799147354440E-16, -1.000000000000001998, 0.05000000000000878048 ) ) ;
#1094 = FACE_OUTER_BOUND ( 'NONE', #702, .T. ) ;
#1095 = VERTEX_POINT ( 'NONE', #636 ) ;
#1096 = CARTESIAN_POINT ( 'NONE',  ( 0.2551356476730323175, -0.9531441488933395378, -2.721578050552209138 ) ) ;
#1097 = ORIENTED_EDGE ( 'NONE', *, *, #1238, .T. ) ;
#1098 = CARTESIAN_POINT ( 'NONE',  ( 0.8660254037844398178, 0.4999999999999981681, 1.333333333333328152 ) ) ;
#1099 = CARTESIAN_POINT ( 'NONE',  ( -0.8847754037844389741, -0.5108253175473057572, -2.829166666666655949 ) ) ;
#1100 = CARTESIAN_POINT ( 'NONE',  ( -0.4273502691896249872, -0.7401923788646672664, -1.033333333333340986 ) ) ;
#1101 = CARTESIAN_POINT ( 'NONE',  ( -0.4273502691896248762, -0.7401923788646680435, 2.616666666666659591 ) ) ;
#1102 = EDGE_CURVE ( 'NONE', #3123, #251, #2735, .T. ) ;
#1103 = CARTESIAN_POINT ( 'NONE',  ( -9.064742275298788894E-17, -0.7401923788646678215, 0.1999999999999927114 ) ) ;
#1104 = CARTESIAN_POINT ( 'NONE',  ( -0.4273502691896248762, -0.7401923788646670443, -1.433333333333340454 ) ) ;
#1105 = CARTESIAN_POINT ( 'NONE',  ( 0.000000000000000000, 0.7401923788646653790, 0.04999999999999232836 ) ) ;
#1106 = CARTESIAN_POINT ( 'NONE',  ( 0.000000000000000000, 0.7401923788646662672, -3.150000000000007905 ) ) ;
#1107 =( BOUNDED_CURVE ( )  B_SPLINE_CURVE ( 2, ( #2421, #684, #2616, #18, #215, #925, #1198 ),
 .UNSPECIFIED., .F., .F. ) 
 B_SPLINE_CURVE_WITH_KNOTS ( ( 3, 2, 2, 3 ),
 ( 0.7333333333333332815, 0.7444444444444444642, 0.7555555555555554248, 0.7666666666666666075 ),
 .UNSPECIFIED. ) 
 CURVE ( )  GEOMETRIC_REPRESENTATION_ITEM ( )  RATIONAL_B_SPLINE_CURVE ( ( 1.000000000000000000, 0.8660254037844387076, 1.000000000000000000, 0.8660254037844387076, 1.000000000000000000, 0.8660254037844400399, 0.9999999999999986677 ) ) 
 REPRESENTATION_ITEM ( '' )  );
#1108 = CARTESIAN_POINT ( 'NONE',  ( -0.6410254037844370645, -0.3700961894323335222, -2.616666666666674246 ) ) ;
#1109 = CARTESIAN_POINT ( 'NONE',  ( -0.8660254037844393737, 0.4999999999999998890, -1.733333333333337833 ) ) ;
#1110 = DIRECTION ( 'NONE',  ( 8.659560562354948882E-17, 0.7071067811865486830, 0.7071067811865464625 ) ) ;
#1111 = ORIENTED_EDGE ( 'NONE', *, *, #2935, .F. ) ;
#1112 = ORIENTED_EDGE ( 'NONE', *, *, #1745, .F. ) ;
#1113 = CYLINDRICAL_SURFACE ( 'NONE', #723, 1.000000000000001110 ) ;
#1114 = CARTESIAN_POINT ( 'NONE',  ( 1.179700538379251817, -8.375490404728544157E-16, -1.862499999999989164 ) ) ;
#1115 = CARTESIAN_POINT ( 'NONE',  ( -0.5186004454876108616, -0.5281461309802308879, 1.800000000000000044 ) ) ;
#1116 = CARTESIAN_POINT ( 'NONE',  ( -0.4273502691896249317, -0.7401923788646678215, 1.366666666666659369 ) ) ;
#1117 = CARTESIAN_POINT ( 'NONE',  ( -0.4273502691896244876, 0.7401923788646660451, -1.966666666666673668 ) ) ;
#1118 = CARTESIAN_POINT ( 'NONE',  ( -0.8547005383792493083, -9.082785341268160830E-16, -0.6500000000000077938 ) ) ;
#1119 = CARTESIAN_POINT ( 'NONE',  ( -9.064742275298787661E-17, -0.7401923788646672664, -1.350000000000007638 ) ) ;
#1120 = DIRECTION ( 'NONE',  ( 0.000000000000000000, 1.000000000000000000, 0.000000000000000000 ) ) ;
#1121 = CARTESIAN_POINT ( 'NONE',  ( -0.6500000000000001332, -0.3752776749732567585, 2.160000000000000142 ) ) ;
#1122 = CARTESIAN_POINT ( 'NONE',  ( 0.3079019223299924723, -0.6909049607082299316, -2.959807621135142508 ) ) ;
#1123 =( BOUNDED_CURVE ( )  B_SPLINE_CURVE ( 2, ( #2034, #2309, #344, #3075, #2294, #1782, #140 ),
 .UNSPECIFIED., .F., .F. ) 
 B_SPLINE_CURVE_WITH_KNOTS ( ( 3, 2, 2, 3 ),
 ( 0.7333333333333332815, 0.7444444444444443532, 0.7555555555555555358, 0.7666666666666666075 ),
 .UNSPECIFIED. ) 
 CURVE ( )  GEOMETRIC_REPRESENTATION_ITEM ( )  RATIONAL_B_SPLINE_CURVE ( ( 1.000000000000001332, 0.8660254037844373753, 1.000000000000000000, 0.8660254037844387076, 1.000000000000000000, 0.8660254037844387076, 1.000000000000000000 ) ) 
 REPRESENTATION_ITEM ( '' )  );
#1124 = EDGE_LOOP ( 'NONE', ( #2220, #1424, #1550, #408 ) ) ;
#1125 = AXIS2_PLACEMENT_3D ( 'NONE', #1670, #472, #1178 ) ;
#1126 = CARTESIAN_POINT ( 'NONE',  ( 0.5773502691896268413, 0.9999999999999997780, -1.433333333333337789 ) ) ;
#1127 = CARTESIAN_POINT ( 'NONE',  ( 0.000000000000000000, 0.9999999999999993339, 1.050000000000009592 ) ) ;
#1128 = ORIENTED_EDGE ( 'NONE', *, *, #732, .T. ) ;
#1129 = APPROVAL_DATE_TIME ( #3081, #425 ) ;
#1130 = CARTESIAN_POINT ( 'NONE',  ( -0.8847754037844389741, -0.5108253175473066454, -0.02916666666665564817 ) ) ;
#1131 = AXIS2_PLACEMENT_3D ( 'NONE', #1433, #314, #1764 ) ;
#1132 = CARTESIAN_POINT ( 'NONE',  ( 1.903235337701470189E-11, -0.9683012701899454955, -2.731698729810053905 ) ) ;
#1133 = AXIS2_PLACEMENT_3D ( 'NONE', #2839, #1620, #2590 ) ;
#1134 = CARTESIAN_POINT ( 'NONE',  ( 0.000000000000000000, -3.494140929970925097E-16, -3.000000000000000000 ) ) ;
#1135 = CARTESIAN_POINT ( 'NONE',  ( 0.4273502691896250982, 0.7401923788646660451, -2.833333333333340587 ) ) ;
#1136 = CARTESIAN_POINT ( 'NONE',  ( 0.8547005383792493083, -1.397844351341894857E-15, 0.3499999999999922617 ) ) ;
#1137 = CARTESIAN_POINT ( 'NONE',  ( 0.8547005383792493083, -9.494850529355820481E-16, -1.250000000000007994 ) ) ;
#1138 = CARTESIAN_POINT ( 'NONE',  ( 0.1730410065708487544, -0.7635702211002616258, 1.799999999999992495 ) ) ;
#1139 = DIRECTION ( 'NONE',  ( -0.5000000000000002220, -0.8660254037844385966, 0.000000000000000000 ) ) ;
#1140 = CARTESIAN_POINT ( 'NONE',  ( 0.8847754037844390851, 0.5108253175473038699, -1.054166666666672025 ) ) ;
#1141 = CARTESIAN_POINT ( 'NONE',  ( -0.2127112901949033130, 0.6277464292928139900, 2.899167121815175108 ) ) ;
#1142 = EDGE_CURVE ( 'NONE', #1712, #3063, #1204, .T. ) ;
#1143 = EDGE_LOOP ( 'NONE', ( #2341, #2525 ) ) ;
#1144 = FACE_OUTER_BOUND ( 'NONE', #842, .T. ) ;
#1145 = EDGE_LOOP ( 'NONE', ( #2989, #3095, #1111, #1834, #2410, #2897, #1456, #901, #2368, #2817, #50, #608, #471, #1362, #2007, #2441, #888, #188, #5, #688, #2123, #2465, #1538, #1239, #46, #2790, #1501 ) ) ;
#1146 = DATE_AND_TIME ( #441, #2639 ) ;
#1147 = CARTESIAN_POINT ( 'NONE',  ( 0.000000000000000000, 1.021650635094610182, -0.5624999999999887867 ) ) ;
#1148 = B_SPLINE_CURVE_WITH_KNOTS ( 'NONE', 3,
 ( #2349, #1138, #138, #3053, #1092, #2812, #435, #2847, #3090, #666 ),
 .UNSPECIFIED., .F., .F.,
 ( 4, 2, 2, 2, 4 ),
 ( 3.724176197058782974E-21, 0.0005164058409319350349, 0.001032811681863870070, 0.001549217522795805213, 0.002065623363727740140 ),
 .UNSPECIFIED. ) ;
#1149 = CARTESIAN_POINT ( 'NONE',  ( -1.189463854480177987E-16, -0.7505553499465136280, 2.160000000000000142 ) ) ;
#1150 = CARTESIAN_POINT ( 'NONE',  ( 1.903235337701470189E-11, -0.9683012701899454955, -2.731698729810053905 ) ) ;
#1151 = CARTESIAN_POINT ( 'NONE',  ( -0.4273502691896248762, -0.7401923788646671554, -0.6333333333333407422 ) ) ;
#1152 = CARTESIAN_POINT ( 'NONE',  ( 0.6410254037844368424, -0.3700961894323353540, 2.316666666666658880 ) ) ;
#1153 = CARTESIAN_POINT ( 'NONE',  ( -9.064742275298788894E-17, -0.7401923788646670443, -2.600000000000007638 ) ) ;
#1154 = CARTESIAN_POINT ( 'NONE',  ( 0.000000000000000000, 0.7401923788646661562, -2.750000000000007550 ) ) ;
#1155 = FACE_OUTER_BOUND ( 'NONE', #2426, .T. ) ;
#1156 = CARTESIAN_POINT ( 'NONE',  ( -0.6410254037844369535, 0.3700961894323324120, -0.6833333333333408977 ) ) ;
#1157 = FACE_OUTER_BOUND ( 'NONE', #719, .T. ) ;
#1158 = CARTESIAN_POINT ( 'NONE',  ( -0.5898502691896256866, 1.021650635094610404, -1.754166666666671537 ) ) ;
#1159 = FACE_OUTER_BOUND ( 'NONE', #762, .T. ) ;
#1160 = CARTESIAN_POINT ( 'NONE',  ( 0.000000000000000000, -3.494140929970925097E-16, -3.000000000000000000 ) ) ;
#1161 = ORIENTED_EDGE ( 'NONE', *, *, #639, .T. ) ;
#1162 = CARTESIAN_POINT ( 'NONE',  ( 1.179700538379251817, -1.061728689676011116E-15, -1.062499999999989342 ) ) ;
#1163 = EDGE_CURVE ( 'NONE', #3077, #2603, #1361, .T. ) ;
#1164 = DIRECTION ( 'NONE',  ( -1.000000000000000000, 0.000000000000000000, -0.000000000000000000 ) ) ;
#1165 = CARTESIAN_POINT ( 'NONE',  ( -0.5603621854004928737, 0.6759196797636717324, -2.830167737389740701 ) ) ;
#1166 = CARTESIAN_POINT ( 'NONE',  ( 0.8547005383792493083, -1.383833123266697933E-15, 0.2999999999999925504 ) ) ;
#1167 = CARTESIAN_POINT ( 'NONE',  ( 0.000000000000000000, 0.7401923788646649349, 1.649999999999992584 ) ) ;
#1168 = CARTESIAN_POINT ( 'NONE',  ( 0.4273502691896243766, -0.7401923788646671554, -2.116666666666674690 ) ) ;
#1169 = CARTESIAN_POINT ( 'NONE',  ( 0.6410254037844368424, -0.3700961894323345214, -0.8833333333333409643 ) ) ;
#1170 = CARTESIAN_POINT ( 'NONE',  ( 0.5773502691896268413, 0.9999999999999996669, -0.1833333333333236337 ) ) ;
#1171 = CARTESIAN_POINT ( 'NONE',  ( -1.251161180115476108E-16, -1.021650635094611514, -2.387500000000005951 ) ) ;
#1172 = CARTESIAN_POINT ( 'NONE',  ( -1.224646799147354440E-16, -1.000000000000001554, -1.600000000000005418 ) ) ;
#1173 = VERTEX_POINT ( 'NONE', #169 ) ;
#1174 = CARTESIAN_POINT ( 'NONE',  ( 0.5898502691896256866, -1.021650635094612847, 0.4708333333333438731 ) ) ;
#1175 = CARTESIAN_POINT ( 'NONE',  ( 0.8547005383792494193, -1.271743298665120174E-15, -0.1000000000000071942 ) ) ;
#1176 = CARTESIAN_POINT ( 'NONE',  ( 0.000000000000000000, 1.000000000000000000, -1.349999999999990541 ) ) ;
#1177 = EDGE_CURVE ( 'NONE', #885, #466, #348, .T. ) ;
#1178 = DIRECTION ( 'NONE',  ( 0.000000000000000000, 1.000000000000000000, 0.000000000000000000 ) ) ;
#1179 = CARTESIAN_POINT ( 'NONE',  ( 0.4273502691896250982, 0.7401923788646649349, 0.7666666666666593910 ) ) ;
#1180 = CARTESIAN_POINT ( 'NONE',  ( 0.8547005383792493083, -1.622024000545051754E-15, 1.149999999999992140 ) ) ;
#1181 = CARTESIAN_POINT ( 'NONE',  ( 0.4273502691896250982, 0.7401923788646660451, -2.783333333333341209 ) ) ;
#1182 = CONICAL_SURFACE ( 'NONE', #283, 0.9999999999999997780, 0.7853981633974499443 ) ;
#1183 = AXIS2_PLACEMENT_3D ( 'NONE', #2737, #546, #2221 ) ;
#1184 = CARTESIAN_POINT ( 'NONE',  ( 0.6410254037844372865, 0.3700961894323320234, -1.616666666666674468 ) ) ;
#1185 = DIRECTION ( 'NONE',  ( -0.000000000000000000, 1.224646799147353207E-16, -1.000000000000000000 ) ) ;
#1186 = CARTESIAN_POINT ( 'NONE',  ( 0.8847754037844384190, -0.5108253175473068675, -1.120833333333339121 ) ) ;
#1187 = CARTESIAN_POINT ( 'NONE',  ( 0.8660254037844391517, -0.5000000000000013323, -2.683333333333324688 ) ) ;
#1188 = ORIENTED_EDGE ( 'NONE', *, *, #755, .F. ) ;
#1189 = CARTESIAN_POINT ( 'NONE',  ( -1.251161180115476355E-16, -1.021650635094612403, 0.03750000000001061512 ) ) ;
#1190 = FACE_OUTER_BOUND ( 'NONE', #2655, .T. ) ;
#1191 = CARTESIAN_POINT ( 'NONE',  ( -0.6410254037844371755, -0.3700961894323349100, 2.133333333333326642 ) ) ;
#1192 = CARTESIAN_POINT ( 'NONE',  ( -9.064742275298787661E-17, -0.7401923788646675995, -0.2000000000000074496 ) ) ;
#1193 = CARTESIAN_POINT ( 'NONE',  ( -9.064742275298787661E-17, -0.7401923788646682656, 2.249999999999992450 ) ) ;
#1194 = CARTESIAN_POINT ( 'NONE',  ( -0.4273502691896249872, -0.7401923788646668223, -2.233333333333340498 ) ) ;
#1195 = CARTESIAN_POINT ( 'NONE',  ( -0.4273502691896248762, -0.7401923788646672664, -0.1833333333333409254 ) ) ;
#1196 = ADVANCED_FACE ( 'NONE', ( #1094 ), #1815, .T. ) ;
#1197 = CARTESIAN_POINT ( 'NONE',  ( -0.8547005383792493083, -4.599192357205028800E-16, -2.250000000000007550 ) ) ;
#1198 = CARTESIAN_POINT ( 'NONE',  ( -1.224646799147354440E-16, -1.000000000000002442, 1.599999999999994538 ) ) ;
#1199 = CARTESIAN_POINT ( 'NONE',  ( 0.000000000000000000, 1.021650635094610404, -1.387500000000004841 ) ) ;
#1200 = EDGE_CURVE ( 'NONE', #43, #394, #2508, .T. ) ;
#1201 = CYLINDRICAL_SURFACE ( 'NONE', #1286, 2.000000000000000000 ) ;
#1202 = CARTESIAN_POINT ( 'NONE',  ( -0.5773502691896231775, -1.000000000000007772, 1.166666666666661856 ) ) ;
#1203 = ORIENTED_EDGE ( 'NONE', *, *, #1521, .F. ) ;
#1204 =( BOUNDED_CURVE ( )  B_SPLINE_CURVE ( 2, ( #406, #2569, #1597, #1299, #573, #1565, #1799 ),
 .UNSPECIFIED., .F., .F. ) 
 B_SPLINE_CURVE_WITH_KNOTS ( ( 3, 2, 2, 3 ),
 ( 0.6333333333333331927, 0.6444444444444443754, 0.6555555555555555580, 0.6666666666666666297 ),
 .UNSPECIFIED. ) 
 CURVE ( )  GEOMETRIC_REPRESENTATION_ITEM ( )  RATIONAL_B_SPLINE_CURVE ( ( 1.000000000000001332, 0.8660254037844373753, 1.000000000000000000, 0.8660254037844387076, 1.000000000000000000, 0.8660254037844387076, 1.000000000000000000 ) ) 
 REPRESENTATION_ITEM ( '' )  );
#1205 = DIRECTION ( 'NONE',  ( -0.000000000000000000, 1.224646799147353207E-16, -1.000000000000000000 ) ) ;
#1206 = CARTESIAN_POINT ( 'NONE',  ( -0.4273502691896246541, 0.7401923788646652680, 0.8333333333333257098 ) ) ;
#1207 = CARTESIAN_POINT ( 'NONE',  ( -1.224646799147354440E-16, -1.000000000000001776, -0.4000000000000050737 ) ) ;
#1208 = EDGE_LOOP ( 'NONE', ( #2088, #345, #929, #3028 ) ) ;
#1209 = CYLINDRICAL_SURFACE ( 'NONE', #622, 1.000000000000001110 ) ;
#1210 = CARTESIAN_POINT ( 'NONE',  ( 0.8547005383792493083, -1.159653474063541233E-15, -0.5000000000000073275 ) ) ;
#1211 = CARTESIAN_POINT ( 'NONE',  ( -9.064742275298787661E-17, -0.7401923788646680435, 1.449999999999992184 ) ) ;
#1212 = CARTESIAN_POINT ( 'NONE',  ( 0.6410254037844373975, 0.3700961894323324120, -2.866666666666674246 ) ) ;
#1213 = CARTESIAN_POINT ( 'NONE',  ( -0.8547005383792493083, -1.356637832533129089E-15, 0.9499999999999924061 ) ) ;
#1214 = CARTESIAN_POINT ( 'NONE',  ( 0.000000000000000000, 0.7401923788646657121, -0.8000000000000072609 ) ) ;
#1215 = CARTESIAN_POINT ( 'NONE',  ( -0.6410254037844369535, 0.3700961894323325785, -1.483333333333341164 ) ) ;
#1216 = CARTESIAN_POINT ( 'NONE',  ( -1.154700538379252572, -3.714933933573067947E-16, -2.500000000000004885 ) ) ;
#1217 = CARTESIAN_POINT ( 'NONE',  ( -0.5898502691896256866, 1.021650635094609960, 0.2458333333333283521 ) ) ;
#1218 = ADVANCED_FACE ( 'NONE', ( #186 ), #1348, .T. ) ;
#1219 = LINE ( 'NONE', #2197, #1585 ) ;
#1220 = CARTESIAN_POINT ( 'NONE',  ( 0.5773502691896295058, -0.9999999999999958922, -1.516666666666657504 ) ) ;
#1221 = VERTEX_POINT ( 'NONE', #2728 ) ;
#1222 = CARTESIAN_POINT ( 'NONE',  ( -1.251161180115476355E-16, -1.021650635094613069, 2.037500000000010747 ) ) ;
#1223 = CYLINDRICAL_SURFACE ( 'NONE', #2049, 1.000000000000001110 ) ;
#1224 = APPLICATION_CONTEXT ( 'configuration controlled 3d designs of mechanical parts and assemblies' ) ;
#1225 =( BOUNDED_CURVE ( )  B_SPLINE_CURVE ( 2, ( #361, #1584, #2035, #2555, #2788, #376, #1802 ),
 .UNSPECIFIED., .F., .T. ) 
 B_SPLINE_CURVE_WITH_KNOTS ( ( 3, 2, 2, 3 ),
 ( 0.3666666666666666963, 0.3777777777777777124, 0.3888888888888887840, 0.3999999999999999112 ),
 .UNSPECIFIED. ) 
 CURVE ( )  GEOMETRIC_REPRESENTATION_ITEM ( )  RATIONAL_B_SPLINE_CURVE ( ( 1.000000000000000000, 0.8660254037844387076, 1.000000000000000000, 0.8660254037844387076, 1.000000000000000000, 0.8660254037844400399, 0.9999999999999986677 ) ) 
 REPRESENTATION_ITEM ( '' )  );
#1226 = CARTESIAN_POINT ( 'NONE',  ( 0.000000000000000000, 0.9999999999999995559, 0.5999999999999957589 ) ) ;
#1227 = CARTESIAN_POINT ( 'NONE',  ( 0.6410254037844368424, -0.3700961894323354651, 2.666666666666659413 ) ) ;
#1228 = CARTESIAN_POINT ( 'NONE',  ( 0.6410254037844369535, -0.3700961894323340773, -2.533333333333340764 ) ) ;
#1229 = CARTESIAN_POINT ( 'NONE',  ( 0.000000000000000000, 0.7401923788646652680, 0.4499999999999925171 ) ) ;
#1230 = CARTESIAN_POINT ( 'NONE',  ( -0.6410254037844370645, 0.3700961894323329116, -2.333333333333341031 ) ) ;
#1231 = CARTESIAN_POINT ( 'NONE',  ( -0.6410254037844369535, 0.3700961894323319679, 0.9166666666666594132 ) ) ;
#1232 = CARTESIAN_POINT ( 'NONE',  ( 0.2338158926094248136, -0.7800470107489392291, -2.893836671073464650 ) ) ;
#1233 = VECTOR ( 'NONE', #111, 1000.000000000000000 ) ;
#1234 = CARTESIAN_POINT ( 'NONE',  ( 0.000000000000000000, 1.021650635094609960, 0.2124999999999952482 ) ) ;
#1235 = AXIS2_PLACEMENT_3D ( 'NONE', #2553, #1895, #2815 ) ;
#1236 = AXIS2_PLACEMENT_3D ( 'NONE', #2786, #604, #391 ) ;
#1237 = DIRECTION ( 'NONE',  ( 0.000000000000000000, 0.000000000000000000, 1.000000000000000000 ) ) ;
#1238 = EDGE_CURVE ( 'NONE', #3077, #1376, #1833, .T. ) ;
#1239 = ORIENTED_EDGE ( 'NONE', *, *, #903, .F. ) ;
#1240 = LINE ( 'NONE', #330, #81 ) ;
#1241 = DIRECTION ( 'NONE',  ( 0.000000000000000000, -1.000000000000000000, 0.000000000000000000 ) ) ;
#1242 = LINE ( 'NONE', #1684, #2101 ) ;
#1243 = ORIENTED_EDGE ( 'NONE', *, *, #2366, .T. ) ;
#1244 = CARTESIAN_POINT ( 'NONE',  ( -1.224646799147354440E-16, -1.000000000000002220, 0.7999999999999946043 ) ) ;
#1245 = CC_DESIGN_SECURITY_CLASSIFICATION ( #1570, ( #519 ) ) ;
#1246 = CARTESIAN_POINT ( 'NONE',  ( -0.6410254037844369535, 0.3700961894323317458, 1.666666666666659191 ) ) ;
#1247 = CARTESIAN_POINT ( 'NONE',  ( 0.8547005383792493083, -1.285754526740317098E-15, -0.05000000000000749678 ) ) ;
#1248 = CARTESIAN_POINT ( 'NONE',  ( -9.064742275298788894E-17, -0.7401923788646672664, -1.800000000000007594 ) ) ;
#1249 = CARTESIAN_POINT ( 'NONE',  ( -0.8547005383792493083, -1.468727657134707242E-15, 1.349999999999992761 ) ) ;
#1250 = CARTESIAN_POINT ( 'NONE',  ( -9.064742275298787661E-17, -0.7401923788646670443, -2.150000000000007905 ) ) ;
#1251 = CARTESIAN_POINT ( 'NONE',  ( -1.251161180115476108E-16, -1.021650635094611959, -0.7875000000000056399 ) ) ;
#1252 = CARTESIAN_POINT ( 'NONE',  ( -0.8660254037844394848, -0.5000000000000007772, -2.066666666666671315 ) ) ;
#1253 = ORIENTED_EDGE ( 'NONE', *, *, #2997, .T. ) ;
#1254 = VERTEX_POINT ( 'NONE', #117 ) ;
#1255 = CARTESIAN_POINT ( 'NONE',  ( -0.5773502691896262862, 0.9999999999999997780, -0.5166666666666571706 ) ) ;
#1256 = CARTESIAN_POINT ( 'NONE',  ( -0.8547005383792494193, -1.454716429059510318E-15, 1.299999999999992939 ) ) ;
#1257 = CARTESIAN_POINT ( 'NONE',  ( 0.5773502691896235106, 1.000000000000004885, 1.016666666666676822 ) ) ;
#1258 = VERTEX_POINT ( 'NONE', #3018 ) ;
#1259 = CARTESIAN_POINT ( 'NONE',  ( 0.000000000000000000, -3.494140929970925097E-16, -3.000000000000000000 ) ) ;
#1260 = CARTESIAN_POINT ( 'NONE',  ( 0.000000000000000000, 0.7401923788646649349, 1.599999999999992983 ) ) ;
#1261 = EDGE_CURVE ( 'NONE', #2031, #2477, #147, .T. ) ;
#1262 = CARTESIAN_POINT ( 'NONE',  ( -0.4273502691896244876, 0.7401923788646653790, 0.4833333333333256765 ) ) ;
#1263 = MANIFOLD_SOLID_BREP ( 'Combine1', #27 ) ;
#1264 = CARTESIAN_POINT ( 'NONE',  ( -0.8547005383792494193, -7.821774814500405132E-16, -1.100000000000007194 ) ) ;
#1265 = CARTESIAN_POINT ( 'NONE',  ( -0.4273502691896245431, 0.7401923788646649349, 1.283333333333325665 ) ) ;
#1266 = CARTESIAN_POINT ( 'NONE',  ( 0.8547005383792493083, -9.494850529355820481E-16, -1.250000000000007994 ) ) ;
#1267 = CARTESIAN_POINT ( 'NONE',  ( -1.251161180115476108E-16, -1.021650635094612403, 0.8124999999999942268 ) ) ;
#1268 = CARTESIAN_POINT ( 'NONE',  ( -1.224646799147354440E-16, -1.000000000000001332, -2.400000000000005240 ) ) ;
#1269 = ORIENTED_EDGE ( 'NONE', *, *, #1027, .T. ) ;
#1270 = CC_DESIGN_APPROVAL ( #1344, ( #2111 ) ) ;
#1271 = CARTESIAN_POINT ( 'NONE',  ( -0.8660254037844393737, 0.4999999999999994449, -0.1333333333333378834 ) ) ;
#1272 = CARTESIAN_POINT ( 'NONE',  ( 0.4273502691896245431, -0.7401923788646683766, 1.433333333333326465 ) ) ;
#1273 = DIRECTION ( 'NONE',  ( 1.000000000000000000, 0.000000000000000000, 0.000000000000000000 ) ) ;
#1274 = CARTESIAN_POINT ( 'NONE',  ( -0.6500000000000001332, 0.2591613964790653313, 2.941941860752902205 ) ) ;
#1275 = CARTESIAN_POINT ( 'NONE',  ( 0.4273502691896250982, 0.7401923788646647129, 1.566666666666659768 ) ) ;
#1276 = CARTESIAN_POINT ( 'NONE',  ( 0.6410254037844373975, 0.3700961894323321899, -2.066666666666673979 ) ) ;
#1277 = CARTESIAN_POINT ( 'NONE',  ( -0.4273502691896248762, -0.7401923788646678215, 1.416666666666658747 ) ) ;
#1278 = EDGE_CURVE ( 'NONE', #2477, #2070, #581, .T. ) ;
#1279 = CARTESIAN_POINT ( 'NONE',  ( 0.6410254037844369535, -0.3700961894323344659, -1.333333333333340809 ) ) ;
#1280 = CARTESIAN_POINT ( 'NONE',  ( -0.4273502691896248762, -0.7401923788646675995, 0.6166666666666590357 ) ) ;
#1281 = CARTESIAN_POINT ( 'NONE',  ( -0.8547005383792493083, -6.840988849236593829E-16, -1.450000000000007727 ) ) ;
#1282 = CARTESIAN_POINT ( 'NONE',  ( 0.8847754037844390851, 0.5108253175473037588, -0.6541666666666717811 ) ) ;
#1283 = CIRCLE ( 'NONE', #1082, 0.7505553499465129619 ) ;
#1284 = FACE_OUTER_BOUND ( 'NONE', #2749, .T. ) ;
#1285 = CARTESIAN_POINT ( 'NONE',  ( -0.5773502691896295058, 0.9999999999999943379, -1.716666666666657237 ) ) ;
#1286 = AXIS2_PLACEMENT_3D ( 'NONE', #1454, #2424, #745 ) ;
#1287 = FACE_OUTER_BOUND ( 'NONE', #995, .T. ) ;
#1288 = ORIENTED_EDGE ( 'NONE', *, *, #245, .T. ) ;
#1289 = CARTESIAN_POINT ( 'NONE',  ( 0.6410254037844372865, 0.3700961894323308576, 2.333333333333325932 ) ) ;
#1290 = CARTESIAN_POINT ( 'NONE',  ( -9.064742275298787661E-17, -0.7401923788646682656, 2.249999999999992450 ) ) ;
#1291 = CARTESIAN_POINT ( 'NONE',  ( -0.6410254037844370645, 0.3700961894323319124, 1.266666666666659058 ) ) ;
#1292 = CARTESIAN_POINT ( 'NONE',  ( 0.4273502691896243766, -0.7401923788646680435, 0.6833333333333256876 ) ) ;
#1293 = CARTESIAN_POINT ( 'NONE',  ( 0.4273502691896243766, -0.7401923788646670443, -2.516666666666674157 ) ) ;
#1294 = ADVANCED_FACE ( 'NONE', ( #443 ), #2824, .F. ) ;
#1295 = ORIENTED_EDGE ( 'NONE', *, *, #1869, .F. ) ;
#1296 = CARTESIAN_POINT ( 'NONE',  ( -1.179700538379251595, -1.606453462494532869E-15, 1.912499999999994538 ) ) ;
#1297 = CARTESIAN_POINT ( 'NONE',  ( 0.8847754037844385300, -0.5108253175473075336, 1.304166666666677354 ) ) ;
#1298 = EDGE_CURVE ( 'NONE', #2183, #885, #899, .T. ) ;
#1299 = CARTESIAN_POINT ( 'NONE',  ( 1.154700538379252572, -1.607076966130697833E-15, 0.8999999999999952482 ) ) ;
#1300 = CARTESIAN_POINT ( 'NONE',  ( 1.154700538379252572, -9.345380185212281265E-16, -1.500000000000004441 ) ) ;
#1301 = CARTESIAN_POINT ( 'NONE',  ( -0.5773502691896295058, 0.9999999999999938938, 1.083333333333343251 ) ) ;
#1302 = ORIENTED_EDGE ( 'NONE', *, *, #1372, .F. ) ;
#1303 = DIRECTION ( 'NONE',  ( 0.000000000000000000, -0.7071067811865465735, 0.7071067811865483499 ) ) ;
#1304 = CARTESIAN_POINT ( 'NONE',  ( -0.5898502691896262418, -1.021650635094611737, -1.995833333333323134 ) ) ;
#1305 = CARTESIAN_POINT ( 'NONE',  ( -0.6410254037844370645, -0.3700961894323348544, 2.183333333333326021 ) ) ;
#1306 = CARTESIAN_POINT ( 'NONE',  ( 0.6410254037844369535, -0.3700961894323348544, 0.2666666666666593910 ) ) ;
#1307 = CARTESIAN_POINT ( 'NONE',  ( 0.000000000000000000, 0.7401923788646660451, -2.400000000000007461 ) ) ;
#1308 =( BOUNDED_CURVE ( )  B_SPLINE_CURVE ( 2, ( #1452, #1710, #2683, #1216, #2377, #3120, #1437 ),
 .UNSPECIFIED., .F., .F. ) 
 B_SPLINE_CURVE_WITH_KNOTS ( ( 3, 2, 2, 3 ),
 ( 0.06666666666666669350, 0.07777777777777776513, 0.08888888888888883677, 0.09999999999999990841 ),
 .UNSPECIFIED. ) 
 CURVE ( )  GEOMETRIC_REPRESENTATION_ITEM ( )  RATIONAL_B_SPLINE_CURVE ( ( 0.9999999999999996669, 0.8660254037844390407, 1.000000000000000000, 0.8660254037844387076, 1.000000000000000000, 0.8660254037844399289, 0.9999999999999987788 ) ) 
 REPRESENTATION_ITEM ( '' )  );
#1309 = CARTESIAN_POINT ( 'NONE',  ( -0.6410254037844370645, -0.3700961894323334112, -3.016666666666674601 ) ) ;
#1310 = CARTESIAN_POINT ( 'NONE',  ( 0.8847754037844390851, 0.5108253175473032037, 1.345833333333327886 ) ) ;
#1311 = CARTESIAN_POINT ( 'NONE',  ( -0.5898502691896262418, -1.021650635094612625, 1.604166666666677399 ) ) ;
#1312 = CARTESIAN_POINT ( 'NONE',  ( 0.6499999999999998002, 0.3752776749732648631, 3.000000000000000000 ) ) ;
#1313 = EDGE_CURVE ( 'NONE', #2521, #1351, #3126, .T. ) ;
#1314 = CARTESIAN_POINT ( 'NONE',  ( -0.6500000000000001332, 0.3752776749732570916, 2.160000000000000142 ) ) ;
#1315 = CARTESIAN_POINT ( 'NONE',  ( 0.5472849558696752936, -0.4345802333517242988, 2.945749438421302990 ) ) ;
#1316 = ORIENTED_EDGE ( 'NONE', *, *, #2366, .F. ) ;
#1317 = PERSON_AND_ORGANIZATION ( #2408, #1725 ) ;
#1318 = CARTESIAN_POINT ( 'NONE',  ( -0.8847754037844388630, 0.5108253175473053131, -2.495833333333322024 ) ) ;
#1319 = CARTESIAN_POINT ( 'NONE',  ( 0.000000000000000000, 0.7401923788646656011, -0.4000000000000075717 ) ) ;
#1320 = CARTESIAN_POINT ( 'NONE',  ( -0.4273502691896244876, 0.7401923788646646019, 2.483333333333325843 ) ) ;
#1321 = CARTESIAN_POINT ( 'NONE',  ( -0.8547005383792494193, -1.342626604457932165E-15, 0.8999999999999928058 ) ) ;
#1322 = CARTESIAN_POINT ( 'NONE',  ( -0.6410254037844370645, -0.3700961894323347434, 1.783333333333326109 ) ) ;
#1323 = CARTESIAN_POINT ( 'NONE',  ( 0.000000000000000000, 0.7401923788646651570, 0.8499999999999922062 ) ) ;
#1324 = CARTESIAN_POINT ( 'NONE',  ( -0.5898502691896256866, 1.021650635094609294, 2.645833333333329040 ) ) ;
#1325 =( BOUNDED_CURVE ( )  B_SPLINE_CURVE ( 2, ( #2168, #1928, #485, #422, #2395, #250, #3137 ),
 .UNSPECIFIED., .F., .T. ) 
 B_SPLINE_CURVE_WITH_KNOTS ( ( 3, 2, 2, 3 ),
 ( 0.09999999999999990841, 0.1111111111111110078, 0.1222222222222221349, 0.1333333333333332482 ),
 .UNSPECIFIED. ) 
 CURVE ( )  GEOMETRIC_REPRESENTATION_ITEM ( )  RATIONAL_B_SPLINE_CURVE ( ( 1.000000000000001110, 0.8660254037844374864, 1.000000000000000000, 0.8660254037844387076, 1.000000000000000000, 0.8660254037844397068, 0.9999999999999990008 ) ) 
 REPRESENTATION_ITEM ( '' )  );
#1326 = CARTESIAN_POINT ( 'NONE',  ( 0.8547005383792493083, -5.011257545292687464E-16, -2.850000000000008082 ) ) ;
#1327 = CARTESIAN_POINT ( 'NONE',  ( -0.8660254037844394848, 0.4999999999999996669, -0.8833333333333237558 ) ) ;
#1328 = CARTESIAN_POINT ( 'NONE',  ( 1.154700538379252572, -1.382897316927541132E-15, 0.09999999999999535649 ) ) ;
#1329 = AXIS2_PLACEMENT_3D ( 'NONE', #2951, #272, #535 ) ;
#1330 = ORIENTED_EDGE ( 'NONE', *, *, #715, .F. ) ;
#1331 = LINE ( 'NONE', #1314, #1637 ) ;
#1332 = EDGE_CURVE ( 'NONE', #857, #811, #2628, .T. ) ;
#1333 = CONICAL_SURFACE ( 'NONE', #2448, 0.9999999999999997780, 0.7853981633974499443 ) ;
#1334 = CARTESIAN_POINT ( 'NONE',  ( 0.5773502691896259531, 1.000000000000000444, 1.416666666666676733 ) ) ;
#1335 = AXIS2_PLACEMENT_3D ( 'NONE', #533, #490, #2038 ) ;
#1336 = EDGE_LOOP ( 'NONE', ( #2947, #363 ) ) ;
#1337 =( NAMED_UNIT ( * ) PLANE_ANGLE_UNIT ( ) SI_UNIT ( $, .RADIAN. ) );
#1338 = CARTESIAN_POINT ( 'NONE',  ( 0.000000000000000000, 1.021650635094610848, -2.962499999999988365 ) ) ;
#1339 = CARTESIAN_POINT ( 'NONE',  ( 0.8547005383792493083, -2.070383298951364957E-15, 2.749999999999992006 ) ) ;
#1340 = CARTESIAN_POINT ( 'NONE',  ( -0.6410254037844370645, 0.3700961894323321344, 0.4666666666666595131 ) ) ;
#1341 = CARTESIAN_POINT ( 'NONE',  ( -0.6410254037844369535, 0.3700961894323325785, -1.533333333333340764 ) ) ;
#1342 = CARTESIAN_POINT ( 'NONE',  ( -9.064742275298787661E-17, -0.7401923788646674884, -0.5500000000000074829 ) ) ;
#1343 = CARTESIAN_POINT ( 'NONE',  ( 0.8847754037844384190, -0.5108253175473078667, 2.879166666666661101 ) ) ;
#1344 = APPROVAL ( #2299, 'UNSPECIFIED' ) ;
#1345 = CARTESIAN_POINT ( 'NONE',  ( 0.8660254037844398178, 0.4999999999999988343, -1.066666666666671537 ) ) ;
#1346 = CARTESIAN_POINT ( 'NONE',  ( 0.000000000000000000, 8.739904209134028646E-15, 3.000000000000000000 ) ) ;
#1347 = CARTESIAN_POINT ( 'NONE',  ( -0.8660254037844393737, 0.4999999999999993339, 0.2666666666666622221 ) ) ;
#1348 =( BOUNDED_SURFACE ( )  B_SPLINE_SURFACE ( 1, 2, ( 
 ( #1661, #202, #1421, #1406, #1648, #1896, #2118, #2865, #480, #1878, #2633, #2393, #943, #3135, #232, #668, #1630, #2598, #1171, #685, #2365, #2179, #2849, #884, #3108, #438, #464, #1392, #2151, #2136, #2651, #3121, #2166, #451, #2832, #1375, #913, #1158, #1861, #1926, #2895, #2617, #1438, #2378, #652, #1612, #2407, #1677, #1199, #216, #926, #2585, #1911, #2881, #698, #712, #1186, #420, #1140, #3092, #897, #2489, #499, #1026, #2667, #555, #1251, #975, #2475, #790, #1282, #1957, #2231, #1743, #994, #2909, #1499, #1515, #2422, #527, #1695, #3, #513, #959, #1727, #1939, #1453, #2716, #2217, #728, #2003, #2684, #2700, #775, #263, #1470, #1234, #1217, #2195, #1485, #280, #2975, #1760, #311, #19, #1973, #2928, #744, #759, #2733, #1711, #75, #2457, #325, #1267, #2438, #42, #2944, #298, #59, #1011, #1989, #2957, #541, #2248, #2990, #2534, #587, #357, #2750, #1310, #600, #850, #615, #1059, #2291, #1826, #806, #121, #2078, #2047, #1796, #372, #3023, #1594, #2322, #2306, #1296, #2276, #1545, #2796, #108, #2810, #2768, #2518, #137, #634, #1578, #153, #2065, #3052, #1091, #3040, #1778, #1074, #571, #1531, #865, #1842, #1324, #835, #342, #2549, #388, #1561, #2032, #1343, #2019, #2505, #1812, #2782 ),
 ( #1106, #2566, #93, #403, #2263, #3008, #1044, #819, #1358, #2648, #1923, #1181, #1154, #895, #2614, #2133, #709, #1418, #1403, #416, #1371, #664, #922, #2347, #2892, #1875, #2846, #2375, #1675, #2876, #2390, #1168, #2162, #213, #2148, #3070, #1626, #2093, #880, #3131, #939, #1645, #2594, #2582, #1907, #695, #2861, #180, #3118, #1658, #448, #432, #1859, #229, #1119, #2335, #2630, #1137, #1389, #461, #910, #165, #2829, #649, #2362, #1610, #3105, #199, #2115, #3089, #1892, #679, #2695, #2227, #1464, #244, #1984, #1022, #2905, #990, #2175, #1756, #972, #477, #2211, #1434, #955, #54, #2678, #1195, #1495, #15, #38, #1247, #2405, #1952, #1707, #725, #2664, #1969, #740, #2469, #307, #2953, #3146, #2434, #1935, #1691, #1229, #1262, #496, #537, #2940, #1997, #769, #2922, #2244, #70, #2970, #1450, #2417, #276, #259, #1213, #754, #2191, #1722, #508, #523, #1480, #2452, #293, #1006, #1738, #2712, #786, #2302, #1277, #814, #1069, #2015, #830, #2530, #1574, #367, #1822, #337, #103, #3048, #321, #2744, #596, #1524, #2027, #2778, #1791, #3035, #1054, #1807, #1557, #1305, #3002, #1290, #87, #2760, #580, #2270, #1541, #860, #1320, #800, #2514, #2497, #1101, #132, #1087, #2060, #1339, #353, #846, #2286 ) ),
 .UNSPECIFIED., .F., .F., .F. ) 
 B_SPLINE_SURFACE_WITH_KNOTS ( ( 2, 2 ),
 ( 3, 2, 2, 2, 2, 2, 2, 2, 2, 2, 2, 2, 2, 2, 2, 2, 2, 2, 2, 2, 2, 2, 2, 2, 2, 2, 2, 2, 2, 2, 2, 2, 2, 2, 2, 2, 2, 2, 2, 2, 2, 2, 2, 2, 2, 2, 2, 2, 2, 2, 2, 2, 2, 2, 2, 2, 2, 2, 2, 2, 2, 2, 2, 2, 2, 2, 2, 2, 2, 2, 2, 2, 2, 2, 2, 2, 2, 2, 2, 2, 2, 2, 2, 2, 2, 2, 2, 2, 2, 2, 3 ),
 ( 0.000000000000000000, 1.000000000000000000 ),
 ( 0.000000000000000000, 0.01111111111111111154, 0.02222222222222222307, 0.03333333333333333287, 0.04444444444444444614, 0.05555555555555555247, 0.06666666666666666574, 0.07777777777777777901, 0.08888888888888889228, 0.1000000000000000056, 0.1111111111111111049, 0.1222222222222222182, 0.1333333333333333315, 0.1444444444444444309, 0.1555555555555555580, 0.1666666666666666574, 0.1777777777777777846, 0.1888888888888888840, 0.2000000000000000111, 0.2111111111111111105, 0.2222222222222222099, 0.2333333333333333370, 0.2444444444444444364, 0.2555555555555555358, 0.2666666666666666630, 0.2777777777777777901, 0.2888888888888888618, 0.2999999999999999889, 0.3111111111111111160, 0.3222222222222222432, 0.3333333333333333148, 0.3444444444444444420, 0.3555555555555555691, 0.3666666666666666408, 0.3777777777777777679, 0.3888888888888888951, 0.4000000000000000222, 0.4111111111111110938, 0.4222222222222222210, 0.4333333333333333481, 0.4444444444444444198, 0.4555555555555555469, 0.4666666666666666741, 0.4777777777777778012, 0.4888888888888888729, 0.5000000000000000000, 0.5111111111111110716, 0.5222222222222222543, 0.5333333333333333259, 0.5444444444444443976, 0.5555555555555555802, 0.5666666666666666519, 0.5777777777777777235, 0.5888888888888889062, 0.5999999999999999778, 0.6111111111111111605, 0.6222222222222222321, 0.6333333333333333037, 0.6444444444444444864, 0.6555555555555555580, 0.6666666666666666297, 0.6777777777777778123, 0.6888888888888888840, 0.6999999999999999556, 0.7111111111111111382, 0.7222222222222222099, 0.7333333333333332815, 0.7444444444444444642, 0.7555555555555555358, 0.7666666666666667185, 0.7777777777777777901, 0.7888888888888888618, 0.8000000000000000444, 0.8111111111111111160, 0.8222222222222221877, 0.8333333333333333703, 0.8444444444444444420, 0.8555555555555555136, 0.8666666666666666963, 0.8777777777777777679, 0.8888888888888888395, 0.9000000000000000222, 0.9111111111111110938, 0.9222222222222222765, 0.9333333333333333481, 0.9444444444444444198, 0.9555555555555556024, 0.9666666666666666741, 0.9777777777777777457, 0.9888888888888889284, 1.000000000000000000 ),
 .UNSPECIFIED. ) 
 GEOMETRIC_REPRESENTATION_ITEM ( )  RATIONAL_B_SPLINE_SURFACE ( (
 ( 1.000000000000000000, 0.8660254037844387076, 1.000000000000000000, 0.8660254037844387076, 1.000000000000000000, 0.8660254037844387076, 1.000000000000000000, 0.8660254037844387076, 1.000000000000000000, 0.8660254037844387076, 1.000000000000000000, 0.8660254037844387076, 1.000000000000000000, 0.8660254037844387076, 1.000000000000000000, 0.8660254037844387076, 1.000000000000000000, 0.8660254037844387076, 1.000000000000000000, 0.8660254037844387076, 1.000000000000000000, 0.8660254037844387076, 1.000000000000000000, 0.8660254037844387076, 1.000000000000000000, 0.8660254037844387076, 1.000000000000000000, 0.8660254037844387076, 1.000000000000000000, 0.8660254037844387076, 1.000000000000000000, 0.8660254037844387076, 1.000000000000000000, 0.8660254037844387076, 1.000000000000000000, 0.8660254037844387076, 1.000000000000000000, 0.8660254037844387076, 1.000000000000000000, 0.8660254037844387076, 1.000000000000000000, 0.8660254037844387076, 1.000000000000000000, 0.8660254037844387076, 1.000000000000000000, 0.8660254037844387076, 1.000000000000000000, 0.8660254037844387076, 1.000000000000000000, 0.8660254037844387076, 1.000000000000000000, 0.8660254037844387076, 1.000000000000000000, 0.8660254037844387076, 1.000000000000000000, 0.8660254037844387076, 1.000000000000000000, 0.8660254037844387076, 1.000000000000000000, 0.8660254037844387076, 1.000000000000000000, 0.8660254037844387076, 1.000000000000000000, 0.8660254037844387076, 1.000000000000000000, 0.8660254037844387076, 1.000000000000000000, 0.8660254037844387076, 1.000000000000000000, 0.8660254037844387076, 1.000000000000000000, 0.8660254037844387076, 1.000000000000000000, 0.8660254037844387076, 1.000000000000000000, 0.8660254037844387076, 1.000000000000000000, 0.8660254037844387076, 1.000000000000000000, 0.8660254037844387076, 1.000000000000000000, 0.8660254037844387076, 1.000000000000000000, 0.8660254037844387076, 1.000000000000000000, 0.8660254037844387076, 1.000000000000000000, 0.8660254037844387076, 1.000000000000000000, 0.8660254037844387076, 1.000000000000000000, 0.8660254037844387076, 1.000000000000000000, 0.8660254037844387076, 1.000000000000000000, 0.8660254037844387076, 1.000000000000000000, 0.8660254037844387076, 1.000000000000000000, 0.8660254037844387076, 1.000000000000000000, 0.8660254037844387076, 1.000000000000000000, 0.8660254037844387076, 1.000000000000000000, 0.8660254037844387076, 1.000000000000000000, 0.8660254037844387076, 1.000000000000000000, 0.8660254037844387076, 1.000000000000000000, 0.8660254037844387076, 1.000000000000000000, 0.8660254037844387076, 1.000000000000000000, 0.8660254037844387076, 1.000000000000000000, 0.8660254037844387076, 1.000000000000000000, 0.8660254037844387076, 1.000000000000000000, 0.8660254037844387076, 1.000000000000000000, 0.8660254037844387076, 1.000000000000000000, 0.8660254037844387076, 1.000000000000000000, 0.8660254037844387076, 1.000000000000000000, 0.8660254037844387076, 1.000000000000000000, 0.8660254037844387076, 1.000000000000000000, 0.8660254037844387076, 1.000000000000000000, 0.8660254037844387076, 1.000000000000000000, 0.8660254037844387076, 1.000000000000000000, 0.8660254037844387076, 1.000000000000000000, 0.8660254037844387076, 1.000000000000000000, 0.8660254037844387076, 1.000000000000000000, 0.8660254037844387076, 1.000000000000000000, 0.8660254037844387076, 1.000000000000000000, 0.8660254037844387076, 1.000000000000000000, 0.8660254037844387076, 1.000000000000000000, 0.8660254037844387076, 1.000000000000000000, 0.8660254037844387076, 1.000000000000000000, 0.8660254037844387076, 1.000000000000000000, 0.8660254037844387076, 1.000000000000000000, 0.8660254037844387076, 1.000000000000000000, 0.8660254037844387076, 1.000000000000000000, 0.8660254037844387076, 1.000000000000000000, 0.8660254037844387076, 1.000000000000000000, 0.8660254037844387076, 1.000000000000000000, 0.8660254037844387076, 1.000000000000000000, 0.8660254037844387076, 1.000000000000000000, 0.8660254037844387076, 1.000000000000000000, 0.8660254037844387076, 1.000000000000000000, 0.8660254037844387076, 1.000000000000000000),
 ( 1.000000000000000000, 0.8660254037844387076, 1.000000000000000000, 0.8660254037844387076, 1.000000000000000000, 0.8660254037844387076, 1.000000000000000000, 0.8660254037844387076, 1.000000000000000000, 0.8660254037844387076, 1.000000000000000000, 0.8660254037844387076, 1.000000000000000000, 0.8660254037844387076, 1.000000000000000000, 0.8660254037844387076, 1.000000000000000000, 0.8660254037844387076, 1.000000000000000000, 0.8660254037844387076, 1.000000000000000000, 0.8660254037844387076, 1.000000000000000000, 0.8660254037844387076, 1.000000000000000000, 0.8660254037844387076, 1.000000000000000000, 0.8660254037844387076, 1.000000000000000000, 0.8660254037844387076, 1.000000000000000000, 0.8660254037844387076, 1.000000000000000000, 0.8660254037844387076, 1.000000000000000000, 0.8660254037844387076, 1.000000000000000000, 0.8660254037844387076, 1.000000000000000000, 0.8660254037844387076, 1.000000000000000000, 0.8660254037844387076, 1.000000000000000000, 0.8660254037844387076, 1.000000000000000000, 0.8660254037844387076, 1.000000000000000000, 0.8660254037844387076, 1.000000000000000000, 0.8660254037844387076, 1.000000000000000000, 0.8660254037844387076, 1.000000000000000000, 0.8660254037844387076, 1.000000000000000000, 0.8660254037844387076, 1.000000000000000000, 0.8660254037844387076, 1.000000000000000000, 0.8660254037844387076, 1.000000000000000000, 0.8660254037844387076, 1.000000000000000000, 0.8660254037844387076, 1.000000000000000000, 0.8660254037844387076, 1.000000000000000000, 0.8660254037844387076, 1.000000000000000000, 0.8660254037844387076, 1.000000000000000000, 0.8660254037844387076, 1.000000000000000000, 0.8660254037844387076, 1.000000000000000000, 0.8660254037844387076, 1.000000000000000000, 0.8660254037844387076, 1.000000000000000000, 0.8660254037844387076, 1.000000000000000000, 0.8660254037844387076, 1.000000000000000000, 0.8660254037844387076, 1.000000000000000000, 0.8660254037844387076, 1.000000000000000000, 0.8660254037844387076, 1.000000000000000000, 0.8660254037844387076, 1.000000000000000000, 0.8660254037844387076, 1.000000000000000000, 0.8660254037844387076, 1.000000000000000000, 0.8660254037844387076, 1.000000000000000000, 0.8660254037844387076, 1.000000000000000000, 0.8660254037844387076, 1.000000000000000000, 0.8660254037844387076, 1.000000000000000000, 0.8660254037844387076, 1.000000000000000000, 0.8660254037844387076, 1.000000000000000000, 0.8660254037844387076, 1.000000000000000000, 0.8660254037844387076, 1.000000000000000000, 0.8660254037844387076, 1.000000000000000000, 0.8660254037844387076, 1.000000000000000000, 0.8660254037844387076, 1.000000000000000000, 0.8660254037844387076, 1.000000000000000000, 0.8660254037844387076, 1.000000000000000000, 0.8660254037844387076, 1.000000000000000000, 0.8660254037844387076, 1.000000000000000000, 0.8660254037844387076, 1.000000000000000000, 0.8660254037844387076, 1.000000000000000000, 0.8660254037844387076, 1.000000000000000000, 0.8660254037844387076, 1.000000000000000000, 0.8660254037844387076, 1.000000000000000000, 0.8660254037844387076, 1.000000000000000000, 0.8660254037844387076, 1.000000000000000000, 0.8660254037844387076, 1.000000000000000000, 0.8660254037844387076, 1.000000000000000000, 0.8660254037844387076, 1.000000000000000000, 0.8660254037844387076, 1.000000000000000000, 0.8660254037844387076, 1.000000000000000000, 0.8660254037844387076, 1.000000000000000000, 0.8660254037844387076, 1.000000000000000000, 0.8660254037844387076, 1.000000000000000000, 0.8660254037844387076, 1.000000000000000000, 0.8660254037844387076, 1.000000000000000000, 0.8660254037844387076, 1.000000000000000000, 0.8660254037844387076, 1.000000000000000000, 0.8660254037844387076, 1.000000000000000000, 0.8660254037844387076, 1.000000000000000000, 0.8660254037844387076, 1.000000000000000000, 0.8660254037844387076, 1.000000000000000000, 0.8660254037844387076, 1.000000000000000000, 0.8660254037844387076, 1.000000000000000000, 0.8660254037844387076, 1.000000000000000000, 0.8660254037844387076, 1.000000000000000000, 0.8660254037844387076, 1.000000000000000000) ) ) 
 REPRESENTATION_ITEM ( '' )  SURFACE ( )  );
#1349 = EDGE_LOOP ( 'NONE', ( #1188, #2326 ) ) ;
#1350 = CARTESIAN_POINT ( 'NONE',  ( 0.7006292692219660001, -0.7135254915624923422, -2.699999999999997957 ) ) ;
#1351 = VERTEX_POINT ( 'NONE', #658 ) ;
#1352 = DIRECTION ( 'NONE',  ( -0.000000000000000000, 1.224646799147353207E-16, -1.000000000000000000 ) ) ;
#1353 = CARTESIAN_POINT ( 'NONE',  ( -1.179700538379251817, -3.804710059147751005E-16, -2.462499999999988809 ) ) ;
#1354 = CARTESIAN_POINT ( 'NONE',  ( 0.8547005383792494193, -9.354738248603849269E-16, -1.300000000000007594 ) ) ;
#1355 = CARTESIAN_POINT ( 'NONE',  ( 0.6810141179454252125, -0.3710577786386790033, -2.942491811339357000 ) ) ;
#1356 = CARTESIAN_POINT ( 'NONE',  ( 0.4273502691896251537, 0.7401923788646653790, -0.03333333333334050769 ) ) ;
#1357 = CARTESIAN_POINT ( 'NONE',  ( 0.6410254037844368424, -0.3700961894323350210, 1.116666666666659147 ) ) ;
#1358 = CARTESIAN_POINT ( 'NONE',  ( 0.6410254037844368424, -0.3700961894323339108, -2.883333333333340853 ) ) ;
#1359 = CARTESIAN_POINT ( 'NONE',  ( 0.000000000000000000, 1.000000000000000000, -1.000000000000004663 ) ) ;
#1360 = CARTESIAN_POINT ( 'NONE',  ( -1.154700538379252572, -1.058043569041977813E-15, -0.04999999999999109324 ) ) ;
#1361 = LINE ( 'NONE', #3026, #1535 ) ;
#1362 = ORIENTED_EDGE ( 'NONE', *, *, #1045, .F. ) ;
#1363 = DIRECTION ( 'NONE',  ( 0.4999999999999998890, 0.8660254037844387076, 0.000000000000000000 ) ) ;
#1364 = DIRECTION ( 'NONE',  ( 0.000000000000000000, -1.000000000000000000, -2.168404344971009361E-16 ) ) ;
#1365 = VERTEX_POINT ( 'NONE', #2856 ) ;
#1366 = CARTESIAN_POINT ( 'NONE',  ( -1.251161180115476355E-16, -1.021650635094611959, -1.562499999999989564 ) ) ;
#1367 = CARTESIAN_POINT ( 'NONE',  ( 0.5927465304386851930, 0.5744547104239420277, -2.891353628450115565 ) ) ;
#1368 = CARTESIAN_POINT ( 'NONE',  ( -0.8797377655170757205, -0.2881581528603516795, -2.781806243302013648 ) ) ;
#1369 = CARTESIAN_POINT ( 'NONE',  ( -0.6410254037844369535, 0.3700961894323328560, -2.333333333333341031 ) ) ;
#1370 = CARTESIAN_POINT ( 'NONE',  ( 0.4273502691896243766, -0.7401923788646677105, -0.5166666666666743790 ) ) ;
#1371 = CARTESIAN_POINT ( 'NONE',  ( 0.6410254037844368424, -0.3700961894323340218, -2.483333333333340942 ) ) ;
#1372 = EDGE_CURVE ( 'NONE', #716, #2353, #1407, .T. ) ;
#1373 = CARTESIAN_POINT ( 'NONE',  ( -0.06043924570716575212, -0.7401923788646668223, -2.954714262909897915 ) ) ;
#1374 = DIRECTION ( 'NONE',  ( 0.8660254037844384856, -0.5000000000000001110, 0.000000000000000000 ) ) ;
#1375 = CARTESIAN_POINT ( 'NONE',  ( 0.5898502691896264638, 1.021650635094609960, -1.820833333333337967 ) ) ;
#1376 = VERTEX_POINT ( 'NONE', #1115 ) ;
#1377 = AXIS2_PLACEMENT_3D ( 'NONE', #231, #1185, #2165 ) ;
#1378 = EDGE_LOOP ( 'NONE', ( #465, #570, #1866, #1269, #440 ) ) ;
#1379 = CARTESIAN_POINT ( 'NONE',  ( -1.154700538379252572, -1.380301814771511206E-15, 1.099999999999995204 ) ) ;
#1380 = VERTEX_POINT ( 'NONE', #1132 ) ;
#1381 = CARTESIAN_POINT ( 'NONE',  ( -1.179700538379251817, -1.165099778125823058E-15, 0.3375000000000109579 ) ) ;
#1382 = VECTOR ( 'NONE', #1773, 1000.000000000000000 ) ;
#1383 = AXIS2_PLACEMENT_3D ( 'NONE', #2251, #574, #1519 ) ;
#1384 = CARTESIAN_POINT ( 'NONE',  ( 0.7937219083060040870, 0.1153537078246745784, -2.915586517459012761 ) ) ;
#1385 = CIRCLE ( 'NONE', #30, 1.000000000000001110 ) ;
#1386 = CARTESIAN_POINT ( 'NONE',  ( -0.6410254037844370645, 0.3700961894323316903, 2.066666666666659324 ) ) ;
#1387 = CARTESIAN_POINT ( 'NONE',  ( -0.8547005383792493083, -7.821774814500405132E-16, -1.100000000000007194 ) ) ;
#1388 = CARTESIAN_POINT ( 'NONE',  ( -9.064742275298787661E-17, -0.7401923788646673774, -0.9500000000000077272 ) ) ;
#1389 = CARTESIAN_POINT ( 'NONE',  ( 0.6410254037844372865, 0.3700961894323319124, -1.216666666666674557 ) ) ;
#1390 = CARTESIAN_POINT ( 'NONE',  ( 0.4273502691896250982, 0.7401923788646654900, -0.7833333333333412085 ) ) ;
#1391 = CARTESIAN_POINT ( 'NONE',  ( -0.6500000000000001332, -0.3752776749732567585, 2.160000000000000142 ) ) ;
#1392 = CARTESIAN_POINT ( 'NONE',  ( -1.179700538379251595, -4.855552164787502554E-16, -2.087500000000005240 ) ) ;
#1393 = EDGE_CURVE ( 'NONE', #1439, #2086, #1034, .T. ) ;
#1394 = DIRECTION ( 'NONE',  ( -0.000000000000000000, -0.000000000000000000, 1.000000000000000000 ) ) ;
#1395 = CARTESIAN_POINT ( 'NONE',  ( -1.224646799147354440E-16, -1.000000000000002220, 1.199999999999995293 ) ) ;
#1396 = ORIENTED_EDGE ( 'NONE', *, *, #2122, .F. ) ;
#1397 = CARTESIAN_POINT ( 'NONE',  ( 0.8847754037844393071, 0.5108253175473038699, -0.6291666666666558827 ) ) ;
#1398 = CARTESIAN_POINT ( 'NONE',  ( -0.6500000000000001332, 0.3752776749732570916, 2.160000000000000142 ) ) ;
#1399 = CARTESIAN_POINT ( 'NONE',  ( -0.1181175911077883278, -0.9638363334708148766, -2.736163666531460592 ) ) ;
#1400 = CARTESIAN_POINT ( 'NONE',  ( -0.4273502691896244876, 0.7401923788646654900, -0.3666666666666740237 ) ) ;
#1401 = CARTESIAN_POINT ( 'NONE',  ( -9.064742275298787661E-17, -0.7401923788646683766, 2.649999999999992806 ) ) ;
#1402 = CARTESIAN_POINT ( 'NONE',  ( 0.000000000000000000, -3.494140929970925097E-16, -3.000000000000000000 ) ) ;
#1403 = CARTESIAN_POINT ( 'NONE',  ( -9.064742275298787661E-17, -0.7401923788646669333, -2.550000000000007816 ) ) ;
#1404 = CARTESIAN_POINT ( 'NONE',  ( -0.4273502691896245431, 0.7401923788646659341, -1.916666666666674290 ) ) ;
#1405 = FACE_OUTER_BOUND ( 'NONE', #2511, .T. ) ;
#1406 = CARTESIAN_POINT ( 'NONE',  ( -1.179700538379251595, -2.613755672755935553E-16, -2.887500000000005063 ) ) ;
#1407 = B_SPLINE_CURVE_WITH_KNOTS ( 'NONE', 3,
 ( #2157, #1838, #875, #1367, #629, #1384, #1590, #1355, #161, #890 ),
 .UNSPECIFIED., .F., .F.,
 ( 4, 2, 2, 2, 4 ),
 ( 0.003594027104543820721, 0.004088581214939665878, 0.004583135325335510601, 0.005077689435731355325, 0.005572243546127200048 ),
 .UNSPECIFIED. ) ;
#1408 = LINE ( 'NONE', #235, #2552 ) ;
#1409 = EDGE_CURVE ( 'NONE', #1014, #1446, #683, .T. ) ;
#1410 = ORIENTED_EDGE ( 'NONE', *, *, #2498, .T. ) ;
#1411 = SECURITY_CLASSIFICATION_LEVEL ( 'unclassified' ) ;
#1412 = CARTESIAN_POINT ( 'NONE',  ( 1.179700538379251817, -1.285908338879167816E-15, -0.2624999999999888534 ) ) ;
#1413 = CARTESIAN_POINT ( 'NONE',  ( -0.8547005383792494193, -1.230536779856353618E-15, 0.4999999999999926170 ) ) ;
#1414 = CARTESIAN_POINT ( 'NONE',  ( -0.5773502691896295058, 0.9999999999999943379, -1.316666666666656660 ) ) ;
#1415 = CARTESIAN_POINT ( 'NONE',  ( 0.6410254037844373975, 0.3700961894323310242, 1.933333333333326021 ) ) ;
#1416 = CARTESIAN_POINT ( 'NONE',  ( -0.8547005383792493083, -1.230536779856353618E-15, 0.4999999999999926170 ) ) ;
#1417 = CARTESIAN_POINT ( 'NONE',  ( -0.6410254037844369535, 0.3700961894323318568, 1.316666666666658658 ) ) ;
#1418 = CARTESIAN_POINT ( 'NONE',  ( -0.4273502691896248762, -0.7401923788646666003, -2.583333333333341031 ) ) ;
#1419 = CARTESIAN_POINT ( 'NONE',  ( 0.4273502691896250982, 0.7401923788646657121, -1.983333333333341386 ) ) ;
#1420 = CARTESIAN_POINT ( 'NONE',  ( 0.5773502691896268413, 0.9999999999999996669, -0.5833333333333237114 ) ) ;
#1421 = CARTESIAN_POINT ( 'NONE',  ( -0.8847754037844386410, 0.5108253175473053131, -2.920833333333338278 ) ) ;
#1422 = DIRECTION ( 'NONE',  ( -0.000000000000000000, 1.224646799147353207E-16, -1.000000000000000000 ) ) ;
#1423 = UNCERTAINTY_MEASURE_WITH_UNIT (LENGTH_MEASURE( 1.000000000000000082E-05 ), #114, 'distance_accuracy_value', 'NONE');
#1424 = ORIENTED_EDGE ( 'NONE', *, *, #1177, .T. ) ;
#1425 = ADVANCED_FACE ( 'NONE', ( #427 ), #194, .F. ) ;
#1426 = CARTESIAN_POINT ( 'NONE',  ( -1.179700538379251817, -8.288303043210882050E-16, -0.8624999999999890532 ) ) ;
#1427 = CARTESIAN_POINT ( 'NONE',  ( 0.6410254037844369535, -0.3700961894323348544, 0.2666666666666593910 ) ) ;
#1428 = CYLINDRICAL_SURFACE ( 'NONE', #2762, 1.000000000000001110 ) ;
#1429 = CYLINDRICAL_SURFACE ( 'NONE', #2094, 1.000000000000001110 ) ;
#1430 = AXIS2_PLACEMENT_3D ( 'NONE', #404, #1860, #2784 ) ;
#1431 = CARTESIAN_POINT ( 'NONE',  ( -0.8547005383792493083, -1.006357130653197115E-15, -0.3000000000000072609 ) ) ;
#1432 = CARTESIAN_POINT ( 'NONE',  ( 0.000000000000000000, 0.7401923788646646019, 2.849999999999992095 ) ) ;
#1433 = CARTESIAN_POINT ( 'NONE',  ( 0.000000000000000000, 8.739904209134028646E-15, 3.000000000000000000 ) ) ;
#1434 = CARTESIAN_POINT ( 'NONE',  ( -0.4273502691896244876, 0.7401923788646654900, -0.3166666666666742569 ) ) ;
#1435 = VECTOR ( 'NONE', #2308, 1000.000000000000000 ) ;
#1436 = CARTESIAN_POINT ( 'NONE',  ( 0.4273502691896243766, -0.7401923788646675995, -0.9166666666666745122 ) ) ;
#1437 = CARTESIAN_POINT ( 'NONE',  ( -1.224646799147354440E-16, -1.000000000000001332, -2.400000000000005240 ) ) ;
#1438 = CARTESIAN_POINT ( 'NONE',  ( -1.251161180115476108E-16, -1.021650635094611737, -1.587500000000005684 ) ) ;
#1439 = VERTEX_POINT ( 'NONE', #2690 ) ;
#1440 = CARTESIAN_POINT ( 'NONE',  ( 0.5773502691896260641, -1.000000000000001998, -1.116666666666658259 ) ) ;
#1441 = ORIENTED_EDGE ( 'NONE', *, *, #3132, .T. ) ;
#1442 = CARTESIAN_POINT ( 'NONE',  ( 1.179700538379251817, -1.734267637285480625E-15, 1.337500000000011013 ) ) ;
#1443 = CARTESIAN_POINT ( 'NONE',  ( 0.4273502691896251537, 0.7401923788646648239, 1.566666666666659768 ) ) ;
#1444 = DIRECTION ( 'NONE',  ( 0.000000000000000000, 1.000000000000000000, 0.000000000000000000 ) ) ;
#1445 =( BOUNDED_CURVE ( )  B_SPLINE_CURVE ( 2, ( #2962, #47, #1271, #3130, #937, #1784, #1921 ),
 .UNSPECIFIED., .F., .F. ) 
 B_SPLINE_CURVE_WITH_KNOTS ( ( 3, 2, 2, 3 ),
 ( 0.4666666666666666741, 0.4777777777777778012, 0.4888888888888888173, 0.4999999999999999445 ),
 .UNSPECIFIED. ) 
 CURVE ( )  GEOMETRIC_REPRESENTATION_ITEM ( )  RATIONAL_B_SPLINE_CURVE ( ( 1.000000000000000000, 0.8660254037844387076, 1.000000000000000000, 0.8660254037844387076, 1.000000000000000000, 0.8660254037844393737, 0.9999999999999993339 ) ) 
 REPRESENTATION_ITEM ( '' )  );
#1446 = VERTEX_POINT ( 'NONE', #32 ) ;
#1447 = DIRECTION ( 'NONE',  ( 0.000000000000000000, 1.000000000000000000, 0.000000000000000000 ) ) ;
#1448 = CARTESIAN_POINT ( 'NONE',  ( 0.000000000000000000, 0.7401923788646656011, -0.8000000000000072609 ) ) ;
#1449 = CARTESIAN_POINT ( 'NONE',  ( -0.8547005383792493083, -1.804997130939442292E-15, 2.549999999999992717 ) ) ;
#1450 = CARTESIAN_POINT ( 'NONE',  ( 0.4273502691896250982, 0.7401923788646649349, 0.8166666666666592134 ) ) ;
#1451 = CARTESIAN_POINT ( 'NONE',  ( -9.064742275298787661E-17, -0.7401923788646671554, -1.750000000000007772 ) ) ;
#1452 = CARTESIAN_POINT ( 'NONE',  ( 0.000000000000000000, 1.000000000000000444, -2.600000000000004086 ) ) ;
#1453 = CARTESIAN_POINT ( 'NONE',  ( -0.8847754037844386410, 0.5108253175473045360, -0.1208333333333382331 ) ) ;
#1454 = CARTESIAN_POINT ( 'NONE',  ( 0.000000000000000000, -3.494140929970925097E-16, -3.000000000000000000 ) ) ;
#1455 = CARTESIAN_POINT ( 'NONE',  ( 0.5773502691896235106, 1.000000000000005551, -1.383333333333323312 ) ) ;
#1456 = ORIENTED_EDGE ( 'NONE', *, *, #2656, .F. ) ;
#1457 = CARTESIAN_POINT ( 'NONE',  ( -0.5898502691896262418, -1.021650635094612625, 1.204166666666677266 ) ) ;
#1458 = CARTESIAN_POINT ( 'NONE',  ( 0.4273502691896251537, 0.7401923788646649349, 1.166666666666659635 ) ) ;
#1459 = CARTESIAN_POINT ( 'NONE',  ( 1.154700538379252572, -1.270807492325962585E-15, -0.3000000000000047629 ) ) ;
#1460 = DIRECTION ( 'NONE',  ( 0.000000000000000000, 1.000000000000000000, 0.000000000000000000 ) ) ;
#1461 = CARTESIAN_POINT ( 'NONE',  ( -0.8547005383792493083, -1.790985902864245368E-15, 2.499999999999992895 ) ) ;
#1462 = CARTESIAN_POINT ( 'NONE',  ( 0.4273502691896250982, 0.7401923788646647129, 1.616666666666659591 ) ) ;
#1463 = CARTESIAN_POINT ( 'NONE',  ( -0.6410254037844371755, -0.3700961894323337997, -1.866666666666674024 ) ) ;
#1464 = CARTESIAN_POINT ( 'NONE',  ( -0.6410254037844369535, 0.3700961894323324120, -0.6833333333333408977 ) ) ;
#1465 = DIRECTION ( 'NONE',  ( -0.000000000000000000, 1.224646799147353207E-16, -1.000000000000000000 ) ) ;
#1466 = CARTESIAN_POINT ( 'NONE',  ( 0.4273502691896244876, -0.7401923788646673774, -1.766666666666674157 ) ) ;
#1467 = CARTESIAN_POINT ( 'NONE',  ( -9.064742275298787661E-17, -0.7401923788646678215, 0.6499999999999921396 ) ) ;
#1468 = CARTESIAN_POINT ( 'NONE',  ( 0.000000000000000000, 0.9999999999999997780, -0.1499999999999905020 ) ) ;
#1469 = EDGE_CURVE ( 'NONE', #252, #328, #1492, .T. ) ;
#1470 = CARTESIAN_POINT ( 'NONE',  ( 0.5898502691896264638, 1.021650635094609516, 0.1791666666666620888 ) ) ;
#1471 = ORIENTED_EDGE ( 'NONE', *, *, #2460, .T. ) ;
#1472 = CARTESIAN_POINT ( 'NONE',  ( -1.224646799147354440E-16, -1.000000000000001554, -1.549999999999991163 ) ) ;
#1473 = ORIENTED_EDGE ( 'NONE', *, *, #148, .F. ) ;
#1474 = VERTEX_POINT ( 'NONE', #2642 ) ;
#1475 = CARTESIAN_POINT ( 'NONE',  ( 0.6410254037844369535, -0.3700961894323350765, 1.066666666666659324 ) ) ;
#1476 = CARTESIAN_POINT ( 'NONE',  ( 0.8660254037844391517, -0.5000000000000018874, -0.3333333333333383108 ) ) ;
#1477 = CARTESIAN_POINT ( 'NONE',  ( -0.8660254037844394848, -0.5000000000000016653, 0.7333333333333282855 ) ) ;
#1478 = CARTESIAN_POINT ( 'NONE',  ( 0.000000000000000000, 1.021650635094611070, -3.362499999999988720 ) ) ;
#1479 = CIRCLE ( 'NONE', #1377, 2.000000000000000000 ) ;
#1480 = CARTESIAN_POINT ( 'NONE',  ( 0.8547005383792493083, -1.622024000545051754E-15, 1.149999999999992140 ) ) ;
#1481 = CARTESIAN_POINT ( 'NONE',  ( -0.4273502691896246541, 0.7401923788646660451, -1.566666666666674201 ) ) ;
#1482 = CARTESIAN_POINT ( 'NONE',  ( 0.6410254037844372865, 0.3700961894323315793, -0.01666666666667437208 ) ) ;
#1483 = CARTESIAN_POINT ( 'NONE',  ( -0.8547005383792493083, -5.720090603220811314E-16, -1.850000000000007416 ) ) ;
#1484 = VECTOR ( 'NONE', #638, 1000.000000000000000 ) ;
#1485 = CARTESIAN_POINT ( 'NONE',  ( -1.179700538379251595, -1.158094164088220060E-15, 0.3124999999999946709 ) ) ;
#1486 = AXIS2_PLACEMENT_3D ( 'NONE', #2981, #1765, #2739 ) ;
#1487 = ORIENTED_EDGE ( 'NONE', *, *, #643, .F. ) ;
#1488 = EDGE_CURVE ( 'NONE', #234, #2031, #1669, .T. ) ;
#1489 = EDGE_LOOP ( 'NONE', ( #333, #2107, #375, #2570 ) ) ;
#1490 = CARTESIAN_POINT ( 'NONE',  ( -1.224646799147354440E-16, -1.000000000000001998, 0.05000000000000878048 ) ) ;
#1491 = CARTESIAN_POINT ( 'NONE',  ( 0.4273502691896251537, 0.7401923788646649349, 0.7666666666666593910 ) ) ;
#1492 = LINE ( 'NONE', #2238, #1937 ) ;
#1493 = FACE_OUTER_BOUND ( 'NONE', #67, .T. ) ;
#1494 = CARTESIAN_POINT ( 'NONE',  ( 0.4273502691896243766, -0.7401923788646683766, 1.833333333333325710 ) ) ;
#1495 = CARTESIAN_POINT ( 'NONE',  ( -9.064742275298787661E-17, -0.7401923788646675995, -0.1500000000000077660 ) ) ;
#1496 = CARTESIAN_POINT ( 'NONE',  ( -0.6410254037844370645, 0.3700961894323323564, -0.3333333333333408643 ) ) ;
#1497 = CARTESIAN_POINT ( 'NONE',  ( 0.6410254037844372865, 0.3700961894323311352, 1.583333333333325488 ) ) ;
#1498 = CARTESIAN_POINT ( 'NONE',  ( -9.064742275298787661E-17, -0.7401923788646672664, -1.350000000000007638 ) ) ;
#1499 = CARTESIAN_POINT ( 'NONE',  ( -0.8847754037844387520, -0.5108253175473064234, -0.4541666666666717145 ) ) ;
#1500 = CARTESIAN_POINT ( 'NONE',  ( -1.154700538379252572, -6.096842706356646096E-16, -1.649999999999990807 ) ) ;
#1501 = ORIENTED_EDGE ( 'NONE', *, *, #2618, .F. ) ;
#1502 = DIRECTION ( 'NONE',  ( -0.000000000000000000, -0.000000000000000000, 1.000000000000000000 ) ) ;
#1503 = EDGE_CURVE ( 'NONE', #1351, #561, #750, .T. ) ;
#1504 = CARTESIAN_POINT ( 'NONE',  ( -0.8547005383792494193, -1.342626604457932165E-15, 0.8999999999999928058 ) ) ;
#1505 = CARTESIAN_POINT ( 'NONE',  ( 1.154700538379252572, -1.158717667724384432E-15, -0.7000000000000050626 ) ) ;
#1506 = B_SPLINE_CURVE_WITH_KNOTS ( 'NONE', 3,
 ( #1616, #88, #1007, #2470, #2729, #1040, #2745, #104 ),
 .UNSPECIFIED., .F., .F.,
 ( 4, 2, 2, 4 ),
 ( 2.544447657877934954E-07, 0.0001940764893330058406, 0.0003878985339002238549, 0.0007755426230346599377 ),
 .UNSPECIFIED. ) ;
#1507 = VERTEX_POINT ( 'NONE', #735 ) ;
#1508 = FACE_OUTER_BOUND ( 'NONE', #783, .T. ) ;
#1509 = CARTESIAN_POINT ( 'NONE',  ( 0.000000000000000000, 0.7401923788646650459, 1.199999999999992628 ) ) ;
#1510 = CARTESIAN_POINT ( 'NONE',  ( 0.8547005383792494193, -7.112941756572282268E-16, -2.100000000000007194 ) ) ;
#1511 = CARTESIAN_POINT ( 'NONE',  ( -1.224646799147354440E-16, -1.000000000000002220, 0.8500000000000091926 ) ) ;
#1512 = CARTESIAN_POINT ( 'NONE',  ( -0.4273502691896246541, 0.7401923788646661562, -1.966666666666673668 ) ) ;
#1513 = CARTESIAN_POINT ( 'NONE',  ( 0.6410254037844372865, 0.3700961894323314683, 0.3833333333333258097 ) ) ;
#1514 = CARTESIAN_POINT ( 'NONE',  ( -0.8547005383792493083, -7.961887095252376344E-16, -1.050000000000007594 ) ) ;
#1515 = CARTESIAN_POINT ( 'NONE',  ( -0.5898502691896261307, -1.021650635094611737, -0.4208333333333389992 ) ) ;
#1516 = CARTESIAN_POINT ( 'NONE',  ( 0.5898502691896256866, -1.021650635094613513, 2.470833333333343873 ) ) ;
#1517 = CARTESIAN_POINT ( 'NONE',  ( -1.224646799147354440E-16, -1.000000000000001776, -1.149999999999991251 ) ) ;
#1518 = AXIS2_PLACEMENT_3D ( 'NONE', #1149, #2127, #3099 ) ;
#1519 = DIRECTION ( 'NONE',  ( 0.000000000000000000, 1.000000000000000000, 2.168404344971008868E-16 ) ) ;
#1520 = FACE_OUTER_BOUND ( 'NONE', #1991, .T. ) ;
#1521 = EDGE_CURVE ( 'NONE', #1617, #3058, #560, .T. ) ;
#1522 = ORIENTED_EDGE ( 'NONE', *, *, #2738, .T. ) ;
#1523 = CARTESIAN_POINT ( 'NONE',  ( 0.8547005383792493083, -1.832192421673010939E-15, 1.899999999999992806 ) ) ;
#1524 = CARTESIAN_POINT ( 'NONE',  ( 0.6410254037844368424, -0.3700961894323352430, 1.916666666666659413 ) ) ;
#1525 = CARTESIAN_POINT ( 'NONE',  ( 0.6410254037844373975, 0.3700961894323319679, -1.266666666666674157 ) ) ;
#1526 = EDGE_CURVE ( 'NONE', #1365, #2521, #1981, .T. ) ;
#1527 = CARTESIAN_POINT ( 'NONE',  ( -0.6410254037844370645, -0.3700961894323341883, -0.2166666666666744734 ) ) ;
#1528 =( BOUNDED_CURVE ( )  B_SPLINE_CURVE ( 2, ( #2670, #1990, #2219, #2265, #1252, #2717, #542 ),
 .UNSPECIFIED., .F., .T. ) 
 B_SPLINE_CURVE_WITH_KNOTS ( ( 3, 2, 2, 3 ),
 ( 0.1333333333333332482, 0.1444444444444443754, 0.1555555555555555025, 0.1666666666666666297 ),
 .UNSPECIFIED. ) 
 CURVE ( )  GEOMETRIC_REPRESENTATION_ITEM ( )  RATIONAL_B_SPLINE_CURVE ( ( 1.000000000000001110, 0.8660254037844377084, 1.000000000000000000, 0.8660254037844387076, 1.000000000000000000, 0.8660254037844390407, 0.9999999999999996669 ) ) 
 REPRESENTATION_ITEM ( '' )  );
#1529 = CARTESIAN_POINT ( 'NONE',  ( 0.4273502691896250982, 0.7401923788646656011, -1.583333333333341031 ) ) ;
#1530 = ORIENTED_EDGE ( 'NONE', *, *, #738, .T. ) ;
#1531 = CARTESIAN_POINT ( 'NONE',  ( 0.8847754037844390851, 0.5108253175473028707, 2.545833333333328508 ) ) ;
#1532 = CIRCLE ( 'NONE', #181, 2.000000000000000888 ) ;
#1533 = CARTESIAN_POINT ( 'NONE',  ( 0.8847754037844393071, 0.5108253175473032037, 1.770833333333344362 ) ) ;
#1534 = CARTESIAN_POINT ( 'NONE',  ( -1.224646799147354440E-16, -1.000000000000001332, -2.349999999999991207 ) ) ;
#1535 = VECTOR ( 'NONE', #1110, 999.9999999999998863 ) ;
#1536 = FACE_OUTER_BOUND ( 'NONE', #2637, .T. ) ;
#1537 = CARTESIAN_POINT ( 'NONE',  ( -1.224646799147354440E-16, -1.000000000000001998, -0.3499999999999914291 ) ) ;
#1538 = ORIENTED_EDGE ( 'NONE', *, *, #2423, .F. ) ;
#1539 = DIRECTION ( 'NONE',  ( -0.000000000000000000, 1.224646799147353207E-16, -1.000000000000000000 ) ) ;
#1540 = CARTESIAN_POINT ( 'NONE',  ( -0.8847754037844389741, -0.5108253175473060903, -1.629166666666655772 ) ) ;
#1541 = CARTESIAN_POINT ( 'NONE',  ( 0.4273502691896250982, 0.7401923788646646019, 2.416666666666658969 ) ) ;
#1542 = CARTESIAN_POINT ( 'NONE',  ( -0.6410254037844371755, -0.3700961894323342438, -0.2666666666666741570 ) ) ;
#1543 = CARTESIAN_POINT ( 'NONE',  ( 0.6410254037844372865, 0.3700961894323323564, -2.866666666666674246 ) ) ;
#1544 = CARTESIAN_POINT ( 'NONE',  ( 0.6410254037844372865, 0.3700961894323322454, -2.416666666666674512 ) ) ;
#1545 = CARTESIAN_POINT ( 'NONE',  ( -0.5898502691896261307, -1.021650635094612403, 1.979166666666661190 ) ) ;
#1546 = ADVANCED_FACE ( 'NONE', ( #1190 ), #1428, .T. ) ;
#1547 =( BOUNDED_CURVE ( )  B_SPLINE_CURVE ( 2, ( #2379, #714, #218, #670, #1187, #2882, #2619 ),
 .UNSPECIFIED., .F., .T. ) 
 B_SPLINE_CURVE_WITH_KNOTS ( ( 3, 2, 2, 3 ),
 ( 0.8666666666666668073, 0.8777777777777778789, 0.8888888888888888395, 0.8918109299702160486 ),
 .UNSPECIFIED. ) 
 CURVE ( )  GEOMETRIC_REPRESENTATION_ITEM ( )  RATIONAL_B_SPLINE_CURVE ( ( 0.9999999999999986677, 0.8660254037844400399, 1.000000000000000000, 0.8660254037844387076, 1.000000000000000000, 0.9647668653403517203, 0.9480652107225999714 ) ) 
 REPRESENTATION_ITEM ( '' )  );
#1548 = CARTESIAN_POINT ( 'NONE',  ( 0.5898502691896256866, -1.021650635094612847, 1.270833333333344362 ) ) ;
#1549 = CARTESIAN_POINT ( 'NONE',  ( 0.8660254037844398178, 0.4999999999999992784, -2.666666666666671404 ) ) ;
#1550 = ORIENTED_EDGE ( 'NONE', *, *, #603, .T. ) ;
#1551 = DIRECTION ( 'NONE',  ( 0.000000000000000000, -1.224646799147353207E-16, 1.000000000000000000 ) ) ;
#1552 = CARTESIAN_POINT ( 'NONE',  ( -1.224646799147354440E-16, -1.000000000000002220, 0.7999999999999946043 ) ) ;
#1553 = EDGE_LOOP ( 'NONE', ( #962, #2153, #1441, #1295 ) ) ;
#1554 = CYLINDRICAL_SURFACE ( 'NONE', #3013, 1.000000000000001110 ) ;
#1555 = CARTESIAN_POINT ( 'NONE',  ( 0.8847754037844385300, -0.5108253175473066454, -2.295833333333322734 ) ) ;
#1556 = CARTESIAN_POINT ( 'NONE',  ( 0.6410254037844373975, 0.3700961894323317458, -0.4666666666666742236 ) ) ;
#1557 = CARTESIAN_POINT ( 'NONE',  ( -0.8547005383792493083, -1.692907306337863942E-15, 2.149999999999991918 ) ) ;
#1558 = CARTESIAN_POINT ( 'NONE',  ( 0.6410254037844369535, -0.3700961894323349655, 0.6666666666666591912 ) ) ;
#1559 = CARTESIAN_POINT ( 'NONE',  ( -9.064742275298787661E-17, -0.7401923788646670443, -2.200000000000007283 ) ) ;
#1560 = CARTESIAN_POINT ( 'NONE',  ( 0.6410254037844372865, 0.3700961894323315793, -0.01666666666667437208 ) ) ;
#1561 = CARTESIAN_POINT ( 'NONE',  ( -1.251161180115476108E-16, -1.021650635094612847, 2.812499999999994671 ) ) ;
#1562 = ADVANCED_FACE ( 'NONE', ( #718 ), #2674, .T. ) ;
#1563 = FACE_OUTER_BOUND ( 'NONE', #950, .T. ) ;
#1564 = DIRECTION ( 'NONE',  ( 1.000000000000000000, 0.000000000000000000, 0.000000000000000000 ) ) ;
#1565 = CARTESIAN_POINT ( 'NONE',  ( 0.5773502691896268413, 0.9999999999999991118, 0.9666666666666623442 ) ) ;
#1566 = ORIENTED_EDGE ( 'NONE', *, *, #603, .F. ) ;
#1567 = CARTESIAN_POINT ( 'NONE',  ( 0.000000000000000000, 0.9999999999999995559, 0.2500000000000096589 ) ) ;
#1568 = APPROVAL_PERSON_ORGANIZATION ( #1317, #1344, #2573 ) ;
#1569 = CARTESIAN_POINT ( 'NONE',  ( 0.000000000000000000, 8.739904209134028646E-15, 3.000000000000000000 ) ) ;
#1570 = SECURITY_CLASSIFICATION ( '', '', #1411 ) ;
#1571 = ORIENTED_EDGE ( 'NONE', *, *, #1763, .F. ) ;
#1572 = CARTESIAN_POINT ( 'NONE',  ( 1.000000000000001110, 1.012460801831285653E-13, -2.699999999999997957 ) ) ;
#1573 = CARTESIAN_POINT ( 'NONE',  ( -0.8847754037844389741, -0.5108253175473063123, -1.229166666666655860 ) ) ;
#1574 = CARTESIAN_POINT ( 'NONE',  ( 0.4273502691896250982, 0.7401923788646647129, 1.616666666666659591 ) ) ;
#1575 = CARTESIAN_POINT ( 'NONE',  ( -0.4273502691896246541, 0.7401923788646654900, 0.03333333333332575560 ) ) ;
#1576 = CARTESIAN_POINT ( 'NONE',  ( -0.6410254037844370645, -0.3700961894323337442, -1.866666666666674024 ) ) ;
#1577 = CARTESIAN_POINT ( 'NONE',  ( -0.6410254037844370645, -0.3700961894323341883, -0.2166666666666744734 ) ) ;
#1578 = CARTESIAN_POINT ( 'NONE',  ( -0.5898502691896256866, 1.021650635094609294, 2.245833333333328685 ) ) ;
#1579 = AXIS2_PLACEMENT_3D ( 'NONE', #1259, #504, #1460 ) ;
#1580 = CARTESIAN_POINT ( 'NONE',  ( -9.064742275298787661E-17, -0.7401923788646668223, -2.950000000000007727 ) ) ;
#1581 = DIRECTION ( 'NONE',  ( 0.000000000000000000, 0.000000000000000000, 1.000000000000000000 ) ) ;
#1582 = CARTESIAN_POINT ( 'NONE',  ( 0.1538357305312142431, -0.7401923788644011459, -2.959807621135025268 ) ) ;
#1583 = VECTOR ( 'NONE', #2583, 1000.000000000000000 ) ;
#1584 = CARTESIAN_POINT ( 'NONE',  ( -0.5773502691896266192, -1.000000000000001998, 0.4166666666666753449 ) ) ;
#1585 = VECTOR ( 'NONE', #978, 1000.000000000000000 ) ;
#1586 = ADVANCED_FACE ( 'NONE', ( #949 ), #2886, .T. ) ;
#1587 = EDGE_LOOP ( 'NONE', ( #2167, #267, #1942, #981 ) ) ;
#1588 = CARTESIAN_POINT ( 'NONE',  ( 1.224646799147354686E-16, -1.000000000000001554, -3.000000000000000000 ) ) ;
#1589 = CARTESIAN_POINT ( 'NONE',  ( 0.8847754037844393071, 0.5108253175473044250, -2.629166666666655772 ) ) ;
#1590 = CARTESIAN_POINT ( 'NONE',  ( 0.7907263371642964112, -0.05664530213402550057, -2.924879762554355889 ) ) ;
#1591 = CARTESIAN_POINT ( 'NONE',  ( -9.064742275298788894E-17, -0.7401923788646680435, 0.9999999999999931166 ) ) ;
#1592 = CARTESIAN_POINT ( 'NONE',  ( -0.6410254037844370645, -0.3700961894323335222, -2.666666666666674068 ) ) ;
#1593 = CARTESIAN_POINT ( 'NONE',  ( 0.4273502691896250982, 0.7401923788646649349, 0.8166666666666592134 ) ) ;
#1594 = CARTESIAN_POINT ( 'NONE',  ( 0.000000000000000000, 1.021650635094609516, 1.812499999999995559 ) ) ;
#1595 = CARTESIAN_POINT ( 'NONE',  ( -0.4273502691896248762, -0.7401923788646666003, -2.583333333333341031 ) ) ;
#1596 = DIRECTION ( 'NONE',  ( 0.000000000000000000, 0.000000000000000000, 1.000000000000000000 ) ) ;
#1597 = CARTESIAN_POINT ( 'NONE',  ( 0.8660254037844391517, -0.5000000000000023315, 0.8666666666666613672 ) ) ;
#1598 = ORIENTED_EDGE ( 'NONE', *, *, #417, .F. ) ;
#1599 = LINE ( 'NONE', #407, #2813 ) ;
#1600 = EDGE_LOOP ( 'NONE', ( #855, #2446 ) ) ;
#1601 = CALENDAR_DATE ( 2026, 7, 1 ) ;
#1602 = EDGE_CURVE ( 'NONE', #2931, #1976, #801, .T. ) ;
#1603 = CARTESIAN_POINT ( 'NONE',  ( 0.8847754037844385300, -0.5108253175473067564, -1.895833333333323045 ) ) ;
#1604 = CARTESIAN_POINT ( 'NONE',  ( 0.4273502691896245431, -0.7401923788646677105, -0.9666666666666743346 ) ) ;
#1605 = CARTESIAN_POINT ( 'NONE',  ( -0.6500000000000001332, -0.3752776749732567585, 2.160000000000000142 ) ) ;
#1606 = CARTESIAN_POINT ( 'NONE',  ( 0.6410254037844373975, 0.3700961894323309131, 2.333333333333325932 ) ) ;
#1607 = CARTESIAN_POINT ( 'NONE',  ( 0.8547005383792493083, -4.871145264540715266E-16, -2.900000000000007461 ) ) ;
#1608 = CARTESIAN_POINT ( 'NONE',  ( -0.6410254037844370645, -0.3700961894323342993, 0.1833333333333257154 ) ) ;
#1609 = DIRECTION ( 'NONE',  ( 0.000000000000000000, -1.000000000000000000, -2.168404344971009361E-16 ) ) ;
#1610 = CARTESIAN_POINT ( 'NONE',  ( -0.4273502691896248762, -0.7401923788646670443, -0.9833333333333412751 ) ) ;
#1611 = CARTESIAN_POINT ( 'NONE',  ( -1.224646799147354440E-16, -1.000000000000001554, -1.200000000000005285 ) ) ;
#1612 = CARTESIAN_POINT ( 'NONE',  ( 1.179700538379251595, -9.426332510368295706E-16, -1.487500000000005151 ) ) ;
#1613 = EDGE_LOOP ( 'NONE', ( #1899, #2836, #2542, #997 ) ) ;
#1614 = VERTEX_POINT ( 'NONE', #2445 ) ;
#1615 = CARTESIAN_POINT ( 'NONE',  ( 0.000000000000000000, 1.000000000000000666, -3.000000000000000000 ) ) ;
#1616 = CARTESIAN_POINT ( 'NONE',  ( -1.664250334765249306E-14, -0.7505553499465043021, 3.000000000000000000 ) ) ;
#1617 = VERTEX_POINT ( 'NONE', #289 ) ;
#1618 = CARTESIAN_POINT ( 'NONE',  ( -0.8847754037844388630, 0.5108253175473046470, -0.09583333333332191839 ) ) ;
#1619 = CARTESIAN_POINT ( 'NONE',  ( -0.4273502691896249872, -0.7401923788646675995, -0.2333333333333406090 ) ) ;
#1620 = DIRECTION ( 'NONE',  ( -0.000000000000000000, 1.224646799147353207E-16, -1.000000000000000000 ) ) ;
#1621 = EDGE_CURVE ( 'NONE', #885, #826, #1242, .T. ) ;
#1622 = CARTESIAN_POINT ( 'NONE',  ( -0.6410254037844370645, 0.3700961894323315793, 2.466666666666659680 ) ) ;
#1623 = CARTESIAN_POINT ( 'NONE',  ( 0.6410254037844372865, 0.3700961894323314683, 0.3333333333333260984 ) ) ;
#1624 = CARTESIAN_POINT ( 'NONE',  ( -9.064742275298787661E-17, -0.7401923788646678215, 0.6499999999999921396 ) ) ;
#1625 = CARTESIAN_POINT ( 'NONE',  ( -0.4273502691896246541, 0.7401923788646661562, -2.766666666666674157 ) ) ;
#1626 = CARTESIAN_POINT ( 'NONE',  ( 0.000000000000000000, 0.7401923788646659341, -1.950000000000007727 ) ) ;
#1627 = EDGE_CURVE ( 'NONE', #1446, #731, #765, .T. ) ;
#1628 = CARTESIAN_POINT ( 'NONE',  ( 0.8660254037844398178, 0.4999999999999980571, 1.733333333333328286 ) ) ;
#1629 = FACE_OUTER_BOUND ( 'NONE', #1929, .T. ) ;
#1630 = CARTESIAN_POINT ( 'NONE',  ( -0.8847754037844387520, -0.5108253175473057572, -2.454166666666672381 ) ) ;
#1631 = CARTESIAN_POINT ( 'NONE',  ( -0.3829420930570985315, 0.5294636294359592599, 2.899585623990594385 ) ) ;
#1632 = ORIENTED_EDGE ( 'NONE', *, *, #110, .F. ) ;
#1633 = LINE ( 'NONE', #927, #2966 ) ;
#1634 = ORIENTED_EDGE ( 'NONE', *, *, #1085, .T. ) ;
#1635 = DATE_AND_TIME ( #2139, #3057 ) ;
#1636 = CARTESIAN_POINT ( 'NONE',  ( -0.5898502691896262418, -1.021650635094612403, 0.8041666666666770213 ) ) ;
#1637 = VECTOR ( 'NONE', #2295, 1000.000000000000000 ) ;
#1638 = CIRCLE ( 'NONE', #2396, 0.7505553499465129619 ) ;
#1639 = CARTESIAN_POINT ( 'NONE',  ( 1.154700538379252572, -1.508998369604320745E-15, 0.5500000000000092593 ) ) ;
#1640 = CIRCLE ( 'NONE', #1084, 0.7505553499465129619 ) ;
#1641 = CARTESIAN_POINT ( 'NONE',  ( 0.4273502691896251537, 0.7401923788646646019, 2.366666666666659147 ) ) ;
#1642 = CARTESIAN_POINT ( 'NONE',  ( 0.000000000000000000, 0.7401923788646652680, 0.3999999999999928058 ) ) ;
#1643 = CARTESIAN_POINT ( 'NONE',  ( -0.6410254037844369535, 0.3700961894323316348, 2.116666666666659147 ) ) ;
#1644 = CARTESIAN_POINT ( 'NONE',  ( -0.6410254037844371755, -0.3700961894323335777, -2.666666666666674068 ) ) ;
#1645 = CARTESIAN_POINT ( 'NONE',  ( -0.4273502691896248762, -0.7401923788646670443, -1.783333333333341209 ) ) ;
#1646 = CARTESIAN_POINT ( 'NONE',  ( -0.6410254037844370645, -0.3700961894323337442, -1.816666666666674423 ) ) ;
#1647 = ADVANCED_FACE ( 'NONE', ( #705 ), #2706, .T. ) ;
#1648 = CARTESIAN_POINT ( 'NONE',  ( -0.8847754037844387520, -0.5108253175473056462, -2.854166666666671848 ) ) ;
#1649 = CARTESIAN_POINT ( 'NONE',  ( 0.000000000000000000, 1.000000000000000444, -2.200000000000005063 ) ) ;
#1650 = ORIENTED_EDGE ( 'NONE', *, *, #491, .T. ) ;
#1651 =( BOUNDED_CURVE ( )  B_SPLINE_CURVE ( 2, ( #405, #617, #2799, #883, #1327, #651, #2081 ),
 .UNSPECIFIED., .F., .F. ) 
 B_SPLINE_CURVE_WITH_KNOTS ( ( 3, 2, 2, 3 ),
 ( 0.5666666666666666519, 0.5777777777777777235, 0.5888888888888889062, 0.5999999999999999778 ),
 .UNSPECIFIED. ) 
 CURVE ( )  GEOMETRIC_REPRESENTATION_ITEM ( )  RATIONAL_B_SPLINE_CURVE ( ( 1.000000000000000000, 0.8660254037844387076, 1.000000000000000000, 0.8660254037844387076, 1.000000000000000000, 0.8660254037844387076, 1.000000000000000000 ) ) 
 REPRESENTATION_ITEM ( '' )  );
#1652 = CARTESIAN_POINT ( 'NONE',  ( 0.5898502691896265748, 1.021650635094609516, 0.6041666666666780650 ) ) ;
#1653 = CARTESIAN_POINT ( 'NONE',  ( 0.8660254037844391517, -0.5000000000000022204, 0.5166666666666752672 ) ) ;
#1654 = CARTESIAN_POINT ( 'NONE',  ( -0.4273502691896246541, 0.7401923788646647129, 2.433333333333326021 ) ) ;
#1655 = CARTESIAN_POINT ( 'NONE',  ( -0.4273502691896248762, -0.7401923788646670443, -1.033333333333340986 ) ) ;
#1656 = CARTESIAN_POINT ( 'NONE',  ( -0.4273502691896246541, 0.7401923788646663782, -3.166666666666674512 ) ) ;
#1657 = CARTESIAN_POINT ( 'NONE',  ( 0.5620395236894273339, -0.5069037468374337774, -2.945655135188415485 ) ) ;
#1658 = CARTESIAN_POINT ( 'NONE',  ( -0.4273502691896244876, 0.7401923788646659341, -1.516666666666674379 ) ) ;
#1659 = CARTESIAN_POINT ( 'NONE',  ( 0.6410254037844368424, -0.3700961894323342993, -1.683333333333341120 ) ) ;
#1660 = CARTESIAN_POINT ( 'NONE',  ( 0.5773502691896260641, -1.000000000000001998, -0.7166666666666580143 ) ) ;
#1661 = CARTESIAN_POINT ( 'NONE',  ( 0.000000000000000000, 1.021650635094610848, -2.987500000000004707 ) ) ;
#1662 = EDGE_CURVE ( 'NONE', #1258, #2719, #2860, .T. ) ;
#1663 = ORIENTED_EDGE ( 'NONE', *, *, #1887, .F. ) ;
#1664 = FACE_OUTER_BOUND ( 'NONE', #268, .T. ) ;
#1665 = ORIENTED_EDGE ( 'NONE', *, *, #417, .T. ) ;
#1666 = APPROVAL_ROLE ( '' ) ;
#1667 = CARTESIAN_POINT ( 'NONE',  ( -1.179700538379251817, -9.409201289226665551E-16, -0.4624999999999889200 ) ) ;
#1668 = CARTESIAN_POINT ( 'NONE',  ( 0.5773502691896242878, -1.000000000000005551, 1.683333333333341564 ) ) ;
#1669 =( BOUNDED_CURVE ( )  B_SPLINE_CURVE ( 2, ( #49, #1257, #2950, #1962, #470, #2429, #239 ),
 .UNSPECIFIED., .F., .F. ) 
 B_SPLINE_CURVE_WITH_KNOTS ( ( 3, 2, 2, 3 ),
 ( 0.2666666666666666075, 0.2777777777777776791, 0.2888888888888887507, 0.2999999999999999334 ),
 .UNSPECIFIED. ) 
 CURVE ( )  GEOMETRIC_REPRESENTATION_ITEM ( )  RATIONAL_B_SPLINE_CURVE ( ( 1.000000000000001332, 0.8660254037844373753, 1.000000000000000000, 0.8660254037844387076, 1.000000000000000000, 0.8660254037844400399, 0.9999999999999986677 ) ) 
 REPRESENTATION_ITEM ( '' )  );
#1670 = CARTESIAN_POINT ( 'NONE',  ( 0.000000000000000000, -3.494140929970925097E-16, -3.000000000000000000 ) ) ;
#1671 = CARTESIAN_POINT ( 'NONE',  ( -0.8547005383792493083, -1.118446955254775268E-15, 0.09999999999999244216 ) ) ;
#1672 = CARTESIAN_POINT ( 'NONE',  ( 0.4273502691896244876, -0.7401923788646670443, -2.966666666666674335 ) ) ;
#1673 = CARTESIAN_POINT ( 'NONE',  ( 0.8660254037844398178, 0.4999999999999985012, 0.1833333333333425907 ) ) ;
#1674 = CARTESIAN_POINT ( 'NONE',  ( -0.8547005383792494193, -3.338181830437273101E-16, -2.700000000000007727 ) ) ;
#1675 = CARTESIAN_POINT ( 'NONE',  ( -0.6410254037844370645, -0.3700961894323336332, -2.216666666666674335 ) ) ;
#1676 = CARTESIAN_POINT ( 'NONE',  ( -0.6410254037844370645, -0.3700961894323339663, -1.016666666666674379 ) ) ;
#1677 = CARTESIAN_POINT ( 'NONE',  ( 0.5898502691896264638, 1.021650635094609960, -1.420833333333338055 ) ) ;
#1678 = ORIENTED_EDGE ( 'NONE', *, *, #2178, .T. ) ;
#1679 = CARTESIAN_POINT ( 'NONE',  ( 0.8660254037844398178, 0.4999999999999988343, -1.016666666666657504 ) ) ;
#1680 = ORIENTED_EDGE ( 'NONE', *, *, #582, .T. ) ;
#1681 = CARTESIAN_POINT ( 'NONE',  ( 0.8847754037844385300, -0.5108253175473072005, -0.2958333333333228454 ) ) ;
#1682 = EDGE_CURVE ( 'NONE', #328, #2931, #2840, .T. ) ;
#1683 = EDGE_CURVE ( 'NONE', #2298, #3123, #1744, .T. ) ;
#1684 = CARTESIAN_POINT ( 'NONE',  ( 1.224646799147354686E-16, -1.000000000000001554, -3.000000000000000000 ) ) ;
#1685 = ORIENTED_EDGE ( 'NONE', *, *, #564, .T. ) ;
#1686 = CARTESIAN_POINT ( 'NONE',  ( 0.000000000000000000, 8.739904209134028646E-15, 3.000000000000000000 ) ) ;
#1687 = AXIS2_PLACEMENT_3D ( 'NONE', #3141, #1717, #986 ) ;
#1688 = CARTESIAN_POINT ( 'NONE',  ( 0.6410254037844368424, -0.3700961894323346879, -0.1333333333333407700 ) ) ;
#1689 = CARTESIAN_POINT ( 'NONE',  ( 0.8547005383792493083, -1.958293474349786804E-15, 2.349999999999992539 ) ) ;
#1690 = DIRECTION ( 'NONE',  ( -0.000000000000000000, 1.224646799147353207E-16, -1.000000000000000000 ) ) ;
#1691 = CARTESIAN_POINT ( 'NONE',  ( 0.4273502691896250982, 0.7401923788646651570, 0.4166666666666589691 ) ) ;
#1692 = AXIS2_PLACEMENT_3D ( 'NONE', #288, #2963, #1241 ) ;
#1693 = CARTESIAN_POINT ( 'NONE',  ( -9.064742275298787661E-17, -0.7401923788646670443, -2.150000000000007905 ) ) ;
#1694 = CARTESIAN_POINT ( 'NONE',  ( 0.9815985710098539263, -0.1166603851381434603, -2.718401428990155466 ) ) ;
#1695 = CARTESIAN_POINT ( 'NONE',  ( 0.8847754037844384190, -0.5108253175473070895, -0.3208333333333387438 ) ) ;
#1696 = CARTESIAN_POINT ( 'NONE',  ( -0.8660254037844394848, 0.5000000000000000000, -2.083333333333323711 ) ) ;
#1697 = CARTESIAN_POINT ( 'NONE',  ( -9.064742275298788894E-17, -0.7401923788646682656, 1.799999999999992495 ) ) ;
#1698 = ORIENTED_EDGE ( 'NONE', *, *, #1526, .T. ) ;
#1699 = CARTESIAN_POINT ( 'NONE',  ( -0.1200778981531349515, -0.7303876067571655195, -2.959807621135334355 ) ) ;
#1700 = FACE_OUTER_BOUND ( 'NONE', #3014, .T. ) ;
#1701 = CARTESIAN_POINT ( 'NONE',  ( -1.224646799147354440E-16, -1.000000000000002442, 1.650000000000008571 ) ) ;
#1702 = EDGE_CURVE ( 'NONE', #1221, #2086, #1283, .T. ) ;
#1703 = PLANE ( 'NONE',  #1329 ) ;
#1704 = CARTESIAN_POINT ( 'NONE',  ( 0.4273502691896250982, 0.7401923788646646019, 1.966666666666659236 ) ) ;
#1705 = CARTESIAN_POINT ( 'NONE',  ( 0.6410254037844368424, -0.3700961894323351320, 1.516666666666659280 ) ) ;
#1706 = CARTESIAN_POINT ( 'NONE',  ( -0.6410254037844370645, 0.3700961894323327450, -1.933333333333340676 ) ) ;
#1707 = CARTESIAN_POINT ( 'NONE',  ( 0.000000000000000000, 0.7401923788646653790, 0.04999999999999232836 ) ) ;
#1708 = CARTESIAN_POINT ( 'NONE',  ( -0.6410254037844371755, -0.3700961894323341328, -0.6666666666666739571 ) ) ;
#1709 = CARTESIAN_POINT ( 'NONE',  ( -9.064742275298787661E-17, -0.7401923788646673774, -0.9500000000000077272 ) ) ;
#1710 = CARTESIAN_POINT ( 'NONE',  ( -0.5773502691896269523, 0.9999999999999991118, -2.566666666666670871 ) ) ;
#1711 = CARTESIAN_POINT ( 'NONE',  ( -0.8847754037844386410, 0.5108253175473043139, 0.6791666666666621444 ) ) ;
#1712 = VERTEX_POINT ( 'NONE', #1552 ) ;
#1713 = CARTESIAN_POINT ( 'NONE',  ( 0.8660254037844391517, -0.5000000000000016653, -1.483333333333324733 ) ) ;
#1714 = ORIENTED_EDGE ( 'NONE', *, *, #582, .F. ) ;
#1715 = CARTESIAN_POINT ( 'NONE',  ( -0.5898502691896257977, 1.021650635094609516, 1.870833333333344894 ) ) ;
#1716 = CARTESIAN_POINT ( 'NONE',  ( -0.4273502691896246541, 0.7401923788646651570, 1.233333333333325843 ) ) ;
#1717 = DIRECTION ( 'NONE',  ( -0.000000000000000000, 1.224646799147353207E-16, -1.000000000000000000 ) ) ;
#1718 = DIRECTION ( 'NONE',  ( -0.4999999999999998890, 0.8660254037844387076, 0.000000000000000000 ) ) ;
#1719 = CARTESIAN_POINT ( 'NONE',  ( 0.6410254037844372865, 0.3700961894323307466, 2.733333333333326287 ) ) ;
#1720 = CARTESIAN_POINT ( 'NONE',  ( 0.4273502691896244876, -0.7401923788646671554, -2.566666666666674423 ) ) ;
#1721 = CARTESIAN_POINT ( 'NONE',  ( 0.6410254037844373975, 0.3700961894323320789, -1.666666666666674068 ) ) ;
#1722 = CARTESIAN_POINT ( 'NONE',  ( -9.064742275298787661E-17, -0.7401923788646679325, 1.049999999999992717 ) ) ;
#1723 = CARTESIAN_POINT ( 'NONE',  ( -9.064742275298788894E-17, -0.7401923788646675995, -0.6000000000000071942 ) ) ;
#1724 = CARTESIAN_POINT ( 'NONE',  ( -0.8547005383792493083, -1.356637832533129089E-15, 0.9499999999999924061 ) ) ;
#1725 = ORGANIZATION ( 'UNSPECIFIED', 'UNSPECIFIED', '' ) ;
#1726 = CARTESIAN_POINT ( 'NONE',  ( 0.6410254037844368424, -0.3700961894323341883, -2.083333333333341031 ) ) ;
#1727 = CARTESIAN_POINT ( 'NONE',  ( 0.000000000000000000, 1.021650635094609960, -0.1875000000000049405 ) ) ;
#1728 = EDGE_CURVE ( 'NONE', #286, #1507, #544, .T. ) ;
#1729 = CARTESIAN_POINT ( 'NONE',  ( 0.000000000000000000, 1.000000000000000000, -1.349999999999990541 ) ) ;
#1730 = EDGE_LOOP ( 'NONE', ( #964, #2180, #2804, #2557 ) ) ;
#1731 = B_SPLINE_CURVE_WITH_KNOTS ( 'NONE', 3,
 ( #83, #305, #2241, #1982 ),
 .UNSPECIFIED., .F., .F.,
 ( 4, 4 ),
 ( 2.863690998679204357E-18, 0.0001262661743606166434 ),
 .UNSPECIFIED. ) ;
#1732 = ORIENTED_EDGE ( 'NONE', *, *, #1200, .T. ) ;
#1733 = CARTESIAN_POINT ( 'NONE',  ( -1.224646799147354440E-16, -1.000000000000001998, -0.3499999999999914291 ) ) ;
#1734 = CARTESIAN_POINT ( 'NONE',  ( 0.6410254037844369535, -0.3700961894323351875, 1.466666666666659458 ) ) ;
#1735 = CARTESIAN_POINT ( 'NONE',  ( 0.000000000000000000, -0.7000000000000001776, -3.000000000000000000 ) ) ;
#1736 = CARTESIAN_POINT ( 'NONE',  ( -1.224646799147354440E-16, -1.000000000000001776, -0.4000000000000050737 ) ) ;
#1737 = CARTESIAN_POINT ( 'NONE',  ( -0.8547005383792493083, -1.678896078262666821E-15, 2.099999999999992539 ) ) ;
#1738 = CARTESIAN_POINT ( 'NONE',  ( -0.4273502691896244876, 0.7401923788646651570, 1.283333333333325665 ) ) ;
#1739 = CARTESIAN_POINT ( 'NONE',  ( 0.4273502691896251537, 0.7401923788646654900, -0.4333333333333406756 ) ) ;
#1740 = CARTESIAN_POINT ( 'NONE',  ( -0.8547005383792493083, -1.020368358728394433E-15, -0.2500000000000076050 ) ) ;
#1741 = CARTESIAN_POINT ( 'NONE',  ( 0.8547005383792493083, -5.011257545292687464E-16, -2.850000000000008082 ) ) ;
#1742 = VECTOR ( 'NONE', #2071, 1000.000000000000000 ) ;
#1743 = CARTESIAN_POINT ( 'NONE',  ( -0.5898502691896256866, 1.021650635094610182, -0.5541666666666715813 ) ) ;
#1744 = CIRCLE ( 'NONE', #284, 1.000000000000001110 ) ;
#1745 = EDGE_CURVE ( 'NONE', #857, #2606, #2722, .T. ) ;
#1746 = DIRECTION ( 'NONE',  ( 0.000000000000000000, -1.224646799147353207E-16, 1.000000000000000000 ) ) ;
#1747 = ORIENTED_EDGE ( 'NONE', *, *, #1045, .T. ) ;
#1748 = ORIENTED_EDGE ( 'NONE', *, *, #1102, .T. ) ;
#1749 = CARTESIAN_POINT ( 'NONE',  ( -0.5773502691896266192, -1.000000000000001776, -0.3833333333333245330 ) ) ;
#1750 = FACE_OUTER_BOUND ( 'NONE', #1378, .T. ) ;
#1751 = CARTESIAN_POINT ( 'NONE',  ( -1.664250334765249306E-14, -0.7505553499465043021, 3.000000000000000000 ) ) ;
#1752 = VERTEX_POINT ( 'NONE', #1537 ) ;
#1753 = FACE_OUTER_BOUND ( 'NONE', #1050, .T. ) ;
#1754 = CARTESIAN_POINT ( 'NONE',  ( 0.4273502691896243766, -0.7401923788646685987, 2.633333333333326198 ) ) ;
#1755 = CARTESIAN_POINT ( 'NONE',  ( 0.6410254037844369535, -0.3700961894323343548, -1.733333333333340942 ) ) ;
#1756 = CARTESIAN_POINT ( 'NONE',  ( 0.8547005383792493083, -1.173664702138738354E-15, -0.4500000000000077272 ) ) ;
#1757 = CARTESIAN_POINT ( 'NONE',  ( 0.4273502691896244876, -0.7401923788646672664, -2.166666666666674068 ) ) ;
#1758 = CARTESIAN_POINT ( 'NONE',  ( 0.8547005383792493083, -1.397844351341894857E-15, 0.3499999999999922617 ) ) ;
#1759 = CARTESIAN_POINT ( 'NONE',  ( -0.4273502691896248762, -0.7401923788646664892, -2.983333333333341386 ) ) ;
#1760 = CARTESIAN_POINT ( 'NONE',  ( -1.251161180115476108E-16, -1.021650635094612181, 0.4124999999999944822 ) ) ;
#1761 = CARTESIAN_POINT ( 'NONE',  ( 0.6499999999999998002, -0.1321577333012561861, 2.899444650053487393 ) ) ;
#1762 = ORIENTED_EDGE ( 'NONE', *, *, #2656, .T. ) ;
#1763 = EDGE_CURVE ( 'NONE', #1446, #1014, #2866, .T. ) ;
#1764 = DIRECTION ( 'NONE',  ( 1.000000000000000000, 0.000000000000000000, 0.000000000000000000 ) ) ;
#1765 = DIRECTION ( 'NONE',  ( 0.000000000000000000, 0.000000000000000000, 1.000000000000000000 ) ) ;
#1766 = EDGE_CURVE ( 'NONE', #1173, #328, #2190, .T. ) ;
#1767 = ORIENTED_EDGE ( 'NONE', *, *, #960, .T. ) ;
#1768 = CARTESIAN_POINT ( 'NONE',  ( -1.224646799147354440E-16, -1.000000000000002220, 1.199999999999995293 ) ) ;
#1769 = CARTESIAN_POINT ( 'NONE',  ( 0.8547005383792493083, -1.720102597071432983E-15, 1.499999999999992450 ) ) ;
#1770 = CARTESIAN_POINT ( 'NONE',  ( 0.6410254037844369535, -0.3700961894323342438, -2.133333333333340853 ) ) ;
#1771 = CARTESIAN_POINT ( 'NONE',  ( -1.154700538379252572, -1.282223218245134513E-15, 0.7500000000000093259 ) ) ;
#1772 = CARTESIAN_POINT ( 'NONE',  ( -0.4273502691896249317, -0.7401923788646671554, -1.033333333333340986 ) ) ;
#1773 = DIRECTION ( 'NONE',  ( -0.000000000000000000, 1.224646799147353207E-16, -1.000000000000000000 ) ) ;
#1774 = CARTESIAN_POINT ( 'NONE',  ( 0.4273502691896250982, 0.7401923788646648239, 1.216666666666659236 ) ) ;
#1775 = CARTESIAN_POINT ( 'NONE',  ( 0.6410254037844372865, 0.3700961894323320234, -1.616666666666674468 ) ) ;
#1776 = APPROVAL ( #2821, 'UNSPECIFIED' ) ;
#1777 = ORIENTED_EDGE ( 'NONE', *, *, #469, .F. ) ;
#1778 = CARTESIAN_POINT ( 'NONE',  ( 0.5898502691896253536, -1.021650635094612847, 2.445833333333327531 ) ) ;
#1779 =( BOUNDED_CURVE ( )  B_SPLINE_CURVE ( 2, ( #1992, #763, #1031, #2266, #97, #1048, #2022 ),
 .UNSPECIFIED., .F., .F. ) 
 B_SPLINE_CURVE_WITH_KNOTS ( ( 3, 2, 2, 3 ),
 ( 0.3333333333333333148, 0.3444444444444444420, 0.3555555555555555136, 0.3666666666666665853 ),
 .UNSPECIFIED. ) 
 CURVE ( )  GEOMETRIC_REPRESENTATION_ITEM ( )  RATIONAL_B_SPLINE_CURVE ( ( 1.000000000000000000, 0.8660254037844387076, 1.000000000000000000, 0.8660254037844387076, 1.000000000000000000, 0.8660254037844393737, 0.9999999999999993339 ) ) 
 REPRESENTATION_ITEM ( '' )  );
#1780 = CC_DESIGN_PERSON_AND_ORGANIZATION_ASSIGNMENT ( #3124, #1882, ( #1570 ) ) ;
#1781 = CYLINDRICAL_SURFACE ( 'NONE', #1235, 1.000000000000001110 ) ;
#1782 = CARTESIAN_POINT ( 'NONE',  ( 0.5773502691896260641, -1.000000000000001776, -1.916666666666658081 ) ) ;
#1783 = ORIENTED_EDGE ( 'NONE', *, *, #378, .F. ) ;
#1784 = CARTESIAN_POINT ( 'NONE',  ( -0.5773502691896281735, -0.9999999999999988898, -0.03333333333333863419 ) ) ;
#1785 = DIRECTION ( 'NONE',  ( -0.000000000000000000, -0.000000000000000000, 1.000000000000000000 ) ) ;
#1786 = ORIENTED_EDGE ( 'NONE', *, *, #643, .T. ) ;
#1787 = DIRECTION ( 'NONE',  ( 0.000000000000000000, 0.000000000000000000, 1.000000000000000000 ) ) ;
#1788 = ADVANCED_FACE ( 'NONE', ( #2480 ), #628, .F. ) ;
#1789 = CARTESIAN_POINT ( 'NONE',  ( -1.179700538379251817, -7.167404797195099535E-16, -1.262499999999988853 ) ) ;
#1790 = CARTESIAN_POINT ( 'NONE',  ( 0.6410254037844373975, 0.3700961894323319679, -1.266666666666674157 ) ) ;
#1791 = CARTESIAN_POINT ( 'NONE',  ( 0.4273502691896250982, 0.7401923788646646019, 2.016666666666659058 ) ) ;
#1792 = CARTESIAN_POINT ( 'NONE',  ( 0.6410254037844369535, -0.3700961894323347434, -0.1333333333333407700 ) ) ;
#1793 = AXIS2_PLACEMENT_3D ( 'NONE', #1965, #1995, #2482 ) ;
#1794 = CARTESIAN_POINT ( 'NONE',  ( 0.8547005383792493083, -1.285754526740317098E-15, -0.05000000000000749678 ) ) ;
#1795 = CARTESIAN_POINT ( 'NONE',  ( -0.6410254037844369535, 0.3700961894323325785, -1.483333333333341164 ) ) ;
#1796 = CARTESIAN_POINT ( 'NONE',  ( 1.179700538379251595, -1.839351847849455780E-15, 1.712499999999995026 ) ) ;
#1797 = CONICAL_SURFACE ( 'NONE', #2208, 0.7505553499465129619, 0.7853981633974500554 ) ;
#1798 = CARTESIAN_POINT ( 'NONE',  ( 0.5898502691896265748, 1.021650635094609294, 1.404166666666678775 ) ) ;
#1799 = CARTESIAN_POINT ( 'NONE',  ( 0.000000000000000000, 0.9999999999999995559, 0.9999999999999954481 ) ) ;
#1800 = VECTOR ( 'NONE', #61, 1000.000000000000000 ) ;
#1801 = ORIENTED_EDGE ( 'NONE', *, *, #680, .T. ) ;
#1802 = CARTESIAN_POINT ( 'NONE',  ( 0.000000000000000000, 0.9999999999999995559, 0.2500000000000096589 ) ) ;
#1803 = CARTESIAN_POINT ( 'NONE',  ( -1.224646799147354440E-16, -1.000000000000002442, 1.250000000000008438 ) ) ;
#1804 = VERTEX_POINT ( 'NONE', #2754 ) ;
#1805 = CARTESIAN_POINT ( 'NONE',  ( 1.179700538379251817, -7.254592158712762628E-16, -2.262499999999989519 ) ) ;
#1806 = CARTESIAN_POINT ( 'NONE',  ( 0.8547005383792494193, -1.159653474063541430E-15, -0.5000000000000073275 ) ) ;
#1807 = CARTESIAN_POINT ( 'NONE',  ( -0.6410254037844369535, 0.3700961894323316348, 2.116666666666659147 ) ) ;
#1808 = ADVANCED_FACE ( 'NONE', ( #1520 ), #2253, .F. ) ;
#1809 = CARTESIAN_POINT ( 'NONE',  ( 0.8547005383792494193, -1.383833123266697933E-15, 0.2999999999999925504 ) ) ;
#1810 = CARTESIAN_POINT ( 'NONE',  ( 0.4273502691896243766, -0.7401923788646672664, -1.766666666666674157 ) ) ;
#1811 = CARTESIAN_POINT ( 'NONE',  ( -0.4273502691896248762, -0.7401923788646677105, 1.016666666666658836 ) ) ;
#1812 = CARTESIAN_POINT ( 'NONE',  ( 0.5898502691896264638, 1.021650635094608628, 2.979166666666662078 ) ) ;
#1813 = DIRECTION ( 'NONE',  ( -0.000000000000000000, 1.224646799147353207E-16, -1.000000000000000000 ) ) ;
#1814 = CARTESIAN_POINT ( 'NONE',  ( -0.8847754037844388630, 0.5108253175473042029, 1.104166666666677843 ) ) ;
#1815 = CYLINDRICAL_SURFACE ( 'NONE', #1236, 1.000000000000001110 ) ;
#1816 = ORIENTED_EDGE ( 'NONE', *, *, #3098, .T. ) ;
#1817 = DIRECTION ( 'NONE',  ( 0.000000000000000000, 1.000000000000000000, 0.000000000000000000 ) ) ;
#1818 = DIRECTION ( 'NONE',  ( 0.000000000000000000, 1.000000000000000000, 0.000000000000000000 ) ) ;
#1819 = ORIENTED_EDGE ( 'NONE', *, *, #738, .F. ) ;
#1820 = CARTESIAN_POINT ( 'NONE',  ( 0.5898502691896256866, -1.021650635094611959, -2.329166666666656393 ) ) ;
#1821 = CARTESIAN_POINT ( 'NONE',  ( -0.6410254037844370645, 0.3700961894323323564, -0.3333333333333408643 ) ) ;
#1822 = CARTESIAN_POINT ( 'NONE',  ( -0.4273502691896244876, 0.7401923788646649349, 1.683333333333325799 ) ) ;
#1823 = CARTESIAN_POINT ( 'NONE',  ( -0.6410254037844371755, -0.3700961894323347989, 1.733333333333326287 ) ) ;
#1824 = CARTESIAN_POINT ( 'NONE',  ( 0.6410254037844372865, 0.3700961894323321344, -2.066666666666673979 ) ) ;
#1825 = CARTESIAN_POINT ( 'NONE',  ( 0.8547005383792493083, -1.509934175943473798E-15, 0.7499999999999924505 ) ) ;
#1826 = CARTESIAN_POINT ( 'NONE',  ( -0.8847754037844387520, -0.5108253175473069785, 1.545833333333328286 ) ) ;
#1827 = CARTESIAN_POINT ( 'NONE',  ( 0.4273502691896250982, 0.7401923788646659341, -2.783333333333341209 ) ) ;
#1828 = CARTESIAN_POINT ( 'NONE',  ( -0.5773502691896262862, 1.000000000000000222, -1.766666666666671048 ) ) ;
#1829 = EDGE_CURVE ( 'NONE', #2719, #234, #2005, .T. ) ;
#1830 = CARTESIAN_POINT ( 'NONE',  ( -1.154700538379252572, -1.156122165568354900E-15, 0.2999999999999949929 ) ) ;
#1831 = ORIENTED_EDGE ( 'NONE', *, *, #1488, .T. ) ;
#1832 = LINE ( 'NONE', #2327, #1484 ) ;
#1833 = B_SPLINE_CURVE_WITH_KNOTS ( 'NONE', 3,
 ( #2792, #382, #611, #2545, #551, #2318, #146, #2257, #2043, #2985 ),
 .UNSPECIFIED., .F., .F.,
 ( 4, 2, 2, 2, 4 ),
 ( 0.0002081940069895645050, 0.0007224669472803364788, 0.001236739887571108344, 0.001751012827861880318, 0.002265285768152652292 ),
 .UNSPECIFIED. ) ;
#1834 = ORIENTED_EDGE ( 'NONE', *, *, #2239, .T. ) ;
#1835 = CARTESIAN_POINT ( 'NONE',  ( 0.5773502691896268413, 0.9999999999999988898, 1.366666666666662255 ) ) ;
#1836 = CARTESIAN_POINT ( 'NONE',  ( 0.8847754037844385300, -0.5108253175473065344, -2.695833333333322646 ) ) ;
#1837 = CARTESIAN_POINT ( 'NONE',  ( 0.6410254037844369535, -0.3700961894323345769, -0.9333333333333406756 ) ) ;
#1838 = CARTESIAN_POINT ( 'NONE',  ( 0.1647965285886860698, 0.8343382866981384760, -2.865661713305608149 ) ) ;
#1839 = CARTESIAN_POINT ( 'NONE',  ( -0.6410254037844370645, 0.3700961894323322454, 0.06666666666665932439 ) ) ;
#1840 = CARTESIAN_POINT ( 'NONE',  ( 0.000000000000000000, 0.7401923788646662672, -3.200000000000007727 ) ) ;
#1841 = CARTESIAN_POINT ( 'NONE',  ( 0.4273502691896243766, -0.7401923788646679325, 0.6833333333333256876 ) ) ;
#1842 = CARTESIAN_POINT ( 'NONE',  ( 0.000000000000000000, 1.021650635094609294, 2.612499999999994937 ) ) ;
#1843 = AXIS2_PLACEMENT_3D ( 'NONE', #2919, #2012, #12 ) ;
#1844 = CYLINDRICAL_SURFACE ( 'NONE', #1851, 1.000000000000001110 ) ;
#1845 = CARTESIAN_POINT ( 'NONE',  ( 0.8660254037844391517, -0.5000000000000021094, 0.06666666666666137830 ) ) ;
#1846 = EDGE_CURVE ( 'NONE', #1078, #1439, #20, .T. ) ;
#1847 = ORIENTED_EDGE ( 'NONE', *, *, #1163, .T. ) ;
#1848 = LINE ( 'NONE', #2772, #335 ) ;
#1849 = ADVANCED_BREP_SHAPE_REPRESENTATION ( '91294A004_Black-Oxide Alloy Steel Hex Drive Flat Head Screw', ( #1263, #861 ), #1013 ) ;
#1850 = VECTOR ( 'NONE', #453, 1000.000000000000000 ) ;
#1851 = AXIS2_PLACEMENT_3D ( 'NONE', #896, #3054, #419 ) ;
#1852 = ORIENTED_EDGE ( 'NONE', *, *, #2163, .F. ) ;
#1853 = PERSON_AND_ORGANIZATION_ROLE ( 'design_supplier' ) ;
#1854 = CARTESIAN_POINT ( 'NONE',  ( 0.000000000000000000, 1.021650635094610626, -1.762499999999988631 ) ) ;
#1855 = CARTESIAN_POINT ( 'NONE',  ( 0.000000000000000000, 0.9999999999999995559, 0.6500000000000093481 ) ) ;
#1856 = CARTESIAN_POINT ( 'NONE',  ( 0.000000000000000000, 0.7401923788646650459, 1.599999999999992983 ) ) ;
#1857 = CARTESIAN_POINT ( 'NONE',  ( -0.6410254037844369535, 0.3700961894323330781, -3.133333333333340853 ) ) ;
#1858 = CARTESIAN_POINT ( 'NONE',  ( 0.6410254037844368424, -0.3700961894323346324, -0.4833333333333408310 ) ) ;
#1859 = CARTESIAN_POINT ( 'NONE',  ( -0.6410254037844370645, -0.3700961894323338552, -1.416666666666674290 ) ) ;
#1860 = DIRECTION ( 'NONE',  ( 0.000000000000000000, -1.224646799147352714E-16, 1.000000000000000000 ) ) ;
#1861 = CARTESIAN_POINT ( 'NONE',  ( -0.8847754037844386410, 0.5108253175473049801, -1.720833333333338100 ) ) ;
#1862 =( BOUNDED_CURVE ( )  B_SPLINE_CURVE ( 2, ( #2816, #1061, #1845, #1328, #2338, #155, #124 ),
 .UNSPECIFIED., .F., .F. ) 
 B_SPLINE_CURVE_WITH_KNOTS ( ( 3, 2, 2, 3 ),
 ( 0.4999999999999999445, 0.5111111111111110716, 0.5222222222222222543, 0.5333333333333333259 ),
 .UNSPECIFIED. ) 
 CURVE ( )  GEOMETRIC_REPRESENTATION_ITEM ( )  RATIONAL_B_SPLINE_CURVE ( ( 1.000000000000000888, 0.8660254037844381525, 1.000000000000000000, 0.8660254037844387076, 1.000000000000000000, 0.8660254037844387076, 1.000000000000000000 ) ) 
 REPRESENTATION_ITEM ( '' )  );
#1863 = LINE ( 'NONE', #1615, #383 ) ;
#1864 = EDGE_CURVE ( 'NONE', #421, #2740, #22, .T. ) ;
#1865 = CARTESIAN_POINT ( 'NONE',  ( 1.224646799147354686E-16, -1.000000000000001554, -3.000000000000000000 ) ) ;
#1866 = ORIENTED_EDGE ( 'NONE', *, *, #1372, .T. ) ;
#1867 = CARTESIAN_POINT ( 'NONE',  ( 0.5898502691896256866, -1.021650635094612625, 0.07083333333334375370 ) ) ;
#1868 = CARTESIAN_POINT ( 'NONE',  ( 0.6410254037844369535, -0.3700961894323347434, -0.1333333333333407700 ) ) ;
#1869 = EDGE_CURVE ( 'NONE', #1258, #2356, #2948, .T. ) ;
#1870 = CARTESIAN_POINT ( 'NONE',  ( 1.349831704744453020E-14, 0.7505553499465217326, 3.000000000000000000 ) ) ;
#1871 = LINE ( 'NONE', #2643, #918 ) ;
#1872 = CARTESIAN_POINT ( 'NONE',  ( -0.6410254037844370645, -0.3700961894323339663, -1.066666666666673979 ) ) ;
#1873 = CARTESIAN_POINT ( 'NONE',  ( 0.4273502691896250982, 0.7401923788646651570, 0.4166666666666589691 ) ) ;
#1874 = CARTESIAN_POINT ( 'NONE',  ( 0.8547005383792494193, -4.871145264540716252E-16, -2.900000000000007461 ) ) ;
#1875 = CARTESIAN_POINT ( 'NONE',  ( -0.4273502691896244876, 0.7401923788646661562, -2.316666666666674423 ) ) ;
#1876 = CARTESIAN_POINT ( 'NONE',  ( -1.224646799147354440E-16, -1.000000000000002442, 1.599999999999994538 ) ) ;
#1877 = DIRECTION ( 'NONE',  ( -0.000000000000000000, 1.224646799147353207E-16, -1.000000000000000000 ) ) ;
#1878 = CARTESIAN_POINT ( 'NONE',  ( 1.179700538379251595, -6.063637772320946190E-16, -2.687500000000005329 ) ) ;
#1879 = CARTESIAN_POINT ( 'NONE',  ( -0.5472849558696872840, 0.4345802333517175819, 2.945749438421298105 ) ) ;
#1880 = CARTESIAN_POINT ( 'NONE',  ( 0.000000000000000000, 0.9999999999999995559, 0.9999999999999954481 ) ) ;
#1881 = VERTEX_POINT ( 'NONE', #2236 ) ;
#1883 =( BOUNDED_CURVE ( )  B_SPLINE_CURVE ( 2, ( #198, #1657, #2629, #1874, #1212, #1891, #938, #1625, #2389, #1674, #1644, #3088, #1153, #1922, #431, #2613, #3104, #2132, #2647, #894, #447, #243, #2845, #1194, #954, #663, #1770, #1510, #1276, #971, #1038, #1021, #1706, #2468, #1463, #2243, #2969, #2014, #1755, #86, #1721, #2727, #2743, #2433, #507, #2484, #275, #37, #2451, #2694, #2823, #1354, #1790, #102, #2059, #2285, #352, #145, #2026, #1100, #2777, #1604, #1837, #2513, #2529, #116, #642, #2560, #398, #2575, #1053, #3001, #2759, #1068, #845, #1806, #1556, #366, #1319, #2301, #1821, #3083, #2156, #1619, #2371, #2126, #1868, #1175, #223, #932, #3140, #208, #2641, #2142, #426, #468, #2871, #1903, #1427, #905, #1885, #2855, #238, #674, #948, #1413, #985, #2705, #79, #1018, #547, #2463, #2479, #1491, #303, #1206, #1961, #1504, #2933, #2185, #966, #2949, #1475, #749, #795, #1458, #2658, #1716, #503, #1256, #270, #764, #2689, #1272, #1734, #780, #2223, #1443, #10, #517, #31, #315, #2237, #2444, #65 ),
 .UNSPECIFIED., .F., .F. ) 
 B_SPLINE_CURVE_WITH_KNOTS ( ( 3, 2, 2, 2, 2, 2, 2, 2, 2, 2, 2, 2, 2, 2, 2, 2, 2, 2, 2, 2, 2, 2, 2, 2, 2, 2, 2, 2, 2, 2, 2, 2, 2, 2, 2, 2, 2, 2, 2, 2, 2, 2, 2, 2, 2, 2, 2, 2, 2, 2, 2, 2, 2, 2, 2, 2, 2, 2, 2, 2, 2, 2, 2, 2, 2, 2, 2, 2, 2, 2, 2, 2, 3 ),
 ( 0.03995832263195472217, 0.04444444444444444614, 0.05555555555555555247, 0.06666666666666666574, 0.07777777777777777901, 0.08888888888888889228, 0.1000000000000000056, 0.1111111111111111049, 0.1222222222222222321, 0.1333333333333333315, 0.1444444444444444309, 0.1555555555555555580, 0.1666666666666666574, 0.1777777777777777846, 0.1888888888888888840, 0.2000000000000000111, 0.2111111111111111105, 0.2222222222222222099, 0.2333333333333333370, 0.2444444444444444642, 0.2555555555555555358, 0.2666666666666666075, 0.2777777777777777901, 0.2888888888888888062, 0.2999999999999999889, 0.3111111111111111160, 0.3222222222222222432, 0.3333333333333333148, 0.3444444444444444420, 0.3555555555555555691, 0.3666666666666666408, 0.3777777777777777679, 0.3888888888888888951, 0.4000000000000000222, 0.4111111111111110938, 0.4222222222222222765, 0.4333333333333333481, 0.4444444444444444198, 0.4555555555555555469, 0.4666666666666666741, 0.4777777777777778012, 0.4888888888888888729, 0.5000000000000001110, 0.5111111111111110716, 0.5222222222222222543, 0.5333333333333333259, 0.5444444444444443976, 0.5555555555555555802, 0.5666666666666666519, 0.5777777777777777235, 0.5888888888888889062, 0.5999999999999999778, 0.6111111111111111605, 0.6222222222222222321, 0.6333333333333333037, 0.6444444444444444864, 0.6555555555555555580, 0.6666666666666666297, 0.6777777777777777013, 0.6888888888888888840, 0.6999999999999999556, 0.7111111111111112493, 0.7222222222222222099, 0.7333333333333331705, 0.7444444444444444642, 0.7555555555555555358, 0.7666666666666667185, 0.7777777777777777901, 0.7888888888888888618, 0.8000000000000000444, 0.8111111111111111160, 0.8222222222222221877, 0.8333333333333332593 ),
 .UNSPECIFIED. ) 
 CURVE ( )  GEOMETRIC_REPRESENTATION_ITEM ( )  RATIONAL_B_SPLINE_CURVE ( ( 0.9354949502798231009, 0.9459076277438080993, 1.000000000000000000, 0.8660254037844387076, 1.000000000000000000, 0.8660254037844387076, 1.000000000000000000, 0.8660254037844387076, 1.000000000000000000, 0.8660254037844387076, 1.000000000000000000, 0.8660254037844387076, 1.000000000000000000, 0.8660254037844387076, 1.000000000000000000, 0.8660254037844387076, 1.000000000000000000, 0.8660254037844387076, 1.000000000000000000, 0.8660254037844387076, 1.000000000000000000, 0.8660254037844387076, 1.000000000000000000, 0.8660254037844387076, 1.000000000000000000, 0.8660254037844387076, 1.000000000000000000, 0.8660254037844387076, 1.000000000000000000, 0.8660254037844387076, 1.000000000000000000, 0.8660254037844387076, 1.000000000000000000, 0.8660254037844387076, 1.000000000000000000, 0.8660254037844387076, 1.000000000000000000, 0.8660254037844387076, 1.000000000000000000, 0.8660254037844387076, 1.000000000000000000, 0.8660254037844387076, 1.000000000000000000, 0.8660254037844387076, 1.000000000000000000, 0.8660254037844387076, 1.000000000000000000, 0.8660254037844387076, 1.000000000000000000, 0.8660254037844387076, 1.000000000000000000, 0.8660254037844387076, 1.000000000000000000, 0.8660254037844387076, 1.000000000000000000, 0.8660254037844387076, 1.000000000000000000, 0.8660254037844387076, 1.000000000000000000, 0.8660254037844387076, 1.000000000000000000, 0.8660254037844387076, 1.000000000000000000, 0.8660254037844387076, 1.000000000000000000, 0.8660254037844387076, 1.000000000000000000, 0.8660254037844387076, 1.000000000000000000, 0.8660254037844387076, 1.000000000000000000, 0.8660254037844387076, 1.000000000000000000, 0.8660254037844387076, 1.000000000000000000, 0.8660254037844387076, 1.000000000000000000, 0.8660254037844387076, 1.000000000000000000, 0.8660254037844387076, 1.000000000000000000, 0.8660254037844387076, 1.000000000000000000, 0.8660254037844387076, 1.000000000000000000, 0.8660254037844387076, 1.000000000000000000, 0.8660254037844387076, 1.000000000000000000, 0.8660254037844387076, 1.000000000000000000, 0.8660254037844387076, 1.000000000000000000, 0.8660254037844387076, 1.000000000000000000, 0.8660254037844387076, 1.000000000000000000, 0.8660254037844387076, 1.000000000000000000, 0.8660254037844387076, 1.000000000000000000, 0.8660254037844387076, 1.000000000000000000, 0.8660254037844387076, 1.000000000000000000, 0.8660254037844387076, 1.000000000000000000, 0.8660254037844387076, 1.000000000000000000, 0.8660254037844387076, 1.000000000000000000, 0.8660254037844387076, 1.000000000000000000, 0.8660254037844387076, 1.000000000000000000, 0.8660254037844387076, 1.000000000000000000, 0.8660254037844387076, 1.000000000000000000, 0.8660254037844387076, 1.000000000000000000, 0.8660254037844387076, 1.000000000000000000, 0.8660254037844387076, 1.000000000000000000, 0.8660254037844387076, 1.000000000000000000, 0.8660254037844387076, 1.000000000000000000, 0.8660254037844387076, 1.000000000000000000, 0.8660254037844387076, 1.000000000000000000, 0.8660254037844387076, 1.000000000000000000, 0.8660254037844387076, 1.000000000000000000, 0.8660254037844387076, 1.000000000000000000, 0.8660254037844387076, 1.000000000000000000, 0.8660254037844387076, 1.000000000000000000, 0.8660254037844387076, 1.000000000000000000 ) ) 
 REPRESENTATION_ITEM ( '' )  );
#1882 = PERSON_AND_ORGANIZATION_ROLE ( 'classification_officer' ) ;
#1884 = CARTESIAN_POINT ( 'NONE',  ( -0.8847754037844388630, 0.5108253175473043139, 0.7041666666666784868 ) ) ;
#1885 = CARTESIAN_POINT ( 'NONE',  ( 0.6410254037844373975, 0.3700961894323315238, 0.3333333333333260984 ) ) ;
#1886 = CARTESIAN_POINT ( 'NONE',  ( -0.8660254037844394848, 0.4999999999999997780, -1.283333333333324111 ) ) ;
#1887 = EDGE_CURVE ( 'NONE', #281, #1881, #808, .T. ) ;
#1888 = CARTESIAN_POINT ( 'NONE',  ( -0.7872279261262404848, -0.5052121893707681721, -2.772059656193289090 ) ) ;
#1889 = CARTESIAN_POINT ( 'NONE',  ( -9.064742275298787661E-17, -0.7401923788646673774, -1.000000000000007327 ) ) ;
#1890 = CARTESIAN_POINT ( 'NONE',  ( 0.4273502691896250982, 0.7401923788646648239, 1.216666666666659458 ) ) ;
#1891 = CARTESIAN_POINT ( 'NONE',  ( 0.4273502691896251537, 0.7401923788646660451, -2.833333333333340587 ) ) ;
#1892 = CARTESIAN_POINT ( 'NONE',  ( 0.6410254037844372865, 0.3700961894323318013, -0.8166666666666743124 ) ) ;
#1893 = PLANE ( 'NONE',  #2709 ) ;
#1894 = CARTESIAN_POINT ( 'NONE',  ( 0.6410254037844368424, -0.3700961894323340218, -2.483333333333340942 ) ) ;
#1895 = DIRECTION ( 'NONE',  ( -0.000000000000000000, 1.224646799147353207E-16, -1.000000000000000000 ) ) ;
#1896 = CARTESIAN_POINT ( 'NONE',  ( -0.5898502691896261307, -1.021650635094611070, -2.820833333333339521 ) ) ;
#1897 = DIRECTION ( 'NONE',  ( 1.000000000000000000, -0.000000000000000000, 0.000000000000000000 ) ) ;
#1898 = CARTESIAN_POINT ( 'NONE',  ( -0.5186004454876108616, -0.5281461309802308879, 1.800000000000000044 ) ) ;
#1899 = ORIENTED_EDGE ( 'NONE', *, *, #1064, .T. ) ;
#1900 = DATE_AND_TIME ( #930, #365 ) ;
#1901 = CARTESIAN_POINT ( 'NONE',  ( 1.179700538379251817, -1.622177812683902472E-15, 0.9375000000000108802 ) ) ;
#1902 = VECTOR ( 'NONE', #2835, 1000.000000000000000 ) ;
#1903 = CARTESIAN_POINT ( 'NONE',  ( 0.4273502691896245431, -0.7401923788646680435, 0.2333333333333258430 ) ) ;
#1904 = CARTESIAN_POINT ( 'NONE',  ( -2.208449853761365556E-11, 0.8415063509470687153, -2.858493649052930685 ) ) ;
#1905 = CARTESIAN_POINT ( 'NONE',  ( -0.4273502691896248762, -0.7401923788646675995, 0.5666666666666593244 ) ) ;
#1906 = CARTESIAN_POINT ( 'NONE',  ( 0.000000000000000000, 0.7401923788646663782, -3.200000000000007727 ) ) ;
#1907 = CARTESIAN_POINT ( 'NONE',  ( 0.6410254037844368424, -0.3700961894323342993, -1.683333333333341120 ) ) ;
#1908 = EDGE_CURVE ( 'NONE', #1752, #252, #368, .T. ) ;
#1909 = CARTESIAN_POINT ( 'NONE',  ( -9.064742275298787661E-17, -0.7401923788646674884, -0.5500000000000074829 ) ) ;
#1910 = CARTESIAN_POINT ( 'NONE',  ( 0.000000000000000000, 1.000000000000000222, -1.400000000000004352 ) ) ;
#1911 = CARTESIAN_POINT ( 'NONE',  ( -0.8847754037844387520, -0.5108253175473060903, -1.254166666666671981 ) ) ;
#1912 = DIRECTION ( 'NONE',  ( -0.000000000000000000, 1.224646799147353207E-16, -1.000000000000000000 ) ) ;
#1913 = ORIENTED_EDGE ( 'NONE', *, *, #1702, .F. ) ;
#1914 = PERSON_AND_ORGANIZATION ( #2408, #1725 ) ;
#1915 = CARTESIAN_POINT ( 'NONE',  ( 0.8847754037844393071, 0.5108253175473035368, 0.5708333333333446280 ) ) ;
#1916 = CARTESIAN_POINT ( 'NONE',  ( 1.154700538379252572, -1.845267843409055795E-15, 1.750000000000009326 ) ) ;
#1917 = CARTESIAN_POINT ( 'NONE',  ( 0.6410254037844369535, -0.3700961894323355206, 2.666666666666659413 ) ) ;
#1918 = CC_DESIGN_PERSON_AND_ORGANIZATION_ASSIGNMENT ( #2369, #1853, ( #519 ) ) ;
#1919 = CARTESIAN_POINT ( 'NONE',  ( -9.064742275298787661E-17, -0.7401923788646677105, 0.1999999999999927114 ) ) ;
#1920 = CARTESIAN_POINT ( 'NONE',  ( 0.4273502691896250982, 0.7401923788646644908, 2.816666666666658880 ) ) ;
#1921 = CARTESIAN_POINT ( 'NONE',  ( -1.224646799147354440E-16, -1.000000000000001998, -5.314284711073480327E-15 ) ) ;
#1922 = CARTESIAN_POINT ( 'NONE',  ( 0.4273502691896245431, -0.7401923788646672664, -2.566666666666674423 ) ) ;
#1923 = CARTESIAN_POINT ( 'NONE',  ( 0.6410254037844372865, 0.3700961894323323564, -2.816666666666674423 ) ) ;
#1924 = CARTESIAN_POINT ( 'NONE',  ( -0.8547005383792493083, -6.840988849236593829E-16, -1.450000000000007727 ) ) ;
#1925 = CARTESIAN_POINT ( 'NONE',  ( 1.154700538379252572, -1.172728895799585892E-15, -0.6499999999999908074 ) ) ;
#1926 = CARTESIAN_POINT ( 'NONE',  ( -1.179700538379251595, -5.976450410803285069E-16, -1.687500000000005329 ) ) ;
#1927 = CARTESIAN_POINT ( 'NONE',  ( -1.154700538379252572, -4.975944460340862596E-16, -2.049999999999990496 ) ) ;
#1928 = CARTESIAN_POINT ( 'NONE',  ( 0.5773502691896228445, -1.000000000000006439, -2.366666666666672025 ) ) ;
#1929 = EDGE_LOOP ( 'NONE', ( #2978, #2620, #3045, #501 ) ) ;
#1930 = CARTESIAN_POINT ( 'NONE',  ( 0.8847754037844393071, 0.5108253175473039809, -1.029166666666655683 ) ) ;
#1931 = CARTESIAN_POINT ( 'NONE',  ( 0.000000000000000000, 0.9999999999999997780, -0.2000000000000045908 ) ) ;
#1932 = CARTESIAN_POINT ( 'NONE',  ( 0.8547005383792494193, -2.056372070876168033E-15, 2.699999999999992184 ) ) ;
#1933 = CARTESIAN_POINT ( 'NONE',  ( -0.6410254037844369535, 0.3700961894323324675, -1.133333333333340853 ) ) ;
#1934 = CARTESIAN_POINT ( 'NONE',  ( 0.000000000000000000, 0.7401923788646648239, 2.049999999999992717 ) ) ;
#1935 = CARTESIAN_POINT ( 'NONE',  ( 0.6410254037844372865, 0.3700961894323314683, 0.3833333333333258097 ) ) ;
#1936 = CARTESIAN_POINT ( 'NONE',  ( -0.4273502691896245431, 0.7401923788646659341, -1.516666666666674379 ) ) ;
#1937 = VECTOR ( 'NONE', #2464, 1000.000000000000000 ) ;
#1938 = CARTESIAN_POINT ( 'NONE',  ( 0.000000000000000000, 0.7401923788646662672, -3.150000000000007905 ) ) ;
#1939 = CARTESIAN_POINT ( 'NONE',  ( -0.5898502691896256866, 1.021650635094609960, -0.1541666666666713648 ) ) ;
#1940 = CARTESIAN_POINT ( 'NONE',  ( 0.000000000000000000, 1.000000000000000222, -1.749999999999990452 ) ) ;
#1941 = DIRECTION ( 'NONE',  ( -0.000000000000000000, 1.224646799147353207E-16, -1.000000000000000000 ) ) ;
#1942 = ORIENTED_EDGE ( 'NONE', *, *, #1887, .T. ) ;
#1943 = ADVANCED_FACE ( 'NONE', ( #2478 ), #532, .T. ) ;
#1944 = CIRCLE ( 'NONE', #1843, 1.000000000000001110 ) ;
#1945 = ORIENTED_EDGE ( 'NONE', *, *, #792, .F. ) ;
#1946 = CARTESIAN_POINT ( 'NONE',  ( -0.5898502691896262418, -1.021650635094612847, 2.404166666666677887 ) ) ;
#1947 = LINE ( 'NONE', #2980, #2761 ) ;
#1948 = DIRECTION ( 'NONE',  ( -0.000000000000000000, 1.224646799147353207E-16, -1.000000000000000000 ) ) ;
#1949 = AXIS2_PLACEMENT_3D ( 'NONE', #3072, #183, #2116 ) ;
#1950 = CARTESIAN_POINT ( 'NONE',  ( 0.6410254037844372865, 0.3700961894323311352, 1.533333333333325887 ) ) ;
#1951 = CARTESIAN_POINT ( 'NONE',  ( 0.000000000000000000, 0.7401923788646650459, 1.249999999999992450 ) ) ;
#1952 = CARTESIAN_POINT ( 'NONE',  ( 0.4273502691896250982, 0.7401923788646652680, 0.01666666666665919325 ) ) ;
#1953 = AXIS2_PLACEMENT_3D ( 'NONE', #1160, #1422, #2367 ) ;
#1954 = CARTESIAN_POINT ( 'NONE',  ( 0.6410254037844373975, 0.3700961894323320789, -1.666666666666674068 ) ) ;
#1955 = CARTESIAN_POINT ( 'NONE',  ( 0.8547005383792493083, -9.494850529355820481E-16, -1.250000000000007772 ) ) ;
#1956 = CARTESIAN_POINT ( 'NONE',  ( 0.8660254037844391517, -0.5000000000000019984, -0.2833333333333246662 ) ) ;
#1957 = CARTESIAN_POINT ( 'NONE',  ( 0.5898502691896264638, 1.021650635094609738, -0.6208333333333382331 ) ) ;
#1958 = CARTESIAN_POINT ( 'NONE',  ( 0.000000000000000000, -9.372445565878219801E-16, 1.799999999999999600 ) ) ;
#1959 = ORIENTED_EDGE ( 'NONE', *, *, #792, .T. ) ;
#1960 = CARTESIAN_POINT ( 'NONE',  ( 0.5898502691896265748, 1.021650635094609072, 2.204166666666678154 ) ) ;
#1961 = CARTESIAN_POINT ( 'NONE',  ( -0.6410254037844370645, 0.3700961894323320234, 0.8666666666666597019 ) ) ;
#1962 = CARTESIAN_POINT ( 'NONE',  ( 1.154700538379252572, -1.621088194205899095E-15, 0.9500000000000089484 ) ) ;
#1963 = CYLINDRICAL_SURFACE ( 'NONE', #2601, 1.000000000000001110 ) ;
#1964 = ORIENTED_EDGE ( 'NONE', *, *, #452, .T. ) ;
#1965 = CARTESIAN_POINT ( 'NONE',  ( 0.000000000000000000, -3.494140929970925097E-16, -3.000000000000000000 ) ) ;
#1966 = CARTESIAN_POINT ( 'NONE',  ( 0.6410254037844372865, 0.3700961894323309687, 1.933333333333326021 ) ) ;
#1967 = ADVANCED_FACE ( 'NONE', ( #1536 ), #2449, .T. ) ;
#1968 = CARTESIAN_POINT ( 'NONE',  ( 0.000000000000000000, 0.7401923788646662672, -2.800000000000007372 ) ) ;
#1969 = CARTESIAN_POINT ( 'NONE',  ( -0.8547005383792493083, -1.132458183329972389E-15, 0.1499999999999921674 ) ) ;
#1970 = CARTESIAN_POINT ( 'NONE',  ( 0.4273502691896244876, -0.7401923788646675995, -1.366666666666674024 ) ) ;
#1971 = CARTESIAN_POINT ( 'NONE',  ( 0.000000000000000000, 0.7401923788646650459, 1.249999999999992450 ) ) ;
#1972 = CARTESIAN_POINT ( 'NONE',  ( -0.4273502691896248762, -0.7401923788646666003, -2.583333333333341031 ) ) ;
#1973 = CARTESIAN_POINT ( 'NONE',  ( 1.179700538379251595, -1.503082374044721124E-15, 0.5124999999999946265 ) ) ;
#1974 = ORIENTED_EDGE ( 'NONE', *, *, #1763, .T. ) ;
#1975 = PLANE ( 'NONE',  #2915 ) ;
#1976 = VERTEX_POINT ( 'NONE', #476 ) ;
#1977 = VERTEX_POINT ( 'NONE', #2720 ) ;
#1978 = ORIENTED_EDGE ( 'NONE', *, *, #851, .F. ) ;
#1979 = CARTESIAN_POINT ( 'NONE',  ( 0.6499999999999998002, 0.3752776749732648631, 3.000000000000000000 ) ) ;
#1980 = DIRECTION ( 'NONE',  ( -0.000000000000000000, 1.224646799147353207E-16, -1.000000000000000000 ) ) ;
#1981 = LINE ( 'NONE', #518, #815 ) ;
#1982 = CARTESIAN_POINT ( 'NONE',  ( -9.348922554027406636E-17, -0.7633974596215410413, -2.936602540378459469 ) ) ;
#1983 = CARTESIAN_POINT ( 'NONE',  ( -0.4273502691896244876, 0.7401923788646649349, 1.633333333333326198 ) ) ;
#1984 = CARTESIAN_POINT ( 'NONE',  ( -0.6410254037844370645, -0.3700961894323340773, -0.6166666666666742458 ) ) ;
#1985 = CARTESIAN_POINT ( 'NONE',  ( -9.064742275298788894E-17, -0.7401923788646674884, -1.000000000000007327 ) ) ;
#1986 = CARTESIAN_POINT ( 'NONE',  ( -0.4273502691896248762, -0.7401923788646678215, 1.416666666666658747 ) ) ;
#1987 =( BOUNDED_CURVE ( )  B_SPLINE_CURVE ( 2, ( #1880, #2152, #914, #1379, #2409, #1202, #2851 ),
 .UNSPECIFIED., .F., .T. ) 
 B_SPLINE_CURVE_WITH_KNOTS ( ( 3, 2, 2, 3 ),
 ( 0.6666666666666666297, 0.6777777777777778123, 0.6888888888888889950, 0.7000000000000000666 ),
 .UNSPECIFIED. ) 
 CURVE ( )  GEOMETRIC_REPRESENTATION_ITEM ( )  RATIONAL_B_SPLINE_CURVE ( ( 1.000000000000000000, 0.8660254037844387076, 1.000000000000000000, 0.8660254037844387076, 1.000000000000000000, 0.8660254037844373753, 1.000000000000001332 ) ) 
 REPRESENTATION_ITEM ( '' )  );
#1988 = CARTESIAN_POINT ( 'NONE',  ( 0.8547005383792493083, -6.132155791308471951E-16, -2.450000000000007727 ) ) ;
#1989 = CARTESIAN_POINT ( 'NONE',  ( -0.5898502691896256866, 1.021650635094609738, 1.045833333333328286 ) ) ;
#1990 = CARTESIAN_POINT ( 'NONE',  ( -0.5773502691896236216, 1.000000000000004885, -2.166666666666671404 ) ) ;
#1991 = EDGE_LOOP ( 'NONE', ( #945, #313, #2201, #2685, #1097 ) ) ;
#1992 = CARTESIAN_POINT ( 'NONE',  ( 0.000000000000000000, 1.000000000000000000, -1.000000000000004663 ) ) ;
#1993 = CARTESIAN_POINT ( 'NONE',  ( -1.224646799147354440E-16, -1.000000000000001332, -2.000000000000005329 ) ) ;
#1994 = CARTESIAN_POINT ( 'NONE',  ( 0.8660254037844398178, 0.4999999999999981681, 1.383333333333342186 ) ) ;
#1995 = DIRECTION ( 'NONE',  ( -0.000000000000000000, 1.224646799147353207E-16, -1.000000000000000000 ) ) ;
#1996 = CARTESIAN_POINT ( 'NONE',  ( -0.6410254037844370645, -0.3700961894323346324, 1.333333333333326154 ) ) ;
#1997 = CARTESIAN_POINT ( 'NONE',  ( -0.4273502691896248762, -0.7401923788646675995, 0.6166666666666590357 ) ) ;
#1998 = CARTESIAN_POINT ( 'NONE',  ( -0.8547005383792494193, -1.006357130653197115E-15, -0.3000000000000072609 ) ) ;
#1999 = CARTESIAN_POINT ( 'NONE',  ( -0.8547005383792493083, -1.244548007931550542E-15, 0.5499999999999923839 ) ) ;
#2000 = CARTESIAN_POINT ( 'NONE',  ( 0.4273502691896250982, 0.7401923788646659341, -2.383333333333341297 ) ) ;
#2001 = B_SPLINE_CURVE_WITH_KNOTS ( 'NONE', 3,
 ( #1150, #1399, #412, #225, #2591, #2372, #1888, #1368, #2344, #2112, #3085, #210, #2625, #1165, #2145, #3115, #919, #1904 ),
 .UNSPECIFIED., .F., .F.,
 ( 4, 2, 2, 2, 2, 2, 2, 2, 4 ),
 ( 0.0007611939675345528707, 0.001115298109660711311, 0.001469402251786869860, 0.001823506393913028410, 0.002177610536039186959, 0.002531714678165345508, 0.002885818820291503623, 0.003239922962417662172, 0.003594027104543820721 ),
 .UNSPECIFIED. ) ;
#2002 = EDGE_CURVE ( 'NONE', #1439, #1078, #1638, .T. ) ;
#2003 = CARTESIAN_POINT ( 'NONE',  ( -1.251161180115476108E-16, -1.021650635094612181, 0.01249999999999428651 ) ) ;
#2004 = CIRCLE ( 'NONE', #1029, 0.7505553499465129619 ) ;
#2005 =( BOUNDED_CURVE ( )  B_SPLINE_CURVE ( 2, ( #559, #1049, #575, #2510, #347, #1301, #2850 ),
 .UNSPECIFIED., .F., .F. ) 
 B_SPLINE_CURVE_WITH_KNOTS ( ( 3, 2, 2, 3 ),
 ( 0.2333333333333333925, 0.2444444444444444919, 0.2555555555555554803, 0.2666666666666666075 ),
 .UNSPECIFIED. ) 
 CURVE ( )  GEOMETRIC_REPRESENTATION_ITEM ( )  RATIONAL_B_SPLINE_CURVE ( ( 0.9999999999999986677, 0.8660254037844400399, 1.000000000000000000, 0.8660254037844387076, 1.000000000000000000, 0.8660254037844400399, 0.9999999999999986677 ) ) 
 REPRESENTATION_ITEM ( '' )  );
#2006 = CARTESIAN_POINT ( 'NONE',  ( 0.6499999999999998002, 8.739904209046480862E-15, 2.899444650053487393 ) ) ;
#2007 = ORIENTED_EDGE ( 'NONE', *, *, #2066, .F. ) ;
#2008 = CARTESIAN_POINT ( 'NONE',  ( -1.224646799147354440E-16, -1.000000000000002220, 0.8500000000000091926 ) ) ;
#2009 = DIRECTION ( 'NONE',  ( 1.000000000000000000, 0.000000000000000000, 0.000000000000000000 ) ) ;
#2010 = CARTESIAN_POINT ( 'NONE',  ( 0.000000000000000000, 1.000000000000000000, -0.6000000000000043077 ) ) ;
#2011 = EDGE_LOOP ( 'NONE', ( #25, #1959, #1698, #2588, #1058, #2240 ) ) ;
#2012 = DIRECTION ( 'NONE',  ( 0.000000000000000000, -1.224646799147353207E-16, 1.000000000000000000 ) ) ;
#2013 = CARTESIAN_POINT ( 'NONE',  ( -0.6410254037844370645, -0.3700961894323347434, 1.733333333333326287 ) ) ;
#2014 = CARTESIAN_POINT ( 'NONE',  ( 0.4273502691896245431, -0.7401923788646675995, -1.766666666666674157 ) ) ;
#2015 = CARTESIAN_POINT ( 'NONE',  ( 0.6410254037844368424, -0.3700961894323351320, 1.516666666666659280 ) ) ;
#2016 = CARTESIAN_POINT ( 'NONE',  ( 0.4273502691896251537, 0.7401923788646657121, -1.633333333333341075 ) ) ;
#2017 = CARTESIAN_POINT ( 'NONE',  ( 0.000000000000000000, 0.7401923788646654900, -0.3500000000000078604 ) ) ;
#2018 = CARTESIAN_POINT ( 'NONE',  ( 0.4273502691896243766, -0.7401923788646670443, -2.916666666666674512 ) ) ;
#2019 = CARTESIAN_POINT ( 'NONE',  ( 1.179700538379251595, -2.175621321654190633E-15, 2.912499999999994760 ) ) ;
#2020 = CARTESIAN_POINT ( 'NONE',  ( -1.179700538379251817, -1.501369251930557911E-15, 1.537500000000010525 ) ) ;
#2021 = CARTESIAN_POINT ( 'NONE',  ( 0.6499999999999998002, -0.2590005040180420326, 2.941861414522396245 ) ) ;
#2022 = CARTESIAN_POINT ( 'NONE',  ( -1.224646799147354440E-16, -1.000000000000001776, -0.8000000000000051514 ) ) ;
#2023 = CARTESIAN_POINT ( 'NONE',  ( 0.000000000000000000, 0.9999999999999993339, 1.450000000000009948 ) ) ;
#2024 = ORIENTED_EDGE ( 'NONE', *, *, #3076, .T. ) ;
#2025 = CARTESIAN_POINT ( 'NONE',  ( -0.5898502691896262418, -1.021650635094611737, -1.595833333333323001 ) ) ;
#2026 = CARTESIAN_POINT ( 'NONE',  ( -0.6410254037844371755, -0.3700961894323340218, -1.066666666666673979 ) ) ;
#2027 = CARTESIAN_POINT ( 'NONE',  ( 0.8547005383792493083, -1.846203649748208651E-15, 1.949999999999992628 ) ) ;
#2028 = CARTESIAN_POINT ( 'NONE',  ( 0.4273502691896244876, -0.7401923788646683766, 1.433333333333326243 ) ) ;
#2029 = CARTESIAN_POINT ( 'NONE',  ( -9.064742275298787661E-17, -0.7401923788646675995, -0.1500000000000077660 ) ) ;
#2030 = CARTESIAN_POINT ( 'NONE',  ( 0.8547005383792493083, -7.253054037324254466E-16, -2.050000000000007816 ) ) ;
#2031 = VERTEX_POINT ( 'NONE', #2008 ) ;
#2032 = CARTESIAN_POINT ( 'NONE',  ( 0.5898502691896253536, -1.021650635094613291, 2.845833333333327886 ) ) ;
#2033 = CARTESIAN_POINT ( 'NONE',  ( -0.5898502691896257977, 1.021650635094609516, 2.270833333333345028 ) ) ;
#2034 = CARTESIAN_POINT ( 'NONE',  ( 0.000000000000000000, 1.000000000000000222, -1.749999999999990452 ) ) ;
#2035 = CARTESIAN_POINT ( 'NONE',  ( -0.8660254037844395958, -0.5000000000000015543, 0.3833333333333421855 ) ) ;
#2036 = ADVANCED_FACE ( 'NONE', ( #1287 ), #434, .F. ) ;
#2037 = CARTESIAN_POINT ( 'NONE',  ( -0.8660254037844395958, -0.5000000000000018874, 1.583333333333342807 ) ) ;
#2038 = DIRECTION ( 'NONE',  ( 0.000000000000000000, 1.000000000000000000, 0.000000000000000000 ) ) ;
#2039 = APPROVAL_PERSON_ORGANIZATION ( #206, #425, #455 ) ;
#2040 = ORIENTED_EDGE ( 'NONE', *, *, #1027, .F. ) ;
#2041 = CARTESIAN_POINT ( 'NONE',  ( 0.000000000000000000, -3.494140929970925097E-16, -3.000000000000000000 ) ) ;
#2042 = CARTESIAN_POINT ( 'NONE',  ( 0.5898502691896265748, 1.021650635094610404, -2.595833333333322113 ) ) ;
#2043 = CARTESIAN_POINT ( 'NONE',  ( -0.6604297144130009123, -0.4255236720512192705, 1.799999999999998712 ) ) ;
#2044 = CARTESIAN_POINT ( 'NONE',  ( 0.6410254037844373975, 0.3700961894323314127, 0.7333333333333262871 ) ) ;
#2045 = CARTESIAN_POINT ( 'NONE',  ( 0.6410254037844372865, 0.3700961894323322454, -2.466666666666674335 ) ) ;
#2046 = CARTESIAN_POINT ( 'NONE',  ( -0.6410254037844369535, 0.3700961894323319679, 0.9166666666666594132 ) ) ;
#2047 = CARTESIAN_POINT ( 'NONE',  ( 0.8847754037844384190, -0.5108253175473075336, 1.679166666666661367 ) ) ;
#2048 = CARTESIAN_POINT ( 'NONE',  ( 0.5773502691896268413, 0.9999999999999996669, -1.033333333333337434 ) ) ;
#2049 = AXIS2_PLACEMENT_3D ( 'NONE', #2412, #254, #734 ) ;
#2050 = CARTESIAN_POINT ( 'NONE',  ( -0.8847754037844388630, 0.5108253175473039809, 1.904166666666678109 ) ) ;
#2051 = CONICAL_SURFACE ( 'NONE', #2453, 0.7505553499465129619, 0.7853981633974500554 ) ;
#2052 = ORIENTED_EDGE ( 'NONE', *, *, #1488, .F. ) ;
#2053 = CARTESIAN_POINT ( 'NONE',  ( 0.6499999999999998002, -0.3752776749732571471, 2.160000000000000142 ) ) ;
#2054 = CARTESIAN_POINT ( 'NONE',  ( -1.224646799147354440E-16, -1.000000000000002442, 1.650000000000008571 ) ) ;
#2055 = CARTESIAN_POINT ( 'NONE',  ( 0.2127112901949040347, -0.6277464292928134348, 2.899167121815193315 ) ) ;
#2056 = VERTEX_POINT ( 'NONE', #2995 ) ;
#2057 = CARTESIAN_POINT ( 'NONE',  ( 0.8660254037844398178, 0.4999999999999983902, 0.5333333333333286630 ) ) ;
#2058 = CARTESIAN_POINT ( 'NONE',  ( -0.8847754037844388630, 0.5108253175473052021, -2.095833333333322113 ) ) ;
#2059 = CARTESIAN_POINT ( 'NONE',  ( 0.000000000000000000, 0.7401923788646658231, -1.200000000000007505 ) ) ;
#2060 = CARTESIAN_POINT ( 'NONE',  ( 0.6410254037844368424, -0.3700961894323354651, 2.716666666666658791 ) ) ;
#2061 = CARTESIAN_POINT ( 'NONE',  ( -0.4273502691896249317, -0.7401923788646673774, -0.2333333333333406090 ) ) ;
#2062 = EDGE_CURVE ( 'NONE', #1474, #1439, #1240, .T. ) ;
#2063 = CARTESIAN_POINT ( 'NONE',  ( -0.6410254037844369535, 0.3700961894323317458, 1.716666666666658791 ) ) ;
#2064 = CARTESIAN_POINT ( 'NONE',  ( -0.8547005383792493083, -1.244548007931550936E-15, 0.5499999999999922728 ) ) ;
#2065 = CARTESIAN_POINT ( 'NONE',  ( -1.179700538379251595, -1.718543287096111219E-15, 2.312499999999994227 ) ) ;
#2066 = EDGE_CURVE ( 'NONE', #1976, #2936, #1445, .T. ) ;
#2067 = CARTESIAN_POINT ( 'NONE',  ( 0.5773502691896225114, -1.000000000000008438, 1.633333333333327975 ) ) ;
#2068 = CARTESIAN_POINT ( 'NONE',  ( -0.8660254037844394848, 0.4999999999999994449, -0.08333333333332382242 ) ) ;
#2069 = CARTESIAN_POINT ( 'NONE',  ( 0.000000000000000000, 0.9999999999999997780, 0.1999999999999955702 ) ) ;
#2070 = VERTEX_POINT ( 'NONE', #998 ) ;
#2071 = DIRECTION ( 'NONE',  ( -0.000000000000000000, 1.224646799147353207E-16, -1.000000000000000000 ) ) ;
#2072 = ORIENTED_EDGE ( 'NONE', *, *, #2239, .F. ) ;
#2073 = CARTESIAN_POINT ( 'NONE',  ( -1.224646799147354440E-16, -1.000000000000002442, 1.650000000000008571 ) ) ;
#2074 = CARTESIAN_POINT ( 'NONE',  ( -0.5898502691896257977, 1.021650635094610848, -2.529166666666655239 ) ) ;
#2075 = CARTESIAN_POINT ( 'NONE',  ( -0.8547005383792494193, -1.230536779856353618E-15, 0.4999999999999926170 ) ) ;
#2076 = CARTESIAN_POINT ( 'NONE',  ( -9.064742275298787661E-17, -0.7401923788646672664, -1.400000000000007461 ) ) ;
#2077 = CARTESIAN_POINT ( 'NONE',  ( -0.6410254037844369535, 0.3700961894323321899, 0.1166666666666590219 ) ) ;
#2078 = CARTESIAN_POINT ( 'NONE',  ( 0.5898502691896253536, -1.021650635094612847, 1.645833333333328152 ) ) ;
#2079 = EDGE_CURVE ( 'NONE', #2477, #531, #64, .T. ) ;
#2080 = CARTESIAN_POINT ( 'NONE',  ( 0.000000000000000000, 0.7401923788646661562, -2.750000000000007550 ) ) ;
#2081 = CARTESIAN_POINT ( 'NONE',  ( 0.000000000000000000, 1.000000000000000000, -0.9499999999999904077 ) ) ;
#2082 = CARTESIAN_POINT ( 'NONE',  ( -1.154700538379252572, -3.855046214325081067E-16, -2.449999999999990408 ) ) ;
#2083 = ORIENTED_EDGE ( 'NONE', *, *, #1002, .T. ) ;
#2084 = CARTESIAN_POINT ( 'NONE',  ( 0.4951034180494864323, -0.8659243685440159988, -2.710715435033629106 ) ) ;
#2085 = DIRECTION ( 'NONE',  ( 1.000000000000000000, 0.000000000000000000, 0.000000000000000000 ) ) ;
#2086 = VERTEX_POINT ( 'NONE', #1979 ) ;
#2087 = CARTESIAN_POINT ( 'NONE',  ( -0.8847754037844388630, 0.5108253175473054242, -2.895833333333322379 ) ) ;
#2088 = ORIENTED_EDGE ( 'NONE', *, *, #2418, .F. ) ;
#2089 = CARTESIAN_POINT ( 'NONE',  ( 0.05078453885288630038, 0.7212348827691289488, 2.970679532822607882 ) ) ;
#2090 = CARTESIAN_POINT ( 'NONE',  ( 0.6410254037844373975, 0.3700961894323311907, 1.533333333333325887 ) ) ;
#2091 = CARTESIAN_POINT ( 'NONE',  ( 0.6499999999999998002, 0.3752776749732572581, 2.160000000000000142 ) ) ;
#2092 = CARTESIAN_POINT ( 'NONE',  ( -0.4273502691896244876, 0.7401923788646654900, -0.3166666666666742569 ) ) ;
#2093 = CARTESIAN_POINT ( 'NONE',  ( -0.4273502691896244876, 0.7401923788646660451, -1.916666666666674290 ) ) ;
#2094 = AXIS2_PLACEMENT_3D ( 'NONE', #1134, #660, #2577 ) ;
#2095 = EDGE_CURVE ( 'NONE', #2397, #1173, #1779, .T. ) ;
#2096 = CARTESIAN_POINT ( 'NONE',  ( 2.449293598294706907E-16, -2.000000000000001332, 3.000000000000001332 ) ) ;
#2097 = CARTESIAN_POINT ( 'NONE',  ( 0.000000000000000000, 0.9999999999999997780, -0.1499999999999905020 ) ) ;
#2098 = CARTESIAN_POINT ( 'NONE',  ( -9.064742275298786429E-17, -0.7401923788646667113, -2.959807621135332578 ) ) ;
#2099 = VERTEX_POINT ( 'NONE', #1940 ) ;
#2100 = LINE ( 'NONE', #2802, #2106 ) ;
#2101 = VECTOR ( 'NONE', #1000, 1000.000000000000000 ) ;
#2102 = EDGE_CURVE ( 'NONE', #1881, #2603, #530, .T. ) ;
#2103 = ADVANCED_FACE ( 'NONE', ( #2798 ), #650, .T. ) ;
#2104 = CYLINDRICAL_SURFACE ( 'NONE', #1080, 1.000000000000001110 ) ;
#2105 = CARTESIAN_POINT ( 'NONE',  ( -0.1929613480625407274, -0.7401923788646681546, 1.799999999999999156 ) ) ;
#2106 = VECTOR ( 'NONE', #1912, 1000.000000000000000 ) ;
#2107 = ORIENTED_EDGE ( 'NONE', *, *, #2418, .T. ) ;
#2108 = COORDINATED_UNIVERSAL_TIME_OFFSET ( 6, 0, .BEHIND. ) ;
#2109 = CARTESIAN_POINT ( 'NONE',  ( 0.8847754037844393071, 0.5108253175473036478, 0.1708333333333444393 ) ) ;
#2110 = CARTESIAN_POINT ( 'NONE',  ( 0.6499999999999998002, 0.3752776749732648631, 3.000000000000000000 ) ) ;
#2111 = PRODUCT_DEFINITION ( 'UNKNOWN', '', #519, #2380 ) ;
#2112 = CARTESIAN_POINT ( 'NONE',  ( -0.9069914117419075605, 0.06736937216066379852, -2.798220182737539474 ) ) ;
#2113 = CARTESIAN_POINT ( 'NONE',  ( 0.6410254037844368424, -0.3700961894323341883, -2.133333333333340853 ) ) ;
#2114 = CARTESIAN_POINT ( 'NONE',  ( 0.6410254037844372865, 0.3700961894323318013, -0.8166666666666743124 ) ) ;
#2115 = CARTESIAN_POINT ( 'NONE',  ( 0.6410254037844368424, -0.3700961894323345214, -0.8833333333333409643 ) ) ;
#2116 = DIRECTION ( 'NONE',  ( 0.000000000000000000, 1.000000000000000000, 2.168404344971007882E-16 ) ) ;
#2117 = FACE_OUTER_BOUND ( 'NONE', #2887, .T. ) ;
#2118 = CARTESIAN_POINT ( 'NONE',  ( -1.251161180115476108E-16, -1.021650635094611292, -2.787500000000005862 ) ) ;
#2119 = CARTESIAN_POINT ( 'NONE',  ( 0.000000000000000000, 0.9999999999999995559, 0.2500000000000096589 ) ) ;
#2120 = ORIENTED_EDGE ( 'NONE', *, *, #4, .F. ) ;
#2121 = CYLINDRICAL_SURFACE ( 'NONE', #1953, 1.000000000000001110 ) ;
#2122 = EDGE_CURVE ( 'NONE', #625, #1617, #1148, .T. ) ;
#2123 = ORIENTED_EDGE ( 'NONE', *, *, #2662, .F. ) ;
#2124 = PERSON_AND_ORGANIZATION_ROLE ( 'creator' ) ;
#2125 = CARTESIAN_POINT ( 'NONE',  ( -0.5898502691896262418, -1.021650635094611959, -0.7958333333333228454 ) ) ;
#2126 = CARTESIAN_POINT ( 'NONE',  ( 0.4273502691896245431, -0.7401923788646678215, -0.1666666666666739016 ) ) ;
#2127 = DIRECTION ( 'NONE',  ( 0.4999999999999997224, -0.8660254037844388186, 0.000000000000000000 ) ) ;
#2128 = ORIENTED_EDGE ( 'NONE', *, *, #923, .T. ) ;
#2129 = CARTESIAN_POINT ( 'NONE',  ( 0.000000000000000000, 0.7401923788646647129, 2.799999999999992717 ) ) ;
#2130 = CARTESIAN_POINT ( 'NONE',  ( 0.6410254037844372865, 0.3700961894323315793, -0.06666666666667406260 ) ) ;
#2131 = CARTESIAN_POINT ( 'NONE',  ( 0.4273502691896243766, -0.7401923788646681546, 1.483333333333326287 ) ) ;
#2132 = CARTESIAN_POINT ( 'NONE',  ( 0.4273502691896251537, 0.7401923788646659341, -2.433333333333340232 ) ) ;
#2133 = CARTESIAN_POINT ( 'NONE',  ( -0.8547005383792493083, -3.478294111189245299E-16, -2.650000000000007905 ) ) ;
#2134 = CARTESIAN_POINT ( 'NONE',  ( 0.4273502691896243766, -0.7401923788646675995, -1.316666666666674201 ) ) ;
#2135 = CYLINDRICAL_SURFACE ( 'NONE', #77, 1.000000000000001110 ) ;
#2136 = CARTESIAN_POINT ( 'NONE',  ( -0.5898502691896261307, -1.021650635094611292, -2.020833333333338810 ) ) ;
#2137 = CARTESIAN_POINT ( 'NONE',  ( 2.686616104935888371E-18, 0.7505553499465138501, 2.160000000000000142 ) ) ;
#2138 = ORIENTED_EDGE ( 'NONE', *, *, #150, .F. ) ;
#2139 = CALENDAR_DATE ( 2026, 7, 1 ) ;
#2140 = EDGE_CURVE ( 'NONE', #872, #3077, #3066, .T. ) ;
#2141 = CARTESIAN_POINT ( 'NONE',  ( 0.5898502691896256866, -1.021650635094612625, -0.3291666666666560048 ) ) ;
#2142 = CARTESIAN_POINT ( 'NONE',  ( -0.8547005383792494193, -1.118446955254775268E-15, 0.09999999999999245603 ) ) ;
#2143 = CARTESIAN_POINT ( 'NONE',  ( 1.154700538379252572, -7.243695973932726891E-16, -2.249999999999991118 ) ) ;
#2144 = ORIENTED_EDGE ( 'NONE', *, *, #1521, .T. ) ;
#2145 = CARTESIAN_POINT ( 'NONE',  ( -0.4591922918297035028, 0.7413888613438828212, -2.836002534357906057 ) ) ;
#2146 = CARTESIAN_POINT ( 'NONE',  ( 0.6410254037844368424, -0.3700961894323346324, -0.5333333333333405424 ) ) ;
#2147 = CARTESIAN_POINT ( 'NONE',  ( -0.8547005383792493083, -1.692907306337863942E-15, 2.149999999999991918 ) ) ;
#2148 = CARTESIAN_POINT ( 'NONE',  ( 0.6410254037844372865, 0.3700961894323321344, -2.016666666666674601 ) ) ;
#2149 = CARTESIAN_POINT ( 'NONE',  ( -0.4273502691896248762, -0.7401923788646672664, -0.5833333333333409199 ) ) ;
#2150 = CARTESIAN_POINT ( 'NONE',  ( 1.154700538379252572, -1.284818720401164045E-15, -0.2499999999999907296 ) ) ;
#2151 = CARTESIAN_POINT ( 'NONE',  ( -0.8847754037844387520, -0.5108253175473058683, -2.054166666666672025 ) ) ;
#2152 = CARTESIAN_POINT ( 'NONE',  ( -0.5773502691896262862, 0.9999999999999996669, 1.033333333333328552 ) ) ;
#2153 = ORIENTED_EDGE ( 'NONE', *, *, #53, .T. ) ;
#2154 = CARTESIAN_POINT ( 'NONE',  ( -0.5898502691896257977, 1.021650635094610404, -0.9291666666666553720 ) ) ;
#2155 = VECTOR ( 'NONE', #2492, 999.9999999999998863 ) ;
#2156 = CARTESIAN_POINT ( 'NONE',  ( -0.6410254037844371755, -0.3700961894323342438, -0.2666666666666741570 ) ) ;
#2157 = CARTESIAN_POINT ( 'NONE',  ( -2.208449853761365556E-11, 0.8415063509470687153, -2.858493649052930685 ) ) ;
#2158 = CARTESIAN_POINT ( 'NONE',  ( -0.4273502691896246541, 0.7401923788646648239, 2.033333333333326109 ) ) ;
#2159 = CARTESIAN_POINT ( 'NONE',  ( 0.6410254037844368424, -0.3700961894323345214, -0.9333333333333406756 ) ) ;
#2160 = CARTESIAN_POINT ( 'NONE',  ( -0.8547005383792494193, -2.217283584421490093E-16, -3.100000000000007638 ) ) ;
#2161 = DIRECTION ( 'NONE',  ( 0.000000000000000000, 0.000000000000000000, 1.000000000000000000 ) ) ;
#2162 = CARTESIAN_POINT ( 'NONE',  ( 0.6410254037844368424, -0.3700961894323341883, -2.083333333333341031 ) ) ;
#2163 = EDGE_CURVE ( 'NONE', #2031, #1712, #2336, .T. ) ;
#2164 = CARTESIAN_POINT ( 'NONE',  ( 0.4273502691896250982, 0.7401923788646654900, -1.183333333333340898 ) ) ;
#2165 = DIRECTION ( 'NONE',  ( 0.000000000000000000, 1.000000000000000000, 2.168404344971008868E-16 ) ) ;
#2166 = CARTESIAN_POINT ( 'NONE',  ( 0.8847754037844384190, -0.5108253175473066454, -1.920833333333339166 ) ) ;
#2167 = ORIENTED_EDGE ( 'NONE', *, *, #1163, .F. ) ;
#2168 = CARTESIAN_POINT ( 'NONE',  ( -1.224646799147354440E-16, -1.000000000000001332, -2.400000000000005240 ) ) ;
#2169 = VERTEX_POINT ( 'NONE', #2096 ) ;
#2170 = CARTESIAN_POINT ( 'NONE',  ( 1.179700538379251817, -1.510087988082324319E-15, 0.5375000000000110800 ) ) ;
#2171 = DIRECTION ( 'NONE',  ( -0.000000000000000000, 1.224646799147353207E-16, -1.000000000000000000 ) ) ;
#2172 = CARTESIAN_POINT ( 'NONE',  ( -0.8547005383792494193, -1.790985902864245368E-15, 2.499999999999992895 ) ) ;
#2173 = CARTESIAN_POINT ( 'NONE',  ( 0.8547005383792493083, -1.271743298665119780E-15, -0.1000000000000072081 ) ) ;
#2174 = CARTESIAN_POINT ( 'NONE',  ( 0.4273502691896251537, 0.7401923788646661562, -2.833333333333340587 ) ) ;
#2175 = CARTESIAN_POINT ( 'NONE',  ( 0.6410254037844368424, -0.3700961894323346324, -0.4833333333333408310 ) ) ;
#2176 = CARTESIAN_POINT ( 'NONE',  ( -0.4273502691896245431, 0.7401923788646660451, -2.316666666666674423 ) ) ;
#2177 = CARTESIAN_POINT ( 'NONE',  ( -0.5773502691896262862, 1.000000000000000222, -1.366666666666670915 ) ) ;
#2178 = EDGE_CURVE ( 'NONE', #2183, #793, #882, .T. ) ;
#2179 = CARTESIAN_POINT ( 'NONE',  ( 1.179700538379251595, -7.184536018336729691E-16, -2.287500000000004974 ) ) ;
#2180 = ORIENTED_EDGE ( 'NONE', *, *, #2699, .T. ) ;
#2181 = DIRECTION ( 'NONE',  ( 0.000000000000000000, 0.000000000000000000, -1.000000000000000000 ) ) ;
#2182 = ORIENTED_EDGE ( 'NONE', *, *, #148, .T. ) ;
#2183 = VERTEX_POINT ( 'NONE', #389 ) ;
#2184 = CARTESIAN_POINT ( 'NONE',  ( 0.7006292692219660001, -0.7135254915624923422, -2.699999999999997957 ) ) ;
#2185 = CARTESIAN_POINT ( 'NONE',  ( -0.4273502691896249872, -0.7401923788646678215, 0.9666666666666591246 ) ) ;
#2186 = CARTESIAN_POINT ( 'NONE',  ( 0.8660254037844398178, 0.4999999999999986122, -0.2666666666666716590 ) ) ;
#2187 = FACE_OUTER_BOUND ( 'NONE', #1489, .T. ) ;
#2188 = CARTESIAN_POINT ( 'NONE',  ( -0.6410254037844370645, -0.3700961894323342993, 0.1333333333333260318 ) ) ;
#2189 = CARTESIAN_POINT ( 'NONE',  ( 0.6410254037844372865, 0.3700961894323309687, 1.983333333333325621 ) ) ;
#2190 =( BOUNDED_CURVE ( )  B_SPLINE_CURVE ( 2, ( #2789, #607, #2541, #1505, #781, #2996, #2010 ),
 .UNSPECIFIED., .F., .F. ) 
 B_SPLINE_CURVE_WITH_KNOTS ( ( 3, 2, 2, 3 ),
 ( 0.3666666666666665853, 0.3777777777777777124, 0.3888888888888888951, 0.4000000000000000222 ),
 .UNSPECIFIED. ) 
 CURVE ( )  GEOMETRIC_REPRESENTATION_ITEM ( )  RATIONAL_B_SPLINE_CURVE ( ( 1.000000000000000666, 0.8660254037844379305, 1.000000000000000000, 0.8660254037844387076, 1.000000000000000000, 0.8660254037844387076, 1.000000000000000000 ) ) 
 REPRESENTATION_ITEM ( '' )  );
#2191 = CARTESIAN_POINT ( 'NONE',  ( -0.4273502691896248762, -0.7401923788646677105, 1.016666666666658836 ) ) ;
#2192 = CARTESIAN_POINT ( 'NONE',  ( -0.6410254037844371755, -0.3700961894323336887, -2.266666666666674157 ) ) ;
#2193 = CARTESIAN_POINT ( 'NONE',  ( -0.6410254037844370645, -0.3700961894323338552, -1.416666666666674290 ) ) ;
#2194 = CARTESIAN_POINT ( 'NONE',  ( 0.8660254037844398178, 0.4999999999999987232, -0.6166666666666577035 ) ) ;
#2195 = CARTESIAN_POINT ( 'NONE',  ( -0.8847754037844386410, 0.5108253175473044250, 0.2791666666666619556 ) ) ;
#2196 = EDGE_CURVE ( 'NONE', #2606, #2397, #2420, .T. ) ;
#2197 = CARTESIAN_POINT ( 'NONE',  ( 1.224646799147354686E-16, -1.000000000000001554, -3.000000000000000000 ) ) ;
#2198 = CARTESIAN_POINT ( 'NONE',  ( 0.000000000000000000, 1.000000000000000000, -1.349999999999990541 ) ) ;
#2199 = EDGE_LOOP ( 'NONE', ( #2083, #1685, #1964, #2868 ) ) ;
#2200 = ADVANCED_FACE ( 'NONE', ( #1563 ), #2811, .T. ) ;
#2201 = ORIENTED_EDGE ( 'NONE', *, *, #3098, .F. ) ;
#2202 = CARTESIAN_POINT ( 'NONE',  ( 0.000000000000000000, 1.000000000000000666, -3.000000000000000000 ) ) ;
#2203 = DIRECTION ( 'NONE',  ( -0.000000000000000000, -0.000000000000000000, 1.000000000000000000 ) ) ;
#2204 = DIRECTION ( 'NONE',  ( 0.000000000000000000, 1.000000000000000000, 0.000000000000000000 ) ) ;
#2205 = ORIENTED_EDGE ( 'NONE', *, *, #1829, .T. ) ;
#2206 = CARTESIAN_POINT ( 'NONE',  ( -0.5773502691896262862, 0.9999999999999996669, 0.6333333333333288628 ) ) ;
#2207 = CONICAL_SURFACE ( 'NONE', #1692, 0.6999999999999998446, 0.7853981633974469467 ) ;
#2208 = AXIS2_PLACEMENT_3D ( 'NONE', #9, #965, #2914 ) ;
#2209 = CARTESIAN_POINT ( 'NONE',  ( 0.8547005383792493083, -2.056372070876168033E-15, 2.699999999999992184 ) ) ;
#2210 = CARTESIAN_POINT ( 'NONE',  ( -0.4273502691896246541, 0.7401923788646662672, -2.766666666666674601 ) ) ;
#2211 = CARTESIAN_POINT ( 'NONE',  ( 0.000000000000000000, 0.7401923788646654900, -0.3500000000000078604 ) ) ;
#2212 = AXIS2_PLACEMENT_3D ( 'NONE', #190, #700, #3122 ) ;
#2213 = CARTESIAN_POINT ( 'NONE',  ( 0.4273502691896251537, 0.7401923788646656011, -1.233333333333340720 ) ) ;
#2214 = CARTESIAN_POINT ( 'NONE',  ( 0.6410254037844372865, 0.3700961894323316903, -0.4166666666666745678 ) ) ;
#2215 =( BOUNDED_CURVE ( )  B_SPLINE_CURVE ( 2, ( #2604, #2912, #1679, #730, #900, #1440, #3094 ),
 .UNSPECIFIED., .F., .T. ) 
 B_SPLINE_CURVE_WITH_KNOTS ( ( 3, 2, 2, 3 ),
 ( 0.5999999999999999778, 0.6111111111111111605, 0.6222222222222222321, 0.6333333333333333037 ),
 .UNSPECIFIED. ) 
 CURVE ( )  GEOMETRIC_REPRESENTATION_ITEM ( )  RATIONAL_B_SPLINE_CURVE ( ( 1.000000000000000000, 0.8660254037844387076, 1.000000000000000000, 0.8660254037844387076, 1.000000000000000000, 0.8660254037844387076, 1.000000000000000000 ) ) 
 REPRESENTATION_ITEM ( '' )  );
#2216 = CARTESIAN_POINT ( 'NONE',  ( 0.4610599755379106157, -0.7231038468273922604, -2.850169677741250407 ) ) ;
#2217 = CARTESIAN_POINT ( 'NONE',  ( -0.8847754037844387520, -0.5108253175473065344, -0.05416666666667197677 ) ) ;
#2218 = ORIENTED_EDGE ( 'NONE', *, *, #3016, .T. ) ;
#2219 = CARTESIAN_POINT ( 'NONE',  ( -0.8660254037844393737, 0.5000000000000000000, -2.133333333333337745 ) ) ;
#2220 = ORIENTED_EDGE ( 'NONE', *, *, #1621, .F. ) ;
#2221 = DIRECTION ( 'NONE',  ( 0.000000000000000000, -1.000000000000000000, 0.000000000000000000 ) ) ;
#2222 = EDGE_CURVE ( 'NONE', #1014, #716, #2830, .T. ) ;
#2223 = CARTESIAN_POINT ( 'NONE',  ( 0.6410254037844373975, 0.3700961894323311907, 1.533333333333325887 ) ) ;
#2224 = DIRECTION ( 'NONE',  ( 0.000000000000000000, -0.7071067811865465735, 0.7071067811865483499 ) ) ;
#2225 = ORIENTED_EDGE ( 'NONE', *, *, #2062, .T. ) ;
#2226 = CARTESIAN_POINT ( 'NONE',  ( 0.000000000000000000, 0.7401923788646651570, 0.7999999999999926059 ) ) ;
#2227 = CARTESIAN_POINT ( 'NONE',  ( -0.4273502691896244876, 0.7401923788646656011, -0.7166666666666743346 ) ) ;
#2228 = CARTESIAN_POINT ( 'NONE',  ( 0.6410254037844369535, -0.3700961894323343548, -1.733333333333340942 ) ) ;
#2229 = CARTESIAN_POINT ( 'NONE',  ( 0.6410254037844372865, 0.3700961894323312462, 1.183333333333325355 ) ) ;
#2230 = CARTESIAN_POINT ( 'NONE',  ( 0.000000000000000000, 0.7401923788646659341, -1.950000000000007727 ) ) ;
#2231 = CARTESIAN_POINT ( 'NONE',  ( 0.000000000000000000, 1.021650635094610182, -0.5875000000000046851 ) ) ;
#2232 = LINE ( 'NONE', #282, #1800 ) ;
#2233 = ORIENTED_EDGE ( 'NONE', *, *, #2738, .F. ) ;
#2234 = ORIENTED_EDGE ( 'NONE', *, *, #1278, .F. ) ;
#2235 = ORIENTED_EDGE ( 'NONE', *, *, #245, .F. ) ;
#2236 = CARTESIAN_POINT ( 'NONE',  ( 2.449293598294707400E-16, -2.000000000000001776, 2.799999999999996714 ) ) ;
#2237 = CARTESIAN_POINT ( 'NONE',  ( -0.6410254037844371755, -0.3700961894323347989, 1.733333333333326287 ) ) ;
#2238 = CARTESIAN_POINT ( 'NONE',  ( 0.000000000000000000, 1.000000000000000666, -3.000000000000000000 ) ) ;
#2239 = EDGE_CURVE ( 'NONE', #113, #1376, #248, .T. ) ;
#2240 = ORIENTED_EDGE ( 'NONE', *, *, #469, .T. ) ;
#2241 = CARTESIAN_POINT ( 'NONE',  ( -0.04080550416832737226, -0.7560957120703147849, -2.943904287929097308 ) ) ;
#2242 = CARTESIAN_POINT ( 'NONE',  ( -0.6410254037844369535, 0.3700961894323318568, 1.266666666666659058 ) ) ;
#2243 = CARTESIAN_POINT ( 'NONE',  ( -0.4273502691896249872, -0.7401923788646671554, -1.833333333333340809 ) ) ;
#2244 = CARTESIAN_POINT ( 'NONE',  ( 0.6410254037844368424, -0.3700961894323349100, 0.7166666666666589025 ) ) ;
#2245 = CARTESIAN_POINT ( 'NONE',  ( -0.4273502691896249317, -0.7401923788646672664, -0.6333333333333407422 ) ) ;
#2246 = CARTESIAN_POINT ( 'NONE',  ( 0.6410254037844368424, -0.3700961894323350210, 1.116666666666659147 ) ) ;
#2247 = CARTESIAN_POINT ( 'NONE',  ( 0.6410254037844372865, 0.3700961894323319124, -1.216666666666674557 ) ) ;
#2248 = CARTESIAN_POINT ( 'NONE',  ( -0.8847754037844387520, -0.5108253175473068675, 1.145833333333328152 ) ) ;
#2249 = CARTESIAN_POINT ( 'NONE',  ( 1.154700538379252572, -8.224481939196495793E-16, -1.900000000000005018 ) ) ;
#2250 = ORIENTED_EDGE ( 'NONE', *, *, #1393, .T. ) ;
#2251 = CARTESIAN_POINT ( 'NONE',  ( 0.000000000000000000, -3.494140929970925097E-16, -3.000000000000000000 ) ) ;
#2252 = CARTESIAN_POINT ( 'NONE',  ( -0.1200778981531349515, -0.7303876067571655195, -2.959807621135334355 ) ) ;
#2253 = PLANE ( 'NONE',  #1486 ) ;
#2254 = ORIENTED_EDGE ( 'NONE', *, *, #2140, .T. ) ;
#2255 = CARTESIAN_POINT ( 'NONE',  ( 2.449293598294706414E-16, -2.000000000000000444, -3.000000000000000444 ) ) ;
#2256 = CARTESIAN_POINT ( 'NONE',  ( -0.8547005383792493083, -1.566806253661088471E-15, 1.699999999999992406 ) ) ;
#2257 = CARTESIAN_POINT ( 'NONE',  ( -0.7588214879024847148, -0.2715814258832254802, 1.799999999999954525 ) ) ;
#2258 = VECTOR ( 'NONE', #1205, 1000.000000000000000 ) ;
#2259 = CARTESIAN_POINT ( 'NONE',  ( -0.6410254037844370645, 0.3700961894323325230, -1.133333333333340853 ) ) ;
#2260 = CARTESIAN_POINT ( 'NONE',  ( -0.6410254037844370645, -0.3700961894323345214, 0.9833333333333256210 ) ) ;
#2261 = CARTESIAN_POINT ( 'NONE',  ( 0.4273502691896243766, -0.7401923788646673774, -1.316666666666674201 ) ) ;
#2262 = VECTOR ( 'NONE', #1941, 1000.000000000000000 ) ;
#2263 = CARTESIAN_POINT ( 'NONE',  ( -0.6410254037844370645, -0.3700961894323334112, -3.016666666666674601 ) ) ;
#2264 = CARTESIAN_POINT ( 'NONE',  ( -0.08006709359555677641, -0.7369655022064329764, -2.959807621135332578 ) ) ;
#2265 = CARTESIAN_POINT ( 'NONE',  ( -1.154700538379252572, -4.835832179588850955E-16, -2.100000000000004530 ) ) ;
#2266 = CARTESIAN_POINT ( 'NONE',  ( -1.154700538379252572, -8.198526917636199485E-16, -0.9000000000000046851 ) ) ;
#2267 = CARTESIAN_POINT ( 'NONE',  ( -0.8660254037844394848, -0.5000000000000013323, -0.4666666666666713370 ) ) ;
#2268 = ORIENTED_EDGE ( 'NONE', *, *, #317, .F. ) ;
#2269 = CARTESIAN_POINT ( 'NONE',  ( 0.4273502691896250982, 0.7401923788646646019, 2.366666666666659147 ) ) ;
#2270 = CARTESIAN_POINT ( 'NONE',  ( 0.6410254037844372865, 0.3700961894323308576, 2.383333333333325754 ) ) ;
#2271 = PRODUCT ( '91294A004_Black-Oxide Alloy Steel Hex Drive Flat Head Screw', '91294A004_Black-Oxide Alloy Steel Hex Drive Flat Head Screw', '', ( #577 ) ) ;
#2272 = CARTESIAN_POINT ( 'NONE',  ( -0.6410254037844370645, 0.3700961894323318013, 1.666666666666659191 ) ) ;
#2273 = CARTESIAN_POINT ( 'NONE',  ( 0.8547005383792493083, -1.509934175943473601E-15, 0.7499999999999924505 ) ) ;
#2274 = CARTESIAN_POINT ( 'NONE',  ( -0.8547005383792493083, -4.599192357205028800E-16, -2.250000000000007550 ) ) ;
#2275 = VERTEX_POINT ( 'NONE', #2091 ) ;
#2276 = CARTESIAN_POINT ( 'NONE',  ( -0.8847754037844387520, -0.5108253175473070895, 1.945833333333328419 ) ) ;
#2277 = ADVANCED_FACE ( 'NONE', ( #2808 ), #45, .T. ) ;
#2278 = CARTESIAN_POINT ( 'NONE',  ( 0.8847754037844385300, -0.5108253175473076446, 1.704166666666677710 ) ) ;
#2279 = CARTESIAN_POINT ( 'NONE',  ( 0.6499999999999998002, 8.739904209046480862E-15, 2.899444650053487393 ) ) ;
#2280 = ORIENTED_EDGE ( 'NONE', *, *, #1683, .T. ) ;
#2281 = CARTESIAN_POINT ( 'NONE',  ( 0.5773502691896226224, -1.000000000000008438, 1.283333333333341875 ) ) ;
#2282 = ORIENTED_EDGE ( 'NONE', *, *, #851, .T. ) ;
#2283 = CARTESIAN_POINT ( 'NONE',  ( 0.000000000000000000, -3.494140929970925097E-16, -3.000000000000000000 ) ) ;
#2284 = CARTESIAN_POINT ( 'NONE',  ( 0.5898502691896265748, 1.021650635094609960, -1.395833333333321713 ) ) ;
#2285 = CARTESIAN_POINT ( 'NONE',  ( -0.4273502691896246541, 0.7401923788646659341, -1.166666666666674068 ) ) ;
#2286 = CARTESIAN_POINT ( 'NONE',  ( 0.000000000000000000, 0.7401923788646646019, 2.849999999999992095 ) ) ;
#2287 = CARTESIAN_POINT ( 'NONE',  ( -0.6410254037844371755, -0.3700961894323345769, 0.9333333333333259096 ) ) ;
#2288 = CARTESIAN_POINT ( 'NONE',  ( -0.6410254037844370645, -0.3700961894323334112, -3.066666666666673979 ) ) ;
#2289 = CARTESIAN_POINT ( 'NONE',  ( 0.000000000000000000, 0.7401923788646660451, -2.350000000000008082 ) ) ;
#2290 = FACE_OUTER_BOUND ( 'NONE', #1124, .T. ) ;
#2291 = CARTESIAN_POINT ( 'NONE',  ( -1.179700538379251595, -1.494363637892954913E-15, 1.512499999999995293 ) ) ;
#2292 = CARTESIAN_POINT ( 'NONE',  ( 0.000000000000000000, 1.000000000000000666, -3.000000000000000000 ) ) ;
#2293 = CARTESIAN_POINT ( 'NONE',  ( 0.5898502691896265748, 1.021650635094609294, 1.004166666666678420 ) ) ;
#2294 = CARTESIAN_POINT ( 'NONE',  ( 0.8660254037844391517, -0.5000000000000015543, -1.883333333333324866 ) ) ;
#2295 = DIRECTION ( 'NONE',  ( -0.000000000000000000, -0.000000000000000000, 1.000000000000000000 ) ) ;
#2296 = DIRECTION ( 'NONE',  ( 0.000000000000000000, -1.224646799147352714E-16, 1.000000000000000000 ) ) ;
#2297 = EDGE_CURVE ( 'NONE', #2913, #1976, #253, .T. ) ;
#2298 = VERTEX_POINT ( 'NONE', #2184 ) ;
#2299 = APPROVAL_STATUS ( 'not_yet_approved' ) ;
#2300 = CARTESIAN_POINT ( 'NONE',  ( 0.5898502691896265748, 1.021650635094610182, -2.195833333333322201 ) ) ;
#2301 = CARTESIAN_POINT ( 'NONE',  ( -0.4273502691896246541, 0.7401923788646656011, -0.3666666666666739127 ) ) ;
#2302 = CARTESIAN_POINT ( 'NONE',  ( -0.6410254037844370645, -0.3700961894323346324, 1.383333333333325754 ) ) ;
#2303 = CARTESIAN_POINT ( 'NONE',  ( 0.4273502691896251537, 0.7401923788646649349, 1.166666666666659413 ) ) ;
#2304 = CARTESIAN_POINT ( 'NONE',  ( -0.4273502691896248762, -0.7401923788646666003, -2.633333333333340853 ) ) ;
#2305 = CARTESIAN_POINT ( 'NONE',  ( -0.4273502691896248762, -0.7401923788646673774, 0.2166666666666588470 ) ) ;
#2306 = CARTESIAN_POINT ( 'NONE',  ( -0.8847754037844386410, 0.5108253175473038699, 1.879166666666661767 ) ) ;
#2307 = CARTESIAN_POINT ( 'NONE',  ( 0.000000000000000000, -3.494140929970925097E-16, -3.000000000000000000 ) ) ;
#2308 = DIRECTION ( 'NONE',  ( -0.000000000000000000, 1.224646799147353207E-16, -1.000000000000000000 ) ) ;
#2309 = CARTESIAN_POINT ( 'NONE',  ( 0.5773502691896235106, 1.000000000000005551, -1.783333333333323667 ) ) ;
#2310 = EDGE_LOOP ( 'NONE', ( #655, #318, #78, #2268 ) ) ;
#2311 =( BOUNDED_CURVE ( )  B_SPLINE_CURVE ( 2, ( #51, #1004, #3015, #2543, #2057, #2558, #2526 ),
 .UNSPECIFIED., .F., .F. ) 
 B_SPLINE_CURVE_WITH_KNOTS ( ( 3, 2, 2, 3 ),
 ( 0.5666666666666666519, 0.5777777777777777235, 0.5888888888888889062, 0.5999999999999999778 ),
 .UNSPECIFIED. ) 
 CURVE ( )  GEOMETRIC_REPRESENTATION_ITEM ( )  RATIONAL_B_SPLINE_CURVE ( ( 1.000000000000000000, 0.8660254037844387076, 1.000000000000000000, 0.8660254037844387076, 1.000000000000000000, 0.8660254037844387076, 1.000000000000000000 ) ) 
 REPRESENTATION_ITEM ( '' )  );
#2312 = FACE_OUTER_BOUND ( 'NONE', #1208, .T. ) ;
#2313 = CARTESIAN_POINT ( 'NONE',  ( 0.5773502691896235106, 1.000000000000005107, 0.2166666666666764995 ) ) ;
#2314 = ORIENTED_EDGE ( 'NONE', *, *, #2935, .T. ) ;
#2315 = DIRECTION ( 'NONE',  ( -0.000000000000000000, 1.224646799147353207E-16, -1.000000000000000000 ) ) ;
#2316 = ADVANCED_FACE ( 'NONE', ( #326 ), #1797, .F. ) ;
#2317 = CARTESIAN_POINT ( 'NONE',  ( -1.179700538379251817, -1.562913567116184497E-16, -3.262499999999989519 ) ) ;
#2318 = CARTESIAN_POINT ( 'NONE',  ( -0.8424623341164154677, 0.2426579870803027561, 1.800000000000041345 ) ) ;
#2319 = CARTESIAN_POINT ( 'NONE',  ( 0.6410254037844373975, 0.3700961894323316348, -0.06666666666667406260 ) ) ;
#2320 = CARTESIAN_POINT ( 'NONE',  ( -0.6410254037844370645, -0.3700961894323338552, -1.466666666666674113 ) ) ;
#2321 = CARTESIAN_POINT ( 'NONE',  ( -0.6410254037844369535, 0.3700961894323323009, -0.2833333333333411530 ) ) ;
#2322 = CARTESIAN_POINT ( 'NONE',  ( -0.5898502691896256866, 1.021650635094609516, 1.845833333333328552 ) ) ;
#2323 = CARTESIAN_POINT ( 'NONE',  ( 8.572527594031470725E-17, 0.6999999999999995115, -3.000000000000000000 ) ) ;
#2324 = CARTESIAN_POINT ( 'NONE',  ( 0.000000000000000000, 8.739904209134028646E-15, 3.000000000000000000 ) ) ;
#2325 = CARTESIAN_POINT ( 'NONE',  ( 0.9999999999999735767, 0.2679491924311694362, -2.682136720504592731 ) ) ;
#2326 = ORIENTED_EDGE ( 'NONE', *, *, #2699, .F. ) ;
#2327 = CARTESIAN_POINT ( 'NONE',  ( 1.224646799147354686E-16, -1.000000000000001554, -3.000000000000000000 ) ) ;
#2328 = ORIENTED_EDGE ( 'NONE', *, *, #1298, .T. ) ;
#2329 = CARTESIAN_POINT ( 'NONE',  ( 0.000000000000000000, -9.372445565878219801E-16, 1.799999999999999600 ) ) ;
#2330 = CARTESIAN_POINT ( 'NONE',  ( -1.251161180115476355E-16, -1.021650635094611737, -2.362499999999989608 ) ) ;
#2331 = EDGE_CURVE ( 'NONE', #731, #113, #101, .T. ) ;
#2332 = CARTESIAN_POINT ( 'NONE',  ( 0.6410254037844373975, 0.3700961894323313017, 1.133333333333325532 ) ) ;
#2333 = CARTESIAN_POINT ( 'NONE',  ( -0.8547005383792493083, -4.459080076453056602E-16, -2.300000000000007372 ) ) ;
#2334 = CARTESIAN_POINT ( 'NONE',  ( 0.000000000000000000, 0.7401923788646656011, -0.7500000000000075495 ) ) ;
#2335 = CARTESIAN_POINT ( 'NONE',  ( 0.4273502691896243766, -0.7401923788646673774, -1.316666666666674201 ) ) ;
#2336 = LINE ( 'NONE', #616, #1583 ) ;
#2337 = CARTESIAN_POINT ( 'NONE',  ( -0.5773502691896262862, 0.9999999999999997780, -0.1166666666666573843 ) ) ;
#2338 = CARTESIAN_POINT ( 'NONE',  ( 0.8660254037844398178, 0.4999999999999985012, 0.1333333333333284743 ) ) ;
#2339 = ORIENTED_EDGE ( 'NONE', *, *, #262, .T. ) ;
#2340 = CARTESIAN_POINT ( 'NONE',  ( 0.000000000000000000, -9.372445565878219801E-16, 1.799999999999999600 ) ) ;
#2341 = ORIENTED_EDGE ( 'NONE', *, *, #246, .T. ) ;
#2342 = CARTESIAN_POINT ( 'NONE',  ( -0.5898502691896257977, 1.021650635094610182, -0.5291666666666552388 ) ) ;
#2343 = CARTESIAN_POINT ( 'NONE',  ( 0.2102927697931120943, 0.6291427626978279841, 2.910128554084001173 ) ) ;
#2344 = CARTESIAN_POINT ( 'NONE',  ( -0.9047001396055185385, -0.1692240560146850148, -2.787227350716882768 ) ) ;
#2345 = CARTESIAN_POINT ( 'NONE',  ( 0.6410254037844368424, -0.3700961894323340218, -2.533333333333340764 ) ) ;
#2346 = CARTESIAN_POINT ( 'NONE',  ( -0.8547005383792493083, -1.020368358728394236E-15, -0.2500000000000076050 ) ) ;
#2347 = CARTESIAN_POINT ( 'NONE',  ( 0.4273502691896250982, 0.7401923788646659341, -2.383333333333341297 ) ) ;
#2348 = AXIS2_PLACEMENT_3D ( 'NONE', #2632, #463, #2894 ) ;
#2349 = CARTESIAN_POINT ( 'NONE',  ( -9.064742275298788894E-17, -0.7401923788646682656, 1.799999999999992495 ) ) ;
#2350 = CARTESIAN_POINT ( 'NONE',  ( -0.5773502691896281735, -0.9999999999999988898, 0.01666666666667502433 ) ) ;
#2351 = ADVANCED_FACE ( 'NONE', ( #1284 ), #1781, .T. ) ;
#2352 = CARTESIAN_POINT ( 'NONE',  ( -1.224646799147354440E-16, -1.000000000000001998, 0.3999999999999948597 ) ) ;
#2353 = VERTEX_POINT ( 'NONE', #2831 ) ;
#2354 = VECTOR ( 'NONE', #2509, 1000.000000000000000 ) ;
#2355 = LINE ( 'NONE', #3109, #1850 ) ;
#2356 = VERTEX_POINT ( 'NONE', #3042 ) ;
#2357 = CARTESIAN_POINT ( 'NONE',  ( -0.5898502691896262418, -1.021650635094611959, -0.3958333333333227122 ) ) ;
#2358 = CARTESIAN_POINT ( 'NONE',  ( 0.2670579069429018793, 0.5963693954838110711, 2.899585623990593941 ) ) ;
#2359 = CARTESIAN_POINT ( 'NONE',  ( -0.8547005383792494193, -1.678896078262666821E-15, 2.099999999999992539 ) ) ;
#2360 = CARTESIAN_POINT ( 'NONE',  ( -0.4273502691896248762, -0.7401923788646672664, -0.2333333333333406090 ) ) ;
#2361 = CARTESIAN_POINT ( 'NONE',  ( -0.8547005383792493083, -1.132458183329972389E-15, 0.1499999999999921674 ) ) ;
#2362 = CARTESIAN_POINT ( 'NONE',  ( -0.6410254037844370645, -0.3700961894323339663, -1.016666666666674379 ) ) ;
#2363 = CARTESIAN_POINT ( 'NONE',  ( -0.4273502691896245431, 0.7401923788646656011, -0.7166666666666743346 ) ) ;
#2364 = CARTESIAN_POINT ( 'NONE',  ( 0.000000000000000000, 1.000000000000000222, -1.800000000000004263 ) ) ;
#2365 = CARTESIAN_POINT ( 'NONE',  ( 0.8847754037844384190, -0.5108253175473065344, -2.320833333333338633 ) ) ;
#2366 = EDGE_CURVE ( 'NONE', #2687, #1977, #1651, .T. ) ;
#2367 = DIRECTION ( 'NONE',  ( 0.000000000000000000, 1.000000000000000000, 0.000000000000000000 ) ) ;
#2368 = ORIENTED_EDGE ( 'NONE', *, *, #732, .F. ) ;
#2369 = PERSON_AND_ORGANIZATION ( #2408, #1725 ) ;
#2370 = CARTESIAN_POINT ( 'NONE',  ( -0.8847754037844388630, 0.5108253175473047580, -0.4958333333333220794 ) ) ;
#2371 = CARTESIAN_POINT ( 'NONE',  ( -9.064742275298788894E-17, -0.7401923788646677105, -0.2000000000000074496 ) ) ;
#2372 = CARTESIAN_POINT ( 'NONE',  ( -0.7189150744510781621, -0.6058104415258400710, -2.767289048075995961 ) ) ;
#2373 = CARTESIAN_POINT ( 'NONE',  ( -0.6410254037844369535, 0.3700961894323320789, 0.4666666666666595131 ) ) ;
#2374 = CARTESIAN_POINT ( 'NONE',  ( 0.4273502691896243766, -0.7401923788646685987, 2.683333333333326021 ) ) ;
#2375 = CARTESIAN_POINT ( 'NONE',  ( -0.8547005383792493083, -4.599192357205028800E-16, -2.250000000000007550 ) ) ;
#2376 = CARTESIAN_POINT ( 'NONE',  ( 0.4273502691896243766, -0.7401923788646672664, -2.116666666666674690 ) ) ;
#2377 = CARTESIAN_POINT ( 'NONE',  ( -0.8660254037844394848, -0.5000000000000006661, -2.466666666666671670 ) ) ;
#2378 = CARTESIAN_POINT ( 'NONE',  ( 0.5898502691896253536, -1.021650635094611959, -1.554166666666672469 ) ) ;
#2379 = CARTESIAN_POINT ( 'NONE',  ( 0.000000000000000000, 1.000000000000000444, -2.549999999999990941 ) ) ;
#2380 = DESIGN_CONTEXT ( 'detailed design', #956, 'design' ) ;
#2381 = ORIENTED_EDGE ( 'NONE', *, *, #1908, .F. ) ;
#2382 = CARTESIAN_POINT ( 'NONE',  ( -0.8847754037844389741, -0.5108253175473065344, -0.4291666666666558161 ) ) ;
#2383 = EDGE_CURVE ( 'NONE', #1507, #286, #825, .T. ) ;
#2384 = CARTESIAN_POINT ( 'NONE',  ( 0.000000000000000000, 0.9999999999999995559, 0.6500000000000093481 ) ) ;
#2385 = ORIENTED_EDGE ( 'NONE', *, *, #92, .F. ) ;
#2386 = DIRECTION ( 'NONE',  ( -0.000000000000000000, 1.224646799147353207E-16, -1.000000000000000000 ) ) ;
#2387 = CARTESIAN_POINT ( 'NONE',  ( 0.8547005383792493083, -1.495922947868276480E-15, 0.6999999999999928502 ) ) ;
#2388 = CARTESIAN_POINT ( 'NONE',  ( -0.4273502691896248762, -0.7401923788646678215, 1.416666666666658747 ) ) ;
#2389 = CARTESIAN_POINT ( 'NONE',  ( -0.6410254037844370645, 0.3700961894323330226, -2.733333333333340942 ) ) ;
#2390 = CARTESIAN_POINT ( 'NONE',  ( -9.064742275298787661E-17, -0.7401923788646670443, -2.150000000000007905 ) ) ;
#2391 = CARTESIAN_POINT ( 'NONE',  ( 0.8547005383792493083, -8.373952283340036980E-16, -1.650000000000007905 ) ) ;
#2392 = CARTESIAN_POINT ( 'NONE',  ( -1.154700538379252572, -7.077628671620416970E-16, -1.300000000000004263 ) ) ;
#2393 = CARTESIAN_POINT ( 'NONE',  ( 0.5898502691896264638, 1.021650635094610404, -2.620833333333338455 ) ) ;
#2394 = CARTESIAN_POINT ( 'NONE',  ( -1.224646799147354440E-16, -1.000000000000001554, -1.949999999999991296 ) ) ;
#2395 = CARTESIAN_POINT ( 'NONE',  ( 0.8660254037844398178, 0.4999999999999991673, -2.266666666666671492 ) ) ;
#2396 = AXIS2_PLACEMENT_3D ( 'NONE', #779, #2161, #2462 ) ;
#2397 = VERTEX_POINT ( 'NONE', #853 ) ;
#2398 = CARTESIAN_POINT ( 'NONE',  ( -0.5898502691896262418, -1.021650635094611959, 0.004166666666677049796 ) ) ;
#2399 = CARTESIAN_POINT ( 'NONE',  ( 0.000000000000000000, -3.494140929970925097E-16, -3.000000000000000000 ) ) ;
#2400 = ADVANCED_FACE ( 'NONE', ( #2117 ), #868, .F. ) ;
#2401 = CARTESIAN_POINT ( 'NONE',  ( -1.224646799147354440E-16, -1.000000000000002442, 1.250000000000008438 ) ) ;
#2402 = CARTESIAN_POINT ( 'NONE',  ( 0.6410254037844372865, 0.3700961894323316903, -0.4666666666666742236 ) ) ;
#2403 = CARTESIAN_POINT ( 'NONE',  ( -0.4273502691896244876, 0.7401923788646649349, 1.683333333333325799 ) ) ;
#2404 =( BOUNDED_CURVE ( )  B_SPLINE_CURVE ( 2, ( #2394, #249, #729, #1927, #1696, #2652, #2669 ),
 .UNSPECIFIED., .F., .F. ) 
 B_SPLINE_CURVE_WITH_KNOTS ( ( 3, 2, 2, 3 ),
 ( 0.7666666666666666075, 0.7777777777777777901, 0.7888888888888888618, 0.8000000000000000444 ),
 .UNSPECIFIED. ) 
 CURVE ( )  GEOMETRIC_REPRESENTATION_ITEM ( )  RATIONAL_B_SPLINE_CURVE ( ( 1.000000000000000000, 0.8660254037844387076, 1.000000000000000000, 0.8660254037844387076, 1.000000000000000000, 0.8660254037844387076, 1.000000000000000000 ) ) 
 REPRESENTATION_ITEM ( '' )  );
#2405 = CARTESIAN_POINT ( 'NONE',  ( 0.6410254037844372865, 0.3700961894323315793, -0.01666666666667437208 ) ) ;
#2406 = CARTESIAN_POINT ( 'NONE',  ( 0.000000000000000000, 0.7401923788646656011, -0.7500000000000075495 ) ) ;
#2407 = CARTESIAN_POINT ( 'NONE',  ( 0.8847754037844390851, 0.5108253175473039809, -1.454166666666671937 ) ) ;
#2408 = PERSON ( 'UNSPECIFIED', 'UNSPECIFIED', 'UNSPECIFIED', ('UNSPECIFIED'), ('UNSPECIFIED'), ('UNSPECIFIED') ) ;
#2409 = CARTESIAN_POINT ( 'NONE',  ( -0.8660254037844394848, -0.5000000000000017764, 1.133333333333328419 ) ) ;
#2410 = ORIENTED_EDGE ( 'NONE', *, *, #1238, .F. ) ;
#2411 = CARTESIAN_POINT ( 'NONE',  ( 0.8847754037844393071, 0.5108253175473029817, 2.570833333333344850 ) ) ;
#2412 = CARTESIAN_POINT ( 'NONE',  ( 0.000000000000000000, -3.494140929970925097E-16, -3.000000000000000000 ) ) ;
#2413 = CARTESIAN_POINT ( 'NONE',  ( 0.7006292692221426366, 0.7135254915623163718, 1.799999999999999378 ) ) ;
#2414 = FACE_OUTER_BOUND ( 'NONE', #1143, .T. ) ;
#2415 = CARTESIAN_POINT ( 'NONE',  ( 0.8547005383792493083, -9.354738248603847297E-16, -1.300000000000007372 ) ) ;
#2416 = CARTESIAN_POINT ( 'NONE',  ( -0.8547005383792493083, -1.468727657134707439E-15, 1.349999999999992539 ) ) ;
#2417 = CARTESIAN_POINT ( 'NONE',  ( 0.000000000000000000, 0.7401923788646651570, 0.8499999999999922062 ) ) ;
#2418 = EDGE_CURVE ( 'NONE', #1752, #2931, #635, .T. ) ;
#2419 = CARTESIAN_POINT ( 'NONE',  ( 0.4273502691896250982, 0.7401923788646656011, -1.583333333333341031 ) ) ;
#2420 =( BOUNDED_CURVE ( )  B_SPLINE_CURVE ( 2, ( #1611, #167, #3041, #1075, #1345, #2048, #1359 ),
 .UNSPECIFIED., .F., .F. ) 
 B_SPLINE_CURVE_WITH_KNOTS ( ( 3, 2, 2, 3 ),
 ( 0.2999999999999999334, 0.3111111111111110605, 0.3222222222222222432, 0.3333333333333333148 ),
 .UNSPECIFIED. ) 
 CURVE ( )  GEOMETRIC_REPRESENTATION_ITEM ( )  RATIONAL_B_SPLINE_CURVE ( ( 1.000000000000000666, 0.8660254037844379305, 1.000000000000000000, 0.8660254037844387076, 1.000000000000000000, 0.8660254037844387076, 1.000000000000000000 ) ) 
 REPRESENTATION_ITEM ( '' )  );
#2421 = CARTESIAN_POINT ( 'NONE',  ( 0.000000000000000000, 0.9999999999999993339, 1.399999999999995692 ) ) ;
#2422 = CARTESIAN_POINT ( 'NONE',  ( -1.251161180115476108E-16, -1.021650635094611959, -0.3875000000000054512 ) ) ;
#2423 = EDGE_CURVE ( 'NONE', #1614, #620, #665, .T. ) ;
#2424 = DIRECTION ( 'NONE',  ( -0.000000000000000000, 1.224646799147353207E-16, -1.000000000000000000 ) ) ;
#2425 = CARTESIAN_POINT ( 'NONE',  ( 0.8660254037844398178, 0.4999999999999990563, -1.866666666666671359 ) ) ;
#2426 = EDGE_LOOP ( 'NONE', ( #1767, #778, #2982, #1030 ) ) ;
#2427 = CARTESIAN_POINT ( 'NONE',  ( -0.8847754037844388630, 0.5108253175473040919, 1.504166666666677976 ) ) ;
#2428 = DIRECTION ( 'NONE',  ( 0.000000000000000000, 0.000000000000000000, 1.000000000000000000 ) ) ;
#2429 = CARTESIAN_POINT ( 'NONE',  ( 0.5773502691896295058, -0.9999999999999967804, 0.8833333333333426296 ) ) ;
#2430 = CARTESIAN_POINT ( 'NONE',  ( 2.686616104935888371E-18, 0.7505553499465138501, 2.160000000000000142 ) ) ;
#2431 = CARTESIAN_POINT ( 'NONE',  ( -0.6410254037844370645, -0.3700961894323349655, 2.533333333333325665 ) ) ;
#2432 = CARTESIAN_POINT ( 'NONE',  ( 0.4273502691896251537, 0.7401923788646660451, -2.433333333333341120 ) ) ;
#2433 = CARTESIAN_POINT ( 'NONE',  ( -0.4273502691896246541, 0.7401923788646659341, -1.566666666666674201 ) ) ;
#2434 = CARTESIAN_POINT ( 'NONE',  ( 0.8547005383792493083, -1.397844351341894857E-15, 0.3499999999999922617 ) ) ;
#2435 = CARTESIAN_POINT ( 'NONE',  ( 0.6410254037844373975, 0.3700961894323321899, -2.066666666666673979 ) ) ;
#2436 = CARTESIAN_POINT ( 'NONE',  ( -0.4273502691896248762, -0.7401923788646673774, -0.1833333333333409254 ) ) ;
#2437 = CARTESIAN_POINT ( 'NONE',  ( -1.224646799147354440E-16, -1.000000000000001554, -1.200000000000005285 ) ) ;
#2438 = CARTESIAN_POINT ( 'NONE',  ( 0.5898502691896253536, -1.021650635094612625, 0.8458333333333277748 ) ) ;
#2439 = ADVANCED_FACE ( 'NONE', ( #3091 ), #1844, .T. ) ;
#2440 = CARTESIAN_POINT ( 'NONE',  ( 1.154700538379252572, -9.485492465964289948E-16, -1.449999999999991296 ) ) ;
#2441 = ORIENTED_EDGE ( 'NONE', *, *, #1602, .F. ) ;
#2442 = EDGE_LOOP ( 'NONE', ( #7, #1847, #2339, #1663, #1816 ) ) ;
#2443 = CARTESIAN_POINT ( 'NONE',  ( 0.000000000000000000, 1.000000000000000666, -3.000000000000000000 ) ) ;
#2444 = CARTESIAN_POINT ( 'NONE',  ( -0.4273502691896249872, -0.7401923788646680435, 1.766666666666659502 ) ) ;
#2445 = CARTESIAN_POINT ( 'NONE',  ( 0.000000000000000000, 1.000000000000000222, -1.800000000000004263 ) ) ;
#2446 = ORIENTED_EDGE ( 'NONE', *, *, #2383, .T. ) ;
#2447 = CARTESIAN_POINT ( 'NONE',  ( -0.5773502691896300609, -0.9999999999999961142, 0.7666666666666611674 ) ) ;
#2448 = AXIS2_PLACEMENT_3D ( 'NONE', #2340, #1551, #1364 ) ;
#2449 = CONICAL_SURFACE ( 'NONE', #1183, 0.6999999999999998446, 0.7853981633974469467 ) ;
#2450 = CARTESIAN_POINT ( 'NONE',  ( -0.5898502691896257977, 1.021650635094611070, -3.329166666666655505 ) ) ;
#2451 = CARTESIAN_POINT ( 'NONE',  ( -9.064742275298788894E-17, -0.7401923788646673774, -1.400000000000007461 ) ) ;
#2452 = CARTESIAN_POINT ( 'NONE',  ( 0.6410254037844372865, 0.3700961894323312462, 1.183333333333325355 ) ) ;
#2453 = AXIS2_PLACEMENT_3D ( 'NONE', #2959, #776, #1028 ) ;
#2454 = CARTESIAN_POINT ( 'NONE',  ( -9.064742275298788894E-17, -0.7401923788646671554, -2.200000000000007283 ) ) ;
#2455 = CARTESIAN_POINT ( 'NONE',  ( 0.4273502691896243766, -0.7401923788646681546, 1.083333333333325932 ) ) ;
#2456 = CARTESIAN_POINT ( 'NONE',  ( -0.6410254037844370645, -0.3700961894323337442, -1.816666666666674423 ) ) ;
#2457 = CARTESIAN_POINT ( 'NONE',  ( -0.8847754037844387520, -0.5108253175473067564, 0.7458333333333279080 ) ) ;
#2458 = B_SPLINE_CURVE_WITH_KNOTS ( 'NONE', 3,
 ( #1898, #2883, #2105, #3079 ),
 .UNSPECIFIED., .F., .F.,
 ( 4, 4 ),
 ( 7.843811211524569008E-18, 0.0005775557131363612652 ),
 .UNSPECIFIED. ) ;
#2459 = CARTESIAN_POINT ( 'NONE',  ( 0.000000000000000000, 1.000000000000000222, -1.749999999999990452 ) ) ;
#2460 = EDGE_CURVE ( 'NONE', #1078, #2056, #2004, .T. ) ;
#2461 = ORIENTED_EDGE ( 'NONE', *, *, #1469, .F. ) ;
#2462 = DIRECTION ( 'NONE',  ( 1.000000000000000000, 0.000000000000000000, 0.000000000000000000 ) ) ;
#2463 = CARTESIAN_POINT ( 'NONE',  ( 0.8547005383792494193, -1.495922947868276086E-15, 0.6999999999999926281 ) ) ;
#2464 = DIRECTION ( 'NONE',  ( -0.000000000000000000, 1.224646799147353207E-16, -1.000000000000000000 ) ) ;
#2465 = ORIENTED_EDGE ( 'NONE', *, *, #452, .F. ) ;
#2466 = CARTESIAN_POINT ( 'NONE',  ( -0.6500000000000062395, 0.3752776749732536499, 3.000000000000000000 ) ) ;
#2467 = CARTESIAN_POINT ( 'NONE',  ( -0.4273502691896244876, 0.7401923788646652680, 0.8333333333333257098 ) ) ;
#2468 = CARTESIAN_POINT ( 'NONE',  ( -0.8547005383792494193, -5.579978322468839116E-16, -1.900000000000007905 ) ) ;
#2469 = CARTESIAN_POINT ( 'NONE',  ( -0.4273502691896248762, -0.7401923788646673774, 0.2166666666666588470 ) ) ;
#2470 = CARTESIAN_POINT ( 'NONE',  ( -0.2102927697931223916, -0.6291427626978222110, 2.910128554084015828 ) ) ;
#2471 = CARTESIAN_POINT ( 'NONE',  ( 0.6410254037844369535, -0.3700961894323345769, -0.9333333333333406756 ) ) ;
#2472 = LINE ( 'NONE', #2972, #1382 ) ;
#2473 = CARTESIAN_POINT ( 'NONE',  ( 0.000000000000000000, 0.7401923788646649349, 1.649999999999992584 ) ) ;
#2474 = CARTESIAN_POINT ( 'NONE',  ( 0.4273502691896243766, -0.7401923788646671554, -2.116666666666674690 ) ) ;
#2475 = CARTESIAN_POINT ( 'NONE',  ( 0.8847754037844384190, -0.5108253175473069785, -0.7208333333333389881 ) ) ;
#2476 = CARTESIAN_POINT ( 'NONE',  ( -0.8660254037844394848, 0.4999999999999998890, -1.683333333333324022 ) ) ;
#2477 = VERTEX_POINT ( 'NONE', #374 ) ;
#2478 = FACE_OUTER_BOUND ( 'NONE', #2310, .T. ) ;
#2479 = CARTESIAN_POINT ( 'NONE',  ( 0.6410254037844373975, 0.3700961894323314127, 0.7333333333333262871 ) ) ;
#2480 = FACE_OUTER_BOUND ( 'NONE', #1600, .T. ) ;
#2481 = ORIENTED_EDGE ( 'NONE', *, *, #285, .F. ) ;
#2482 = DIRECTION ( 'NONE',  ( 0.000000000000000000, 1.000000000000000000, 0.000000000000000000 ) ) ;
#2483 = CARTESIAN_POINT ( 'NONE',  ( -0.8547005383792493083, -1.342626604457932165E-15, 0.8999999999999928058 ) ) ;
#2484 = CARTESIAN_POINT ( 'NONE',  ( -0.8547005383792494193, -6.700876568484622617E-16, -1.500000000000007327 ) ) ;
#2485 = CARTESIAN_POINT ( 'NONE',  ( -0.5773502691896231775, -1.000000000000007772, 0.8166666666666754226 ) ) ;
#2486 = CARTESIAN_POINT ( 'NONE',  ( -0.4273502691896249317, -0.7401923788646669333, -2.233333333333340498 ) ) ;
#2487 = CARTESIAN_POINT ( 'NONE',  ( 0.000000000000000000, 0.7401923788646652680, 0.4499999999999925171 ) ) ;
#2488 = CARTESIAN_POINT ( 'NONE',  ( 0.4273502691896250982, 0.7401923788646654900, -1.183333333333340898 ) ) ;
#2489 = CARTESIAN_POINT ( 'NONE',  ( -0.5898502691896256866, 1.021650635094610182, -0.9541666666666712704 ) ) ;
#2490 = CARTESIAN_POINT ( 'NONE',  ( 1.179700538379251817, -2.070537111090215280E-15, 2.537500000000010747 ) ) ;
#2491 = CARTESIAN_POINT ( 'NONE',  ( 0.000000000000000000, 8.739904209134028646E-15, 3.000000000000000000 ) ) ;
#2492 = DIRECTION ( 'NONE',  ( 0.000000000000000000, -0.7071067811865489050, 0.7071067811865462405 ) ) ;
#2493 = DIRECTION ( 'NONE',  ( -0.000000000000000000, 1.224646799147353207E-16, -1.000000000000000000 ) ) ;
#2494 = VECTOR ( 'NONE', #1303, 1000.000000000000114 ) ;
#2495 = ORIENTED_EDGE ( 'NONE', *, *, #2837, .F. ) ;
#2496 = CARTESIAN_POINT ( 'NONE',  ( -0.4273502691896244876, 0.7401923788646647129, 2.033333333333326109 ) ) ;
#2497 = CARTESIAN_POINT ( 'NONE',  ( -0.6410254037844370645, -0.3700961894323349655, 2.583333333333325488 ) ) ;
#2498 = EDGE_CURVE ( 'NONE', #2740, #2913, #881, .T. ) ;
#2499 = VECTOR ( 'NONE', #810, 1000.000000000000000 ) ;
#2500 = CARTESIAN_POINT ( 'NONE',  ( 0.6410254037844369535, -0.3700961894323350765, 1.066666666666659324 ) ) ;
#2501 = CARTESIAN_POINT ( 'NONE',  ( 0.6410254037844368424, -0.3700961894323347989, 0.3166666666666591023 ) ) ;
#2502 = CARTESIAN_POINT ( 'NONE',  ( 0.000000000000000000, 0.7401923788646658231, -1.550000000000007816 ) ) ;
#2503 = ORIENTED_EDGE ( 'NONE', *, *, #1526, .F. ) ;
#2504 = CIRCLE ( 'NONE', #433, 0.7505553499465129619 ) ;
#2505 = CARTESIAN_POINT ( 'NONE',  ( 0.8847754037844390851, 0.5108253175473027596, 2.945833333333328419 ) ) ;
#2506 = CARTESIAN_POINT ( 'NONE',  ( 0.8847754037844385300, -0.5108253175473077556, 2.104166666666676733 ) ) ;
#2507 = CARTESIAN_POINT ( 'NONE',  ( -0.8660254037844394848, 0.5000000000000001110, -2.483333333333324511 ) ) ;
#2508 =( BOUNDED_CURVE ( )  B_SPLINE_CURVE ( 2, ( #2069, #854, #1347, #1830, #2800, #618, #2352 ),
 .UNSPECIFIED., .F., .F. ) 
 B_SPLINE_CURVE_WITH_KNOTS ( ( 3, 2, 2, 3 ),
 ( 0.5333333333333333259, 0.5444444444444443976, 0.5555555555555555802, 0.5666666666666666519 ),
 .UNSPECIFIED. ) 
 CURVE ( )  GEOMETRIC_REPRESENTATION_ITEM ( )  RATIONAL_B_SPLINE_CURVE ( ( 1.000000000000000000, 0.8660254037844387076, 1.000000000000000000, 0.8660254037844387076, 1.000000000000000000, 0.8660254037844387076, 1.000000000000000000 ) ) 
 REPRESENTATION_ITEM ( '' )  );
#2509 = DIRECTION ( 'NONE',  ( -0.000000000000000000, 1.224646799147353207E-16, -1.000000000000000000 ) ) ;
#2510 = CARTESIAN_POINT ( 'NONE',  ( -1.154700538379252572, -1.394313042846712666E-15, 1.150000000000009237 ) ) ;
#2511 = EDGE_LOOP ( 'NONE', ( #1974, #671 ) ) ;
#2512 = CARTESIAN_POINT ( 'NONE',  ( 1.179700538379251817, -5.012795666681195627E-16, -3.062499999999989342 ) ) ;
#2513 = CARTESIAN_POINT ( 'NONE',  ( 0.8547005383792494193, -1.047563649461963080E-15, -0.9000000000000075717 ) ) ;
#2514 = CARTESIAN_POINT ( 'NONE',  ( -0.8547005383792493083, -1.804997130939442292E-15, 2.549999999999992717 ) ) ;
#2515 = CARTESIAN_POINT ( 'NONE',  ( -9.064742275298788894E-17, -0.7401923788646677105, -0.2000000000000074496 ) ) ;
#2516 = CARTESIAN_POINT ( 'NONE',  ( -0.4273502691896244876, 0.7401923788646662672, -2.766666666666674601 ) ) ;
#2517 = CARTESIAN_POINT ( 'NONE',  ( -0.4273502691896244876, 0.7401923788646662672, -3.116666666666675134 ) ) ;
#2518 = CARTESIAN_POINT ( 'NONE',  ( 0.8847754037844390851, 0.5108253175473029817, 2.145833333333328152 ) ) ;
#2519 = CARTESIAN_POINT ( 'NONE',  ( -1.251161180115476355E-16, -1.021650635094612847, 1.237500000000010258 ) ) ;
#2520 = EDGE_CURVE ( 'NONE', #2056, #1507, #483, .T. ) ;
#2521 = VERTEX_POINT ( 'NONE', #1121 ) ;
#2522 =( BOUNDED_CURVE ( )  B_SPLINE_CURVE ( 2, ( #1472, #1047, #312, #1500, #2476, #1285, #2459 ),
 .UNSPECIFIED., .F., .T. ) 
 B_SPLINE_CURVE_WITH_KNOTS ( ( 3, 2, 2, 3 ),
 ( 0.6999999999999998446, 0.7111111111111110272, 0.7222222222222220989, 0.7333333333333332815 ),
 .UNSPECIFIED. ) 
 CURVE ( )  GEOMETRIC_REPRESENTATION_ITEM ( )  RATIONAL_B_SPLINE_CURVE ( ( 1.000000000000001332, 0.8660254037844373753, 1.000000000000000000, 0.8660254037844387076, 1.000000000000000000, 0.8660254037844400399, 0.9999999999999986677 ) ) 
 REPRESENTATION_ITEM ( '' )  );
#2523 = DIRECTION ( 'NONE',  ( 0.000000000000000000, 1.000000000000000000, 0.000000000000000000 ) ) ;
#2524 = CARTESIAN_POINT ( 'NONE',  ( 0.000000000000000000, -3.861534969715133204E-16, -2.699999999999997957 ) ) ;
#2525 = ORIENTED_EDGE ( 'NONE', *, *, #2520, .T. ) ;
#2526 = CARTESIAN_POINT ( 'NONE',  ( 0.000000000000000000, 0.9999999999999995559, 0.5999999999999957589 ) ) ;
#2527 = CARTESIAN_POINT ( 'NONE',  ( 0.000000000000000000, 1.021650635094610848, -2.562499999999988898 ) ) ;
#2528 = B_SPLINE_CURVE_WITH_KNOTS ( 'NONE', 3,
 ( #3010, #1122, #1582, #2098 ),
 .UNSPECIFIED., .F., .F.,
 ( 4, 4 ),
 ( 7.232128250586714863E-16, 0.0004662781166824369163 ),
 .UNSPECIFIED. ) ;
#2529 = CARTESIAN_POINT ( 'NONE',  ( 0.6410254037844373975, 0.3700961894323318568, -0.8666666666666740237 ) ) ;
#2530 = CARTESIAN_POINT ( 'NONE',  ( 0.6410254037844372865, 0.3700961894323311352, 1.583333333333325488 ) ) ;
#2531 = CARTESIAN_POINT ( 'NONE',  ( 0.8547005383792494193, -1.495922947868276480E-15, 0.6999999999999928502 ) ) ;
#2532 = CARTESIAN_POINT ( 'NONE',  ( 0.8547005383792493083, -8.233840002588063796E-16, -1.700000000000007283 ) ) ;
#2533 = CARTESIAN_POINT ( 'NONE',  ( -0.6410254037844370645, -0.3700961894323344104, 0.5833333333333254878 ) ) ;
#2534 = CARTESIAN_POINT ( 'NONE',  ( -1.251161180115476108E-16, -1.021650635094612403, 1.212499999999994804 ) ) ;
#2535 = CARTESIAN_POINT ( 'NONE',  ( 0.4273502691896243766, -0.7401923788646671554, -2.916666666666675400 ) ) ;
#2536 = CC_DESIGN_APPROVAL ( #425, ( #519 ) ) ;
#2537 = CARTESIAN_POINT ( 'NONE',  ( -1.154700538379252572, -5.956730425604633469E-16, -1.700000000000004841 ) ) ;
#2538 = ADVANCED_FACE ( 'NONE', ( #1157 ), #2135, .T. ) ;
#2539 = ORIENTED_EDGE ( 'NONE', *, *, #1261, .T. ) ;
#2540 = CARTESIAN_POINT ( 'NONE',  ( -1.224646799147354440E-16, -1.000000000000001998, 0.3999999999999948597 ) ) ;
#2541 = CARTESIAN_POINT ( 'NONE',  ( 0.8660254037844391517, -0.5000000000000018874, -0.7333333333333384996 ) ) ;
#2542 = ORIENTED_EDGE ( 'NONE', *, *, #903, .T. ) ;
#2543 = CARTESIAN_POINT ( 'NONE',  ( 1.154700538379252572, -1.494987141529119482E-15, 0.4999999999999951150 ) ) ;
#2544 = CARTESIAN_POINT ( 'NONE',  ( -0.5898502691896262418, -1.021650635094611959, -1.195833333333323090 ) ) ;
#2545 = CARTESIAN_POINT ( 'NONE',  ( -0.6133947067147200727, 0.7075917614362765562, 1.799999999999999600 ) ) ;
#2546 = CARTESIAN_POINT ( 'NONE',  ( 0.000000000000000000, 0.7401923788646654900, -7.372574772901430151E-15 ) ) ;
#2547 = CARTESIAN_POINT ( 'NONE',  ( 0.000000000000000000, 0.7401923788646658231, -1.600000000000007416 ) ) ;
#2548 = CARTESIAN_POINT ( 'NONE',  ( 0.6410254037844368424, -0.3700961894323346879, -0.08333333333334107251 ) ) ;
#2549 = CARTESIAN_POINT ( 'NONE',  ( -0.8847754037844387520, -0.5108253175473073115, 2.745833333333327797 ) ) ;
#2550 = VECTOR ( 'NONE', #1017, 1000.000000000000000 ) ;
#2551 = CARTESIAN_POINT ( 'NONE',  ( -0.4273502691896245431, 0.7401923788646661562, -2.716666666666673891 ) ) ;
#2552 = VECTOR ( 'NONE', #1394, 1000.000000000000000 ) ;
#2553 = CARTESIAN_POINT ( 'NONE',  ( 0.000000000000000000, -3.494140929970925097E-16, -3.000000000000000000 ) ) ;
#2554 = EDGE_LOOP ( 'NONE', ( #2961, #2282, #594, #640 ) ) ;
#2555 = CARTESIAN_POINT ( 'NONE',  ( -1.154700538379252572, -1.170133393643556163E-15, 0.3500000000000090261 ) ) ;
#2556 = ADVANCED_FACE ( 'NONE', ( #1629 ), #3074, .T. ) ;
#2557 = ORIENTED_EDGE ( 'NONE', *, *, #2102, .F. ) ;
#2558 = CARTESIAN_POINT ( 'NONE',  ( 0.5773502691896268413, 0.9999999999999991118, 0.5666666666666622110 ) ) ;
#2559 = CARTESIAN_POINT ( 'NONE',  ( -0.5898502691896262418, -1.021650635094611292, -2.795833333333323178 ) ) ;
#2560 = CARTESIAN_POINT ( 'NONE',  ( -0.4273502691896246541, 0.7401923788646657121, -0.7666666666666741570 ) ) ;
#2561 = CARTESIAN_POINT ( 'NONE',  ( -0.5773502691896277295, 0.9999999999999967804, 0.6833333333333427850 ) ) ;
#2562 = B_SPLINE_CURVE_WITH_KNOTS ( 'NONE', 3,
 ( #767, #319, #291, #2708, #1274, #2466 ),
 .UNSPECIFIED., .F., .F.,
 ( 4, 2, 4 ),
 ( 0.0004438411722177418523, 0.0008327831963812269526, 0.001221725220544711945 ),
 .UNSPECIFIED. ) ;
#2563 = CARTESIAN_POINT ( 'NONE',  ( 0.4273502691896244876, -0.7401923788646681546, 1.033333333333326332 ) ) ;
#2564 = CARTESIAN_POINT ( 'NONE',  ( -9.064742275298787661E-17, -0.7401923788646669333, -2.600000000000007638 ) ) ;
#2565 = CARTESIAN_POINT ( 'NONE',  ( -0.6410254037844370645, -0.3700961894323345214, 0.9833333333333256210 ) ) ;
#2566 = CARTESIAN_POINT ( 'NONE',  ( -0.4273502691896244876, 0.7401923788646662672, -3.116666666666675134 ) ) ;
#2567 = CARTESIAN_POINT ( 'NONE',  ( -0.8547005383792493083, -3.478294111189245299E-16, -2.650000000000007905 ) ) ;
#2568 = CARTESIAN_POINT ( 'NONE',  ( -0.8660254037844395958, -0.5000000000000014433, -0.01666666666665751750 ) ) ;
#2569 = CARTESIAN_POINT ( 'NONE',  ( 0.5773502691896225114, -1.000000000000008216, 0.8333333333333277082 ) ) ;
#2570 = ORIENTED_EDGE ( 'NONE', *, *, #2297, .F. ) ;
#2571 = LINE ( 'NONE', #393, #1233 ) ;
#2572 = ORIENTED_EDGE ( 'NONE', *, *, #1332, .T. ) ;
#2573 = APPROVAL_ROLE ( '' ) ;
#2574 = CARTESIAN_POINT ( 'NONE',  ( -0.8847754037844388630, 0.5108253175473050911, -1.695833333333321979 ) ) ;
#2575 = CARTESIAN_POINT ( 'NONE',  ( -0.8547005383792494193, -8.942673060516187646E-16, -0.7000000000000075051 ) ) ;
#2576 = CARTESIAN_POINT ( 'NONE',  ( -1.154700538379252572, -7.217740952372428611E-16, -1.249999999999990896 ) ) ;
#2577 = DIRECTION ( 'NONE',  ( 0.000000000000000000, 1.000000000000000000, 0.000000000000000000 ) ) ;
#2578 = EDGE_CURVE ( 'NONE', #392, #3123, #621, .T. ) ;
#2579 = CARTESIAN_POINT ( 'NONE',  ( -0.4273502691896244876, 0.7401923788646661562, -2.366666666666673802 ) ) ;
#2580 = CARTESIAN_POINT ( 'NONE',  ( 0.6410254037844372865, 0.3700961894323316903, -0.4166666666666745678 ) ) ;
#2581 = LINE ( 'NONE', #1073, #529 ) ;
#2582 = CARTESIAN_POINT ( 'NONE',  ( 0.4273502691896243766, -0.7401923788646672664, -1.716666666666674557 ) ) ;
#2583 = DIRECTION ( 'NONE',  ( -0.000000000000000000, 1.224646799147353207E-16, -1.000000000000000000 ) ) ;
#2584 = CARTESIAN_POINT ( 'NONE',  ( 1.224646799147354686E-16, -1.000000000000001554, -3.000000000000000000 ) ) ;
#2585 = CARTESIAN_POINT ( 'NONE',  ( -1.179700538379251595, -7.097348656819066598E-16, -1.287500000000005196 ) ) ;
#2586 = ORIENTED_EDGE ( 'NONE', *, *, #866, .F. ) ;
#2587 = DIRECTION ( 'NONE',  ( -0.000000000000000000, 1.224646799147353207E-16, -1.000000000000000000 ) ) ;
#2588 = ORIENTED_EDGE ( 'NONE', *, *, #1313, .T. ) ;
#2589 = CARTESIAN_POINT ( 'NONE',  ( 0.8847754037844385300, -0.5108253175473073115, 0.1041666666666773156 ) ) ;
#2590 = DIRECTION ( 'NONE',  ( 0.000000000000000000, 1.000000000000000000, 0.000000000000000000 ) ) ;
#2591 = CARTESIAN_POINT ( 'NONE',  ( -0.5526151694560270666, -0.7732428152693342494, -2.756923904776074075 ) ) ;
#2592 = CARTESIAN_POINT ( 'NONE',  ( 0.8547005383792493083, -1.047563649461963080E-15, -0.9000000000000075717 ) ) ;
#2593 = CARTESIAN_POINT ( 'NONE',  ( 0.6410254037844368424, -0.3700961894323347989, 0.3166666666666591023 ) ) ;
#2594 = CARTESIAN_POINT ( 'NONE',  ( -9.064742275298787661E-17, -0.7401923788646671554, -1.750000000000007772 ) ) ;
#2595 = EDGE_CURVE ( 'NONE', #2913, #1752, #982, .T. ) ;
#2596 = CARTESIAN_POINT ( 'NONE',  ( 0.5773502691896268413, 0.9999999999999988898, 1.766666666666662611 ) ) ;
#2597 = CARTESIAN_POINT ( 'NONE',  ( -0.5773502691896290617, -0.9999999999999970024, -1.633333333333339077 ) ) ;
#2598 = CARTESIAN_POINT ( 'NONE',  ( -0.5898502691896261307, -1.021650635094611292, -2.420833333333339166 ) ) ;
#2599 = CARTESIAN_POINT ( 'NONE',  ( 1.349831704744453020E-14, 0.7505553499465217326, 3.000000000000000000 ) ) ;
#2600 = DIRECTION ( 'NONE',  ( -0.8660254037844387076, 0.4999999999999998890, 0.000000000000000000 ) ) ;
#2601 = AXIS2_PLACEMENT_3D ( 'NONE', #170, #2803, #840 ) ;
#2602 = AXIS2_PLACEMENT_3D ( 'NONE', #2307, #1813, #1120 ) ;
#2603 = VERTEX_POINT ( 'NONE', #941 ) ;
#2604 = CARTESIAN_POINT ( 'NONE',  ( 0.000000000000000000, 1.000000000000000000, -0.9499999999999904077 ) ) ;
#2605 = AXIS2_PLACEMENT_3D ( 'NONE', #1398, #1164, #906 ) ;
#2606 = VERTEX_POINT ( 'NONE', #2437 ) ;
#2607 = COORDINATED_UNIVERSAL_TIME_OFFSET ( 6, 0, .BEHIND. ) ;
#2608 = CARTESIAN_POINT ( 'NONE',  ( -1.251161180115476355E-16, -1.021650635094612625, 0.8375000000000110134 ) ) ;
#2609 = CARTESIAN_POINT ( 'NONE',  ( -1.224646799147354440E-16, -1.000000000000002220, 0.4500000000000085598 ) ) ;
#2610 = CARTESIAN_POINT ( 'NONE',  ( -0.6410254037844371755, -0.3700961894323350210, 2.533333333333325665 ) ) ;
#2611 = CARTESIAN_POINT ( 'NONE',  ( -0.4273502691896244876, 0.7401923788646653790, 0.4333333333333259652 ) ) ;
#2612 = CARTESIAN_POINT ( 'NONE',  ( 0.4273502691896243766, -0.7401923788646683766, 1.883333333333325310 ) ) ;
#2613 = CARTESIAN_POINT ( 'NONE',  ( 0.8547005383792494193, -5.992043510556498767E-16, -2.500000000000007550 ) ) ;
#2614 = CARTESIAN_POINT ( 'NONE',  ( -0.6410254037844369535, 0.3700961894323329671, -2.683333333333341564 ) ) ;
#2615 = CARTESIAN_POINT ( 'NONE',  ( -0.6410254037844370645, -0.3700961894323340773, -0.6166666666666742458 ) ) ;
#2616 = CARTESIAN_POINT ( 'NONE',  ( -0.8660254037844393737, 0.4999999999999989453, 1.466666666666661900 ) ) ;
#2617 = CARTESIAN_POINT ( 'NONE',  ( -0.5898502691896261307, -1.021650635094611292, -1.620833333333339343 ) ) ;
#2618 = EDGE_CURVE ( 'NONE', #251, #826, #1308, .T. ) ;
#2619 = CARTESIAN_POINT ( 'NONE',  ( 0.7006292692219660001, -0.7135254915624923422, -2.699999999999997513 ) ) ;
#2620 = ORIENTED_EDGE ( 'NONE', *, *, #1745, .T. ) ;
#2621 = PERSON_AND_ORGANIZATION ( #2408, #1725 ) ;
#2622 = CARTESIAN_POINT ( 'NONE',  ( -1.179700538379251817, -1.277189602727401605E-15, 0.7375000000000111466 ) ) ;
#2623 = CARTESIAN_POINT ( 'NONE',  ( -0.8660254037844395958, -0.5000000000000011102, -1.216666666666657459 ) ) ;
#2624 = EDGE_LOOP ( 'NONE', ( #2072, #219, #2040, #3007, #299 ) ) ;
#2625 = CARTESIAN_POINT ( 'NONE',  ( -0.7299169315157643112, 0.5073008014965842971, -2.819166415903941569 ) ) ;
#2626 = CARTESIAN_POINT ( 'NONE',  ( -0.4273502691896248762, -0.7401923788646673774, 0.1666666666666591357 ) ) ;
#2627 = CARTESIAN_POINT ( 'NONE',  ( -0.6410254037844370645, 0.3700961894323331336, -3.133333333333340853 ) ) ;
#2628 =( BOUNDED_CURVE ( )  B_SPLINE_CURVE ( 2, ( #2806, #691, #2623, #2576, #1886, #1414, #1176 ),
 .UNSPECIFIED., .F., .F. ) 
 B_SPLINE_CURVE_WITH_KNOTS ( ( 3, 2, 2, 3 ),
 ( 0.6333333333333333037, 0.6444444444444443754, 0.6555555555555554470, 0.6666666666666666297 ),
 .UNSPECIFIED. ) 
 CURVE ( )  GEOMETRIC_REPRESENTATION_ITEM ( )  RATIONAL_B_SPLINE_CURVE ( ( 1.000000000000000000, 0.8660254037844387076, 1.000000000000000000, 0.8660254037844387076, 1.000000000000000000, 0.8660254037844400399, 0.9999999999999986677 ) ) 
 REPRESENTATION_ITEM ( '' )  );
#2629 = CARTESIAN_POINT ( 'NONE',  ( 0.6410254037844369535, -0.3700961894323339663, -2.933333333333340676 ) ) ;
#2630 = CARTESIAN_POINT ( 'NONE',  ( 0.6410254037844368424, -0.3700961894323344104, -1.283333333333341209 ) ) ;
#2631 = CARTESIAN_POINT ( 'NONE',  ( 0.4273502691896243766, -0.7401923788646671554, -2.516666666666675045 ) ) ;
#2632 = CARTESIAN_POINT ( 'NONE',  ( 0.000000000000000000, 1.000000000000000666, -3.000000000000000000 ) ) ;
#2633 = CARTESIAN_POINT ( 'NONE',  ( 0.8847754037844390851, 0.5108253175473043139, -2.654166666666671670 ) ) ;
#2634 = ORIENTED_EDGE ( 'NONE', *, *, #1298, .F. ) ;
#2635 = CARTESIAN_POINT ( 'NONE',  ( -2.208449853761365556E-11, 0.8415063509470687153, -2.858493649052930685 ) ) ;
#2636 = EDGE_CURVE ( 'NONE', #252, #2687, #2878, .T. ) ;
#2637 = EDGE_LOOP ( 'NONE', ( #28, #1571, #2671, #2654, #2314, #2024, #946 ) ) ;
#2638 = COORDINATED_UNIVERSAL_TIME_OFFSET ( 6, 0, .BEHIND. ) ;
#2639 = LOCAL_TIME ( 16, 43, 15.00000000000000000, #192 ) ;
#2640 = CARTESIAN_POINT ( 'NONE',  ( 0.5898502691896265748, 1.021650635094609738, -0.1958333333333217297 ) ) ;
#2641 = CARTESIAN_POINT ( 'NONE',  ( -0.6410254037844370645, 0.3700961894323322454, 0.06666666666665932439 ) ) ;
#2642 = CARTESIAN_POINT ( 'NONE',  ( 2.686616104935888371E-18, 0.7505553499465138501, 2.160000000000000142 ) ) ;
#2643 = CARTESIAN_POINT ( 'NONE',  ( 0.000000000000000000, 1.000000000000000666, -3.000000000000000000 ) ) ;
#2644 = CARTESIAN_POINT ( 'NONE',  ( 0.4273502691896250982, 0.7401923788646653790, -0.4333333333333406756 ) ) ;
#2645 = CARTESIAN_POINT ( 'NONE',  ( 0.6410254037844369535, -0.3700961894323339663, -2.933333333333340676 ) ) ;
#2646 = CARTESIAN_POINT ( 'NONE',  ( 1.154700538379252572, -1.396908545002742395E-15, 0.1500000000000090150 ) ) ;
#2647 = CARTESIAN_POINT ( 'NONE',  ( 0.000000000000000000, 0.7401923788646661562, -2.400000000000007461 ) ) ;
#2648 = CARTESIAN_POINT ( 'NONE',  ( 0.8547005383792493083, -5.011257545292687464E-16, -2.850000000000008082 ) ) ;
#2649 = CARTESIAN_POINT ( 'NONE',  ( -0.4273502691896248762, -0.7401923788646671554, -0.9833333333333412751 ) ) ;
#2650 = CARTESIAN_POINT ( 'NONE',  ( 0.5676015697891583223, -0.6706931714475767858, -2.829008754963863392 ) ) ;
#2651 = CARTESIAN_POINT ( 'NONE',  ( -1.251161180115476108E-16, -1.021650635094611514, -1.987500000000005818 ) ) ;
#2652 = CARTESIAN_POINT ( 'NONE',  ( -0.5773502691896262862, 1.000000000000000222, -2.116666666666656926 ) ) ;
#2653 = LINE ( 'NONE', #6, #2262 ) ;
#2654 = ORIENTED_EDGE ( 'NONE', *, *, #2331, .T. ) ;
#2655 = EDGE_LOOP ( 'NONE', ( #1487, #1665, #2994, #1732 ) ) ;
#2656 = EDGE_CURVE ( 'NONE', #2356, #872, #1107, .T. ) ;
#2657 = CARTESIAN_POINT ( 'NONE',  ( 0.000000000000000000, 1.021650635094610182, -0.1624999999999885980 ) ) ;
#2658 = CARTESIAN_POINT ( 'NONE',  ( 0.000000000000000000, 0.7401923788646651570, 1.199999999999992628 ) ) ;
#2659 = CARTESIAN_POINT ( 'NONE',  ( 0.5773502691896268413, 0.9999999999999993339, -0.2333333333333377224 ) ) ;
#2660 = FACE_OUTER_BOUND ( 'NONE', #637, .T. ) ;
#2661 = CARTESIAN_POINT ( 'NONE',  ( -0.4273502691896244876, 0.7401923788646657121, -1.166666666666674068 ) ) ;
#2662 = EDGE_CURVE ( 'NONE', #173, #2606, #63, .T. ) ;
#2663 = CARTESIAN_POINT ( 'NONE',  ( -0.6410254037844369535, 0.3700961894323315238, 2.516666666666659058 ) ) ;
#2664 = CARTESIAN_POINT ( 'NONE',  ( -0.6410254037844369535, 0.3700961894323321899, 0.1166666666666590219 ) ) ;
#2665 = CARTESIAN_POINT ( 'NONE',  ( -0.4273502691896248762, -0.7401923788646669333, -1.783333333333341431 ) ) ;
#2666 = CARTESIAN_POINT ( 'NONE',  ( 0.5773502691896260641, -1.000000000000002220, -0.3166666666666578256 ) ) ;
#2667 = CARTESIAN_POINT ( 'NONE',  ( -0.8847754037844387520, -0.5108253175473063123, -0.8541666666666719587 ) ) ;
#2668 = CC_DESIGN_PERSON_AND_ORGANIZATION_ASSIGNMENT ( #2775, #350, ( #2271 ) ) ;
#2669 = CARTESIAN_POINT ( 'NONE',  ( 0.000000000000000000, 1.000000000000000222, -2.149999999999991029 ) ) ;
#2670 = CARTESIAN_POINT ( 'NONE',  ( 0.000000000000000000, 1.000000000000000444, -2.200000000000005063 ) ) ;
#2671 = ORIENTED_EDGE ( 'NONE', *, *, #1627, .T. ) ;
#2672 = CARTESIAN_POINT ( 'NONE',  ( 0.000000000000000000, 1.021650635094609294, 2.637500000000011280 ) ) ;
#2673 = CARTESIAN_POINT ( 'NONE',  ( 0.000000000000000000, 8.739904209134028646E-15, 3.000000000000000000 ) ) ;
#2674 = CYLINDRICAL_SURFACE ( 'NONE', #1687, 1.000000000000001110 ) ;
#2675 = DIRECTION ( 'NONE',  ( -0.000000000000000000, 1.224646799147353207E-16, -1.000000000000000000 ) ) ;
#2676 = CARTESIAN_POINT ( 'NONE',  ( 0.4273502691896243766, -0.7401923788646680435, 1.033333333333326332 ) ) ;
#2677 = CARTESIAN_POINT ( 'NONE',  ( -9.064742275298787661E-17, -0.7401923788646681546, 1.849999999999992317 ) ) ;
#2678 = CARTESIAN_POINT ( 'NONE',  ( -0.6410254037844370645, -0.3700961894323341883, -0.2166666666666744734 ) ) ;
#2679 = CARTESIAN_POINT ( 'NONE',  ( 0.000000000000000000, 0.9999999999999997780, -0.5499999999999907185 ) ) ;
#2680 = ADVANCED_FACE ( 'NONE', ( #1405 ), #2879, .T. ) ;
#2681 = CARTESIAN_POINT ( 'NONE',  ( -0.4273502691896246541, 0.7401923788646657121, -0.7666666666666742680 ) ) ;
#2682 = CARTESIAN_POINT ( 'NONE',  ( 0.8547005383792493083, -1.061574877537160793E-15, -0.8500000000000078604 ) ) ;
#2683 = CARTESIAN_POINT ( 'NONE',  ( -0.8660254037844393737, 0.5000000000000001110, -2.533333333333338100 ) ) ;
#2684 = CARTESIAN_POINT ( 'NONE',  ( 0.5898502691896253536, -1.021650635094612403, 0.04583333333332785531 ) ) ;
#2685 = ORIENTED_EDGE ( 'NONE', *, *, #2993, .F. ) ;
#2686 = CARTESIAN_POINT ( 'NONE',  ( 0.8660254037844391517, -0.5000000000000015543, -1.933333333333338455 ) ) ;
#2687 = VERTEX_POINT ( 'NONE', #2 ) ;
#2688 = CARTESIAN_POINT ( 'NONE',  ( 1.179700538379251817, -1.958447286488637522E-15, 2.137500000000011280 ) ) ;
#2689 = CARTESIAN_POINT ( 'NONE',  ( -9.064742275298788894E-17, -0.7401923788646681546, 1.399999999999992362 ) ) ;
#2690 = CARTESIAN_POINT ( 'NONE',  ( 1.349831704744453020E-14, 0.7505553499465217326, 3.000000000000000000 ) ) ;
#2691 = CARTESIAN_POINT ( 'NONE',  ( -1.154700538379252572, -1.268211990169932856E-15, 0.6999999999999950706 ) ) ;
#2692 = CARTESIAN_POINT ( 'NONE',  ( 0.4273502691896250982, 0.7401923788646644908, 2.766666666666659502 ) ) ;
#2693 = CARTESIAN_POINT ( 'NONE',  ( 0.8547005383792494193, -5.992043510556498767E-16, -2.500000000000007105 ) ) ;
#2694 = CARTESIAN_POINT ( 'NONE',  ( 0.4273502691896245431, -0.7401923788646675995, -1.366666666666674024 ) ) ;
#2695 = CARTESIAN_POINT ( 'NONE',  ( 0.000000000000000000, 0.7401923788646656011, -0.7500000000000075495 ) ) ;
#2696 = CARTESIAN_POINT ( 'NONE',  ( 0.4273502691896244876, -0.7401923788646678215, -0.5666666666666739793 ) ) ;
#2697 = CARTESIAN_POINT ( 'NONE',  ( 0.4273502691896250982, 0.7401923788646649349, 0.8166666666666592134 ) ) ;
#2698 = CARTESIAN_POINT ( 'NONE',  ( -0.6410254037844369535, 0.3700961894323326895, -1.883333333333341075 ) ) ;
#2699 = EDGE_CURVE ( 'NONE', #2169, #1095, #1479, .T. ) ;
#2700 = CARTESIAN_POINT ( 'NONE',  ( 0.8847754037844384190, -0.5108253175473072005, 0.07916666666666098695 ) ) ;
#2701 = CARTESIAN_POINT ( 'NONE',  ( 0.000000000000000000, 0.000000000000000000, 2.160000000000000142 ) ) ;
#2702 = AXIS2_PLACEMENT_3D ( 'NONE', #201, #436, #3107 ) ;
#2703 = ORIENTED_EDGE ( 'NONE', *, *, #1261, .F. ) ;
#2704 = CARTESIAN_POINT ( 'NONE',  ( -0.8660254037844394848, 0.4999999999999995559, -0.4833333333333240112 ) ) ;
#2705 = CARTESIAN_POINT ( 'NONE',  ( -0.4273502691896249872, -0.7401923788646677105, 0.5666666666666593244 ) ) ;
#2706 = CYLINDRICAL_SURFACE ( 'NONE', #1335, 1.000000000000001110 ) ;
#2707 = ORIENTED_EDGE ( 'NONE', *, *, #2498, .F. ) ;
#2708 = CARTESIAN_POINT ( 'NONE',  ( -0.6500000000000001332, 0.1322108001707084368, 2.899452971108685606 ) ) ;
#2709 = AXIS2_PLACEMENT_3D ( 'NONE', #60, #1363, #2600 ) ;
#2710 = VECTOR ( 'NONE', #2224, 1000.000000000000114 ) ;
#2711 = CARTESIAN_POINT ( 'NONE',  ( -0.6410254037844370645, -0.3700961894323348544, 2.133333333333326642 ) ) ;
#2712 = CARTESIAN_POINT ( 'NONE',  ( -0.6410254037844369535, 0.3700961894323318568, 1.316666666666658658 ) ) ;
#2713 = CARTESIAN_POINT ( 'NONE',  ( 0.000000000000000000, 0.7401923788646656011, -0.4000000000000075717 ) ) ;
#2714 = CARTESIAN_POINT ( 'NONE',  ( 0.6410254037844368424, -0.3700961894323351320, 1.516666666666659280 ) ) ;
#2715 = CARTESIAN_POINT ( 'NONE',  ( 0.6410254037844372865, 0.3700961894323323564, -2.816666666666674423 ) ) ;
#2716 = CARTESIAN_POINT ( 'NONE',  ( -1.179700538379251595, -1.046004339486641513E-15, -0.08750000000000511535 ) ) ;
#2717 = CARTESIAN_POINT ( 'NONE',  ( -0.5773502691896273964, -0.9999999999999997780, -2.033333333333338544 ) ) ;
#2718 = ADVANCED_FACE ( 'NONE', ( #711 ), #701, .T. ) ;
#2719 = VERTEX_POINT ( 'NONE', #2401 ) ;
#2720 = CARTESIAN_POINT ( 'NONE',  ( 0.000000000000000000, 1.000000000000000000, -0.9499999999999904077 ) ) ;
#2721 = DIRECTION ( 'NONE',  ( -0.000000000000000000, -0.000000000000000000, 1.000000000000000000 ) ) ;
#2722 = LINE ( 'NONE', #796, #2499 ) ;
#2723 = VERTEX_POINT ( 'NONE', #458 ) ;
#2724 = DIRECTION ( 'NONE',  ( 1.000000000000000000, 0.000000000000000000, 0.000000000000000000 ) ) ;
#2725 = CARTESIAN_POINT ( 'NONE',  ( -0.6410254037844369535, 0.3700961894323319679, 0.8666666666666597019 ) ) ;
#2726 = B_SPLINE_CURVE_WITH_KNOTS ( 'NONE', 3,
 ( #1312, #821, #2752, #2279 ),
 .UNSPECIFIED., .F., .F.,
 ( 4, 4 ),
 ( 0.0004074939972191477899, 0.0007962593265048679633 ),
 .UNSPECIFIED. ) ;
#2727 = CARTESIAN_POINT ( 'NONE',  ( 0.4273502691896251537, 0.7401923788646657121, -1.633333333333340631 ) ) ;
#2728 = CARTESIAN_POINT ( 'NONE',  ( 0.7505553499465129619, 8.739904209134028646E-15, 3.000000000000000000 ) ) ;
#2729 = CARTESIAN_POINT ( 'NONE',  ( -0.2670579069429112606, -0.5963693954838059641, 2.899585623990609928 ) ) ;
#2730 = CARTESIAN_POINT ( 'NONE',  ( 0.000000000000000000, 0.7401923788646660451, -2.000000000000007550 ) ) ;
#2731 = CARTESIAN_POINT ( 'NONE',  ( 0.4273502691896250982, 0.7401923788646651570, 0.01666666666665919325 ) ) ;
#2732 = CARTESIAN_POINT ( 'NONE',  ( 0.6410254037844368424, -0.3700961894323342993, -1.683333333333341120 ) ) ;
#2733 = CARTESIAN_POINT ( 'NONE',  ( -0.5898502691896256866, 1.021650635094609738, 0.6458333333333284854 ) ) ;
#2734 = CARTESIAN_POINT ( 'NONE',  ( 0.6499999999999911404, -0.3752776749732621986, 3.000000000000000000 ) ) ;
#2735 =( BOUNDED_CURVE ( )  B_SPLINE_CURVE ( 2, ( #869, #2325, #1549, #360, #1077 ),
 .UNSPECIFIED., .F., .F. ) 
 B_SPLINE_CURVE_WITH_KNOTS ( ( 3, 2, 3 ),
 ( 0.05000000000000105749, 0.05555555555555555941, 0.06666666666666669350 ),
 .UNSPECIFIED. ) 
 CURVE ( )  GEOMETRIC_REPRESENTATION_ITEM ( )  RATIONAL_B_SPLINE_CURVE ( ( 0.9330127018922192983, 0.9330127018922320659, 1.000000000000000000, 0.8660254037844383745, 1.000000000000000222 ) ) 
 REPRESENTATION_ITEM ( '' )  );
#2736 = ORIENTED_EDGE ( 'NONE', *, *, #1002, .F. ) ;
#2737 = CARTESIAN_POINT ( 'NONE',  ( 0.000000000000000000, -3.494140929970925097E-16, -3.000000000000000000 ) ) ;
#2738 = EDGE_CURVE ( 'NONE', #234, #3063, #1871, .T. ) ;
#2739 = DIRECTION ( 'NONE',  ( 1.000000000000000000, 0.000000000000000000, -0.000000000000000000 ) ) ;
#2740 = VERTEX_POINT ( 'NONE', #3101 ) ;
#2741 = CARTESIAN_POINT ( 'NONE',  ( 0.8660254037844391517, -0.5000000000000024425, 1.266666666666661500 ) ) ;
#2742 = CARTESIAN_POINT ( 'NONE',  ( -9.064742275298787661E-17, -0.7401923788646681546, 1.799999999999992495 ) ) ;
#2743 = CARTESIAN_POINT ( 'NONE',  ( 0.000000000000000000, 0.7401923788646659341, -1.600000000000007416 ) ) ;
#2744 = CARTESIAN_POINT ( 'NONE',  ( -9.064742275298787661E-17, -0.7401923788646681546, 1.849999999999992317 ) ) ;
#2745 = CARTESIAN_POINT ( 'NONE',  ( -0.5478303432654924032, -0.4342653537919364815, 2.941012321179937938 ) ) ;
#2746 = CARTESIAN_POINT ( 'NONE',  ( 0.4273502691896244876, -0.7401923788646677105, -0.9666666666666743346 ) ) ;
#2747 = CARTESIAN_POINT ( 'NONE',  ( -0.4273502691896245431, 0.7401923788646654900, -0.3166666666666743679 ) ) ;
#2748 = CARTESIAN_POINT ( 'NONE',  ( -9.064742275298787661E-17, -0.7401923788646668223, -2.950000000000007727 ) ) ;
#2749 = EDGE_LOOP ( 'NONE', ( #2328, #62, #3100, #590 ) ) ;
#2750 = CARTESIAN_POINT ( 'NONE',  ( 1.179700538379251595, -1.727262023247877429E-15, 1.312499999999994893 ) ) ;
#2751 = CARTESIAN_POINT ( 'NONE',  ( 0.5898502691896256866, -1.021650635094613291, 1.670833333333343607 ) ) ;
#2752 = CARTESIAN_POINT ( 'NONE',  ( 0.6499999999999998002, 0.1321850107167494848, 2.899444650053487393 ) ) ;
#2753 = ORIENTED_EDGE ( 'NONE', *, *, #3036, .F. ) ;
#2754 = CARTESIAN_POINT ( 'NONE',  ( -1.224646799147354440E-16, -1.000000000000001554, -1.549999999999991163 ) ) ;
#2755 = ADVANCED_FACE ( 'NONE', ( #907 ), #2841, .T. ) ;
#2756 = ORIENTED_EDGE ( 'NONE', *, *, #246, .F. ) ;
#2757 = DIRECTION ( 'NONE',  ( 1.000000000000000000, 0.000000000000000000, 0.000000000000000000 ) ) ;
#2758 = CARTESIAN_POINT ( 'NONE',  ( 0.8847754037844393071, 0.5108253175473040919, -1.429166666666655816 ) ) ;
#2759 = CARTESIAN_POINT ( 'NONE',  ( -9.064742275298788894E-17, -0.7401923788646675995, -0.6000000000000071942 ) ) ;
#2760 = CARTESIAN_POINT ( 'NONE',  ( 0.6410254037844368424, -0.3700961894323353540, 2.316666666666658880 ) ) ;
#2761 = VECTOR ( 'NONE', #1980, 1000.000000000000000 ) ;
#2762 = AXIS2_PLACEMENT_3D ( 'NONE', #271, #2171, #2204 ) ;
#2763 = CARTESIAN_POINT ( 'NONE',  ( 0.8547005383792494193, -1.720102597071432983E-15, 1.499999999999992450 ) ) ;
#2764 = ADVANCED_FACE ( 'NONE', ( #444 ), #1429, .T. ) ;
#2765 = CARTESIAN_POINT ( 'NONE',  ( -0.4273502691896248762, -0.7401923788646664892, -3.033333333333341209 ) ) ;
#2766 = CARTESIAN_POINT ( 'NONE',  ( -0.6410254037844369535, 0.3700961894323330781, -3.083333333333341031 ) ) ;
#2767 = AXIS2_PLACEMENT_3D ( 'NONE', #760, #2977, #44 ) ;
#2768 = CARTESIAN_POINT ( 'NONE',  ( 1.179700538379251595, -1.951441672451034327E-15, 2.112499999999994937 ) ) ;
#2769 = CARTESIAN_POINT ( 'NONE',  ( 0.000000000000000000, 1.021650635094609516, 1.837500000000011902 ) ) ;
#2770 = CARTESIAN_POINT ( 'NONE',  ( -0.8660254037844395958, -0.5000000000000006661, -2.416666666666657637 ) ) ;
#2771 = ORIENTED_EDGE ( 'NONE', *, *, #2520, .F. ) ;
#2772 = CARTESIAN_POINT ( 'NONE',  ( 0.6499999999999998002, -0.3752776749732571471, 2.160000000000000142 ) ) ;
#2773 = CARTESIAN_POINT ( 'NONE',  ( -0.5773502691896262862, 1.000000000000000000, -0.5666666666666712038 ) ) ;
#2774 = ORIENTED_EDGE ( 'NONE', *, *, #866, .T. ) ;
#2775 = PERSON_AND_ORGANIZATION ( #2408, #1725 ) ;
#2776 = CARTESIAN_POINT ( 'NONE',  ( -0.8847754037844389741, -0.5108253175473056462, -3.229166666666655860 ) ) ;
#2777 = CARTESIAN_POINT ( 'NONE',  ( -9.064742275298788894E-17, -0.7401923788646674884, -1.000000000000007327 ) ) ;
#2778 = CARTESIAN_POINT ( 'NONE',  ( 0.6410254037844372865, 0.3700961894323309687, 1.983333333333325621 ) ) ;
#2779 = CARTESIAN_POINT ( 'NONE',  ( -0.8547005383792494193, -1.118446955254775268E-15, 0.09999999999999244216 ) ) ;
#2780 = CARTESIAN_POINT ( 'NONE',  ( 0.6410254037844368424, -0.3700961894323342993, -1.733333333333340942 ) ) ;
#2781 = CARTESIAN_POINT ( 'NONE',  ( -9.064742275298787661E-17, -0.7401923788646679325, 1.049999999999992717 ) ) ;
#2782 = CARTESIAN_POINT ( 'NONE',  ( 0.000000000000000000, 1.021650635094609072, 3.012499999999995293 ) ) ;
#2783 = EDGE_CURVE ( 'NONE', #1380, #716, #2001, .T. ) ;
#2784 = DIRECTION ( 'NONE',  ( 0.000000000000000000, -1.000000000000000000, 0.000000000000000000 ) ) ;
#2785 = CARTESIAN_POINT ( 'NONE',  ( -0.5898502691896257977, 1.021650635094609738, 1.470833333333344761 ) ) ;
#2786 = CARTESIAN_POINT ( 'NONE',  ( 0.000000000000000000, -3.494140929970925097E-16, -3.000000000000000000 ) ) ;
#2787 = ORIENTED_EDGE ( 'NONE', *, *, #2297, .T. ) ;
#2788 = CARTESIAN_POINT ( 'NONE',  ( -0.8660254037844394848, 0.4999999999999993339, 0.3166666666666764218 ) ) ;
#2789 = CARTESIAN_POINT ( 'NONE',  ( -1.224646799147354440E-16, -1.000000000000001776, -0.8000000000000051514 ) ) ;
#2790 = ORIENTED_EDGE ( 'NONE', *, *, #619, .F. ) ;
#2791 = CARTESIAN_POINT ( 'NONE',  ( 0.5898502691896256866, -1.021650635094611959, -1.529166666666656127 ) ) ;
#2792 = CARTESIAN_POINT ( 'NONE',  ( 0.000000000000000000, 0.9999999999999993339, 1.799999999999995826 ) ) ;
#2793 = CARTESIAN_POINT ( 'NONE',  ( -0.4273502691896249317, -0.7401923788646679325, 1.766666666666659502 ) ) ;
#2794 = CARTESIAN_POINT ( 'NONE',  ( -0.8547005383792493083, -1.580817481736285592E-15, 1.749999999999991784 ) ) ;
#2795 = CARTESIAN_POINT ( 'NONE',  ( 0.8547005383792493083, -1.285754526740317098E-15, -0.05000000000000749678 ) ) ;
#2796 = CARTESIAN_POINT ( 'NONE',  ( -1.251161180115476108E-16, -1.021650635094612625, 2.012499999999994404 ) ) ;
#2797 = ADVANCED_FACE ( 'NONE', ( #2873, #2937 ), #1703, .T. ) ;
#2798 = FACE_OUTER_BOUND ( 'NONE', #1553, .T. ) ;
#2799 = CARTESIAN_POINT ( 'NONE',  ( -0.8660254037844395958, -0.5000000000000012212, -0.8166666666666574370 ) ) ;
#2800 = CARTESIAN_POINT ( 'NONE',  ( -0.8660254037844394848, -0.5000000000000015543, 0.3333333333333285409 ) ) ;
#2801 = ORIENTED_EDGE ( 'NONE', *, *, #204, .T. ) ;
#2802 = CARTESIAN_POINT ( 'NONE',  ( 0.000000000000000000, 1.999999999999999556, -2.999999999999999556 ) ) ;
#2803 = DIRECTION ( 'NONE',  ( -0.000000000000000000, 1.224646799147353207E-16, -1.000000000000000000 ) ) ;
#2804 = ORIENTED_EDGE ( 'NONE', *, *, #317, .T. ) ;
#2805 = CARTESIAN_POINT ( 'NONE',  ( 1.179700538379251817, -6.133693912696979128E-16, -2.662499999999988987 ) ) ;
#2806 = CARTESIAN_POINT ( 'NONE',  ( -1.224646799147354440E-16, -1.000000000000001776, -1.149999999999991251 ) ) ;
#2807 = CARTESIAN_POINT ( 'NONE',  ( -0.6410254037844371755, -0.3700961894323343548, 0.1333333333333260318 ) ) ;
#2808 = FACE_OUTER_BOUND ( 'NONE', #2946, .T. ) ;
#2809 = CARTESIAN_POINT ( 'NONE',  ( 0.4273502691896243766, -0.7401923788646678215, -0.1166666666666741903 ) ) ;
#2810 = CARTESIAN_POINT ( 'NONE',  ( 0.8847754037844384190, -0.5108253175473076446, 2.079166666666661278 ) ) ;
#2811 = CONICAL_SURFACE ( 'NONE', #1430, 0.6999999999999998446, 0.7853981633974469467 ) ;
#2812 = CARTESIAN_POINT ( 'NONE',  ( 0.9113698713122108108, -0.1025192939461619102, 1.800000000000000266 ) ) ;
#2813 = VECTOR ( 'NONE', #886, 1000.000000000000000 ) ;
#2814 = AXIS2_PLACEMENT_3D ( 'NONE', #1391, #1139, #1374 ) ;
#2815 = DIRECTION ( 'NONE',  ( 0.000000000000000000, 1.000000000000000000, 0.000000000000000000 ) ) ;
#2816 = CARTESIAN_POINT ( 'NONE',  ( -1.224646799147354440E-16, -1.000000000000001998, -5.314284711073480327E-15 ) ) ;
#2817 = ORIENTED_EDGE ( 'NONE', *, *, #1142, .F. ) ;
#2818 = CARTESIAN_POINT ( 'NONE',  ( 0.5773502691896233996, -1.000000000000005995, -1.566666666666672425 ) ) ;
#2819 = ADVANCED_FACE ( 'NONE', ( #1508 ), #256, .T. ) ;
#2820 = ORIENTED_EDGE ( 'NONE', *, *, #2002, .F. ) ;
#2821 = APPROVAL_STATUS ( 'not_yet_approved' ) ;
#2822 = CARTESIAN_POINT ( 'NONE',  ( 0.5898502691896256866, -1.021650635094611737, -3.129166666666656660 ) ) ;
#2823 = CARTESIAN_POINT ( 'NONE',  ( 0.6410254037844369535, -0.3700961894323344659, -1.333333333333340809 ) ) ;
#2824 = PLANE ( 'NONE',  #2605 ) ;
#2825 = CARTESIAN_POINT ( 'NONE',  ( 0.000000000000000000, 0.7401923788646652680, 0.7999999999999926059 ) ) ;
#2826 = CARTESIAN_POINT ( 'NONE',  ( 0.000000000000000000, 0.7401923788646661562, -2.800000000000007372 ) ) ;
#2827 = CARTESIAN_POINT ( 'NONE',  ( 0.8547005383792493083, -1.173664702138738354E-15, -0.4500000000000077272 ) ) ;
#2828 = DIRECTION ( 'NONE',  ( 0.000000000000000000, -1.224646799147353207E-16, 1.000000000000000000 ) ) ;
#2829 = CARTESIAN_POINT ( 'NONE',  ( -0.6410254037844369535, 0.3700961894323324675, -1.083333333333341031 ) ) ;
#2830 = LINE ( 'NONE', #2323, #233 ) ;
#2831 = CARTESIAN_POINT ( 'NONE',  ( 0.4340844946297217621, -0.5995460026148062838, -2.959807621135143840 ) ) ;
#2832 = CARTESIAN_POINT ( 'NONE',  ( 0.8847754037844390851, 0.5108253175473040919, -1.854166666666671848 ) ) ;
#2833 = ORIENTED_EDGE ( 'NONE', *, *, #1332, .F. ) ;
#2834 = CARTESIAN_POINT ( 'NONE',  ( 0.000000000000000000, -3.494140929970925097E-16, -3.000000000000000000 ) ) ;
#2835 = DIRECTION ( 'NONE',  ( -0.000000000000000000, 1.224646799147353207E-16, -1.000000000000000000 ) ) ;
#2836 = ORIENTED_EDGE ( 'NONE', *, *, #3036, .T. ) ;
#2837 = EDGE_CURVE ( 'NONE', #2056, #1078, #2562, .T. ) ;
#2838 = CARTESIAN_POINT ( 'NONE',  ( 0.000000000000000000, 1.021650635094609960, 0.2375000000000115630 ) ) ;
#2839 = CARTESIAN_POINT ( 'NONE',  ( 0.000000000000000000, -3.494140929970925097E-16, -3.000000000000000000 ) ) ;
#2840 =( BOUNDED_CURVE ( )  B_SPLINE_CURVE ( 2, ( #80, #2773, #3012, #112, #2267, #548, #1081 ),
 .UNSPECIFIED., .F., .T. ) 
 B_SPLINE_CURVE_WITH_KNOTS ( ( 3, 2, 2, 3 ),
 ( 0.4000000000000000222, 0.4111111111111110938, 0.4222222222222221655, 0.4333333333333332926 ),
 .UNSPECIFIED. ) 
 CURVE ( )  GEOMETRIC_REPRESENTATION_ITEM ( )  RATIONAL_B_SPLINE_CURVE ( ( 1.000000000000000000, 0.8660254037844387076, 1.000000000000000000, 0.8660254037844387076, 1.000000000000000000, 0.8660254037844393737, 0.9999999999999993339 ) ) 
 REPRESENTATION_ITEM ( '' )  );
#2841 = CYLINDRICAL_SURFACE ( 'NONE', #1125, 1.000000000000001110 ) ;
#2842 = CARTESIAN_POINT ( 'NONE',  ( 0.4273502691896243766, -0.7401923788646678215, 0.2333333333333258708 ) ) ;
#2843 = B_SPLINE_CURVE_WITH_KNOTS ( 'NONE', 3,
 ( #1350, #3078, #2084, #1096, #126, #654 ),
 .UNSPECIFIED., .F., .F.,
 ( 4, 2, 4 ),
 ( 0.000000000000000000, 0.0003805969837672764353, 0.0007611939675345528707 ),
 .UNSPECIFIED. ) ;
#2844 = CARTESIAN_POINT ( 'NONE',  ( 0.000000000000000000, 0.7401923788646652680, 0.4499999999999925171 ) ) ;
#2845 = CARTESIAN_POINT ( 'NONE',  ( -0.6410254037844371755, -0.3700961894323336887, -2.266666666666674157 ) ) ;
#2846 = CARTESIAN_POINT ( 'NONE',  ( -0.6410254037844369535, 0.3700961894323328560, -2.283333333333341209 ) ) ;
#2847 = CARTESIAN_POINT ( 'NONE',  ( 0.8858521573418620676, 0.4161451797502093708, 1.799999999999989164 ) ) ;
#2848 = DIRECTION ( 'NONE',  ( 0.000000000000000000, 1.000000000000000000, 0.000000000000000000 ) ) ;
#2849 = CARTESIAN_POINT ( 'NONE',  ( 0.8847754037844390851, 0.5108253175473042029, -2.254166666666672203 ) ) ;
#2850 = CARTESIAN_POINT ( 'NONE',  ( 0.000000000000000000, 0.9999999999999993339, 1.050000000000009592 ) ) ;
#2851 = CARTESIAN_POINT ( 'NONE',  ( -1.224646799147354440E-16, -1.000000000000002220, 1.199999999999995293 ) ) ;
#2852 = ORIENTED_EDGE ( 'NONE', *, *, #2095, .T. ) ;
#2853 = CALENDAR_DATE ( 2026, 7, 1 ) ;
#2854 = CARTESIAN_POINT ( 'NONE',  ( -1.179700538379251817, -1.053009953524244905E-15, -0.06249999999998921696 ) ) ;
#2855 = CARTESIAN_POINT ( 'NONE',  ( 0.4273502691896251537, 0.7401923788646651570, 0.3666666666666592578 ) ) ;
#2856 = CARTESIAN_POINT ( 'NONE',  ( -0.6500000000000001332, 0.3752776749732570916, 2.160000000000000142 ) ) ;
#2857 = CARTESIAN_POINT ( 'NONE',  ( 0.4273502691896251537, 0.7401923788646647129, 1.966666666666659236 ) ) ;
#2858 = CARTESIAN_POINT ( 'NONE',  ( -0.6410254037844370645, -0.3700961894323340773, -0.6666666666666739571 ) ) ;
#2859 = CARTESIAN_POINT ( 'NONE',  ( 0.8547005383792493083, -1.846203649748208651E-15, 1.949999999999992628 ) ) ;
#2860 =( BOUNDED_CURVE ( )  B_SPLINE_CURVE ( 2, ( #2023, #1334, #1994, #66, #1033, #2281, #1803 ),
 .UNSPECIFIED., .F., .F. ) 
 B_SPLINE_CURVE_WITH_KNOTS ( ( 3, 2, 2, 3 ),
 ( 0.1999999999999999278, 0.2111111111111111660, 0.2222222222222222654, 0.2333333333333333925 ),
 .UNSPECIFIED. ) 
 CURVE ( )  GEOMETRIC_REPRESENTATION_ITEM ( )  RATIONAL_B_SPLINE_CURVE ( ( 1.000000000000000222, 0.8660254037844383745, 1.000000000000000000, 0.8660254037844387076, 1.000000000000000000, 0.8660254037844373753, 1.000000000000001332 ) ) 
 REPRESENTATION_ITEM ( '' )  );
#2861 = CARTESIAN_POINT ( 'NONE',  ( 0.6410254037844372865, 0.3700961894323320234, -1.616666666666674468 ) ) ;
#2862 = ADVANCED_FACE ( 'NONE', ( #2414 ), #3065, .F. ) ;
#2863 = CARTESIAN_POINT ( 'NONE',  ( 0.6410254037844368424, -0.3700961894323341883, -2.083333333333341031 ) ) ;
#2864 = CARTESIAN_POINT ( 'NONE',  ( -1.224646799147354440E-16, -1.000000000000001776, -0.7499999999999911182 ) ) ;
#2865 = CARTESIAN_POINT ( 'NONE',  ( 0.5898502691896253536, -1.021650635094611292, -2.754166666666672647 ) ) ;
#2866 = CIRCLE ( 'NONE', #481, 0.6999999999999997335 ) ;
#2867 = DIRECTION ( 'NONE',  ( -0.8660254037844387076, -0.4999999999999998335, 0.000000000000000000 ) ) ;
#2868 = ORIENTED_EDGE ( 'NONE', *, *, #680, .F. ) ;
#2869 = PERSON_AND_ORGANIZATION ( #2408, #1725 ) ;
#2870 = CARTESIAN_POINT ( 'NONE',  ( 0.5898502691896256866, -1.021650635094612847, 0.8708333333333440063 ) ) ;
#2871 = CARTESIAN_POINT ( 'NONE',  ( -9.064742275298788894E-17, -0.7401923788646678215, 0.1999999999999927114 ) ) ;
#2872 = CARTESIAN_POINT ( 'NONE',  ( 0.8660254037844398178, 0.4999999999999983902, 0.5833333333333428072 ) ) ;
#2873 = FACE_BOUND ( 'NONE', #3142, .T. ) ;
#2874 = CARTESIAN_POINT ( 'NONE',  ( 0.4273502691896243766, -0.7401923788646679325, 0.6333333333333259763 ) ) ;
#2875 = CARTESIAN_POINT ( 'NONE',  ( -0.6410254037844369535, 0.3700961894323317458, 1.716666666666658791 ) ) ;
#2876 = CARTESIAN_POINT ( 'NONE',  ( -0.4273502691896248762, -0.7401923788646668223, -2.183333333333340676 ) ) ;
#2877 = CARTESIAN_POINT ( 'NONE',  ( -9.064742275298787661E-17, -0.7401923788646669333, -2.550000000000007816 ) ) ;
#2878 =( BOUNDED_CURVE ( )  B_SPLINE_CURVE ( 2, ( #41, #1420, #2194, #1925, #993, #1660, #2864 ),
 .UNSPECIFIED., .F., .F. ) 
 B_SPLINE_CURVE_WITH_KNOTS ( ( 3, 2, 2, 3 ),
 ( 0.5333333333333333259, 0.5444444444444445086, 0.5555555555555555802, 0.5666666666666666519 ),
 .UNSPECIFIED. ) 
 CURVE ( )  GEOMETRIC_REPRESENTATION_ITEM ( )  RATIONAL_B_SPLINE_CURVE ( ( 1.000000000000000000, 0.8660254037844387076, 1.000000000000000000, 0.8660254037844387076, 1.000000000000000000, 0.8660254037844387076, 1.000000000000000000 ) ) 
 REPRESENTATION_ITEM ( '' )  );
#2879 = PLANE ( 'NONE',  #2348 ) ;
#2880 = ADVANCED_FACE ( 'NONE', ( #1493 ), #751, .F. ) ;
#2881 = CARTESIAN_POINT ( 'NONE',  ( -0.5898502691896261307, -1.021650635094611292, -1.220833333333338988 ) ) ;
#2882 = CARTESIAN_POINT ( 'NONE',  ( 0.7978784486061351044, -0.6180339887499429752, -2.691202265916654124 ) ) ;
#2883 = CARTESIAN_POINT ( 'NONE',  ( -0.3809176047587304326, -0.6633404992613679552, 1.799999999999999378 ) ) ;
#2884 = EDGE_LOOP ( 'NONE', ( #2250, #423 ) ) ;
#2885 = CARTESIAN_POINT ( 'NONE',  ( -0.8847754037844389741, -0.5108253175473064234, -0.8291666666666556162 ) ) ;
#2886 = CYLINDRICAL_SURFACE ( 'NONE', #332, 1.000000000000001110 ) ;
#2887 = EDGE_LOOP ( 'NONE', ( #2182, #2756, #99, #839 ) ) ;
#2888 = CARTESIAN_POINT ( 'NONE',  ( 0.4273502691896244876, -0.7401923788646687097, 2.633333333333326198 ) ) ;
#2889 = CARTESIAN_POINT ( 'NONE',  ( 0.4273502691896243766, -0.7401923788646677105, -0.5666666666666739793 ) ) ;
#2890 = CARTESIAN_POINT ( 'NONE',  ( -9.064742275298788894E-17, -0.7401923788646669333, -3.000000000000007550 ) ) ;
#2891 = CARTESIAN_POINT ( 'NONE',  ( 0.000000000000000000, 1.000000000000000666, -3.000000000000000000 ) ) ;
#2892 = CARTESIAN_POINT ( 'NONE',  ( 0.000000000000000000, 0.7401923788646660451, -2.350000000000008082 ) ) ;
#2893 = CARTESIAN_POINT ( 'NONE',  ( 0.6410254037844372865, 0.3700961894323322454, -2.416666666666674512 ) ) ;
#2894 = DIRECTION ( 'NONE',  ( 0.000000000000000000, 1.000000000000000000, 1.224646799147353207E-16 ) ) ;
#2895 = CARTESIAN_POINT ( 'NONE',  ( -0.8847754037844387520, -0.5108253175473059793, -1.654166666666671892 ) ) ;
#2896 = ADVANCED_FACE ( 'NONE', ( #2660 ), #2965, .T. ) ;
#2897 = ORIENTED_EDGE ( 'NONE', *, *, #2140, .F. ) ;
#2898 = CARTESIAN_POINT ( 'NONE',  ( 0.6499999999999998002, -0.3752776749732571471, 2.160000000000000142 ) ) ;
#2899 = ORIENTED_EDGE ( 'NONE', *, *, #639, .F. ) ;
#2900 = CARTESIAN_POINT ( 'NONE',  ( 0.5898502691896256866, -1.021650635094612403, -0.7291666666666561936 ) ) ;
#2901 = CARTESIAN_POINT ( 'NONE',  ( 0.8660254037844398178, 0.4999999999999980571, 1.783333333333342541 ) ) ;
#2902 = CARTESIAN_POINT ( 'NONE',  ( 0.6410254037844369535, -0.3700961894323354096, 2.266666666666659058 ) ) ;
#2903 = CARTESIAN_POINT ( 'NONE',  ( 0.4273502691896250982, 0.7401923788646654900, -0.8333333333333408088 ) ) ;
#2904 = CARTESIAN_POINT ( 'NONE',  ( 0.6410254037844372865, 0.3700961894323308576, 2.383333333333325754 ) ) ;
#2905 = CARTESIAN_POINT ( 'NONE',  ( -9.064742275298787661E-17, -0.7401923788646674884, -0.5500000000000074829 ) ) ;
#2906 = CARTESIAN_POINT ( 'NONE',  ( 0.000000000000000000, 0.7401923788646660451, -2.350000000000008082 ) ) ;
#2907 = CARTESIAN_POINT ( 'NONE',  ( 0.8273981193415522739, -0.4329601369478871531, -2.773346053787682841 ) ) ;
#2908 = CC_DESIGN_DATE_AND_TIME_ASSIGNMENT ( #1635, #3096, ( #2111 ) ) ;
#2909 = CARTESIAN_POINT ( 'NONE',  ( -1.179700538379251595, -9.339145148850633599E-16, -0.4875000000000052625 ) ) ;
#2910 = CIRCLE ( 'NONE', #176, 1.000000000000001110 ) ;
#2911 = ORIENTED_EDGE ( 'NONE', *, *, #1085, .F. ) ;
#2912 = CARTESIAN_POINT ( 'NONE',  ( 0.5773502691896268413, 0.9999999999999996669, -0.9833333333333241777 ) ) ;
#2913 = VERTEX_POINT ( 'NONE', #987 ) ;
#2914 = DIRECTION ( 'NONE',  ( 1.000000000000000000, 0.000000000000000000, 0.000000000000000000 ) ) ;
#2915 = AXIS2_PLACEMENT_3D ( 'NONE', #2701, #1237, #528 ) ;
#2916 = EDGE_CURVE ( 'NONE', #2169, #1881, #493, .T. ) ;
#2917 = CARTESIAN_POINT ( 'NONE',  ( 0.000000000000000000, 1.000000000000000222, -1.400000000000004352 ) ) ;
#2918 = CARTESIAN_POINT ( 'NONE',  ( -1.189463854480177987E-16, -0.7505553499465136280, 2.160000000000000142 ) ) ;
#2919 = CARTESIAN_POINT ( 'NONE',  ( 0.000000000000000000, -9.372445565878219801E-16, 1.799999999999999600 ) ) ;
#2920 = CARTESIAN_POINT ( 'NONE',  ( -0.4273502691896244876, 0.7401923788646646019, 2.433333333333326021 ) ) ;
#2921 = CARTESIAN_POINT ( 'NONE',  ( 0.6410254037844372865, 0.3700961894323312462, 1.183333333333325355 ) ) ;
#2922 = CARTESIAN_POINT ( 'NONE',  ( 0.4273502691896243766, -0.7401923788646679325, 0.6833333333333256876 ) ) ;
#2923 = CARTESIAN_POINT ( 'NONE',  ( 0.000000000000000000, 1.000000000000000444, -2.600000000000004086 ) ) ;
#2924 = APPROVAL_PERSON_ORGANIZATION ( #2621, #1776, #1666 ) ;
#2925 = CARTESIAN_POINT ( 'NONE',  ( 0.8547005383792494193, -7.112941756572281282E-16, -2.100000000000007194 ) ) ;
#2926 = CARTESIAN_POINT ( 'NONE',  ( 0.6410254037844372865, 0.3700961894323319124, -1.216666666666674557 ) ) ;
#2927 = CARTESIAN_POINT ( 'NONE',  ( -0.8660254037844394848, -0.5000000000000009992, -1.266666666666671492 ) ) ;
#2928 = CARTESIAN_POINT ( 'NONE',  ( 0.8847754037844390851, 0.5108253175473034258, 0.5458333333333282855 ) ) ;
#2929 = ORIENTED_EDGE ( 'NONE', *, *, #1177, .F. ) ;
#2930 = CARTESIAN_POINT ( 'NONE',  ( 0.5773502691896268413, 0.9999999999999997780, -1.833333333333337478 ) ) ;
#2931 = VERTEX_POINT ( 'NONE', #1736 ) ;
#2932 = CARTESIAN_POINT ( 'NONE',  ( -1.179700538379251817, -1.725548901133714808E-15, 2.337500000000010569 ) ) ;
#2933 = CARTESIAN_POINT ( 'NONE',  ( -0.6410254037844371755, -0.3700961894323345769, 0.9333333333333259096 ) ) ;
#2934 = CARTESIAN_POINT ( 'NONE',  ( 0.5773502691896242878, -1.000000000000004885, -0.3666666666666719143 ) ) ;
#2935 = EDGE_CURVE ( 'NONE', #113, #392, #1731, .T. ) ;
#2936 = VERTEX_POINT ( 'NONE', #549 ) ;
#2937 = FACE_OUTER_BOUND ( 'NONE', #1349, .T. ) ;
#2938 = CARTESIAN_POINT ( 'NONE',  ( -0.6410254037844370645, -0.3700961894323345214, 0.9333333333333259096 ) ) ;
#2939 = CARTESIAN_POINT ( 'NONE',  ( -0.4273502691896249317, -0.7401923788646668223, -2.633333333333340853 ) ) ;
#2940 = CARTESIAN_POINT ( 'NONE',  ( -0.6410254037844370645, -0.3700961894323344104, 0.5833333333333254878 ) ) ;
#2941 = CARTESIAN_POINT ( 'NONE',  ( -0.6410254037844371755, -0.3700961894323340218, -1.066666666666673979 ) ) ;
#2942 = CARTESIAN_POINT ( 'NONE',  ( -0.4273502691896248762, -0.7401923788646675995, 0.2166666666666588470 ) ) ;
#2943 = CARTESIAN_POINT ( 'NONE',  ( -0.6410254037844370645, -0.3700961894323336332, -2.216666666666674335 ) ) ;
#2944 = CARTESIAN_POINT ( 'NONE',  ( 1.179700538379251595, -1.615172198646299277E-15, 0.9124999999999948708 ) ) ;
#2945 = CARTESIAN_POINT ( 'NONE',  ( -1.224646799147354440E-16, -1.000000000000002442, 1.599999999999994538 ) ) ;
#2946 = EDGE_LOOP ( 'NONE', ( #1632, #1302, #3080, #82, #2899, #2929, #2634, #2120, #349, #1978, #2736, #2833, #1330, #1316, #653, #2381, #1035, #2707, #158, #1598, #2234, #2703, #2052, #484, #290, #217, #1203, #1396 ) ) ;
#2947 = ORIENTED_EDGE ( 'NONE', *, *, #1846, .T. ) ;
#2948 = LINE ( 'NONE', #2443, #2354 ) ;
#2949 = CARTESIAN_POINT ( 'NONE',  ( 0.4273502691896245431, -0.7401923788646683766, 1.033333333333326109 ) ) ;
#2950 = CARTESIAN_POINT ( 'NONE',  ( 0.8660254037844398178, 0.4999999999999982792, 0.9833333333333421633 ) ) ;
#2951 = CARTESIAN_POINT ( 'NONE',  ( 0.000000000000000000, -1.084202172485504434E-15, 3.000000000000000000 ) ) ;
#2952 = CARTESIAN_POINT ( 'NONE',  ( 0.6410254037844368424, -0.3700961894323351320, 1.466666666666659458 ) ) ;
#2953 = CARTESIAN_POINT ( 'NONE',  ( 0.4273502691896243766, -0.7401923788646678215, 0.2833333333333255544 ) ) ;
#2954 = CARTESIAN_POINT ( 'NONE',  ( 0.8547005383792494193, -1.159653474063541233E-15, -0.5000000000000073275 ) ) ;
#2955 = CARTESIAN_POINT ( 'NONE',  ( -9.064742275298787661E-17, -0.7401923788646680435, 1.449999999999992184 ) ) ;
#2956 = CARTESIAN_POINT ( 'NONE',  ( -0.6410254037844370645, -0.3700961894323338552, -1.416666666666674290 ) ) ;
#2957 = CARTESIAN_POINT ( 'NONE',  ( -0.8847754037844386410, 0.5108253175473040919, 1.079166666666662389 ) ) ;
#2958 = ADVANCED_FACE ( 'NONE', ( #1753 ), #1209, .T. ) ;
#2959 = CARTESIAN_POINT ( 'NONE',  ( 0.000000000000000000, 8.739904209134028646E-15, 3.000000000000000000 ) ) ;
#2960 =( BOUNDED_CURVE ( )  B_SPLINE_CURVE ( 2, ( #1768, #1066, #2741, #843, #1098, #1835, #562 ),
 .UNSPECIFIED., .F., .F. ) 
 B_SPLINE_CURVE_WITH_KNOTS ( ( 3, 2, 2, 3 ),
 ( 0.7000000000000000666, 0.7111111111111112493, 0.7222222222222222099, 0.7333333333333332815 ),
 .UNSPECIFIED. ) 
 CURVE ( )  GEOMETRIC_REPRESENTATION_ITEM ( )  RATIONAL_B_SPLINE_CURVE ( ( 0.9999999999999986677, 0.8660254037844400399, 1.000000000000000000, 0.8660254037844387076, 1.000000000000000000, 0.8660254037844387076, 1.000000000000000000 ) ) 
 REPRESENTATION_ITEM ( '' )  );
#2961 = ORIENTED_EDGE ( 'NONE', *, *, #564, .F. ) ;
#2962 = CARTESIAN_POINT ( 'NONE',  ( 0.000000000000000000, 0.9999999999999997780, -0.2000000000000045908 ) ) ;
#2963 = DIRECTION ( 'NONE',  ( 0.000000000000000000, -1.224646799147352714E-16, 1.000000000000000000 ) ) ;
#2964 = CARTESIAN_POINT ( 'NONE',  ( 0.3829420930570917037, -0.5294636294359630346, 2.899585623990609040 ) ) ;
#2965 = CYLINDRICAL_SURFACE ( 'NONE', #1579, 1.000000000000001110 ) ;
#2966 = VECTOR ( 'NONE', #687, 1000.000000000000000 ) ;
#2967 = AXIS2_PLACEMENT_3D ( 'NONE', #1346, #1581, #168 ) ;
#2968 = CARTESIAN_POINT ( 'NONE',  ( -9.064742275298787661E-17, -0.7401923788646683766, 2.599999999999992983 ) ) ;
#2969 = CARTESIAN_POINT ( 'NONE',  ( -9.064742275298788894E-17, -0.7401923788646672664, -1.800000000000007594 ) ) ;
#2970 = CARTESIAN_POINT ( 'NONE',  ( 0.6410254037844372865, 0.3700961894323313572, 0.7833333333333259985 ) ) ;
#2971 = CARTESIAN_POINT ( 'NONE',  ( -0.6410254037844370645, 0.3700961894323327450, -1.933333333333340676 ) ) ;
#2972 = CARTESIAN_POINT ( 'NONE',  ( 0.000000000000000000, 1.000000000000000666, -3.000000000000000000 ) ) ;
#2973 = CARTESIAN_POINT ( 'NONE',  ( -0.4273502691896245431, 0.7401923788646649349, 1.683333333333325799 ) ) ;
#2974 = CARTESIAN_POINT ( 'NONE',  ( 0.000000000000000000, 0.7401923788646657121, -1.150000000000007683 ) ) ;
#2975 = CARTESIAN_POINT ( 'NONE',  ( -0.5898502691896261307, -1.021650635094611959, 0.3791666666666609342 ) ) ;
#2976 = ADVANCED_FACE ( 'NONE', ( #2187 ), #1019, .T. ) ;
#2977 = DIRECTION ( 'NONE',  ( -0.000000000000000000, -0.000000000000000000, 1.000000000000000000 ) ) ;
#2978 = ORIENTED_EDGE ( 'NONE', *, *, #715, .T. ) ;
#2979 = CARTESIAN_POINT ( 'NONE',  ( 0.5773502691896242878, -1.000000000000005329, 0.08333333333334169701 ) ) ;
#2980 = CARTESIAN_POINT ( 'NONE',  ( 0.000000000000000000, 1.000000000000000666, -3.000000000000000000 ) ) ;
#2981 = CARTESIAN_POINT ( 'NONE',  ( 0.000000000000000000, 0.000000000000000000, 1.799999999999999600 ) ) ;
#2982 = ORIENTED_EDGE ( 'NONE', *, *, #2062, .F. ) ;
#2983 = CARTESIAN_POINT ( 'NONE',  ( 0.000000000000000000, -0.7000000000000001776, -3.000000000000000000 ) ) ;
#2984 = CARTESIAN_POINT ( 'NONE',  ( 0.6410254037844368424, -0.3700961894323352430, 1.866666666666659813 ) ) ;
#2985 = CARTESIAN_POINT ( 'NONE',  ( -0.5186004454876108616, -0.5281461309802308879, 1.800000000000000044 ) ) ;
#2986 = CARTESIAN_POINT ( 'NONE',  ( 0.8547005383792494193, -8.233840002588065768E-16, -1.700000000000007283 ) ) ;
#2987 = CARTESIAN_POINT ( 'NONE',  ( 0.6410254037844368424, -0.3700961894323349100, 0.7166666666666589025 ) ) ;
#2988 = CARTESIAN_POINT ( 'NONE',  ( 0.6410254037844368424, -0.3700961894323339108, -2.883333333333340853 ) ) ;
#2989 = ORIENTED_EDGE ( 'NONE', *, *, #1102, .F. ) ;
#2990 = CARTESIAN_POINT ( 'NONE',  ( -0.5898502691896261307, -1.021650635094611959, 1.179166666666660923 ) ) ;
#2991 = CARTESIAN_POINT ( 'NONE',  ( -9.064742275298786429E-17, -0.7401923788646667113, -2.959807621135332578 ) ) ;
#2992 = DIRECTION ( 'NONE',  ( 0.000000000000000000, 0.000000000000000000, 1.000000000000000000 ) ) ;
#2993 = EDGE_CURVE ( 'NONE', #3077, #281, #1944, .T. ) ;
#2994 = ORIENTED_EDGE ( 'NONE', *, *, #285, .T. ) ;
#2995 = CARTESIAN_POINT ( 'NONE',  ( -0.6500000000000001332, -0.3752776749732466000, 3.000000000000000000 ) ) ;
#2996 = CARTESIAN_POINT ( 'NONE',  ( 0.5773502691896268413, 0.9999999999999996669, -0.6333333333333379667 ) ) ;
#2997 = EDGE_CURVE ( 'NONE', #531, #1712, #387, .T. ) ;
#2998 = EDGE_LOOP ( 'NONE', ( #191, #3110, #1714, #870 ) ) ;
#2999 = FACE_OUTER_BOUND ( 'NONE', #2554, .T. ) ;
#3000 = CARTESIAN_POINT ( 'NONE',  ( -0.5898502691896257977, 1.021650635094610404, -1.329166666666655061 ) ) ;
#3001 = CARTESIAN_POINT ( 'NONE',  ( -0.4273502691896249872, -0.7401923788646673774, -0.6333333333333407422 ) ) ;
#3002 = CARTESIAN_POINT ( 'NONE',  ( -0.4273502691896248762, -0.7401923788646679325, 2.216666666666659236 ) ) ;
#3003 = CARTESIAN_POINT ( 'NONE',  ( 0.4273502691896244876, -0.7401923788646680435, 0.6333333333333259763 ) ) ;
#3004 = CARTESIAN_POINT ( 'NONE',  ( -0.4273502691896245431, 0.7401923788646652680, 0.4833333333333256210 ) ) ;
#3005 = CARTESIAN_POINT ( 'NONE',  ( -0.4273502691896244876, 0.7401923788646659341, -1.516666666666674379 ) ) ;
#3006 = CC_DESIGN_DATE_AND_TIME_ASSIGNMENT ( #1900, #703, ( #1570 ) ) ;
#3007 = ORIENTED_EDGE ( 'NONE', *, *, #110, .T. ) ;
#3008 = CARTESIAN_POINT ( 'NONE',  ( -0.4273502691896248762, -0.7401923788646664892, -2.983333333333341386 ) ) ;
#3009 = CARTESIAN_POINT ( 'NONE',  ( -0.5898502691896262418, -1.021650635094612847, 2.004166666666677532 ) ) ;
#3010 = CARTESIAN_POINT ( 'NONE',  ( 0.4340844946297217621, -0.5995460026148062838, -2.959807621135143840 ) ) ;
#3011 = LINE ( 'NONE', #856, #681 ) ;
#3012 = CARTESIAN_POINT ( 'NONE',  ( -0.8660254037844393737, 0.4999999999999995559, -0.5333333333333375448 ) ) ;
#3013 = AXIS2_PLACEMENT_3D ( 'NONE', #2283, #1539, #334 ) ;
#3014 = EDGE_LOOP ( 'NONE', ( #2385, #2774, #2128 ) ) ;
#3015 = CARTESIAN_POINT ( 'NONE',  ( 0.8660254037844391517, -0.5000000000000022204, 0.4666666666666615115 ) ) ;
#3016 = EDGE_CURVE ( 'NONE', #394, #531, #2311, .T. ) ;
#3017 = CARTESIAN_POINT ( 'NONE',  ( 0.5898502691896256866, -1.021650635094611959, -1.929166666666656260 ) ) ;
#3018 = CARTESIAN_POINT ( 'NONE',  ( 0.000000000000000000, 0.9999999999999993339, 1.450000000000009948 ) ) ;
#3019 = CARTESIAN_POINT ( 'NONE',  ( -0.4273502691896246541, 0.7401923788646654900, 0.4333333333333259652 ) ) ;
#3020 = CARTESIAN_POINT ( 'NONE',  ( 0.4273502691896243766, -0.7401923788646671554, -2.166666666666674068 ) ) ;
#3021 = CARTESIAN_POINT ( 'NONE',  ( -0.4273502691896248762, -0.7401923788646675995, 0.6166666666666590357 ) ) ;
#3022 = VECTOR ( 'NONE', #399, 1000.000000000000000 ) ;
#3023 = CARTESIAN_POINT ( 'NONE',  ( 0.5898502691896264638, 1.021650635094609072, 1.779166666666662344 ) ) ;
#3024 = CARTESIAN_POINT ( 'NONE',  ( 0.8660254037844391517, -0.5000000000000025535, 1.666666666666661634 ) ) ;
#3025 = CARTESIAN_POINT ( 'NONE',  ( 0.8847754037844393071, 0.5108253175473030927, 2.170833333333344495 ) ) ;
#3026 = CARTESIAN_POINT ( 'NONE',  ( 1.224646799147352961E-16, 0.9999999999999988898, 1.799999999999999822 ) ) ;
#3027 = LOCAL_TIME ( 16, 43, 15.00000000000000000, #2638 ) ;
#3028 = ORIENTED_EDGE ( 'NONE', *, *, #1682, .T. ) ;
#3029 = LINE ( 'NONE', #1079, #1742 ) ;
#3030 = CARTESIAN_POINT ( 'NONE',  ( -1.154700538379252572, -1.506402867448290819E-15, 1.550000000000008926 ) ) ;
#3031 = CARTESIAN_POINT ( 'NONE',  ( 0.000000000000000000, -3.494140929970925097E-16, -3.000000000000000000 ) ) ;
#3032 = ORIENTED_EDGE ( 'NONE', *, *, #984, .F. ) ;
#3033 = DIRECTION ( 'NONE',  ( 0.000000000000000000, 1.000000000000000000, 0.000000000000000000 ) ) ;
#3034 = CARTESIAN_POINT ( 'NONE',  ( -1.251161180115476355E-16, -1.021650635094611959, -1.962499999999989475 ) ) ;
#3035 = CARTESIAN_POINT ( 'NONE',  ( 0.000000000000000000, 0.7401923788646648239, 2.049999999999992717 ) ) ;
#3036 = EDGE_CURVE ( 'NONE', #2723, #125, #395, .T. ) ;
#3037 = CARTESIAN_POINT ( 'NONE',  ( 0.6410254037844369535, -0.3700961894323351875, 1.466666666666659458 ) ) ;
#3038 = CARTESIAN_POINT ( 'NONE',  ( -0.4273502691896244876, 0.7401923788646662672, -3.166666666666674512 ) ) ;
#3039 = CARTESIAN_POINT ( 'NONE',  ( 0.4273502691896250982, 0.7401923788646653790, -0.3833333333333409643 ) ) ;
#3040 = CARTESIAN_POINT ( 'NONE',  ( -1.251161180115476108E-16, -1.021650635094612847, 2.412499999999994316 ) ) ;
#3041 = CARTESIAN_POINT ( 'NONE',  ( 0.8660254037844391517, -0.5000000000000017764, -1.133333333333338633 ) ) ;
#3042 = CARTESIAN_POINT ( 'NONE',  ( 0.000000000000000000, 0.9999999999999993339, 1.399999999999995692 ) ) ;
#3043 = CARTESIAN_POINT ( 'NONE',  ( -0.5773502691896266192, -1.000000000000001110, -2.383333333333324422 ) ) ;
#3044 = CARTESIAN_POINT ( 'NONE',  ( -0.5773502691896267303, 0.9999999999999981126, 1.483333333333342940 ) ) ;
#3045 = ORIENTED_EDGE ( 'NONE', *, *, #2196, .T. ) ;
#3046 = CARTESIAN_POINT ( 'NONE',  ( 0.000000000000000000, 0.9999999999999995559, 0.9999999999999954481 ) ) ;
#3047 = CARTESIAN_POINT ( 'NONE',  ( -0.5898502691896262418, -1.021650635094611292, -3.195833333333323090 ) ) ;
#3048 = CARTESIAN_POINT ( 'NONE',  ( -0.6410254037844370645, -0.3700961894323347434, 1.783333333333326109 ) ) ;
#3049 = CARTESIAN_POINT ( 'NONE',  ( -0.4273502691896246541, 0.7401923788646653790, 0.8333333333333257098 ) ) ;
#3050 = CARTESIAN_POINT ( 'NONE',  ( 0.4273502691896243766, -0.7401923788646673774, -1.366666666666674024 ) ) ;
#3051 = CARTESIAN_POINT ( 'NONE',  ( -9.064742275298787661E-17, -0.7401923788646677105, 0.2499999999999924227 ) ) ;
#3052 = CARTESIAN_POINT ( 'NONE',  ( -0.8847754037844387520, -0.5108253175473072005, 2.345833333333328774 ) ) ;
#3053 = CARTESIAN_POINT ( 'NONE',  ( 0.6508595360566370447, -0.5553377604171023663, 1.800000000000000488 ) ) ;
#3054 = DIRECTION ( 'NONE',  ( -0.000000000000000000, 1.224646799147353207E-16, -1.000000000000000000 ) ) ;
#3055 = ADVANCED_FACE ( 'NONE', ( #2999 ), #1113, .T. ) ;
#3056 = CARTESIAN_POINT ( 'NONE',  ( -0.5773502691896227335, 1.000000000000006217, -2.516666666666657726 ) ) ;
#3057 = LOCAL_TIME ( 16, 43, 15.00000000000000000, #3061 ) ;
#3058 = VERTEX_POINT ( 'NONE', #2073 ) ;
#3059 = CARTESIAN_POINT ( 'NONE',  ( -1.224646799147354440E-16, -1.000000000000001554, -1.600000000000005418 ) ) ;
#3060 = ORIENTED_EDGE ( 'NONE', *, *, #53, .F. ) ;
#3061 = COORDINATED_UNIVERSAL_TIME_OFFSET ( 6, 0, .BEHIND. ) ;
#3062 = CARTESIAN_POINT ( 'NONE',  ( 0.8847754037844393071, 0.5108253175473042029, -1.829166666666655727 ) ) ;
#3063 = VERTEX_POINT ( 'NONE', #3046 ) ;
#3064 = CARTESIAN_POINT ( 'NONE',  ( 0.1027150441303190942, 0.6912527915680496404, 2.945749438421291444 ) ) ;
#3065 = CONICAL_SURFACE ( 'NONE', #379, 0.7505553499465129619, 0.7853981633974500554 ) ;
#3066 =( BOUNDED_CURVE ( )  B_SPLINE_CURVE ( 2, ( #1876, #2067, #3024, #836, #1628, #2596, #867 ),
 .UNSPECIFIED., .F., .F. ) 
 B_SPLINE_CURVE_WITH_KNOTS ( ( 3, 2, 2, 3 ),
 ( 0.7666666666666666075, 0.7777777777777776791, 0.7888888888888888618, 0.8000000000000000444 ),
 .UNSPECIFIED. ) 
 CURVE ( )  GEOMETRIC_REPRESENTATION_ITEM ( )  RATIONAL_B_SPLINE_CURVE ( ( 1.000000000000001332, 0.8660254037844373753, 1.000000000000000000, 0.8660254037844387076, 1.000000000000000000, 0.8660254037844387076, 1.000000000000000000 ) ) 
 REPRESENTATION_ITEM ( '' )  );
#3067 = CARTESIAN_POINT ( 'NONE',  ( 0.4273502691896251537, 0.7401923788646648239, 1.566666666666659768 ) ) ;
#3068 = CARTESIAN_POINT ( 'NONE',  ( -0.4273502691896248762, -0.7401923788646670443, -1.833333333333340809 ) ) ;
#3069 = CARTESIAN_POINT ( 'NONE',  ( -0.4273502691896248762, -0.7401923788646672664, -0.1833333333333409254 ) ) ;
#3070 = CARTESIAN_POINT ( 'NONE',  ( 0.4273502691896250982, 0.7401923788646657121, -1.983333333333341386 ) ) ;
#3071 = AXIS2_PLACEMENT_3D ( 'NONE', #316, #1785, #1273 ) ;
#3072 = CARTESIAN_POINT ( 'NONE',  ( 0.000000000000000000, -1.059709236502557128E-15, 2.799999999999997158 ) ) ;
#3073 = CONICAL_SURFACE ( 'NONE', #84, 0.7505553499465129619, 0.7853981633974500554 ) ;
#3074 = CYLINDRICAL_SURFACE ( 'NONE', #2702, 1.000000000000001110 ) ;
#3075 = CARTESIAN_POINT ( 'NONE',  ( 1.154700538379252572, -8.364594219948507434E-16, -1.849999999999990985 ) ) ;
#3076 = EDGE_CURVE ( 'NONE', #392, #1380, #609, .T. ) ;
#3077 = VERTEX_POINT ( 'NONE', #798 ) ;
#3078 = CARTESIAN_POINT ( 'NONE',  ( 0.6052737837460465675, -0.7997889593398838093, -2.705257660855548973 ) ) ;
#3079 = CARTESIAN_POINT ( 'NONE',  ( -9.064742275298788894E-17, -0.7401923788646682656, 1.799999999999992495 ) ) ;
#3080 = ORIENTED_EDGE ( 'NONE', *, *, #2783, .F. ) ;
#3081 = DATE_AND_TIME ( #1601, #761 ) ;
#3082 = CARTESIAN_POINT ( 'NONE',  ( 0.5898502691896265748, 1.021650635094609516, 0.2041666666666780150 ) ) ;
#3083 = CARTESIAN_POINT ( 'NONE',  ( -0.8547005383792494193, -1.006357130653197115E-15, -0.3000000000000073164 ) ) ;
#3084 = CARTESIAN_POINT ( 'NONE',  ( 0.000000000000000000, 1.000000000000000222, -2.149999999999991029 ) ) ;
#3085 = CARTESIAN_POINT ( 'NONE',  ( -0.8846454303693503940, 0.1861022546183225823, -2.803841652046429989 ) ) ;
#3086 = CARTESIAN_POINT ( 'NONE',  ( -0.5186004454876108616, -0.5281461309802308879, 1.800000000000000044 ) ) ;
#3087 = CARTESIAN_POINT ( 'NONE',  ( -0.6410254037844369535, 0.3700961894323324120, -0.6833333333333408977 ) ) ;
#3088 = CARTESIAN_POINT ( 'NONE',  ( -0.4273502691896249872, -0.7401923788646666003, -2.633333333333340853 ) ) ;
#3089 = CARTESIAN_POINT ( 'NONE',  ( 0.8547005383792493083, -1.061574877537160398E-15, -0.8500000000000078604 ) ) ;
#3090 = CARTESIAN_POINT ( 'NONE',  ( 0.8096084463995788516, 0.5796326412969380337, 1.799999999999999822 ) ) ;
#3091 = FACE_OUTER_BOUND ( 'NONE', #129, .T. ) ;
#3092 = CARTESIAN_POINT ( 'NONE',  ( 0.5898502691896264638, 1.021650635094609738, -1.020833333333337922 ) ) ;
#3093 = CARTESIAN_POINT ( 'NONE',  ( -0.5992154611471222081, 0.4045981421506372744, 2.970679532822616320 ) ) ;
#3094 = CARTESIAN_POINT ( 'NONE',  ( -1.224646799147354440E-16, -1.000000000000001776, -1.149999999999991251 ) ) ;
#3095 = ORIENTED_EDGE ( 'NONE', *, *, #2578, .F. ) ;
#3096 = DATE_TIME_ROLE ( 'creation_date' ) ;
#3097 = CARTESIAN_POINT ( 'NONE',  ( -1.251161180115476355E-16, -1.021650635094612181, -0.7624999999999892975 ) ) ;
#3098 = EDGE_CURVE ( 'NONE', #281, #1617, #2910, .T. ) ;
#3099 = DIRECTION ( 'NONE',  ( 0.8660254037844388186, 0.4999999999999997224, 0.000000000000000000 ) ) ;
#3100 = ORIENTED_EDGE ( 'NONE', *, *, #619, .T. ) ;
#3101 = CARTESIAN_POINT ( 'NONE',  ( -1.224646799147354440E-16, -1.000000000000001998, 0.05000000000000878048 ) ) ;
#3102 = CARTESIAN_POINT ( 'NONE',  ( 0.4273502691896250982, 0.7401923788646652680, -0.03333333333334050769 ) ) ;
#3103 = CARTESIAN_POINT ( 'NONE',  ( 0.6410254037844372865, 0.3700961894323311352, 1.583333333333325488 ) ) ;
#3104 = CARTESIAN_POINT ( 'NONE',  ( 0.6410254037844373975, 0.3700961894323323009, -2.466666666666674335 ) ) ;
#3105 = CARTESIAN_POINT ( 'NONE',  ( -9.064742275298787661E-17, -0.7401923788646673774, -0.9500000000000077272 ) ) ;
#3106 = CARTESIAN_POINT ( 'NONE',  ( 0.6410254037844368424, -0.3700961894323344104, -1.283333333333341209 ) ) ;
#3107 = DIRECTION ( 'NONE',  ( 0.000000000000000000, 1.000000000000000000, 0.000000000000000000 ) ) ;
#3108 = CARTESIAN_POINT ( 'NONE',  ( 0.000000000000000000, 1.021650635094610626, -2.187500000000004885 ) ) ;
#3109 = CARTESIAN_POINT ( 'NONE',  ( 1.224646799147354686E-16, -1.000000000000001554, -3.000000000000000000 ) ) ;
#3110 = ORIENTED_EDGE ( 'NONE', *, *, #1728, .F. ) ;
#3111 = SHAPE_DEFINITION_REPRESENTATION ( #592, #1849 ) ;
#3112 = CARTESIAN_POINT ( 'NONE',  ( -0.8847754037844389741, -0.5108253175473067564, 0.3708333333333441173 ) ) ;
#3113 = CARTESIAN_POINT ( 'NONE',  ( 0.8660254037844391517, -0.5000000000000014433, -2.283333333333324777 ) ) ;
#3114 = ADVANCED_FACE ( 'NONE', ( #159 ), #1554, .T. ) ;
#3115 = CARTESIAN_POINT ( 'NONE',  ( -0.2380622418239288496, 0.8270018562522037930, -2.847602019440337973 ) ) ;
#3116 = CARTESIAN_POINT ( 'NONE',  ( -0.6410254037844369535, 0.3700961894323323009, -0.3333333333333408643 ) ) ;
#3117 = CARTESIAN_POINT ( 'NONE',  ( 0.8547005383792493083, -2.070383298951364957E-15, 2.749999999999992006 ) ) ;
#3118 = CARTESIAN_POINT ( 'NONE',  ( 0.000000000000000000, 0.7401923788646658231, -1.550000000000007816 ) ) ;
#3119 = CARTESIAN_POINT ( 'NONE',  ( 0.4273502691896243766, -0.7401923788646677105, -0.5166666666666743790 ) ) ;
#3120 = CARTESIAN_POINT ( 'NONE',  ( -0.5773502691896296168, -0.9999999999999961142, -2.433333333333338899 ) ) ;
#3121 = CARTESIAN_POINT ( 'NONE',  ( 0.5898502691896253536, -1.021650635094611737, -1.954166666666672603 ) ) ;
#3122 = DIRECTION ( 'NONE',  ( 0.000000000000000000, 1.000000000000000000, 2.168404344971008868E-16 ) ) ;
#3123 = VERTEX_POINT ( 'NONE', #1572 ) ;
#3124 = PERSON_AND_ORGANIZATION ( #2408, #1725 ) ;
#3125 = CARTESIAN_POINT ( 'NONE',  ( -0.5898502691896262418, -1.021650635094612403, 0.4041666666666772212 ) ) ;
#3126 = LINE ( 'NONE', #1605, #3022 ) ;
#3127 = CARTESIAN_POINT ( 'NONE',  ( -9.064742275298788894E-17, -0.7401923788646683766, 2.199999999999992628 ) ) ;
#3128 = CARTESIAN_POINT ( 'NONE',  ( 0.6410254037844368424, -0.3700961894323344104, -1.333333333333340809 ) ) ;
#3129 = CARTESIAN_POINT ( 'NONE',  ( -0.6410254037844371755, -0.3700961894323334667, -3.066666666666673979 ) ) ;
#3130 = CARTESIAN_POINT ( 'NONE',  ( -1.154700538379252572, -1.044032340966776550E-15, -0.1000000000000047518 ) ) ;
#3131 = CARTESIAN_POINT ( 'NONE',  ( -0.8547005383792493083, -5.720090603220811314E-16, -1.850000000000007416 ) ) ;
#3132 = EDGE_CURVE ( 'NONE', #205, #2356, #2960, .T. ) ;
#3133 = CARTESIAN_POINT ( 'NONE',  ( 0.000000000000000000, 0.7401923788646657121, -1.150000000000007683 ) ) ;
#3134 = CARTESIAN_POINT ( 'NONE',  ( -1.224646799147354440E-16, -1.000000000000001998, -0.3499999999999914291 ) ) ;
#3135 = CARTESIAN_POINT ( 'NONE',  ( -0.5898502691896256866, 1.021650635094610626, -2.554166666666671581 ) ) ;
#3136 = ORIENTED_EDGE ( 'NONE', *, *, #92, .T. ) ;
#3137 = CARTESIAN_POINT ( 'NONE',  ( 0.000000000000000000, 1.000000000000000444, -2.200000000000005063 ) ) ;
#3138 = ORIENTED_EDGE ( 'NONE', *, *, #923, .F. ) ;
#3139 = CARTESIAN_POINT ( 'NONE',  ( -0.5898502691896257977, 1.021650635094609960, 0.2708333333333446946 ) ) ;
#3140 = CARTESIAN_POINT ( 'NONE',  ( 0.000000000000000000, 0.7401923788646654900, -7.372574772901430151E-15 ) ) ;
#3141 = CARTESIAN_POINT ( 'NONE',  ( 0.000000000000000000, -3.494140929970925097E-16, -3.000000000000000000 ) ) ;
#3142 = EDGE_LOOP ( 'NONE', ( #2138, #1913, #3138, #944, #2771, #980, #2820 ) ) ;
#3143 = CARTESIAN_POINT ( 'NONE',  ( -0.4273502691896249317, -0.7401923788646681546, 2.566666666666659768 ) ) ;
#3144 = CARTESIAN_POINT ( 'NONE',  ( -0.6410254037844370645, -0.3700961894323341883, -0.2666666666666741570 ) ) ;
#3145 = CARTESIAN_POINT ( 'NONE',  ( -0.4273502691896244876, 0.7401923788646651570, 1.283333333333325665 ) ) ;
#3146 = CARTESIAN_POINT ( 'NONE',  ( 0.6410254037844368424, -0.3700961894323347989, 0.3166666666666591023 ) ) ;
#3147 = CARTESIAN_POINT ( 'NONE',  ( 0.6499999999999911404, -0.3752776749732621986, 3.000000000000000000 ) ) ;
ENDSEC;
END-ISO-10303-21;
