ISO-10303-21;
HEADER;

/* File generated by Shapr3D Version 26.50.0.10685 */

FILE_DESCRIPTION(('HOOPS Exchange Step'),'2;1');

FILE_NAME('/Users/shreyashgupta/Library/Containers/com.shapr3d.shapr/Data/tmp/export/temp_export',
'2026-04-16T16:17:17-04:00',
('shreyashgupta'),
('Shapr3D Limited'),
'HOOPS Exchange 2025.9',
'Shapr3D',
'Authorized');

FILE_SCHEMA( ('AP242_MANAGED_MODEL_BASED_3D_ENGINEERING_MIM_LF {1 0 10303 442 1 1 4}') );

ENDSEC;

DATA;
#3=(NAMED_UNIT(*)PLANE_ANGLE_UNIT()SI_UNIT($,.RADIAN.));
#4=PLANE_ANGLE_MEASURE_WITH_UNIT(PLANE_ANGLE_MEASURE(0.0174532925),#3);
#5=(CONVERSION_BASED_UNIT('DEGREE',#4)NAMED_UNIT(#6)PLANE_ANGLE_UNIT());
#6=DIMENSIONAL_EXPONENTS(0.,0.,0.,0.,0.,0.,0.);
#7=(NAMED_UNIT(*)SI_UNIT($,.STERADIAN.)SOLID_ANGLE_UNIT());
#8=(LENGTH_UNIT()NAMED_UNIT(*)SI_UNIT(.MILLI.,.METRE.));
#9=UNCERTAINTY_MEASURE_WITH_UNIT(LENGTH_MEASURE(1.000000E-05),#8,'DISTANCE_ACCURACY_VALUE','Maximum Tolerance applied to model');
#10=(GEOMETRIC_REPRESENTATION_CONTEXT(3)GLOBAL_UNCERTAINTY_ASSIGNED_CONTEXT((#9))GLOBAL_UNIT_ASSIGNED_CONTEXT((#8,#5,#7))REPRESENTATION_CONTEXT('','root'));
#12=CARTESIAN_POINT('',(0.,0.,0.));
#13=DIRECTION('',(0.,0.,1.));
#14=DIRECTION('',(1.,0.,0.));
#15=AXIS2_PLACEMENT_3D('TS3D_PRODUCT_CSYS',#12,#13,#14);
#27=CARTESIAN_POINT('',(0.,0.,0.));
#28=DIRECTION('',(0.,0.,1.));
#29=DIRECTION('',(1.,0.,0.));
#30=AXIS2_PLACEMENT_3D('',#27,#28,#29);
#31=CYLINDRICAL_SURFACE('',#30,1.6);
#32=CARTESIAN_POINT('',(1.294427191,-0.940456404,1.1));
#33=VERTEX_POINT('',#32);
#34=CARTESIAN_POINT('',(1.587590578,-0.198887297,1.1));
#35=VERTEX_POINT('',#34);
#36=CARTESIAN_POINT('',(0.,0.,1.1));
#37=DIRECTION('',(0.,0.,1.));
#38=DIRECTION('',(1.,0.,-0.));
#39=AXIS2_PLACEMENT_3D('',#36,#37,#38);
#40=CIRCLE('',#39,1.6);
#41=EDGE_CURVE('',#33,#35,#40,.T.);
#42=ORIENTED_EDGE('',*,*,#41,.F.);
#43=CARTESIAN_POINT('',(0.925341395,-1.305275183,0.64));
#44=VERTEX_POINT('',#43);
#45=CARTESIAN_POINT('',(1.294427191,-0.940456404,1.1));
#46=CARTESIAN_POINT('',(1.20180032,-1.067946354,0.9614));
#47=CARTESIAN_POINT('',(1.086081193,-1.174916015,0.8228));
#48=CARTESIAN_POINT('',(1.009936502,-1.245303444,0.731599397));
#49=CARTESIAN_POINT('',(0.925343509,-1.305273684,0.640002289));
#50=(BOUNDED_CURVE()
B_SPLINE_CURVE(2,(#45,#46,#47,#48,#49),.UNSPECIFIED.,.F.,.F.)
B_SPLINE_CURVE_WITH_KNOTS((3,2,3),(0.,0.25,0.414774597),.UNSPECIFIED.)
CURVE()
GEOMETRIC_REPRESENTATION_ITEM()
RATIONAL_B_SPLINE_CURVE((1.,0.995184727,1.,0.996826261,0.997836135))
REPRESENTATION_ITEM(''));
#51=EDGE_CURVE('',#33,#44,#50,.T.);
#52=ORIENTED_EDGE('',*,*,#51,.T.);
#53=CARTESIAN_POINT('',(1.440330392,-0.696741245,0.64));
#54=VERTEX_POINT('',#53);
#55=CARTESIAN_POINT('',(0.,0.,0.64));
#56=DIRECTION('',(-0.,-0.,1.));
#57=DIRECTION('',(-1.,0.,0.));
#58=AXIS2_PLACEMENT_3D('',#55,#56,#57);
#59=CIRCLE('',#58,1.6);
#60=EDGE_CURVE('',#44,#54,#59,.T.);
#61=ORIENTED_EDGE('',*,*,#60,.T.);
#62=CARTESIAN_POINT('',(1.440329955,-0.696742148,0.639999115));
#63=CARTESIAN_POINT('',(1.460490376,-0.655065815,0.68088144));
#64=CARTESIAN_POINT('',(1.478207252,-0.612293492,0.7216));
#65=CARTESIAN_POINT('',(1.538512897,-0.466702785,0.8602));
#66=CARTESIAN_POINT('',(1.569256449,-0.312144515,0.9988));
#67=CARTESIAN_POINT('',(1.580456041,-0.255840363,1.049290702));
#68=CARTESIAN_POINT('',(1.587591699,-0.198878351,1.100007965));
#69=(BOUNDED_CURVE()
B_SPLINE_CURVE(2,(#62,#63,#64,#65,#66,#67,#68),.UNSPECIFIED.,.F.,.F.)
B_SPLINE_CURVE_WITH_KNOTS((3,2,2,3),(0.158647666,0.232344456,0.482344456,0.573696791),.UNSPECIFIED.)
CURVE()
GEOMETRIC_REPRESENTATION_ITEM()
RATIONAL_B_SPLINE_CURVE((0.997997928,0.998580519,1.,0.995184727,1.,0.998240454,0.997766817))
REPRESENTATION_ITEM(''));
#70=EDGE_CURVE('',#54,#35,#69,.T.);
#71=ORIENTED_EDGE('',*,*,#70,.T.);
#72=EDGE_LOOP('',(#42,#52,#61,#71));
#73=FACE_BOUND('',#72,.T.);
#74=ADVANCED_FACE('',(#73),#31,.T.);
#75=CARTESIAN_POINT('',(0.,0.,0.));
#76=DIRECTION('',(0.,0.,1.));
#77=DIRECTION('',(1.,0.,0.));
#78=AXIS2_PLACEMENT_3D('',#75,#76,#77);
#79=CYLINDRICAL_SURFACE('',#78,1.6);
#80=CARTESIAN_POINT('',(-0.018604588,-1.59989183,0.64));
#81=VERTEX_POINT('',#80);
#82=CARTESIAN_POINT('',(0.755717536,-1.410280471,0.64));
#83=VERTEX_POINT('',#82);
#84=CARTESIAN_POINT('',(0.,0.,0.64));
#85=DIRECTION('',(-0.,-0.,1.));
#86=DIRECTION('',(-1.,0.,0.));
#87=AXIS2_PLACEMENT_3D('',#84,#85,#86);
#88=CIRCLE('',#87,1.6);
#89=EDGE_CURVE('',#81,#83,#88,.T.);
#90=ORIENTED_EDGE('',*,*,#89,.T.);
#91=CARTESIAN_POINT('',(1.167484738,-1.094065531,1.1));
#92=VERTEX_POINT('',#91);
#93=CARTESIAN_POINT('',(0.755716652,-1.410280944,0.639999115));
#94=CARTESIAN_POINT('',(0.796523509,-1.38841408,0.68088144));
#95=CARTESIAN_POINT('',(0.835997704,-1.364224263,0.7216));
#96=CARTESIAN_POINT('',(0.970362066,-1.281885676,0.8602));
#97=CARTESIAN_POINT('',(1.086081193,-1.174916015,0.9988));
#98=CARTESIAN_POINT('',(1.128236604,-1.135947954,1.049290702));
#99=CARTESIAN_POINT('',(1.167490903,-1.094058953,1.100007965));
#100=(BOUNDED_CURVE()
B_SPLINE_CURVE(2,(#93,#94,#95,#96,#97,#98,#99),.UNSPECIFIED.,.F.,.F.)
B_SPLINE_CURVE_WITH_KNOTS((3,2,2,3),(0.158647666,0.232344456,0.482344456,0.573696791),.UNSPECIFIED.)
CURVE()
GEOMETRIC_REPRESENTATION_ITEM()
RATIONAL_B_SPLINE_CURVE((0.997997928,0.998580519,1.,0.995184727,1.,0.998240454,0.997766817))
REPRESENTATION_ITEM(''));
#101=EDGE_CURVE('',#83,#92,#100,.T.);
#102=ORIENTED_EDGE('',*,*,#101,.T.);
#103=CARTESIAN_POINT('',(0.494427191,-1.521690426,1.1));
#104=VERTEX_POINT('',#103);
#105=CARTESIAN_POINT('',(0.,0.,1.1));
#106=DIRECTION('',(0.,0.,1.));
#107=DIRECTION('',(1.,0.,-0.));
#108=AXIS2_PLACEMENT_3D('',#105,#106,#107);
#109=CIRCLE('',#108,1.6);
#110=EDGE_CURVE('',#104,#92,#109,.T.);
#111=ORIENTED_EDGE('',*,*,#110,.F.);
#112=CARTESIAN_POINT('',(0.494427191,-1.521690426,1.1));
#113=CARTESIAN_POINT('',(0.344553765,-1.570387254,0.9614));
#114=CARTESIAN_POINT('',(0.188059836,-1.588909531,0.8228));
#115=CARTESIAN_POINT('',(0.085084794,-1.60109743,0.731599397));
#116=CARTESIAN_POINT('',(-0.018601997,-1.599891861,0.640002289));
#117=(BOUNDED_CURVE()
B_SPLINE_CURVE(2,(#112,#113,#114,#115,#116),.UNSPECIFIED.,.F.,.F.)
B_SPLINE_CURVE_WITH_KNOTS((3,2,3),(0.,0.25,0.414774597),.UNSPECIFIED.)
CURVE()
GEOMETRIC_REPRESENTATION_ITEM()
RATIONAL_B_SPLINE_CURVE((1.,0.995184727,1.,0.996826261,0.997836135))
REPRESENTATION_ITEM(''));
#118=EDGE_CURVE('',#104,#81,#117,.T.);
#119=ORIENTED_EDGE('',*,*,#118,.T.);
#120=EDGE_LOOP('',(#90,#102,#111,#119));
#121=FACE_BOUND('',#120,.T.);
#122=ADVANCED_FACE('',(#121),#79,.T.);
#123=CARTESIAN_POINT('',(0.688,0.,1.1));
#124=DIRECTION('',(0.,0.,1.));
#125=DIRECTION('',(1.,0.,0.));
#126=AXIS2_PLACEMENT_3D('',#123,#124,#125);
#127=PLANE('',#126);
#128=CARTESIAN_POINT('',(1.376,-0.,1.1));
#129=VERTEX_POINT('',#128);
#130=CARTESIAN_POINT('',(0.,0.,1.1));
#131=DIRECTION('',(0.,0.,1.));
#132=DIRECTION('',(1.,0.,-0.));
#133=AXIS2_PLACEMENT_3D('',#130,#131,#132);
#134=CIRCLE('',#133,1.376);
#135=EDGE_CURVE('',#129,#129,#134,.T.);
#136=ORIENTED_EDGE('',*,*,#135,.F.);
#137=EDGE_LOOP('',(#136));
#138=FACE_BOUND('',#137,.T.);
#139=CARTESIAN_POINT('',(1.103273077,-1.033891927,1.1));
#140=VERTEX_POINT('',#139);
#141=CARTESIAN_POINT('',(1.223233695,-0.888731301,1.1));
#142=VERTEX_POINT('',#141);
#143=CARTESIAN_POINT('',(1.103273077,-1.033891927,1.1));
#144=CARTESIAN_POINT('',(1.086135255,-1.017831845,1.1));
#145=CARTESIAN_POINT('',(1.07658284,-0.994804577,1.1));
#146=CARTESIAN_POINT('',(1.075755915,-0.971658412,1.1));
#147=CARTESIAN_POINT('',(1.074928989,-0.948512247,1.1));
#148=CARTESIAN_POINT('',(1.082927586,-0.924933038,1.1));
#149=CARTESIAN_POINT('',(1.097685595,-0.907117695,1.1));
#150=CARTESIAN_POINT('',(1.112443605,-0.889302352,1.1));
#151=CARTESIAN_POINT('',(1.134053885,-0.877054853,1.1));
#152=CARTESIAN_POINT('',(1.156991982,-0.873493628,1.1));
#153=CARTESIAN_POINT('',(1.17993008,-0.869932402,1.1));
#154=CARTESIAN_POINT('',(1.204226804,-0.874922145,1.1));
#155=CARTESIAN_POINT('',(1.223233695,-0.888731301,1.1));
#156=B_SPLINE_CURVE_WITH_KNOTS('',3,(#143,#144,#145,#146,#147,#148,#149,#150,#151,#152,#153,#154,#155),.UNSPECIFIED.,.F.,.F.,(4,3,3,3,4),(0.,0.000069462,0.000138924,0.000208386,0.000277848),.UNSPECIFIED.);
#157=EDGE_CURVE('',#140,#142,#156,.T.);
#158=ORIENTED_EDGE('',*,*,#157,.T.);
#159=CARTESIAN_POINT('',(1.294427191,-0.940456404,1.1));
#160=DIRECTION('',(-0.809016994,0.587785252,-0.));
#161=VECTOR('',#160,0.088);
#162=LINE('',#159,#161);
#163=EDGE_CURVE('',#33,#142,#162,.T.);
#164=ORIENTED_EDGE('',*,*,#163,.F.);
#165=ORIENTED_EDGE('',*,*,#41,.T.);
#166=CARTESIAN_POINT('',(1.500273096,-0.187948495,1.1));
#167=VERTEX_POINT('',#166);
#168=CARTESIAN_POINT('',(1.587590578,-0.198887297,1.1));
#169=CARTESIAN_POINT('',(1.558484751,-0.195241029,1.1));
#170=CARTESIAN_POINT('',(1.529378923,-0.191594762,1.1));
#171=CARTESIAN_POINT('',(1.500273096,-0.187948495,1.1));
#172=B_SPLINE_CURVE_WITH_KNOTS('',3,(#168,#169,#170,#171),.UNSPECIFIED.,.F.,.F.,(4,4),(0.000031856,0.000119856),.UNSPECIFIED.);
#173=EDGE_CURVE('',#35,#167,#172,.T.);
#174=ORIENTED_EDGE('',*,*,#173,.T.);
#175=CARTESIAN_POINT('',(1.512,0.,1.1));
#176=VERTEX_POINT('',#175);
#177=CARTESIAN_POINT('',(1.500273096,-0.187948495,1.1));
#178=CARTESIAN_POINT('',(1.476968427,-0.185028975,1.1));
#179=CARTESIAN_POINT('',(1.455705273,-0.172014293,1.1));
#180=CARTESIAN_POINT('',(1.441431302,-0.153774706,1.1));
#181=CARTESIAN_POINT('',(1.42715733,-0.13553512,1.1));
#182=CARTESIAN_POINT('',(1.41976882,-0.111757682,1.1));
#183=CARTESIAN_POINT('',(1.421236704,-0.088670227,1.1));
#184=CARTESIAN_POINT('',(1.422704589,-0.065582771,1.1));
#185=CARTESIAN_POINT('',(1.432988773,-0.042972132,1.1));
#186=CARTESIAN_POINT('',(1.449452848,-0.026608365,1.1));
#187=CARTESIAN_POINT('',(1.465916923,-0.010244598,1.1));
#188=CARTESIAN_POINT('',(1.488506283,-0.000000128,1.1));
#189=CARTESIAN_POINT('',(1.512,0.,1.1));
#190=B_SPLINE_CURVE_WITH_KNOTS('',3,(#177,#178,#179,#180,#181,#182,#183,#184,#185,#186,#187,#188,#189),.UNSPECIFIED.,.F.,.F.,(4,3,3,3,4),(0.,0.000069462,0.000138924,0.000208386,0.000277848),.UNSPECIFIED.);
#191=EDGE_CURVE('',#167,#176,#190,.T.);
#192=ORIENTED_EDGE('',*,*,#191,.T.);
#193=CARTESIAN_POINT('',(1.6,0.,1.1));
#194=VERTEX_POINT('',#193);
#195=CARTESIAN_POINT('',(1.6,0.,1.1));
#196=DIRECTION('',(-1.,-0.,0.));
#197=VECTOR('',#196,0.088);
#198=LINE('',#195,#197);
#199=EDGE_CURVE('',#194,#176,#198,.T.);
#200=ORIENTED_EDGE('',*,*,#199,.F.);
#201=CARTESIAN_POINT('',(1.401290777,0.772259126,1.1));
#202=VERTEX_POINT('',#201);
#203=CARTESIAN_POINT('',(0.,0.,1.1));
#204=DIRECTION('',(0.,0.,1.));
#205=DIRECTION('',(1.,0.,-0.));
#206=AXIS2_PLACEMENT_3D('',#203,#204,#205);
#207=CIRCLE('',#206,1.6);
#208=EDGE_CURVE('',#194,#202,#207,.T.);
#209=ORIENTED_EDGE('',*,*,#208,.T.);
#210=CARTESIAN_POINT('',(1.324219785,0.729784874,1.1));
#211=VERTEX_POINT('',#210);
#212=CARTESIAN_POINT('',(1.401290777,0.772259126,1.1));
#213=CARTESIAN_POINT('',(1.375600447,0.758101042,1.1));
#214=CARTESIAN_POINT('',(1.349910116,0.743942958,1.1));
#215=CARTESIAN_POINT('',(1.324219785,0.729784874,1.1));
#216=B_SPLINE_CURVE_WITH_KNOTS('',3,(#212,#213,#214,#215),.UNSPECIFIED.,.F.,.F.,(4,4),(0.00024881,0.00033681),.UNSPECIFIED.);
#217=EDGE_CURVE('',#202,#211,#216,.T.);
#218=ORIENTED_EDGE('',*,*,#217,.T.);
#219=CARTESIAN_POINT('',(1.223233695,0.888731301,1.1));
#220=VERTEX_POINT('',#219);
#221=CARTESIAN_POINT('',(1.324219785,0.729784874,1.1));
#222=CARTESIAN_POINT('',(1.30364986,0.718448674,1.1));
#223=CARTESIAN_POINT('',(1.278797769,0.716479605,1.1));
#224=CARTESIAN_POINT('',(1.256528924,0.72284571,1.1));
#225=CARTESIAN_POINT('',(1.234260079,0.729211816,1.1));
#226=CARTESIAN_POINT('',(1.214306621,0.74410531,1.1));
#227=CARTESIAN_POINT('',(1.201923698,0.763646255,1.1));
#228=CARTESIAN_POINT('',(1.189540776,0.783187199,1.1));
#229=CARTESIAN_POINT('',(1.184570656,0.807524482,1.1));
#230=CARTESIAN_POINT('',(1.188271991,0.830440389,1.1));
#231=CARTESIAN_POINT('',(1.191973327,0.853356295,1.1));
#232=CARTESIAN_POINT('',(1.204226955,0.874921937,1.1));
#233=CARTESIAN_POINT('',(1.223233695,0.888731301,1.1));
#234=B_SPLINE_CURVE_WITH_KNOTS('',3,(#221,#222,#223,#224,#225,#226,#227,#228,#229,#230,#231,#232,#233),.UNSPECIFIED.,.F.,.F.,(4,3,3,3,4),(0.,0.000069462,0.000138924,0.000208386,0.000277848),.UNSPECIFIED.);
#235=EDGE_CURVE('',#211,#220,#234,.T.);
#236=ORIENTED_EDGE('',*,*,#235,.T.);
#237=CARTESIAN_POINT('',(1.294427191,0.940456404,1.1));
#238=VERTEX_POINT('',#237);
#239=CARTESIAN_POINT('',(1.294427191,0.940456404,1.1));
#240=DIRECTION('',(-0.809016994,-0.587785252,-0.));
#241=VECTOR('',#240,0.088);
#242=LINE('',#239,#241);
#243=EDGE_CURVE('',#238,#220,#242,.T.);
#244=ORIENTED_EDGE('',*,*,#243,.F.);
#245=CARTESIAN_POINT('',(0.679745528,1.44842881,1.1));
#246=VERTEX_POINT('',#245);
#247=CARTESIAN_POINT('',(0.,0.,1.1));
#248=DIRECTION('',(0.,0.,1.));
#249=DIRECTION('',(1.,0.,-0.));
#250=AXIS2_PLACEMENT_3D('',#247,#248,#249);
#251=CIRCLE('',#250,1.6);
#252=EDGE_CURVE('',#238,#246,#251,.T.);
#253=ORIENTED_EDGE('',*,*,#252,.T.);
#254=CARTESIAN_POINT('',(0.642359524,1.368765225,1.1));
#255=VERTEX_POINT('',#254);
#256=CARTESIAN_POINT('',(0.679745528,1.44842881,1.1));
#257=CARTESIAN_POINT('',(0.667283527,1.421874282,1.1));
#258=CARTESIAN_POINT('',(0.654821525,1.395319753,1.1));
#259=CARTESIAN_POINT('',(0.642359524,1.368765225,1.1));
#260=B_SPLINE_CURVE_WITH_KNOTS('',3,(#256,#257,#258,#259),.UNSPECIFIED.,.F.,.F.,(4,4),(0.000188642,0.000276642),.UNSPECIFIED.);
#261=EDGE_CURVE('',#246,#255,#260,.T.);
#262=ORIENTED_EDGE('',*,*,#261,.T.);
#263=CARTESIAN_POINT('',(0.467233695,1.437997453,1.1));
#264=VERTEX_POINT('',#263);
#265=CARTESIAN_POINT('',(0.642359524,1.368765225,1.1));
#266=CARTESIAN_POINT('',(0.632381357,1.347503349,1.1));
#267=CARTESIAN_POINT('',(0.613432982,1.331302646,1.1));
#268=CARTESIAN_POINT('',(0.591675205,1.323363635,1.1));
#269=CARTESIAN_POINT('',(0.569917428,1.315424623,1.1));
#270=CARTESIAN_POINT('',(0.545020565,1.315745365,1.1));
#271=CARTESIAN_POINT('',(0.523516691,1.324275822,1.1));
#272=CARTESIAN_POINT('',(0.502012818,1.332806279,1.1));
#273=CARTESIAN_POINT('',(0.48368681,1.349574191,1.1));
#274=CARTESIAN_POINT('',(0.473211622,1.370289139,1.1));
#275=CARTESIAN_POINT('',(0.462736433,1.391004087,1.1));
#276=CARTESIAN_POINT('',(0.45997386,1.41565356,1.1));
#277=CARTESIAN_POINT('',(0.467233695,1.437997453,1.1));
#278=B_SPLINE_CURVE_WITH_KNOTS('',3,(#265,#266,#267,#268,#269,#270,#271,#272,#273,#274,#275,#276,#277),.UNSPECIFIED.,.F.,.F.,(4,3,3,3,4),(0.,0.000069462,0.000138924,0.000208386,0.000277848),.UNSPECIFIED.);
#279=EDGE_CURVE('',#255,#264,#278,.T.);
#280=ORIENTED_EDGE('',*,*,#279,.T.);
#281=CARTESIAN_POINT('',(0.494427191,1.521690426,1.1));
#282=VERTEX_POINT('',#281);
#283=CARTESIAN_POINT('',(0.494427191,1.521690426,1.1));
#284=DIRECTION('',(-0.309016994,-0.951056516,-0.));
#285=VECTOR('',#284,0.088);
#286=LINE('',#283,#285);
#287=EDGE_CURVE('',#282,#264,#286,.T.);
#288=ORIENTED_EDGE('',*,*,#287,.F.);
#289=CARTESIAN_POINT('',(-0.301439409,1.571347919,1.1));
#290=VERTEX_POINT('',#289);
#291=CARTESIAN_POINT('',(0.,0.,1.1));
#292=DIRECTION('',(0.,0.,1.));
#293=DIRECTION('',(1.,0.,-0.));
#294=AXIS2_PLACEMENT_3D('',#291,#292,#293);
#295=CIRCLE('',#294,1.6);
#296=EDGE_CURVE('',#282,#290,#295,.T.);
#297=ORIENTED_EDGE('',*,*,#296,.T.);
#298=CARTESIAN_POINT('',(-0.284860242,1.484923783,1.1));
#299=VERTEX_POINT('',#298);
#300=CARTESIAN_POINT('',(-0.301439409,1.571347919,1.1));
#301=CARTESIAN_POINT('',(-0.29591302,1.542539874,1.1));
#302=CARTESIAN_POINT('',(-0.290386631,1.513731829,1.1));
#303=CARTESIAN_POINT('',(-0.284860242,1.484923783,1.1));
#304=B_SPLINE_CURVE_WITH_KNOTS('',3,(#300,#301,#302,#303),.UNSPECIFIED.,.F.,.F.,(4,4),(0.000048725,0.000136725),.UNSPECIFIED.);
#305=EDGE_CURVE('',#290,#299,#304,.T.);
#306=ORIENTED_EDGE('',*,*,#305,.T.);
#307=CARTESIAN_POINT('',(-0.467233695,1.437997453,1.1));
#308=VERTEX_POINT('',#307);
#309=CARTESIAN_POINT('',(-0.284860242,1.484923783,1.1));
#310=CARTESIAN_POINT('',(-0.280435332,1.461857544,1.1));
#311=CARTESIAN_POINT('',(-0.286242354,1.437613325,1.1));
#312=CARTESIAN_POINT('',(-0.299178332,1.41840163,1.1));
#313=CARTESIAN_POINT('',(-0.31211431,1.399189934,1.1));
#314=CARTESIAN_POINT('',(-0.332444822,1.384815411,1.1));
#315=CARTESIAN_POINT('',(-0.354855898,1.379077036,1.1));
#316=CARTESIAN_POINT('',(-0.377266974,1.373338661,1.1));
#317=CARTESIAN_POINT('',(-0.401948957,1.37613243,1.1));
#318=CARTESIAN_POINT('',(-0.422599504,1.386734013,1.1));
#319=CARTESIAN_POINT('',(-0.44325005,1.397335597,1.1));
#320=CARTESIAN_POINT('',(-0.459973616,1.41565364,1.1));
#321=CARTESIAN_POINT('',(-0.467233695,1.437997453,1.1));
#322=B_SPLINE_CURVE_WITH_KNOTS('',3,(#309,#310,#311,#312,#313,#314,#315,#316,#317,#318,#319,#320,#321),.UNSPECIFIED.,.F.,.F.,(4,3,3,3,4),(0.,0.000069462,0.000138924,0.000208386,0.000277848),.UNSPECIFIED.);
#323=EDGE_CURVE('',#299,#308,#322,.T.);
#324=ORIENTED_EDGE('',*,*,#323,.T.);
#325=CARTESIAN_POINT('',(-0.494427191,1.521690426,1.1));
#326=VERTEX_POINT('',#325);
#327=CARTESIAN_POINT('',(-0.494427191,1.521690426,1.1));
#328=DIRECTION('',(0.309016994,-0.951056516,-0.));
#329=VECTOR('',#328,0.088);
#330=LINE('',#327,#329);
#331=EDGE_CURVE('',#326,#308,#330,.T.);
#332=ORIENTED_EDGE('',*,*,#331,.F.);
#333=CARTESIAN_POINT('',(-1.167484738,1.094065531,1.1));
#334=VERTEX_POINT('',#333);
#335=CARTESIAN_POINT('',(0.,0.,1.1));
#336=DIRECTION('',(0.,0.,1.));
#337=DIRECTION('',(1.,0.,-0.));
#338=AXIS2_PLACEMENT_3D('',#335,#336,#337);
#339=CIRCLE('',#338,1.6);
#340=EDGE_CURVE('',#326,#334,#339,.T.);
#341=ORIENTED_EDGE('',*,*,#340,.T.);
#342=CARTESIAN_POINT('',(-1.103273077,1.033891927,1.1));
#343=VERTEX_POINT('',#342);
#344=CARTESIAN_POINT('',(-1.167484738,1.094065531,1.1));
#345=CARTESIAN_POINT('',(-1.146080851,1.074007663,1.1));
#346=CARTESIAN_POINT('',(-1.124676964,1.053949795,1.1));
#347=CARTESIAN_POINT('',(-1.103273077,1.033891927,1.1));
#348=B_SPLINE_CURVE_WITH_KNOTS('',3,(#344,#345,#346,#347),.UNSPECIFIED.,.F.,.F.,(4,4),(0.000512,0.0006),.UNSPECIFIED.);
#349=EDGE_CURVE('',#334,#343,#348,.T.);
#350=ORIENTED_EDGE('',*,*,#349,.T.);
#351=CARTESIAN_POINT('',(-1.223233695,0.888731301,1.1));
#352=VERTEX_POINT('',#351);
#353=CARTESIAN_POINT('',(-1.103273077,1.033891927,1.1));
#354=CARTESIAN_POINT('',(-1.086135255,1.017831845,1.1));
#355=CARTESIAN_POINT('',(-1.07658284,0.994804577,1.1));
#356=CARTESIAN_POINT('',(-1.075755915,0.971658412,1.1));
#357=CARTESIAN_POINT('',(-1.074928989,0.948512247,1.1));
#358=CARTESIAN_POINT('',(-1.082927586,0.924933038,1.1));
#359=CARTESIAN_POINT('',(-1.097685595,0.907117695,1.1));
#360=CARTESIAN_POINT('',(-1.112443605,0.889302352,1.1));
#361=CARTESIAN_POINT('',(-1.134053885,0.877054853,1.1));
#362=CARTESIAN_POINT('',(-1.156991982,0.873493628,1.1));
#363=CARTESIAN_POINT('',(-1.17993008,0.869932402,1.1));
#364=CARTESIAN_POINT('',(-1.204226804,0.874922145,1.1));
#365=CARTESIAN_POINT('',(-1.223233695,0.888731301,1.1));
#366=B_SPLINE_CURVE_WITH_KNOTS('',3,(#353,#354,#355,#356,#357,#358,#359,#360,#361,#362,#363,#364,#365),.UNSPECIFIED.,.F.,.F.,(4,3,3,3,4),(0.,0.000069462,0.000138924,0.000208386,0.000277848),.UNSPECIFIED.);
#367=EDGE_CURVE('',#343,#352,#366,.T.);
#368=ORIENTED_EDGE('',*,*,#367,.T.);
#369=CARTESIAN_POINT('',(-1.294427191,0.940456404,1.1));
#370=VERTEX_POINT('',#369);
#371=CARTESIAN_POINT('',(-1.294427191,0.940456404,1.1));
#372=DIRECTION('',(0.809016994,-0.587785252,-0.));
#373=VECTOR('',#372,0.088);
#374=LINE('',#371,#373);
#375=EDGE_CURVE('',#370,#352,#374,.T.);
#376=ORIENTED_EDGE('',*,*,#375,.F.);
#377=CARTESIAN_POINT('',(-1.587590578,0.198887297,1.1));
#378=VERTEX_POINT('',#377);
#379=CARTESIAN_POINT('',(0.,0.,1.1));
#380=DIRECTION('',(0.,0.,1.));
#381=DIRECTION('',(1.,0.,-0.));
#382=AXIS2_PLACEMENT_3D('',#379,#380,#381);
#383=CIRCLE('',#382,1.6);
#384=EDGE_CURVE('',#370,#378,#383,.T.);
#385=ORIENTED_EDGE('',*,*,#384,.T.);
#386=CARTESIAN_POINT('',(-1.500273096,0.187948495,1.1));
#387=VERTEX_POINT('',#386);
#388=CARTESIAN_POINT('',(-1.587590578,0.198887297,1.1));
#389=CARTESIAN_POINT('',(-1.558484751,0.195241029,1.1));
#390=CARTESIAN_POINT('',(-1.529378923,0.191594762,1.1));
#391=CARTESIAN_POINT('',(-1.500273096,0.187948495,1.1));
#392=B_SPLINE_CURVE_WITH_KNOTS('',3,(#388,#389,#390,#391),.UNSPECIFIED.,.F.,.F.,(4,4),(0.000031856,0.000119856),.UNSPECIFIED.);
#393=EDGE_CURVE('',#378,#387,#392,.T.);
#394=ORIENTED_EDGE('',*,*,#393,.T.);
#395=CARTESIAN_POINT('',(-1.512,0.,1.1));
#396=VERTEX_POINT('',#395);
#397=CARTESIAN_POINT('',(-1.500273096,0.187948495,1.1));
#398=CARTESIAN_POINT('',(-1.476968427,0.185028975,1.1));
#399=CARTESIAN_POINT('',(-1.455705273,0.172014293,1.1));
#400=CARTESIAN_POINT('',(-1.441431302,0.153774706,1.1));
#401=CARTESIAN_POINT('',(-1.42715733,0.13553512,1.1));
#402=CARTESIAN_POINT('',(-1.41976882,0.111757682,1.1));
#403=CARTESIAN_POINT('',(-1.421236704,0.088670227,1.1));
#404=CARTESIAN_POINT('',(-1.422704589,0.065582771,1.1));
#405=CARTESIAN_POINT('',(-1.432988773,0.042972132,1.1));
#406=CARTESIAN_POINT('',(-1.449452848,0.026608365,1.1));
#407=CARTESIAN_POINT('',(-1.465916923,0.010244598,1.1));
#408=CARTESIAN_POINT('',(-1.488506283,0.000000128,1.1));
#409=CARTESIAN_POINT('',(-1.512,0.,1.1));
#410=B_SPLINE_CURVE_WITH_KNOTS('',3,(#397,#398,#399,#400,#401,#402,#403,#404,#405,#406,#407,#408,#409),.UNSPECIFIED.,.F.,.F.,(4,3,3,3,4),(0.,0.000069462,0.000138924,0.000208386,0.000277848),.UNSPECIFIED.);
#411=EDGE_CURVE('',#387,#396,#410,.T.);
#412=ORIENTED_EDGE('',*,*,#411,.T.);
#413=CARTESIAN_POINT('',(-1.6,0.,1.1));
#414=VERTEX_POINT('',#413);
#415=CARTESIAN_POINT('',(-1.6,0.,1.1));
#416=DIRECTION('',(1.,-0.,-0.));
#417=VECTOR('',#416,0.088);
#418=LINE('',#415,#417);
#419=EDGE_CURVE('',#414,#396,#418,.T.);
#420=ORIENTED_EDGE('',*,*,#419,.F.);
#421=CARTESIAN_POINT('',(-1.401290777,-0.772259126,1.1));
#422=VERTEX_POINT('',#421);
#423=CARTESIAN_POINT('',(0.,0.,1.1));
#424=DIRECTION('',(0.,0.,1.));
#425=DIRECTION('',(1.,0.,-0.));
#426=AXIS2_PLACEMENT_3D('',#423,#424,#425);
#427=CIRCLE('',#426,1.6);
#428=EDGE_CURVE('',#414,#422,#427,.T.);
#429=ORIENTED_EDGE('',*,*,#428,.T.);
#430=CARTESIAN_POINT('',(-1.324219785,-0.729784874,1.1));
#431=VERTEX_POINT('',#430);
#432=CARTESIAN_POINT('',(-1.401290777,-0.772259126,1.1));
#433=CARTESIAN_POINT('',(-1.375600447,-0.758101042,1.1));
#434=CARTESIAN_POINT('',(-1.349910116,-0.743942958,1.1));
#435=CARTESIAN_POINT('',(-1.324219785,-0.729784874,1.1));
#436=B_SPLINE_CURVE_WITH_KNOTS('',3,(#432,#433,#434,#435),.UNSPECIFIED.,.F.,.F.,(4,4),(0.00024881,0.00033681),.UNSPECIFIED.);
#437=EDGE_CURVE('',#422,#431,#436,.T.);
#438=ORIENTED_EDGE('',*,*,#437,.T.);
#439=CARTESIAN_POINT('',(-1.223233695,-0.888731301,1.1));
#440=VERTEX_POINT('',#439);
#441=CARTESIAN_POINT('',(-1.324219785,-0.729784874,1.1));
#442=CARTESIAN_POINT('',(-1.30364986,-0.718448674,1.1));
#443=CARTESIAN_POINT('',(-1.278797769,-0.716479605,1.1));
#444=CARTESIAN_POINT('',(-1.256528924,-0.72284571,1.1));
#445=CARTESIAN_POINT('',(-1.234260079,-0.729211816,1.1));
#446=CARTESIAN_POINT('',(-1.214306621,-0.74410531,1.1));
#447=CARTESIAN_POINT('',(-1.201923698,-0.763646255,1.1));
#448=CARTESIAN_POINT('',(-1.189540776,-0.783187199,1.1));
#449=CARTESIAN_POINT('',(-1.184570656,-0.807524482,1.1));
#450=CARTESIAN_POINT('',(-1.188271991,-0.830440389,1.1));
#451=CARTESIAN_POINT('',(-1.191973327,-0.853356295,1.1));
#452=CARTESIAN_POINT('',(-1.204226955,-0.874921937,1.1));
#453=CARTESIAN_POINT('',(-1.223233695,-0.888731301,1.1));
#454=B_SPLINE_CURVE_WITH_KNOTS('',3,(#441,#442,#443,#444,#445,#446,#447,#448,#449,#450,#451,#452,#453),.UNSPECIFIED.,.F.,.F.,(4,3,3,3,4),(0.,0.000069462,0.000138924,0.000208386,0.000277848),.UNSPECIFIED.);
#455=EDGE_CURVE('',#431,#440,#454,.T.);
#456=ORIENTED_EDGE('',*,*,#455,.T.);
#457=CARTESIAN_POINT('',(-1.294427191,-0.940456404,1.1));
#458=VERTEX_POINT('',#457);
#459=CARTESIAN_POINT('',(-1.294427191,-0.940456404,1.1));
#460=DIRECTION('',(0.809016994,0.587785252,-0.));
#461=VECTOR('',#460,0.088);
#462=LINE('',#459,#461);
#463=EDGE_CURVE('',#458,#440,#462,.T.);
#464=ORIENTED_EDGE('',*,*,#463,.F.);
#465=CARTESIAN_POINT('',(-0.679745528,-1.44842881,1.1));
#466=VERTEX_POINT('',#465);
#467=CARTESIAN_POINT('',(0.,0.,1.1));
#468=DIRECTION('',(0.,0.,1.));
#469=DIRECTION('',(1.,0.,-0.));
#470=AXIS2_PLACEMENT_3D('',#467,#468,#469);
#471=CIRCLE('',#470,1.6);
#472=EDGE_CURVE('',#458,#466,#471,.T.);
#473=ORIENTED_EDGE('',*,*,#472,.T.);
#474=CARTESIAN_POINT('',(-0.642359524,-1.368765225,1.1));
#475=VERTEX_POINT('',#474);
#476=CARTESIAN_POINT('',(-0.679745528,-1.44842881,1.1));
#477=CARTESIAN_POINT('',(-0.667283527,-1.421874282,1.1));
#478=CARTESIAN_POINT('',(-0.654821525,-1.395319753,1.1));
#479=CARTESIAN_POINT('',(-0.642359524,-1.368765225,1.1));
#480=B_SPLINE_CURVE_WITH_KNOTS('',3,(#476,#477,#478,#479),.UNSPECIFIED.,.F.,.F.,(4,4),(0.000188642,0.000276642),.UNSPECIFIED.);
#481=EDGE_CURVE('',#466,#475,#480,.T.);
#482=ORIENTED_EDGE('',*,*,#481,.T.);
#483=CARTESIAN_POINT('',(-0.467233695,-1.437997453,1.1));
#484=VERTEX_POINT('',#483);
#485=CARTESIAN_POINT('',(-0.642359524,-1.368765225,1.1));
#486=CARTESIAN_POINT('',(-0.632381357,-1.347503349,1.1));
#487=CARTESIAN_POINT('',(-0.613432982,-1.331302646,1.1));
#488=CARTESIAN_POINT('',(-0.591675205,-1.323363635,1.1));
#489=CARTESIAN_POINT('',(-0.569917428,-1.315424623,1.1));
#490=CARTESIAN_POINT('',(-0.545020565,-1.315745365,1.1));
#491=CARTESIAN_POINT('',(-0.523516691,-1.324275822,1.1));
#492=CARTESIAN_POINT('',(-0.502012818,-1.332806279,1.1));
#493=CARTESIAN_POINT('',(-0.48368681,-1.349574191,1.1));
#494=CARTESIAN_POINT('',(-0.473211622,-1.370289139,1.1));
#495=CARTESIAN_POINT('',(-0.462736433,-1.391004087,1.1));
#496=CARTESIAN_POINT('',(-0.45997386,-1.41565356,1.1));
#497=CARTESIAN_POINT('',(-0.467233695,-1.437997453,1.1));
#498=B_SPLINE_CURVE_WITH_KNOTS('',3,(#485,#486,#487,#488,#489,#490,#491,#492,#493,#494,#495,#496,#497),.UNSPECIFIED.,.F.,.F.,(4,3,3,3,4),(0.,0.000069462,0.000138924,0.000208386,0.000277848),.UNSPECIFIED.);
#499=EDGE_CURVE('',#475,#484,#498,.T.);
#500=ORIENTED_EDGE('',*,*,#499,.T.);
#501=CARTESIAN_POINT('',(-0.494427191,-1.521690426,1.1));
#502=VERTEX_POINT('',#501);
#503=CARTESIAN_POINT('',(-0.494427191,-1.521690426,1.1));
#504=DIRECTION('',(0.309016994,0.951056516,-0.));
#505=VECTOR('',#504,0.088);
#506=LINE('',#503,#505);
#507=EDGE_CURVE('',#502,#484,#506,.T.);
#508=ORIENTED_EDGE('',*,*,#507,.F.);
#509=CARTESIAN_POINT('',(0.301439409,-1.571347919,1.1));
#510=VERTEX_POINT('',#509);
#511=CARTESIAN_POINT('',(0.,0.,1.1));
#512=DIRECTION('',(0.,0.,1.));
#513=DIRECTION('',(1.,0.,-0.));
#514=AXIS2_PLACEMENT_3D('',#511,#512,#513);
#515=CIRCLE('',#514,1.6);
#516=EDGE_CURVE('',#502,#510,#515,.T.);
#517=ORIENTED_EDGE('',*,*,#516,.T.);
#518=CARTESIAN_POINT('',(0.284860242,-1.484923783,1.1));
#519=VERTEX_POINT('',#518);
#520=CARTESIAN_POINT('',(0.301439409,-1.571347919,1.1));
#521=CARTESIAN_POINT('',(0.29591302,-1.542539874,1.1));
#522=CARTESIAN_POINT('',(0.290386631,-1.513731829,1.1));
#523=CARTESIAN_POINT('',(0.284860242,-1.484923783,1.1));
#524=B_SPLINE_CURVE_WITH_KNOTS('',3,(#520,#521,#522,#523),.UNSPECIFIED.,.F.,.F.,(4,4),(0.000048725,0.000136725),.UNSPECIFIED.);
#525=EDGE_CURVE('',#510,#519,#524,.T.);
#526=ORIENTED_EDGE('',*,*,#525,.T.);
#527=CARTESIAN_POINT('',(0.467233695,-1.437997453,1.1));
#528=VERTEX_POINT('',#527);
#529=CARTESIAN_POINT('',(0.284860242,-1.484923783,1.1));
#530=CARTESIAN_POINT('',(0.280435332,-1.461857544,1.1));
#531=CARTESIAN_POINT('',(0.286242354,-1.437613325,1.1));
#532=CARTESIAN_POINT('',(0.299178332,-1.41840163,1.1));
#533=CARTESIAN_POINT('',(0.31211431,-1.399189934,1.1));
#534=CARTESIAN_POINT('',(0.332444822,-1.384815411,1.1));
#535=CARTESIAN_POINT('',(0.354855898,-1.379077036,1.1));
#536=CARTESIAN_POINT('',(0.377266974,-1.373338661,1.1));
#537=CARTESIAN_POINT('',(0.401948957,-1.37613243,1.1));
#538=CARTESIAN_POINT('',(0.422599504,-1.386734013,1.1));
#539=CARTESIAN_POINT('',(0.44325005,-1.397335597,1.1));
#540=CARTESIAN_POINT('',(0.459973616,-1.41565364,1.1));
#541=CARTESIAN_POINT('',(0.467233695,-1.437997453,1.1));
#542=B_SPLINE_CURVE_WITH_KNOTS('',3,(#529,#530,#531,#532,#533,#534,#535,#536,#537,#538,#539,#540,#541),.UNSPECIFIED.,.F.,.F.,(4,3,3,3,4),(0.,0.000069462,0.000138924,0.000208386,0.000277848),.UNSPECIFIED.);
#543=EDGE_CURVE('',#519,#528,#542,.T.);
#544=ORIENTED_EDGE('',*,*,#543,.T.);
#545=CARTESIAN_POINT('',(0.494427191,-1.521690426,1.1));
#546=DIRECTION('',(-0.309016994,0.951056516,-0.));
#547=VECTOR('',#546,0.088);
#548=LINE('',#545,#547);
#549=EDGE_CURVE('',#104,#528,#548,.T.);
#550=ORIENTED_EDGE('',*,*,#549,.F.);
#551=ORIENTED_EDGE('',*,*,#110,.T.);
#552=CARTESIAN_POINT('',(1.167484738,-1.094065531,1.1));
#553=CARTESIAN_POINT('',(1.146080851,-1.074007663,1.1));
#554=CARTESIAN_POINT('',(1.124676964,-1.053949795,1.1));
#555=CARTESIAN_POINT('',(1.103273077,-1.033891927,1.1));
#556=B_SPLINE_CURVE_WITH_KNOTS('',3,(#552,#553,#554,#555),.UNSPECIFIED.,.F.,.F.,(4,4),(0.000512,0.0006),.UNSPECIFIED.);
#557=EDGE_CURVE('',#92,#140,#556,.T.);
#558=ORIENTED_EDGE('',*,*,#557,.T.);
#559=EDGE_LOOP('',(#158,#164,#165,#174,#192,#200,#209,#218,#236,#244,#253,#262,#280,#288,#297,#306,#324,#332,#341,#350,#368,#376,#385,#394,#412,#420,
#429,#438,#456,#464,#473,#482,#500,#508,#517,#526,#544,#550,#551,#558));
#560=FACE_BOUND('',#559,.T.);
#561=ADVANCED_FACE('',(#138,#560),#127,.T.);
#562=CARTESIAN_POINT('',(0.,0.,0.64));
#563=DIRECTION('',(0.,0.,1.));
#564=DIRECTION('',(1.,0.,-0.));
#565=AXIS2_PLACEMENT_3D('',#562,#563,#564);
#566=CONICAL_SURFACE('',#565,1.6,45.);
#567=CARTESIAN_POINT('',(1.6,0.,0.64));
#568=VERTEX_POINT('',#567);
#569=CARTESIAN_POINT('',(1.4,0.,0.44));
#570=VERTEX_POINT('',#569);
#571=CARTESIAN_POINT('',(1.6,0.,0.64));
#572=DIRECTION('',(-0.707106781,-0.,-0.707106781));
#573=VECTOR('',#572,0.282842712);
#574=LINE('',#571,#573);
#575=EDGE_CURVE('',#568,#570,#574,.T.);
#576=ORIENTED_EDGE('',*,*,#575,.T.);
#577=CARTESIAN_POINT('',(-1.4,-0.,0.44));
#578=VERTEX_POINT('',#577);
#579=CARTESIAN_POINT('',(0.,0.,0.44));
#580=DIRECTION('',(0.,0.,-1.));
#581=DIRECTION('',(-1.,0.,0.));
#582=AXIS2_PLACEMENT_3D('',#579,#580,#581);
#583=CIRCLE('',#582,1.4);
#584=EDGE_CURVE('',#578,#570,#583,.T.);
#585=ORIENTED_EDGE('',*,*,#584,.F.);
#586=CARTESIAN_POINT('',(0.,0.,0.44));
#587=DIRECTION('',(0.,0.,-1.));
#588=DIRECTION('',(-1.,0.,0.));
#589=AXIS2_PLACEMENT_3D('',#586,#587,#588);
#590=CIRCLE('',#589,1.4);
#591=EDGE_CURVE('',#570,#578,#590,.T.);
#592=ORIENTED_EDGE('',*,*,#591,.F.);
#593=ORIENTED_EDGE('',*,*,#575,.F.);
#594=CARTESIAN_POINT('',(1.515838417,-0.51208778,0.64));
#595=VERTEX_POINT('',#594);
#596=CARTESIAN_POINT('',(0.,0.,0.64));
#597=DIRECTION('',(-0.,-0.,1.));
#598=DIRECTION('',(-1.,0.,0.));
#599=AXIS2_PLACEMENT_3D('',#596,#597,#598);
#600=CIRCLE('',#599,1.6);
#601=EDGE_CURVE('',#595,#568,#600,.T.);
#602=ORIENTED_EDGE('',*,*,#601,.F.);
#603=CARTESIAN_POINT('',(1.399522343,-0.572259742,0.552));
#604=VERTEX_POINT('',#603);
#605=CARTESIAN_POINT('',(1.515838417,-0.51208778,0.64));
#606=CARTESIAN_POINT('',(1.477787307,-0.533948913,0.610947178));
#607=CARTESIAN_POINT('',(1.439001911,-0.554014754,0.581637345));
#608=CARTESIAN_POINT('',(1.399522343,-0.572259742,0.552));
#609=B_SPLINE_CURVE_WITH_KNOTS('',3,(#605,#606,#607,#608),.UNSPECIFIED.,.F.,.F.,(4,4),(0.,0.000157779),.UNSPECIFIED.);
#610=EDGE_CURVE('',#595,#604,#609,.T.);
#611=ORIENTED_EDGE('',*,*,#610,.T.);
#612=CARTESIAN_POINT('',(1.317518791,-0.741814151,0.552));
#613=VERTEX_POINT('',#612);
#614=CARTESIAN_POINT('',(1.399522343,-0.572259742,0.552));
#615=CARTESIAN_POINT('',(1.375547827,-0.583339287,0.53400232));
#616=CARTESIAN_POINT('',(1.352075073,-0.597431841,0.517981283));
#617=CARTESIAN_POINT('',(1.328791712,-0.613740527,0.503681949));
#618=CARTESIAN_POINT('',(1.305508351,-0.630049214,0.489382616));
#619=CARTESIAN_POINT('',(1.282135541,-0.648371217,0.476438759));
#620=CARTESIAN_POINT('',(1.261309267,-0.671280733,0.468817305));
#621=CARTESIAN_POINT('',(1.25089613,-0.682735492,0.465006578));
#622=CARTESIAN_POINT('',(1.240456247,-0.695740071,0.462162972));
#623=CARTESIAN_POINT('',(1.235344735,-0.710613186,0.465148313));
#624=CARTESIAN_POINT('',(1.232788979,-0.718049744,0.466640984));
#625=CARTESIAN_POINT('',(1.232184946,-0.72582874,0.470066777));
#626=CARTESIAN_POINT('',(1.234372202,-0.731832057,0.475009718));
#627=CARTESIAN_POINT('',(1.236559458,-0.737835373,0.479952659));
#628=CARTESIAN_POINT('',(1.240951916,-0.741783514,0.485753905));
#629=CARTESIAN_POINT('',(1.245954954,-0.744431037,0.491406668));
#630=CARTESIAN_POINT('',(1.255961028,-0.749726084,0.502712194));
#631=CARTESIAN_POINT('',(1.268201898,-0.750371806,0.513548632));
#632=CARTESIAN_POINT('',(1.280386986,-0.749447304,0.523597687));
#633=CARTESIAN_POINT('',(1.292572075,-0.748522801,0.533646742));
#634=CARTESIAN_POINT('',(1.304987221,-0.74577521,0.543023671));
#635=CARTESIAN_POINT('',(1.317518791,-0.741814151,0.552));
#636=B_SPLINE_CURVE_WITH_KNOTS('',3,(#614,#615,#616,#617,#618,#619,#620,#621,#622,#623,#624,#625,#626,#627,#628,#629,#630,#631,#632,#633,#634,#635),.UNSPECIFIED.,.F.,.F.,(4,3,3,3,3,3,3,4),(0.,0.00009516,0.000190319,0.000237899,0.000261689,0.000285479,0.000333059,0.000380639),.UNSPECIFIED.);
#637=EDGE_CURVE('',#604,#613,#636,.T.);
#638=ORIENTED_EDGE('',*,*,#637,.T.);
#639=CARTESIAN_POINT('',(1.317518791,-0.741814151,0.552));
#640=CARTESIAN_POINT('',(1.35893001,-0.728722892,0.58166189));
#641=CARTESIAN_POINT('',(1.39988277,-0.713693143,0.610970717));
#642=CARTESIAN_POINT('',(1.440330392,-0.696741245,0.64));
#643=B_SPLINE_CURVE_WITH_KNOTS('',3,(#639,#640,#641,#642),.UNSPECIFIED.,.F.,.F.,(4,4),(0.,0.000157665),.UNSPECIFIED.);
#644=EDGE_CURVE('',#613,#54,#643,.T.);
#645=ORIENTED_EDGE('',*,*,#644,.T.);
#646=ORIENTED_EDGE('',*,*,#60,.F.);
#647=CARTESIAN_POINT('',(0.795871523,-1.28558645,0.552));
#648=VERTEX_POINT('',#647);
#649=CARTESIAN_POINT('',(0.925341395,-1.305275183,0.64));
#650=CARTESIAN_POINT('',(0.881707749,-1.30059533,0.610947178));
#651=CARTESIAN_POINT('',(0.838535299,-1.294031452,0.581637345));
#652=CARTESIAN_POINT('',(0.795871523,-1.28558645,0.552));
#653=B_SPLINE_CURVE_WITH_KNOTS('',3,(#649,#650,#651,#652),.UNSPECIFIED.,.F.,.F.,(4,4),(0.,0.000157779),.UNSPECIFIED.);
#654=EDGE_CURVE('',#44,#648,#653,.T.);
#655=ORIENTED_EDGE('',*,*,#654,.T.);
#656=CARTESIAN_POINT('',(0.629867675,-1.37455837,0.552));
#657=VERTEX_POINT('',#656);
#658=CARTESIAN_POINT('',(0.795871523,-1.28558645,0.552));
#659=CARTESIAN_POINT('',(0.769963339,-1.280458124,0.53400232));
#660=CARTESIAN_POINT('',(0.742690087,-1.2780623,0.517981283));
#661=CARTESIAN_POINT('',(0.714267446,-1.277570688,0.503681949));
#662=CARTESIAN_POINT('',(0.685844806,-1.277079076,0.489382616));
#663=CARTESIAN_POINT('',(0.656166403,-1.278163696,0.476438759));
#664=CARTESIAN_POINT('',(0.625851717,-1.284456507,0.468817305));
#665=CARTESIAN_POINT('',(0.610694374,-1.287602913,0.465006578));
#666=CARTESIAN_POINT('',(0.594604431,-1.291987429,0.462162972));
#667=CARTESIAN_POINT('',(0.581726933,-1.301015561,0.465148313));
#668=CARTESIAN_POINT('',(0.575288185,-1.305529627,0.466640984));
#669=CARTESIAN_POINT('',(0.570227133,-1.311467925,0.470066777));
#670=CARTESIAN_POINT('',(0.568467999,-1.317610347,0.475009718));
#671=CARTESIAN_POINT('',(0.566708865,-1.323752769,0.479952659));
#672=CARTESIAN_POINT('',(0.56794178,-1.329528704,0.485753905));
#673=CARTESIAN_POINT('',(0.570433147,-1.334611307,0.491406668));
#674=CARTESIAN_POINT('',(0.575415881,-1.344776513,0.502712194));
#675=CARTESIAN_POINT('',(0.584939406,-1.352493916,0.513548632));
#676=CARTESIAN_POINT('',(0.595340759,-1.358908193,0.523597687));
#677=CARTESIAN_POINT('',(0.605742111,-1.36532247,0.533646742));
#678=CARTESIAN_POINT('',(0.617401169,-1.370397062,0.543023671));
#679=CARTESIAN_POINT('',(0.629867675,-1.37455837,0.552));
#680=B_SPLINE_CURVE_WITH_KNOTS('',3,(#658,#659,#660,#661,#662,#663,#664,#665,#666,#667,#668,#669,#670,#671,#672,#673,#674,#675,#676,#677,#678,#679),.UNSPECIFIED.,.F.,.F.,(4,3,3,3,3,3,3,4),(0.,0.00009516,0.000190319,0.000237899,0.000261689,0.000285479,0.000333059,0.000380639),.UNSPECIFIED.);
#681=EDGE_CURVE('',#648,#657,#680,.T.);
#682=ORIENTED_EDGE('',*,*,#681,.T.);
#683=CARTESIAN_POINT('',(0.629867675,-1.37455837,0.552));
#684=CARTESIAN_POINT('',(0.671064903,-1.388308223,0.58166189));
#685=CARTESIAN_POINT('',(0.713030647,-1.400220328,0.610970717));
#686=CARTESIAN_POINT('',(0.755717536,-1.410280471,0.64));
#687=B_SPLINE_CURVE_WITH_KNOTS('',3,(#683,#684,#685,#686),.UNSPECIFIED.,.F.,.F.,(4,4),(0.,0.000157665),.UNSPECIFIED.);
#688=EDGE_CURVE('',#657,#83,#687,.T.);
#689=ORIENTED_EDGE('',*,*,#688,.T.);
#690=ORIENTED_EDGE('',*,*,#89,.F.);
#691=CARTESIAN_POINT('',(-0.111775168,-1.507862829,0.552));
#692=VERTEX_POINT('',#691);
#693=CARTESIAN_POINT('',(-0.018604588,-1.59989183,0.64));
#694=CARTESIAN_POINT('',(-0.051154201,-1.570458536,0.610947178));
#695=CARTESIAN_POINT('',(-0.082223296,-1.539772118,0.581637345));
#696=CARTESIAN_POINT('',(-0.111775168,-1.507862829,0.552));
#697=B_SPLINE_CURVE_WITH_KNOTS('',3,(#693,#694,#695,#696),.UNSPECIFIED.,.F.,.F.,(4,4),(0.,0.000157779),.UNSPECIFIED.);
#698=EDGE_CURVE('',#81,#692,#697,.T.);
#699=ORIENTED_EDGE('',*,*,#698,.T.);
#700=CARTESIAN_POINT('',(-0.298371485,-1.482268011,0.552));
#701=VERTEX_POINT('',#700);
#702=CARTESIAN_POINT('',(-0.111775168,-1.507862829,0.552));
#703=CARTESIAN_POINT('',(-0.129720975,-1.488485478,0.53400232));
#704=CARTESIAN_POINT('',(-0.15037727,-1.470516401,0.517981283));
#705=CARTESIAN_POINT('',(-0.173082707,-1.45341227,0.503681949));
#706=CARTESIAN_POINT('',(-0.195788144,-1.436308138,0.489382616));
#707=CARTESIAN_POINT('',(-0.220435999,-1.419741086,0.476438759));
#708=CARTESIAN_POINT('',(-0.248659917,-1.407013552,0.468817305));
#709=CARTESIAN_POINT('',(-0.262771876,-1.400649785,0.465006578));
#710=CARTESIAN_POINT('',(-0.278366067,-1.394739502,0.462162972));
#711=CARTESIAN_POINT('',(-0.294090784,-1.394474211,0.465148313));
#712=CARTESIAN_POINT('',(-0.301953143,-1.394341565,0.466640984));
#713=CARTESIAN_POINT('',(-0.309538064,-1.396170938,0.470066777));
#714=CARTESIAN_POINT('',(-0.314571658,-1.400106269,0.475009718));
#715=CARTESIAN_POINT('',(-0.319605253,-1.404041599,0.479952659));
#716=CARTESIAN_POINT('',(-0.322002813,-1.409439118,0.485753905));
#717=CARTESIAN_POINT('',(-0.322974734,-1.415015419,0.491406668));
#718=CARTESIAN_POINT('',(-0.324918576,-1.426168022,0.502712194));
#719=CARTESIAN_POINT('',(-0.321750057,-1.438009319,0.513548632));
#720=CARTESIAN_POINT('',(-0.317105404,-1.44931234,0.523597687));
#721=CARTESIAN_POINT('',(-0.31246075,-1.460615361,0.533646742));
#722=CARTESIAN_POINT('',(-0.306011145,-1.471573814,0.543023671));
#723=CARTESIAN_POINT('',(-0.298371485,-1.482268011,0.552));
#724=B_SPLINE_CURVE_WITH_KNOTS('',3,(#702,#703,#704,#705,#706,#707,#708,#709,#710,#711,#712,#713,#714,#715,#716,#717,#718,#719,#720,#721,#722,#723),.UNSPECIFIED.,.F.,.F.,(4,3,3,3,3,3,3,4),(0.,0.00009516,0.000190319,0.000237899,0.000261689,0.000285479,0.000333059,0.000380639),.UNSPECIFIED.);
#725=EDGE_CURVE('',#692,#701,#724,.T.);
#726=ORIENTED_EDGE('',*,*,#725,.T.);
#727=CARTESIAN_POINT('',(-0.217553733,-1.58514049,0.64));
#728=VERTEX_POINT('',#727);
#729=CARTESIAN_POINT('',(-0.298371485,-1.482268011,0.552));
#730=CARTESIAN_POINT('',(-0.273124188,-1.517606999,0.58166189));
#731=CARTESIAN_POINT('',(-0.246174948,-1.55191094,0.610970717));
#732=CARTESIAN_POINT('',(-0.217553733,-1.58514049,0.64));
#733=B_SPLINE_CURVE_WITH_KNOTS('',3,(#729,#730,#731,#732),.UNSPECIFIED.,.F.,.F.,(4,4),(0.,0.000157665),.UNSPECIFIED.);
#734=EDGE_CURVE('',#701,#728,#733,.T.);
#735=ORIENTED_EDGE('',*,*,#734,.T.);
#736=CARTESIAN_POINT('',(-0.955444251,-1.283404177,0.64));
#737=VERTEX_POINT('',#736);
#738=CARTESIAN_POINT('',(0.,0.,0.64));
#739=DIRECTION('',(-0.,-0.,1.));
#740=DIRECTION('',(-1.,0.,0.));
#741=AXIS2_PLACEMENT_3D('',#738,#739,#740);
#742=CIRCLE('',#741,1.6);
#743=EDGE_CURVE('',#737,#728,#742,.T.);
#744=ORIENTED_EDGE('',*,*,#743,.F.);
#745=CARTESIAN_POINT('',(-0.976727544,-1.154186859,0.552));
#746=VERTEX_POINT('',#745);
#747=CARTESIAN_POINT('',(-0.955444251,-1.283404177,0.64));
#748=CARTESIAN_POINT('',(-0.964476985,-1.240459959,0.610947178));
#749=CARTESIAN_POINT('',(-0.971575387,-1.19737217,0.581637345));
#750=CARTESIAN_POINT('',(-0.976727544,-1.154186859,0.552));
#751=B_SPLINE_CURVE_WITH_KNOTS('',3,(#747,#748,#749,#750),.UNSPECIFIED.,.F.,.F.,(4,4),(0.,0.000157779),.UNSPECIFIED.);
#752=EDGE_CURVE('',#737,#746,#751,.T.);
#753=ORIENTED_EDGE('',*,*,#752,.T.);
#754=CARTESIAN_POINT('',(-1.112642879,-1.023801653,0.552));
#755=VERTEX_POINT('',#754);
#756=CARTESIAN_POINT('',(-0.976727544,-1.154186859,0.552));
#757=CARTESIAN_POINT('',(-0.979856286,-1.127961971,0.53400232));
#758=CARTESIAN_POINT('',(-0.986005621,-1.101283217,0.517981283));
#759=CARTESIAN_POINT('',(-0.994321149,-1.074099764,0.503681949));
#760=CARTESIAN_POINT('',(-1.002636677,-1.04691631,0.489382616));
#761=CARTESIAN_POINT('',(-1.012839342,-1.019025637,0.476438759));
#762=CARTESIAN_POINT('',(-1.028191914,-0.992139243,0.468817305));
#763=CARTESIAN_POINT('',(-1.035868201,-0.978696046,0.465006578));
#764=CARTESIAN_POINT('',(-1.045010189,-0.964748491,0.462162972));
#765=CARTESIAN_POINT('',(-1.057575818,-0.955291109,0.465148313));
#766=CARTESIAN_POINT('',(-1.063858633,-0.950562418,0.466640984));
#767=CARTESIAN_POINT('',(-1.071070241,-0.947584107,0.470066777));
#768=CARTESIAN_POINT('',(-1.077455634,-0.947809184,0.475009718));
#769=CARTESIAN_POINT('',(-1.083841027,-0.948034261,0.479952659));
#770=CARTESIAN_POINT('',(-1.088953276,-0.950991694,0.485753905));
#771=CARTESIAN_POINT('',(-1.093017244,-0.954931736,0.491406668));
#772=CARTESIAN_POINT('',(-1.10114518,-0.962811819,0.502712194));
#773=CARTESIAN_POINT('',(-1.105541935,-0.974254039,0.513548632));
#774=CARTESIAN_POINT('',(-1.10842808,-0.986128433,0.523597687));
#775=CARTESIAN_POINT('',(-1.111314225,-0.998002828,0.533646742));
#776=CARTESIAN_POINT('',(-1.112537602,-1.010659386,0.543023671));
#777=CARTESIAN_POINT('',(-1.112642879,-1.023801653,0.552));
#778=B_SPLINE_CURVE_WITH_KNOTS('',3,(#756,#757,#758,#759,#760,#761,#762,#763,#764,#765,#766,#767,#768,#769,#770,#771,#772,#773,#774,#775,#776,#777),.UNSPECIFIED.,.F.,.F.,(4,3,3,3,3,3,3,4),(0.,0.00009516,0.000190319,0.000237899,0.000261689,0.000285479,0.000333059,0.000380639),.UNSPECIFIED.);
#779=EDGE_CURVE('',#746,#755,#778,.T.);
#780=ORIENTED_EDGE('',*,*,#779,.T.);
#781=CARTESIAN_POINT('',(-1.10772687,-1.154530719,0.64));
#782=VERTEX_POINT('',#781);
#783=CARTESIAN_POINT('',(-1.112642879,-1.023801653,0.552));
#784=CARTESIAN_POINT('',(-1.112989122,-1.067231483,0.58166189));
#785=CARTESIAN_POINT('',(-1.11135008,-1.110824321,0.610970717));
#786=CARTESIAN_POINT('',(-1.10772687,-1.154530719,0.64));
#787=B_SPLINE_CURVE_WITH_KNOTS('',3,(#783,#784,#785,#786),.UNSPECIFIED.,.F.,.F.,(4,4),(0.,0.000157665),.UNSPECIFIED.);
#788=EDGE_CURVE('',#755,#782,#787,.T.);
#789=ORIENTED_EDGE('',*,*,#788,.T.);
#790=CARTESIAN_POINT('',(-1.527336685,-0.47669975,0.64));
#791=VERTEX_POINT('',#790);
#792=CARTESIAN_POINT('',(0.,0.,0.64));
#793=DIRECTION('',(-0.,-0.,1.));
#794=DIRECTION('',(-1.,0.,0.));
#795=AXIS2_PLACEMENT_3D('',#792,#793,#794);
#796=CIRCLE('',#795,1.6);
#797=EDGE_CURVE('',#791,#782,#796,.T.);
#798=ORIENTED_EDGE('',*,*,#797,.F.);
#799=CARTESIAN_POINT('',(-1.468603196,-0.359650737,0.552));
#800=VERTEX_POINT('',#799);
#801=CARTESIAN_POINT('',(-1.527336685,-0.47669975,0.64));
#802=CARTESIAN_POINT('',(-1.509402342,-0.43664784,0.610947178));
#803=CARTESIAN_POINT('',(-1.489818702,-0.39761675,0.581637345));
#804=CARTESIAN_POINT('',(-1.468603196,-0.359650737,0.552));
#805=B_SPLINE_CURVE_WITH_KNOTS('',3,(#801,#802,#803,#804),.UNSPECIFIED.,.F.,.F.,(4,4),(0.,0.000157779),.UNSPECIFIED.);
#806=EDGE_CURVE('',#791,#800,#805,.T.);
#807=ORIENTED_EDGE('',*,*,#806,.T.);
#808=CARTESIAN_POINT('',(-1.50192251,-0.174277861,0.552));
#809=VERTEX_POINT('',#808);
#810=CARTESIAN_POINT('',(-1.468603196,-0.359650737,0.552));
#811=CARTESIAN_POINT('',(-1.455719799,-0.33659533,0.53400232));
#812=CARTESIAN_POINT('',(-1.445013337,-0.311397276,0.517981283));
#813=CARTESIAN_POINT('',(-1.435762708,-0.284517655,0.503681949));
#814=CARTESIAN_POINT('',(-1.426512078,-0.257638034,0.489382616));
#815=CARTESIAN_POINT('',(-1.418372481,-0.22907703,0.476438759));
#816=CARTESIAN_POINT('',(-1.414989548,-0.198301465,0.468817305));
#817=CARTESIAN_POINT('',(-1.413298081,-0.182913682,0.465006578));
#818=CARTESIAN_POINT('',(-1.412495938,-0.166256347,0.462162972));
#819=CARTESIAN_POINT('',(-1.417102835,-0.151219272,0.465148313));
#820=CARTESIAN_POINT('',(-1.419406284,-0.143700735,0.466640984));
#821=CARTESIAN_POINT('',(-1.423489991,-0.137052354,0.470066777));
#822=CARTESIAN_POINT('',(-1.428788179,-0.133481205,0.475009718));
#823=CARTESIAN_POINT('',(-1.434086367,-0.129910057,0.479952659));
#824=CARTESIAN_POINT('',(-1.439960599,-0.129297766,0.485753905));
#825=CARTESIAN_POINT('',(-1.445564317,-0.130096586,0.491406668));
#826=CARTESIAN_POINT('',(-1.456771752,-0.131694227,0.502712194));
#827=CARTESIAN_POINT('',(-1.467054369,-0.138366829,0.513548632));
#828=CARTESIAN_POINT('',(-1.476368904,-0.146276983,0.523597687));
#829=CARTESIAN_POINT('',(-1.485683438,-0.154187136,0.533646742));
#830=CARTESIAN_POINT('',(-1.49411251,-0.163707424,0.543023671));
#831=CARTESIAN_POINT('',(-1.50192251,-0.174277861,0.552));
#832=B_SPLINE_CURVE_WITH_KNOTS('',3,(#810,#811,#812,#813,#814,#815,#816,#817,#818,#819,#820,#821,#822,#823,#824,#825,#826,#827,#828,#829,#830,#831),.UNSPECIFIED.,.F.,.F.,(4,3,3,3,3,3,3,4),(0.,0.00009516,0.000190319,0.000237899,0.000261689,0.000285479,0.000333059,0.000380639),.UNSPECIFIED.);
#833=EDGE_CURVE('',#800,#809,#832,.T.);
#834=ORIENTED_EDGE('',*,*,#833,.T.);
#835=CARTESIAN_POINT('',(-1.574785993,-0.282929455,0.64));
#836=VERTEX_POINT('',#835);
#837=CARTESIAN_POINT('',(-1.50192251,-0.174277861,0.552));
#838=CARTESIAN_POINT('',(-1.527730041,-0.209209814,0.58166189));
#839=CARTESIAN_POINT('',(-1.552027255,-0.245440566,0.610970717));
#840=CARTESIAN_POINT('',(-1.574785993,-0.282929455,0.64));
#841=B_SPLINE_CURVE_WITH_KNOTS('',3,(#837,#838,#839,#840),.UNSPECIFIED.,.F.,.F.,(4,4),(0.,0.000157665),.UNSPECIFIED.);
#842=EDGE_CURVE('',#809,#836,#841,.T.);
#843=ORIENTED_EDGE('',*,*,#842,.T.);
#844=CARTESIAN_POINT('',(-1.515838417,0.51208778,0.64));
#845=VERTEX_POINT('',#844);
#846=CARTESIAN_POINT('',(0.,0.,0.64));
#847=DIRECTION('',(-0.,-0.,1.));
#848=DIRECTION('',(-1.,0.,0.));
#849=AXIS2_PLACEMENT_3D('',#846,#847,#848);
#850=CIRCLE('',#849,1.6);
#851=EDGE_CURVE('',#845,#836,#850,.T.);
#852=ORIENTED_EDGE('',*,*,#851,.F.);
#853=CARTESIAN_POINT('',(-1.399522343,0.572259742,0.552));
#854=VERTEX_POINT('',#853);
#855=CARTESIAN_POINT('',(-1.515838417,0.51208778,0.64));
#856=CARTESIAN_POINT('',(-1.477787307,0.533948913,0.610947178));
#857=CARTESIAN_POINT('',(-1.439001911,0.554014754,0.581637345));
#858=CARTESIAN_POINT('',(-1.399522343,0.572259742,0.552));
#859=B_SPLINE_CURVE_WITH_KNOTS('',3,(#855,#856,#857,#858),.UNSPECIFIED.,.F.,.F.,(4,4),(0.,0.000157779),.UNSPECIFIED.);
#860=EDGE_CURVE('',#845,#854,#859,.T.);
#861=ORIENTED_EDGE('',*,*,#860,.T.);
#862=CARTESIAN_POINT('',(-1.317518791,0.741814151,0.552));
#863=VERTEX_POINT('',#862);
#864=CARTESIAN_POINT('',(-1.399522343,0.572259742,0.552));
#865=CARTESIAN_POINT('',(-1.375547827,0.583339287,0.53400232));
#866=CARTESIAN_POINT('',(-1.352075073,0.597431841,0.517981283));
#867=CARTESIAN_POINT('',(-1.328791712,0.613740527,0.503681949));
#868=CARTESIAN_POINT('',(-1.305508351,0.630049214,0.489382616));
#869=CARTESIAN_POINT('',(-1.282135541,0.648371217,0.476438759));
#870=CARTESIAN_POINT('',(-1.261309267,0.671280733,0.468817305));
#871=CARTESIAN_POINT('',(-1.25089613,0.682735492,0.465006578));
#872=CARTESIAN_POINT('',(-1.240456247,0.695740071,0.462162972));
#873=CARTESIAN_POINT('',(-1.235344735,0.710613186,0.465148313));
#874=CARTESIAN_POINT('',(-1.232788979,0.718049744,0.466640984));
#875=CARTESIAN_POINT('',(-1.232184946,0.72582874,0.470066777));
#876=CARTESIAN_POINT('',(-1.234372202,0.731832057,0.475009718));
#877=CARTESIAN_POINT('',(-1.236559458,0.737835373,0.479952659));
#878=CARTESIAN_POINT('',(-1.240951916,0.741783514,0.485753905));
#879=CARTESIAN_POINT('',(-1.245954954,0.744431037,0.491406668));
#880=CARTESIAN_POINT('',(-1.255961028,0.749726084,0.502712194));
#881=CARTESIAN_POINT('',(-1.268201898,0.750371806,0.513548632));
#882=CARTESIAN_POINT('',(-1.280386986,0.749447304,0.523597687));
#883=CARTESIAN_POINT('',(-1.292572075,0.748522801,0.533646742));
#884=CARTESIAN_POINT('',(-1.304987221,0.74577521,0.543023671));
#885=CARTESIAN_POINT('',(-1.317518791,0.741814151,0.552));
#886=B_SPLINE_CURVE_WITH_KNOTS('',3,(#864,#865,#866,#867,#868,#869,#870,#871,#872,#873,#874,#875,#876,#877,#878,#879,#880,#881,#882,#883,#884,#885),.UNSPECIFIED.,.F.,.F.,(4,3,3,3,3,3,3,4),(0.,0.00009516,0.000190319,0.000237899,0.000261689,0.000285479,0.000333059,0.000380639),.UNSPECIFIED.);
#887=EDGE_CURVE('',#854,#863,#886,.T.);
#888=ORIENTED_EDGE('',*,*,#887,.T.);
#889=CARTESIAN_POINT('',(-1.440330392,0.696741245,0.64));
#890=VERTEX_POINT('',#889);
#891=CARTESIAN_POINT('',(-1.317518791,0.741814151,0.552));
#892=CARTESIAN_POINT('',(-1.35893001,0.728722892,0.58166189));
#893=CARTESIAN_POINT('',(-1.39988277,0.713693143,0.610970717));
#894=CARTESIAN_POINT('',(-1.440330392,0.696741245,0.64));
#895=B_SPLINE_CURVE_WITH_KNOTS('',3,(#891,#892,#893,#894),.UNSPECIFIED.,.F.,.F.,(4,4),(0.,0.000157665),.UNSPECIFIED.);
#896=EDGE_CURVE('',#863,#890,#895,.T.);
#897=ORIENTED_EDGE('',*,*,#896,.T.);
#898=CARTESIAN_POINT('',(-0.925341395,1.305275183,0.64));
#899=VERTEX_POINT('',#898);
#900=CARTESIAN_POINT('',(0.,0.,0.64));
#901=DIRECTION('',(-0.,-0.,1.));
#902=DIRECTION('',(-1.,0.,0.));
#903=AXIS2_PLACEMENT_3D('',#900,#901,#902);
#904=CIRCLE('',#903,1.6);
#905=EDGE_CURVE('',#899,#890,#904,.T.);
#906=ORIENTED_EDGE('',*,*,#905,.F.);
#907=CARTESIAN_POINT('',(-0.795871523,1.28558645,0.552));
#908=VERTEX_POINT('',#907);
#909=CARTESIAN_POINT('',(-0.925341395,1.305275183,0.64));
#910=CARTESIAN_POINT('',(-0.881707749,1.30059533,0.610947178));
#911=CARTESIAN_POINT('',(-0.838535299,1.294031452,0.581637345));
#912=CARTESIAN_POINT('',(-0.795871523,1.28558645,0.552));
#913=B_SPLINE_CURVE_WITH_KNOTS('',3,(#909,#910,#911,#912),.UNSPECIFIED.,.F.,.F.,(4,4),(0.,0.000157779),.UNSPECIFIED.);
#914=EDGE_CURVE('',#899,#908,#913,.T.);
#915=ORIENTED_EDGE('',*,*,#914,.T.);
#916=CARTESIAN_POINT('',(-0.629867675,1.37455837,0.552));
#917=VERTEX_POINT('',#916);
#918=CARTESIAN_POINT('',(-0.795871523,1.28558645,0.552));
#919=CARTESIAN_POINT('',(-0.769963339,1.280458124,0.53400232));
#920=CARTESIAN_POINT('',(-0.742690087,1.2780623,0.517981283));
#921=CARTESIAN_POINT('',(-0.714267446,1.277570688,0.503681949));
#922=CARTESIAN_POINT('',(-0.685844806,1.277079076,0.489382616));
#923=CARTESIAN_POINT('',(-0.656166403,1.278163696,0.476438759));
#924=CARTESIAN_POINT('',(-0.625851717,1.284456507,0.468817305));
#925=CARTESIAN_POINT('',(-0.610694374,1.287602913,0.465006578));
#926=CARTESIAN_POINT('',(-0.594604431,1.291987429,0.462162972));
#927=CARTESIAN_POINT('',(-0.581726933,1.301015561,0.465148313));
#928=CARTESIAN_POINT('',(-0.575288185,1.305529627,0.466640984));
#929=CARTESIAN_POINT('',(-0.570227133,1.311467925,0.470066777));
#930=CARTESIAN_POINT('',(-0.568467999,1.317610347,0.475009718));
#931=CARTESIAN_POINT('',(-0.566708865,1.323752769,0.479952659));
#932=CARTESIAN_POINT('',(-0.56794178,1.329528704,0.485753905));
#933=CARTESIAN_POINT('',(-0.570433147,1.334611307,0.491406668));
#934=CARTESIAN_POINT('',(-0.575415881,1.344776513,0.502712194));
#935=CARTESIAN_POINT('',(-0.584939406,1.352493916,0.513548632));
#936=CARTESIAN_POINT('',(-0.595340759,1.358908193,0.523597687));
#937=CARTESIAN_POINT('',(-0.605742111,1.36532247,0.533646742));
#938=CARTESIAN_POINT('',(-0.617401169,1.370397062,0.543023671));
#939=CARTESIAN_POINT('',(-0.629867675,1.37455837,0.552));
#940=B_SPLINE_CURVE_WITH_KNOTS('',3,(#918,#919,#920,#921,#922,#923,#924,#925,#926,#927,#928,#929,#930,#931,#932,#933,#934,#935,#936,#937,#938,#939),.UNSPECIFIED.,.F.,.F.,(4,3,3,3,3,3,3,4),(0.,0.00009516,0.000190319,0.000237899,0.000261689,0.000285479,0.000333059,0.000380639),.UNSPECIFIED.);
#941=EDGE_CURVE('',#908,#917,#940,.T.);
#942=ORIENTED_EDGE('',*,*,#941,.T.);
#943=CARTESIAN_POINT('',(-0.755717536,1.410280471,0.64));
#944=VERTEX_POINT('',#943);
#945=CARTESIAN_POINT('',(-0.629867675,1.37455837,0.552));
#946=CARTESIAN_POINT('',(-0.671064903,1.388308223,0.58166189));
#947=CARTESIAN_POINT('',(-0.713030647,1.400220328,0.610970717));
#948=CARTESIAN_POINT('',(-0.755717536,1.410280471,0.64));
#949=B_SPLINE_CURVE_WITH_KNOTS('',3,(#945,#946,#947,#948),.UNSPECIFIED.,.F.,.F.,(4,4),(0.,0.000157665),.UNSPECIFIED.);
#950=EDGE_CURVE('',#917,#944,#949,.T.);
#951=ORIENTED_EDGE('',*,*,#950,.T.);
#952=CARTESIAN_POINT('',(0.018604588,1.59989183,0.64));
#953=VERTEX_POINT('',#952);
#954=CARTESIAN_POINT('',(0.,0.,0.64));
#955=DIRECTION('',(-0.,-0.,1.));
#956=DIRECTION('',(-1.,0.,0.));
#957=AXIS2_PLACEMENT_3D('',#954,#955,#956);
#958=CIRCLE('',#957,1.6);
#959=EDGE_CURVE('',#953,#944,#958,.T.);
#960=ORIENTED_EDGE('',*,*,#959,.F.);
#961=CARTESIAN_POINT('',(0.111775168,1.507862829,0.552));
#962=VERTEX_POINT('',#961);
#963=CARTESIAN_POINT('',(0.018604588,1.59989183,0.64));
#964=CARTESIAN_POINT('',(0.051154201,1.570458536,0.610947178));
#965=CARTESIAN_POINT('',(0.082223296,1.539772118,0.581637345));
#966=CARTESIAN_POINT('',(0.111775168,1.507862829,0.552));
#967=B_SPLINE_CURVE_WITH_KNOTS('',3,(#963,#964,#965,#966),.UNSPECIFIED.,.F.,.F.,(4,4),(0.,0.000157779),.UNSPECIFIED.);
#968=EDGE_CURVE('',#953,#962,#967,.T.);
#969=ORIENTED_EDGE('',*,*,#968,.T.);
#970=CARTESIAN_POINT('',(0.298371485,1.482268011,0.552));
#971=VERTEX_POINT('',#970);
#972=CARTESIAN_POINT('',(0.111775168,1.507862829,0.552));
#973=CARTESIAN_POINT('',(0.129720975,1.488485478,0.53400232));
#974=CARTESIAN_POINT('',(0.15037727,1.470516401,0.517981283));
#975=CARTESIAN_POINT('',(0.173082707,1.45341227,0.503681949));
#976=CARTESIAN_POINT('',(0.195788144,1.436308138,0.489382616));
#977=CARTESIAN_POINT('',(0.220435999,1.419741086,0.476438759));
#978=CARTESIAN_POINT('',(0.248659917,1.407013552,0.468817305));
#979=CARTESIAN_POINT('',(0.262771876,1.400649785,0.465006578));
#980=CARTESIAN_POINT('',(0.278366067,1.394739502,0.462162972));
#981=CARTESIAN_POINT('',(0.294090784,1.394474211,0.465148313));
#982=CARTESIAN_POINT('',(0.301953143,1.394341565,0.466640984));
#983=CARTESIAN_POINT('',(0.309538064,1.396170938,0.470066777));
#984=CARTESIAN_POINT('',(0.314571658,1.400106269,0.475009718));
#985=CARTESIAN_POINT('',(0.319605253,1.404041599,0.479952659));
#986=CARTESIAN_POINT('',(0.322002813,1.409439118,0.485753905));
#987=CARTESIAN_POINT('',(0.322974734,1.415015419,0.491406668));
#988=CARTESIAN_POINT('',(0.324918576,1.426168022,0.502712194));
#989=CARTESIAN_POINT('',(0.321750057,1.438009319,0.513548632));
#990=CARTESIAN_POINT('',(0.317105404,1.44931234,0.523597687));
#991=CARTESIAN_POINT('',(0.31246075,1.460615361,0.533646742));
#992=CARTESIAN_POINT('',(0.306011145,1.471573814,0.543023671));
#993=CARTESIAN_POINT('',(0.298371485,1.482268011,0.552));
#994=B_SPLINE_CURVE_WITH_KNOTS('',3,(#972,#973,#974,#975,#976,#977,#978,#979,#980,#981,#982,#983,#984,#985,#986,#987,#988,#989,#990,#991,#992,#993),.UNSPECIFIED.,.F.,.F.,(4,3,3,3,3,3,3,4),(0.,0.00009516,0.000190319,0.000237899,0.000261689,0.000285479,0.000333059,0.000380639),.UNSPECIFIED.);
#995=EDGE_CURVE('',#962,#971,#994,.T.);
#996=ORIENTED_EDGE('',*,*,#995,.T.);
#997=CARTESIAN_POINT('',(0.217553733,1.58514049,0.64));
#998=VERTEX_POINT('',#997);
#999=CARTESIAN_POINT('',(0.298371485,1.482268011,0.552));
#1000=CARTESIAN_POINT('',(0.273124188,1.517606999,0.58166189));
#1001=CARTESIAN_POINT('',(0.246174948,1.55191094,0.610970717));
#1002=CARTESIAN_POINT('',(0.217553733,1.58514049,0.64));
#1003=B_SPLINE_CURVE_WITH_KNOTS('',3,(#999,#1000,#1001,#1002),.UNSPECIFIED.,.F.,.F.,(4,4),(0.,0.000157665),.UNSPECIFIED.);
#1004=EDGE_CURVE('',#971,#998,#1003,.T.);
#1005=ORIENTED_EDGE('',*,*,#1004,.T.);
#1006=CARTESIAN_POINT('',(0.955444251,1.283404177,0.64));
#1007=VERTEX_POINT('',#1006);
#1008=CARTESIAN_POINT('',(0.,0.,0.64));
#1009=DIRECTION('',(-0.,-0.,1.));
#1010=DIRECTION('',(-1.,0.,0.));
#1011=AXIS2_PLACEMENT_3D('',#1008,#1009,#1010);
#1012=CIRCLE('',#1011,1.6);
#1013=EDGE_CURVE('',#1007,#998,#1012,.T.);
#1014=ORIENTED_EDGE('',*,*,#1013,.F.);
#1015=CARTESIAN_POINT('',(0.976727544,1.154186859,0.552));
#1016=VERTEX_POINT('',#1015);
#1017=CARTESIAN_POINT('',(0.955444251,1.283404177,0.64));
#1018=CARTESIAN_POINT('',(0.964476985,1.240459959,0.610947178));
#1019=CARTESIAN_POINT('',(0.971575387,1.19737217,0.581637345));
#1020=CARTESIAN_POINT('',(0.976727544,1.154186859,0.552));
#1021=B_SPLINE_CURVE_WITH_KNOTS('',3,(#1017,#1018,#1019,#1020),.UNSPECIFIED.,.F.,.F.,(4,4),(0.,0.000157779),.UNSPECIFIED.);
#1022=EDGE_CURVE('',#1007,#1016,#1021,.T.);
#1023=ORIENTED_EDGE('',*,*,#1022,.T.);
#1024=CARTESIAN_POINT('',(1.112642879,1.023801653,0.552));
#1025=VERTEX_POINT('',#1024);
#1026=CARTESIAN_POINT('',(0.976727544,1.154186859,0.552));
#1027=CARTESIAN_POINT('',(0.979856286,1.127961971,0.53400232));
#1028=CARTESIAN_POINT('',(0.986005621,1.101283217,0.517981283));
#1029=CARTESIAN_POINT('',(0.994321149,1.074099764,0.503681949));
#1030=CARTESIAN_POINT('',(1.002636677,1.04691631,0.489382616));
#1031=CARTESIAN_POINT('',(1.012839342,1.019025637,0.476438759));
#1032=CARTESIAN_POINT('',(1.028191914,0.992139243,0.468817305));
#1033=CARTESIAN_POINT('',(1.035868201,0.978696046,0.465006578));
#1034=CARTESIAN_POINT('',(1.045010189,0.964748491,0.462162972));
#1035=CARTESIAN_POINT('',(1.057575818,0.955291109,0.465148313));
#1036=CARTESIAN_POINT('',(1.063858633,0.950562418,0.466640984));
#1037=CARTESIAN_POINT('',(1.071070241,0.947584107,0.470066777));
#1038=CARTESIAN_POINT('',(1.077455634,0.947809184,0.475009718));
#1039=CARTESIAN_POINT('',(1.083841027,0.948034261,0.479952659));
#1040=CARTESIAN_POINT('',(1.088953276,0.950991694,0.485753905));
#1041=CARTESIAN_POINT('',(1.093017244,0.954931736,0.491406668));
#1042=CARTESIAN_POINT('',(1.10114518,0.962811819,0.502712194));
#1043=CARTESIAN_POINT('',(1.105541935,0.974254039,0.513548632));
#1044=CARTESIAN_POINT('',(1.10842808,0.986128433,0.523597687));
#1045=CARTESIAN_POINT('',(1.111314225,0.998002828,0.533646742));
#1046=CARTESIAN_POINT('',(1.112537602,1.010659386,0.543023671));
#1047=CARTESIAN_POINT('',(1.112642879,1.023801653,0.552));
#1048=B_SPLINE_CURVE_WITH_KNOTS('',3,(#1026,#1027,#1028,#1029,#1030,#1031,#1032,#1033,#1034,#1035,#1036,#1037,#1038,#1039,#1040,#1041,#1042,#1043,#1044,#1045,#1046,#1047),.UNSPECIFIED.,.F.,.F.,(4,3,3,3,3,3,3,4),(0.,0.00009516,0.000190319,0.000237899,0.000261689,0.000285479,0.000333059,0.000380639),.UNSPECIFIED.);
#1049=EDGE_CURVE('',#1016,#1025,#1048,.T.);
#1050=ORIENTED_EDGE('',*,*,#1049,.T.);
#1051=CARTESIAN_POINT('',(1.10772687,1.154530719,0.64));
#1052=VERTEX_POINT('',#1051);
#1053=CARTESIAN_POINT('',(1.112642879,1.023801653,0.552));
#1054=CARTESIAN_POINT('',(1.112989122,1.067231483,0.58166189));
#1055=CARTESIAN_POINT('',(1.11135008,1.110824321,0.610970717));
#1056=CARTESIAN_POINT('',(1.10772687,1.154530719,0.64));
#1057=B_SPLINE_CURVE_WITH_KNOTS('',3,(#1053,#1054,#1055,#1056),.UNSPECIFIED.,.F.,.F.,(4,4),(0.,0.000157665),.UNSPECIFIED.);
#1058=EDGE_CURVE('',#1025,#1052,#1057,.T.);
#1059=ORIENTED_EDGE('',*,*,#1058,.T.);
#1060=CARTESIAN_POINT('',(1.527336685,0.47669975,0.64));
#1061=VERTEX_POINT('',#1060);
#1062=CARTESIAN_POINT('',(0.,0.,0.64));
#1063=DIRECTION('',(-0.,-0.,1.));
#1064=DIRECTION('',(-1.,0.,0.));
#1065=AXIS2_PLACEMENT_3D('',#1062,#1063,#1064);
#1066=CIRCLE('',#1065,1.6);
#1067=EDGE_CURVE('',#1061,#1052,#1066,.T.);
#1068=ORIENTED_EDGE('',*,*,#1067,.F.);
#1069=CARTESIAN_POINT('',(1.468603196,0.359650737,0.552));
#1070=VERTEX_POINT('',#1069);
#1071=CARTESIAN_POINT('',(1.527336685,0.47669975,0.64));
#1072=CARTESIAN_POINT('',(1.509402342,0.43664784,0.610947178));
#1073=CARTESIAN_POINT('',(1.489818702,0.39761675,0.581637345));
#1074=CARTESIAN_POINT('',(1.468603196,0.359650737,0.552));
#1075=B_SPLINE_CURVE_WITH_KNOTS('',3,(#1071,#1072,#1073,#1074),.UNSPECIFIED.,.F.,.F.,(4,4),(0.,0.000157779),.UNSPECIFIED.);
#1076=EDGE_CURVE('',#1061,#1070,#1075,.T.);
#1077=ORIENTED_EDGE('',*,*,#1076,.T.);
#1078=CARTESIAN_POINT('',(1.50192251,0.174277861,0.552));
#1079=VERTEX_POINT('',#1078);
#1080=CARTESIAN_POINT('',(1.468603196,0.359650737,0.552));
#1081=CARTESIAN_POINT('',(1.455719799,0.33659533,0.53400232));
#1082=CARTESIAN_POINT('',(1.445013337,0.311397276,0.517981283));
#1083=CARTESIAN_POINT('',(1.435762708,0.284517655,0.503681949));
#1084=CARTESIAN_POINT('',(1.426512078,0.257638034,0.489382616));
#1085=CARTESIAN_POINT('',(1.418372481,0.22907703,0.476438759));
#1086=CARTESIAN_POINT('',(1.414989548,0.198301465,0.468817305));
#1087=CARTESIAN_POINT('',(1.413298081,0.182913682,0.465006578));
#1088=CARTESIAN_POINT('',(1.412495938,0.166256347,0.462162972));
#1089=CARTESIAN_POINT('',(1.417102835,0.151219272,0.465148313));
#1090=CARTESIAN_POINT('',(1.419406284,0.143700735,0.466640984));
#1091=CARTESIAN_POINT('',(1.423489991,0.137052354,0.470066777));
#1092=CARTESIAN_POINT('',(1.428788179,0.133481205,0.475009718));
#1093=CARTESIAN_POINT('',(1.434086367,0.129910057,0.479952659));
#1094=CARTESIAN_POINT('',(1.439960599,0.129297766,0.485753905));
#1095=CARTESIAN_POINT('',(1.445564317,0.130096586,0.491406668));
#1096=CARTESIAN_POINT('',(1.456771752,0.131694227,0.502712194));
#1097=CARTESIAN_POINT('',(1.467054369,0.138366829,0.513548632));
#1098=CARTESIAN_POINT('',(1.476368904,0.146276983,0.523597687));
#1099=CARTESIAN_POINT('',(1.485683438,0.154187136,0.533646742));
#1100=CARTESIAN_POINT('',(1.49411251,0.163707424,0.543023671));
#1101=CARTESIAN_POINT('',(1.50192251,0.174277861,0.552));
#1102=B_SPLINE_CURVE_WITH_KNOTS('',3,(#1080,#1081,#1082,#1083,#1084,#1085,#1086,#1087,#1088,#1089,#1090,#1091,#1092,#1093,#1094,#1095,#1096,#1097,#1098,#1099,#1100,#1101),.UNSPECIFIED.,.F.,.F.,(4,3,3,3,3,3,3,4),(0.,0.00009516,0.000190319,0.000237899,0.000261689,0.000285479,0.000333059,0.000380639),.UNSPECIFIED.);
#1103=EDGE_CURVE('',#1070,#1079,#1102,.T.);
#1104=ORIENTED_EDGE('',*,*,#1103,.T.);
#1105=CARTESIAN_POINT('',(1.574785993,0.282929455,0.64));
#1106=VERTEX_POINT('',#1105);
#1107=CARTESIAN_POINT('',(1.50192251,0.174277861,0.552));
#1108=CARTESIAN_POINT('',(1.527730041,0.209209814,0.58166189));
#1109=CARTESIAN_POINT('',(1.552027255,0.245440566,0.610970717));
#1110=CARTESIAN_POINT('',(1.574785993,0.282929455,0.64));
#1111=B_SPLINE_CURVE_WITH_KNOTS('',3,(#1107,#1108,#1109,#1110),.UNSPECIFIED.,.F.,.F.,(4,4),(0.,0.000157665),.UNSPECIFIED.);
#1112=EDGE_CURVE('',#1079,#1106,#1111,.T.);
#1113=ORIENTED_EDGE('',*,*,#1112,.T.);
#1114=CARTESIAN_POINT('',(0.,0.,0.64));
#1115=DIRECTION('',(-0.,-0.,1.));
#1116=DIRECTION('',(-1.,0.,0.));
#1117=AXIS2_PLACEMENT_3D('',#1114,#1115,#1116);
#1118=CIRCLE('',#1117,1.6);
#1119=EDGE_CURVE('',#568,#1106,#1118,.T.);
#1120=ORIENTED_EDGE('',*,*,#1119,.F.);
#1121=EDGE_LOOP('',(#576,#585,#592,#593,#602,#611,#638,#645,#646,#655,#682,#689,#690,#699,#726,#735,#744,#753,#780,#789,#798,#807,#834,#843,#852,#861,
#888,#897,#906,#915,#942,#951,#960,#969,#996,#1005,#1014,#1023,#1050,#1059,#1068,#1077,#1104,#1113,#1120));
#1122=FACE_BOUND('',#1121,.T.);
#1123=ADVANCED_FACE('',(#1122),#566,.T.);
#1124=CARTESIAN_POINT('',(0.,0.,0.));
#1125=DIRECTION('',(0.,0.,1.));
#1126=DIRECTION('',(1.,0.,0.));
#1127=AXIS2_PLACEMENT_3D('',#1124,#1125,#1126);
#1128=CYLINDRICAL_SURFACE('',#1127,1.6);
#1129=ORIENTED_EDGE('',*,*,#743,.T.);
#1130=CARTESIAN_POINT('',(-0.217554726,-1.585140354,0.639999115));
#1131=CARTESIAN_POINT('',(-0.171688265,-1.591435358,0.68088144));
#1132=CARTESIAN_POINT('',(-0.125534553,-1.595067734,0.7216));
#1133=CARTESIAN_POINT('',(0.031565906,-1.607431808,0.8602));
#1134=CARTESIAN_POINT('',(0.188059836,-1.588909531,0.9988));
#1135=CARTESIAN_POINT('',(0.245069131,-1.582162036,1.049290702));
#1136=CARTESIAN_POINT('',(0.301448264,-1.57134622,1.100007965));
#1137=(BOUNDED_CURVE()
B_SPLINE_CURVE(2,(#1130,#1131,#1132,#1133,#1134,#1135,#1136),.UNSPECIFIED.,.F.,.F.)
B_SPLINE_CURVE_WITH_KNOTS((3,2,2,3),(0.158647666,0.232344456,0.482344456,0.573696791),.UNSPECIFIED.)
CURVE()
GEOMETRIC_REPRESENTATION_ITEM()
RATIONAL_B_SPLINE_CURVE((0.997997928,0.998580519,1.,0.995184727,1.,0.998240454,0.997766817))
REPRESENTATION_ITEM(''));
#1138=EDGE_CURVE('',#728,#510,#1137,.T.);
#1139=ORIENTED_EDGE('',*,*,#1138,.T.);
#1140=ORIENTED_EDGE('',*,*,#516,.F.);
#1141=CARTESIAN_POINT('',(-0.494427191,-1.521690426,1.1));
#1142=CARTESIAN_POINT('',(-0.644300617,-1.472993598,0.9614));
#1143=CARTESIAN_POINT('',(-0.781793986,-1.395993611,0.8228));
#1144=CARTESIAN_POINT('',(-0.872266413,-1.345326618,0.731599397));
#1145=CARTESIAN_POINT('',(-0.955442173,-1.283405725,0.640002289));
#1146=(BOUNDED_CURVE()
B_SPLINE_CURVE(2,(#1141,#1142,#1143,#1144,#1145),.UNSPECIFIED.,.F.,.F.)
B_SPLINE_CURVE_WITH_KNOTS((3,2,3),(0.,0.25,0.414774597),.UNSPECIFIED.)
CURVE()
GEOMETRIC_REPRESENTATION_ITEM()
RATIONAL_B_SPLINE_CURVE((1.,0.995184727,1.,0.996826261,0.997836135))
REPRESENTATION_ITEM(''));
#1147=EDGE_CURVE('',#502,#737,#1146,.T.);
#1148=ORIENTED_EDGE('',*,*,#1147,.T.);
#1149=EDGE_LOOP('',(#1129,#1139,#1140,#1148));
#1150=FACE_BOUND('',#1149,.T.);
#1151=ADVANCED_FACE('',(#1150),#1128,.T.);
#1152=CARTESIAN_POINT('',(0.,0.,0.));
#1153=DIRECTION('',(0.,0.,1.));
#1154=DIRECTION('',(1.,0.,0.));
#1155=AXIS2_PLACEMENT_3D('',#1152,#1153,#1154);
#1156=CYLINDRICAL_SURFACE('',#1155,1.6);
#1157=ORIENTED_EDGE('',*,*,#797,.T.);
#1158=CARTESIAN_POINT('',(-1.107727593,-1.154530025,0.639999115));
#1159=CARTESIAN_POINT('',(-1.074320958,-1.18658242,0.68088144));
#1160=CARTESIAN_POINT('',(-1.039116877,-1.216649545,0.7216));
#1161=CARTESIAN_POINT('',(-0.919287356,-1.318993624,0.8602));
#1162=CARTESIAN_POINT('',(-0.781793986,-1.395993611,0.9988));
#1163=CARTESIAN_POINT('',(-0.73170642,-1.424043996,1.049290702));
#1164=CARTESIAN_POINT('',(-0.679737366,-1.44843264,1.100007965));
#1165=(BOUNDED_CURVE()
B_SPLINE_CURVE(2,(#1158,#1159,#1160,#1161,#1162,#1163,#1164),.UNSPECIFIED.,.F.,.F.)
B_SPLINE_CURVE_WITH_KNOTS((3,2,2,3),(0.158647666,0.232344456,0.482344456,0.573696791),.UNSPECIFIED.)
CURVE()
GEOMETRIC_REPRESENTATION_ITEM()
RATIONAL_B_SPLINE_CURVE((0.997997928,0.998580519,1.,0.995184727,1.,0.998240454,0.997766817))
REPRESENTATION_ITEM(''));
#1166=EDGE_CURVE('',#782,#466,#1165,.T.);
#1167=ORIENTED_EDGE('',*,*,#1166,.T.);
#1168=ORIENTED_EDGE('',*,*,#472,.F.);
#1169=CARTESIAN_POINT('',(-1.294427191,-0.940456404,1.1));
#1170=CARTESIAN_POINT('',(-1.387054062,-0.812966453,0.9614));
#1171=CARTESIAN_POINT('',(-1.453029078,-0.66985558,0.8228));
#1172=CARTESIAN_POINT('',(-1.496441497,-0.575686764,0.731599397));
#1173=CARTESIAN_POINT('',(-1.527335913,-0.476702223,0.640002289));
#1174=(BOUNDED_CURVE()
B_SPLINE_CURVE(2,(#1169,#1170,#1171,#1172,#1173),.UNSPECIFIED.,.F.,.F.)
B_SPLINE_CURVE_WITH_KNOTS((3,2,3),(0.,0.25,0.414774597),.UNSPECIFIED.)
CURVE()
GEOMETRIC_REPRESENTATION_ITEM()
RATIONAL_B_SPLINE_CURVE((1.,0.995184727,1.,0.996826261,0.997836135))
REPRESENTATION_ITEM(''));
#1175=EDGE_CURVE('',#458,#791,#1174,.T.);
#1176=ORIENTED_EDGE('',*,*,#1175,.T.);
#1177=EDGE_LOOP('',(#1157,#1167,#1168,#1176));
#1178=FACE_BOUND('',#1177,.T.);
#1179=ADVANCED_FACE('',(#1178),#1156,.T.);
#1180=CARTESIAN_POINT('',(0.,0.,0.));
#1181=DIRECTION('',(0.,0.,1.));
#1182=DIRECTION('',(1.,0.,0.));
#1183=AXIS2_PLACEMENT_3D('',#1180,#1181,#1182);
#1184=CYLINDRICAL_SURFACE('',#1183,1.6);
#1185=ORIENTED_EDGE('',*,*,#851,.T.);
#1186=CARTESIAN_POINT('',(-1.57478617,-0.282928468,0.639999115));
#1187=CARTESIAN_POINT('',(-1.566599559,-0.328495328,0.68088144));
#1188=CARTESIAN_POINT('',(-1.555791873,-0.373512582,0.7216));
#1189=CARTESIAN_POINT('',(-1.519004094,-0.526744707,0.8602));
#1190=CARTESIAN_POINT('',(-1.453029078,-0.66985558,0.9988));
#1191=CARTESIAN_POINT('',(-1.428994988,-0.721989551,1.049290702));
#1192=CARTESIAN_POINT('',(-1.401286426,-0.772267022,1.100007965));
#1193=(BOUNDED_CURVE()
B_SPLINE_CURVE(2,(#1186,#1187,#1188,#1189,#1190,#1191,#1192),.UNSPECIFIED.,.F.,.F.)
B_SPLINE_CURVE_WITH_KNOTS((3,2,2,3),(0.158647666,0.232344456,0.482344456,0.573696791),.UNSPECIFIED.)
CURVE()
GEOMETRIC_REPRESENTATION_ITEM()
RATIONAL_B_SPLINE_CURVE((0.997997928,0.998580519,1.,0.995184727,1.,0.998240454,0.997766817))
REPRESENTATION_ITEM(''));
#1194=EDGE_CURVE('',#836,#422,#1193,.T.);
#1195=ORIENTED_EDGE('',*,*,#1194,.T.);
#1196=ORIENTED_EDGE('',*,*,#428,.F.);
#1197=CARTESIAN_POINT('',(-1.6,0.,1.1));
#1198=CARTESIAN_POINT('',(-1.6,0.157586245,0.9614));
#1199=CARTESIAN_POINT('',(-1.569256449,0.312144515,0.8228));
#1200=CARTESIAN_POINT('',(-1.549026792,0.413845868,0.731599397));
#1201=CARTESIAN_POINT('',(-1.515839246,0.512085325,0.640002289));
#1202=(BOUNDED_CURVE()
B_SPLINE_CURVE(2,(#1197,#1198,#1199,#1200,#1201),.UNSPECIFIED.,.F.,.F.)
B_SPLINE_CURVE_WITH_KNOTS((3,2,3),(0.,0.25,0.414774597),.UNSPECIFIED.)
CURVE()
GEOMETRIC_REPRESENTATION_ITEM()
RATIONAL_B_SPLINE_CURVE((1.,0.995184727,1.,0.996826261,0.997836135))
REPRESENTATION_ITEM(''));
#1203=EDGE_CURVE('',#414,#845,#1202,.T.);
#1204=ORIENTED_EDGE('',*,*,#1203,.T.);
#1205=EDGE_LOOP('',(#1185,#1195,#1196,#1204));
#1206=FACE_BOUND('',#1205,.T.);
#1207=ADVANCED_FACE('',(#1206),#1184,.T.);
#1208=CARTESIAN_POINT('',(0.,0.,0.));
#1209=DIRECTION('',(0.,0.,1.));
#1210=DIRECTION('',(1.,0.,0.));
#1211=AXIS2_PLACEMENT_3D('',#1208,#1209,#1210);
#1212=CYLINDRICAL_SURFACE('',#1211,1.6);
#1213=ORIENTED_EDGE('',*,*,#905,.T.);
#1214=CARTESIAN_POINT('',(-1.440329955,0.696742148,0.639999115));
#1215=CARTESIAN_POINT('',(-1.460490376,0.655065815,0.68088144));
#1216=CARTESIAN_POINT('',(-1.478207252,0.612293492,0.7216));
#1217=CARTESIAN_POINT('',(-1.538512897,0.466702785,0.8602));
#1218=CARTESIAN_POINT('',(-1.569256449,0.312144515,0.9988));
#1219=CARTESIAN_POINT('',(-1.580456041,0.255840363,1.049290702));
#1220=CARTESIAN_POINT('',(-1.587591699,0.198878351,1.100007965));
#1221=(BOUNDED_CURVE()
B_SPLINE_CURVE(2,(#1214,#1215,#1216,#1217,#1218,#1219,#1220),.UNSPECIFIED.,.F.,.F.)
B_SPLINE_CURVE_WITH_KNOTS((3,2,2,3),(0.158647666,0.232344456,0.482344456,0.573696791),.UNSPECIFIED.)
CURVE()
GEOMETRIC_REPRESENTATION_ITEM()
RATIONAL_B_SPLINE_CURVE((0.997997928,0.998580519,1.,0.995184727,1.,0.998240454,0.997766817))
REPRESENTATION_ITEM(''));
#1222=EDGE_CURVE('',#890,#378,#1221,.T.);
#1223=ORIENTED_EDGE('',*,*,#1222,.T.);
#1224=ORIENTED_EDGE('',*,*,#384,.F.);
#1225=CARTESIAN_POINT('',(-1.294427191,0.940456404,1.1));
#1226=CARTESIAN_POINT('',(-1.20180032,1.067946354,0.9614));
#1227=CARTESIAN_POINT('',(-1.086081193,1.174916015,0.8228));
#1228=CARTESIAN_POINT('',(-1.009936502,1.245303444,0.731599397));
#1229=CARTESIAN_POINT('',(-0.925343509,1.305273684,0.640002289));
#1230=(BOUNDED_CURVE()
B_SPLINE_CURVE(2,(#1225,#1226,#1227,#1228,#1229),.UNSPECIFIED.,.F.,.F.)
B_SPLINE_CURVE_WITH_KNOTS((3,2,3),(0.,0.25,0.414774597),.UNSPECIFIED.)
CURVE()
GEOMETRIC_REPRESENTATION_ITEM()
RATIONAL_B_SPLINE_CURVE((1.,0.995184727,1.,0.996826261,0.997836135))
REPRESENTATION_ITEM(''));
#1231=EDGE_CURVE('',#370,#899,#1230,.T.);
#1232=ORIENTED_EDGE('',*,*,#1231,.T.);
#1233=EDGE_LOOP('',(#1213,#1223,#1224,#1232));
#1234=FACE_BOUND('',#1233,.T.);
#1235=ADVANCED_FACE('',(#1234),#1212,.T.);
#1236=CARTESIAN_POINT('',(0.,0.,0.));
#1237=DIRECTION('',(0.,0.,1.));
#1238=DIRECTION('',(1.,0.,0.));
#1239=AXIS2_PLACEMENT_3D('',#1236,#1237,#1238);
#1240=CYLINDRICAL_SURFACE('',#1239,1.6);
#1241=ORIENTED_EDGE('',*,*,#959,.T.);
#1242=CARTESIAN_POINT('',(-0.755716652,1.410280944,0.639999115));
#1243=CARTESIAN_POINT('',(-0.796523509,1.38841408,0.68088144));
#1244=CARTESIAN_POINT('',(-0.835997704,1.364224263,0.7216));
#1245=CARTESIAN_POINT('',(-0.970362066,1.281885676,0.8602));
#1246=CARTESIAN_POINT('',(-1.086081193,1.174916015,0.9988));
#1247=CARTESIAN_POINT('',(-1.128236604,1.135947954,1.049290702));
#1248=CARTESIAN_POINT('',(-1.167490903,1.094058953,1.100007965));
#1249=(BOUNDED_CURVE()
B_SPLINE_CURVE(2,(#1242,#1243,#1244,#1245,#1246,#1247,#1248),.UNSPECIFIED.,.F.,.F.)
B_SPLINE_CURVE_WITH_KNOTS((3,2,2,3),(0.158647666,0.232344456,0.482344456,0.573696791),.UNSPECIFIED.)
CURVE()
GEOMETRIC_REPRESENTATION_ITEM()
RATIONAL_B_SPLINE_CURVE((0.997997928,0.998580519,1.,0.995184727,1.,0.998240454,0.997766817))
REPRESENTATION_ITEM(''));
#1250=EDGE_CURVE('',#944,#334,#1249,.T.);
#1251=ORIENTED_EDGE('',*,*,#1250,.T.);
#1252=ORIENTED_EDGE('',*,*,#340,.F.);
#1253=CARTESIAN_POINT('',(-0.494427191,1.521690426,1.1));
#1254=CARTESIAN_POINT('',(-0.344553765,1.570387254,0.9614));
#1255=CARTESIAN_POINT('',(-0.188059836,1.588909531,0.8228));
#1256=CARTESIAN_POINT('',(-0.085084794,1.60109743,0.731599397));
#1257=CARTESIAN_POINT('',(0.018601997,1.599891861,0.640002289));
#1258=(BOUNDED_CURVE()
B_SPLINE_CURVE(2,(#1253,#1254,#1255,#1256,#1257),.UNSPECIFIED.,.F.,.F.)
B_SPLINE_CURVE_WITH_KNOTS((3,2,3),(0.,0.25,0.414774597),.UNSPECIFIED.)
CURVE()
GEOMETRIC_REPRESENTATION_ITEM()
RATIONAL_B_SPLINE_CURVE((1.,0.995184727,1.,0.996826261,0.997836135))
REPRESENTATION_ITEM(''));
#1259=EDGE_CURVE('',#326,#953,#1258,.T.);
#1260=ORIENTED_EDGE('',*,*,#1259,.T.);
#1261=EDGE_LOOP('',(#1241,#1251,#1252,#1260));
#1262=FACE_BOUND('',#1261,.T.);
#1263=ADVANCED_FACE('',(#1262),#1240,.T.);
#1264=CARTESIAN_POINT('',(0.,0.,0.));
#1265=DIRECTION('',(0.,0.,1.));
#1266=DIRECTION('',(1.,0.,0.));
#1267=AXIS2_PLACEMENT_3D('',#1264,#1265,#1266);
#1268=CYLINDRICAL_SURFACE('',#1267,1.6);
#1269=ORIENTED_EDGE('',*,*,#1013,.T.);
#1270=CARTESIAN_POINT('',(0.217554726,1.585140354,0.639999115));
#1271=CARTESIAN_POINT('',(0.171688265,1.591435358,0.68088144));
#1272=CARTESIAN_POINT('',(0.125534553,1.595067734,0.7216));
#1273=CARTESIAN_POINT('',(-0.031565906,1.607431808,0.8602));
#1274=CARTESIAN_POINT('',(-0.188059836,1.588909531,0.9988));
#1275=CARTESIAN_POINT('',(-0.245069131,1.582162036,1.049290702));
#1276=CARTESIAN_POINT('',(-0.301448264,1.57134622,1.100007965));
#1277=(BOUNDED_CURVE()
B_SPLINE_CURVE(2,(#1270,#1271,#1272,#1273,#1274,#1275,#1276),.UNSPECIFIED.,.F.,.F.)
B_SPLINE_CURVE_WITH_KNOTS((3,2,2,3),(0.158647666,0.232344456,0.482344456,0.573696791),.UNSPECIFIED.)
CURVE()
GEOMETRIC_REPRESENTATION_ITEM()
RATIONAL_B_SPLINE_CURVE((0.997997928,0.998580519,1.,0.995184727,1.,0.998240454,0.997766817))
REPRESENTATION_ITEM(''));
#1278=EDGE_CURVE('',#998,#290,#1277,.T.);
#1279=ORIENTED_EDGE('',*,*,#1278,.T.);
#1280=ORIENTED_EDGE('',*,*,#296,.F.);
#1281=CARTESIAN_POINT('',(0.494427191,1.521690426,1.1));
#1282=CARTESIAN_POINT('',(0.644300617,1.472993598,0.9614));
#1283=CARTESIAN_POINT('',(0.781793986,1.395993611,0.8228));
#1284=CARTESIAN_POINT('',(0.872266413,1.345326618,0.731599397));
#1285=CARTESIAN_POINT('',(0.955442173,1.283405725,0.640002289));
#1286=(BOUNDED_CURVE()
B_SPLINE_CURVE(2,(#1281,#1282,#1283,#1284,#1285),.UNSPECIFIED.,.F.,.F.)
B_SPLINE_CURVE_WITH_KNOTS((3,2,3),(0.,0.25,0.414774597),.UNSPECIFIED.)
CURVE()
GEOMETRIC_REPRESENTATION_ITEM()
RATIONAL_B_SPLINE_CURVE((1.,0.995184727,1.,0.996826261,0.997836135))
REPRESENTATION_ITEM(''));
#1287=EDGE_CURVE('',#282,#1007,#1286,.T.);
#1288=ORIENTED_EDGE('',*,*,#1287,.T.);
#1289=EDGE_LOOP('',(#1269,#1279,#1280,#1288));
#1290=FACE_BOUND('',#1289,.T.);
#1291=ADVANCED_FACE('',(#1290),#1268,.T.);
#1292=CARTESIAN_POINT('',(0.,0.,0.));
#1293=DIRECTION('',(0.,0.,1.));
#1294=DIRECTION('',(1.,0.,0.));
#1295=AXIS2_PLACEMENT_3D('',#1292,#1293,#1294);
#1296=CYLINDRICAL_SURFACE('',#1295,1.6);
#1297=ORIENTED_EDGE('',*,*,#1067,.T.);
#1298=CARTESIAN_POINT('',(1.107727593,1.154530025,0.639999115));
#1299=CARTESIAN_POINT('',(1.074320958,1.18658242,0.68088144));
#1300=CARTESIAN_POINT('',(1.039116877,1.216649545,0.7216));
#1301=CARTESIAN_POINT('',(0.919287356,1.318993624,0.8602));
#1302=CARTESIAN_POINT('',(0.781793986,1.395993611,0.9988));
#1303=CARTESIAN_POINT('',(0.73170642,1.424043996,1.049290702));
#1304=CARTESIAN_POINT('',(0.679737366,1.44843264,1.100007965));
#1305=(BOUNDED_CURVE()
B_SPLINE_CURVE(2,(#1298,#1299,#1300,#1301,#1302,#1303,#1304),.UNSPECIFIED.,.F.,.F.)
B_SPLINE_CURVE_WITH_KNOTS((3,2,2,3),(0.158647666,0.232344456,0.482344456,0.573696791),.UNSPECIFIED.)
CURVE()
GEOMETRIC_REPRESENTATION_ITEM()
RATIONAL_B_SPLINE_CURVE((0.997997928,0.998580519,1.,0.995184727,1.,0.998240454,0.997766817))
REPRESENTATION_ITEM(''));
#1306=EDGE_CURVE('',#1052,#246,#1305,.T.);
#1307=ORIENTED_EDGE('',*,*,#1306,.T.);
#1308=ORIENTED_EDGE('',*,*,#252,.F.);
#1309=CARTESIAN_POINT('',(1.294427191,0.940456404,1.1));
#1310=CARTESIAN_POINT('',(1.387054062,0.812966453,0.9614));
#1311=CARTESIAN_POINT('',(1.453029078,0.66985558,0.8228));
#1312=CARTESIAN_POINT('',(1.496441497,0.575686764,0.731599397));
#1313=CARTESIAN_POINT('',(1.527335913,0.476702223,0.640002289));
#1314=(BOUNDED_CURVE()
B_SPLINE_CURVE(2,(#1309,#1310,#1311,#1312,#1313),.UNSPECIFIED.,.F.,.F.)
B_SPLINE_CURVE_WITH_KNOTS((3,2,3),(0.,0.25,0.414774597),.UNSPECIFIED.)
CURVE()
GEOMETRIC_REPRESENTATION_ITEM()
RATIONAL_B_SPLINE_CURVE((1.,0.995184727,1.,0.996826261,0.997836135))
REPRESENTATION_ITEM(''));
#1315=EDGE_CURVE('',#238,#1061,#1314,.T.);
#1316=ORIENTED_EDGE('',*,*,#1315,.T.);
#1317=EDGE_LOOP('',(#1297,#1307,#1308,#1316));
#1318=FACE_BOUND('',#1317,.T.);
#1319=ADVANCED_FACE('',(#1318),#1296,.T.);
#1320=CARTESIAN_POINT('',(0.,0.,0.));
#1321=DIRECTION('',(0.,0.,1.));
#1322=DIRECTION('',(1.,0.,0.));
#1323=AXIS2_PLACEMENT_3D('',#1320,#1321,#1322);
#1324=CYLINDRICAL_SURFACE('',#1323,1.6);
#1325=CARTESIAN_POINT('',(1.6,0.,1.1));
#1326=DIRECTION('',(-0.,-0.,-1.));
#1327=VECTOR('',#1326,0.46);
#1328=LINE('',#1325,#1327);
#1329=EDGE_CURVE('',#194,#568,#1328,.T.);
#1330=ORIENTED_EDGE('',*,*,#1329,.T.);
#1331=ORIENTED_EDGE('',*,*,#1119,.T.);
#1332=CARTESIAN_POINT('',(1.57478617,0.282928468,0.639999115));
#1333=CARTESIAN_POINT('',(1.566599559,0.328495328,0.68088144));
#1334=CARTESIAN_POINT('',(1.555791873,0.373512582,0.7216));
#1335=CARTESIAN_POINT('',(1.519004094,0.526744707,0.8602));
#1336=CARTESIAN_POINT('',(1.453029078,0.66985558,0.9988));
#1337=CARTESIAN_POINT('',(1.428994988,0.721989551,1.049290702));
#1338=CARTESIAN_POINT('',(1.401286426,0.772267022,1.100007965));
#1339=(BOUNDED_CURVE()
B_SPLINE_CURVE(2,(#1332,#1333,#1334,#1335,#1336,#1337,#1338),.UNSPECIFIED.,.F.,.F.)
B_SPLINE_CURVE_WITH_KNOTS((3,2,2,3),(0.158647666,0.232344456,0.482344456,0.573696791),.UNSPECIFIED.)
CURVE()
GEOMETRIC_REPRESENTATION_ITEM()
RATIONAL_B_SPLINE_CURVE((0.997997928,0.998580519,1.,0.995184727,1.,0.998240454,0.997766817))
REPRESENTATION_ITEM(''));
#1340=EDGE_CURVE('',#1106,#202,#1339,.T.);
#1341=ORIENTED_EDGE('',*,*,#1340,.T.);
#1342=ORIENTED_EDGE('',*,*,#208,.F.);
#1343=EDGE_LOOP('',(#1330,#1331,#1341,#1342));
#1344=FACE_BOUND('',#1343,.T.);
#1345=ADVANCED_FACE('',(#1344),#1324,.T.);
#1346=CARTESIAN_POINT('',(0.,0.,0.));
#1347=DIRECTION('',(0.,0.,1.));
#1348=DIRECTION('',(1.,0.,0.));
#1349=AXIS2_PLACEMENT_3D('',#1346,#1347,#1348);
#1350=CYLINDRICAL_SURFACE('',#1349,1.6);
#1351=CARTESIAN_POINT('',(1.294427189,-0.940456402,2.032009549));
#1352=VERTEX_POINT('',#1351);
#1353=CARTESIAN_POINT('',(1.570626237,-0.305177364,1.432));
#1354=VERTEX_POINT('',#1353);
#1355=CARTESIAN_POINT('',(1.294427191,-0.940456404,2.032019097));
#1356=CARTESIAN_POINT('',(1.387054062,-0.812966453,1.897019097));
#1357=CARTESIAN_POINT('',(1.453029078,-0.66985558,1.762019097));
#1358=CARTESIAN_POINT('',(1.519004094,-0.526744707,1.627019097));
#1359=CARTESIAN_POINT('',(1.555791873,-0.373512582,1.492019097));
#1360=CARTESIAN_POINT('',(1.563955868,-0.339507093,1.462059707));
#1361=CARTESIAN_POINT('',(1.570626237,-0.305177364,1.432));
#1362=(BOUNDED_CURVE()
B_SPLINE_CURVE(2,(#1355,#1356,#1357,#1358,#1359,#1360,#1361),.UNSPECIFIED.,.F.,.F.)
B_SPLINE_CURVE_WITH_KNOTS((3,2,2,3),(0.,0.25,0.5,0.555689),.UNSPECIFIED.)
CURVE()
GEOMETRIC_REPRESENTATION_ITEM()
RATIONAL_B_SPLINE_CURVE((1.,0.995184727,1.,0.995184727,1.,0.998927369,0.998332608))
REPRESENTATION_ITEM(''));
#1363=EDGE_CURVE('',#1352,#1354,#1362,.T.);
#1364=ORIENTED_EDGE('',*,*,#1363,.F.);
#1365=CARTESIAN_POINT('',(0.684571218,-1.446154296,2.032));
#1366=VERTEX_POINT('',#1365);
#1367=CARTESIAN_POINT('',(0.,0.,2.032));
#1368=DIRECTION('',(0.,0.,1.));
#1369=DIRECTION('',(1.,0.,-0.));
#1370=AXIS2_PLACEMENT_3D('',#1367,#1368,#1369);
#1371=CIRCLE('',#1370,1.6);
#1372=EDGE_CURVE('',#1366,#1352,#1371,.T.);
#1373=ORIENTED_EDGE('',*,*,#1372,.F.);
#1374=CARTESIAN_POINT('',(1.231594716,-1.021359122,1.432));
#1375=VERTEX_POINT('',#1374);
#1376=CARTESIAN_POINT('',(1.231582218,-1.021374193,1.432016809));
#1377=CARTESIAN_POINT('',(1.143746183,-1.127287676,1.550143672));
#1378=CARTESIAN_POINT('',(1.039116877,-1.216649545,1.668019101));
#1379=CARTESIAN_POINT('',(0.919287356,-1.318993624,1.803019101));
#1380=CARTESIAN_POINT('',(0.781793986,-1.395993611,1.938019101));
#1381=CARTESIAN_POINT('',(0.73403875,-1.422737829,1.984908322));
#1382=CARTESIAN_POINT('',(0.684567517,-1.446156048,2.032003524));
#1383=(BOUNDED_CURVE()
B_SPLINE_CURVE(2,(#1376,#1377,#1378,#1379,#1380,#1381,#1382),.UNSPECIFIED.,.F.,.F.)
B_SPLINE_CURVE_WITH_KNOTS((3,2,2,3),(0.162894354,0.3813156,0.6313156,0.718421246),.UNSPECIFIED.)
CURVE()
GEOMETRIC_REPRESENTATION_ITEM()
RATIONAL_B_SPLINE_CURVE((0.998937177,0.995792968,1.,0.995184727,1.,0.99832225,0.997813632))
REPRESENTATION_ITEM(''));
#1384=EDGE_CURVE('',#1375,#1366,#1383,.T.);
#1385=ORIENTED_EDGE('',*,*,#1384,.F.);
#1386=CARTESIAN_POINT('',(0.,0.,1.432));
#1387=DIRECTION('',(0.,0.,1.));
#1388=DIRECTION('',(1.,0.,-0.));
#1389=AXIS2_PLACEMENT_3D('',#1386,#1387,#1388);
#1390=CIRCLE('',#1389,1.6);
#1391=EDGE_CURVE('',#1375,#1354,#1390,.T.);
#1392=ORIENTED_EDGE('',*,*,#1391,.T.);
#1393=EDGE_LOOP('',(#1364,#1373,#1385,#1392));
#1394=FACE_BOUND('',#1393,.T.);
#1395=ADVANCED_FACE('',(#1394),#1350,.T.);
#1396=CARTESIAN_POINT('',(0.,0.,0.));
#1397=DIRECTION('',(0.,0.,1.));
#1398=DIRECTION('',(1.,0.,0.));
#1399=AXIS2_PLACEMENT_3D('',#1396,#1397,#1398);
#1400=CYLINDRICAL_SURFACE('',#1399,1.6);
#1401=CARTESIAN_POINT('',(0.49442719,-1.521690424,2.032009549));
#1402=VERTEX_POINT('',#1401);
#1403=CARTESIAN_POINT('',(1.091284563,-1.170084613,1.432));
#1404=VERTEX_POINT('',#1403);
#1405=CARTESIAN_POINT('',(0.494427191,-1.521690426,2.032019097));
#1406=CARTESIAN_POINT('',(0.644300617,-1.472993598,1.897019097));
#1407=CARTESIAN_POINT('',(0.781793986,-1.395993611,1.762019097));
#1408=CARTESIAN_POINT('',(0.919287356,-1.318993624,1.627019097));
#1409=CARTESIAN_POINT('',(1.039116877,-1.216649545,1.492019097));
#1410=CARTESIAN_POINT('',(1.065709613,-1.193937203,1.462059707));
#1411=CARTESIAN_POINT('',(1.091284563,-1.170084613,1.432));
#1412=(BOUNDED_CURVE()
B_SPLINE_CURVE(2,(#1405,#1406,#1407,#1408,#1409,#1410,#1411),.UNSPECIFIED.,.F.,.F.)
B_SPLINE_CURVE_WITH_KNOTS((3,2,2,3),(0.,0.25,0.5,0.555689),.UNSPECIFIED.)
CURVE()
GEOMETRIC_REPRESENTATION_ITEM()
RATIONAL_B_SPLINE_CURVE((1.,0.995184727,1.,0.995184727,1.,0.998927369,0.998332608))
REPRESENTATION_ITEM(''));
#1413=EDGE_CURVE('',#1402,#1404,#1412,.T.);
#1414=ORIENTED_EDGE('',*,*,#1413,.F.);
#1415=CARTESIAN_POINT('',(-0.296198418,-1.572344268,2.032));
#1416=VERTEX_POINT('',#1415);
#1417=CARTESIAN_POINT('',(0.,0.,2.032));
#1418=DIRECTION('',(0.,0.,1.));
#1419=DIRECTION('',(1.,0.,-0.));
#1420=AXIS2_PLACEMENT_3D('',#1417,#1418,#1419);
#1421=CIRCLE('',#1420,1.6);
#1422=EDGE_CURVE('',#1416,#1402,#1421,.T.);
#1423=ORIENTED_EDGE('',*,*,#1422,.F.);
#1424=CARTESIAN_POINT('',(0.396041226,-1.550210098,1.432));
#1425=VERTEX_POINT('',#1424);
#1426=CARTESIAN_POINT('',(0.396022257,-1.550214944,1.432016809));
#1427=CARTESIAN_POINT('',(0.262707028,-1.584272026,1.550143672));
#1428=CARTESIAN_POINT('',(0.125534553,-1.595067734,1.668019101));
#1429=CARTESIAN_POINT('',(-0.031565906,-1.607431808,1.803019101));
#1430=CARTESIAN_POINT('',(-0.188059836,-1.588909531,1.938019101));
#1431=CARTESIAN_POINT('',(-0.242414491,-1.582476234,1.984908322));
#1432=CARTESIAN_POINT('',(-0.296202442,-1.57234351,2.032003524));
#1433=(BOUNDED_CURVE()
B_SPLINE_CURVE(2,(#1426,#1427,#1428,#1429,#1430,#1431,#1432),.UNSPECIFIED.,.F.,.F.)
B_SPLINE_CURVE_WITH_KNOTS((3,2,2,3),(0.162894354,0.3813156,0.6313156,0.718421246),.UNSPECIFIED.)
CURVE()
GEOMETRIC_REPRESENTATION_ITEM()
RATIONAL_B_SPLINE_CURVE((0.998937177,0.995792968,1.,0.995184727,1.,0.99832225,0.997813632))
REPRESENTATION_ITEM(''));
#1434=EDGE_CURVE('',#1425,#1416,#1433,.T.);
#1435=ORIENTED_EDGE('',*,*,#1434,.F.);
#1436=CARTESIAN_POINT('',(0.,0.,1.432));
#1437=DIRECTION('',(0.,0.,1.));
#1438=DIRECTION('',(1.,0.,-0.));
#1439=AXIS2_PLACEMENT_3D('',#1436,#1437,#1438);
#1440=CIRCLE('',#1439,1.6);
#1441=EDGE_CURVE('',#1425,#1404,#1440,.T.);
#1442=ORIENTED_EDGE('',*,*,#1441,.T.);
#1443=EDGE_LOOP('',(#1414,#1423,#1435,#1442));
#1444=FACE_BOUND('',#1443,.T.);
#1445=ADVANCED_FACE('',(#1444),#1400,.T.);
#1446=CARTESIAN_POINT('',(0.,0.,0.));
#1447=DIRECTION('',(0.,0.,1.));
#1448=DIRECTION('',(1.,0.,0.));
#1449=AXIS2_PLACEMENT_3D('',#1446,#1447,#1448);
#1450=CYLINDRICAL_SURFACE('',#1449,1.6);
#1451=CARTESIAN_POINT('',(-0.49442719,-1.521690424,2.032009549));
#1452=VERTEX_POINT('',#1451);
#1453=CARTESIAN_POINT('',(0.195109278,-1.588059309,1.432));
#1454=VERTEX_POINT('',#1453);
#1455=CARTESIAN_POINT('',(-0.494427191,-1.521690426,2.032019097));
#1456=CARTESIAN_POINT('',(-0.344553765,-1.570387254,1.897019097));
#1457=CARTESIAN_POINT('',(-0.188059836,-1.588909531,1.762019097));
#1458=CARTESIAN_POINT('',(-0.031565906,-1.607431808,1.627019097));
#1459=CARTESIAN_POINT('',(0.125534553,-1.595067734,1.492019097));
#1460=CARTESIAN_POINT('',(0.160398508,-1.592323881,1.462059707));
#1461=CARTESIAN_POINT('',(0.195109278,-1.588059309,1.432));
#1462=(BOUNDED_CURVE()
B_SPLINE_CURVE(2,(#1455,#1456,#1457,#1458,#1459,#1460,#1461),.UNSPECIFIED.,.F.,.F.)
B_SPLINE_CURVE_WITH_KNOTS((3,2,2,3),(0.,0.25,0.5,0.555689),.UNSPECIFIED.)
CURVE()
GEOMETRIC_REPRESENTATION_ITEM()
RATIONAL_B_SPLINE_CURVE((1.,0.995184727,1.,0.995184727,1.,0.998927369,0.998332608))
REPRESENTATION_ITEM(''));
#1463=EDGE_CURVE('',#1452,#1454,#1462,.T.);
#1464=ORIENTED_EDGE('',*,*,#1463,.F.);
#1465=CARTESIAN_POINT('',(-1.163830326,-1.097952172,2.032));
#1466=VERTEX_POINT('',#1465);
#1467=CARTESIAN_POINT('',(0.,0.,2.032));
#1468=DIRECTION('',(0.,0.,1.));
#1469=DIRECTION('',(1.,0.,-0.));
#1470=AXIS2_PLACEMENT_3D('',#1467,#1468,#1469);
#1471=CIRCLE('',#1470,1.6);
#1472=EDGE_CURVE('',#1466,#1452,#1471,.T.);
#1473=ORIENTED_EDGE('',*,*,#1472,.F.);
#1474=CARTESIAN_POINT('',(-0.590786551,-1.486933506,1.432));
#1475=VERTEX_POINT('',#1474);
#1476=CARTESIAN_POINT('',(-0.590804746,-1.486926277,1.432016809));
#1477=CARTESIAN_POINT('',(-0.718677283,-1.436118309,1.550143672));
#1478=CARTESIAN_POINT('',(-0.835997704,-1.364224263,1.668019101));
#1479=CARTESIAN_POINT('',(-0.970362066,-1.281885676,1.803019101));
#1480=CARTESIAN_POINT('',(-1.086081193,-1.174916015,1.938019101));
#1481=CARTESIAN_POINT('',(-1.126273635,-1.137762504,1.984908322));
#1482=CARTESIAN_POINT('',(-1.163833136,-1.097949193,2.032003524));
#1483=(BOUNDED_CURVE()
B_SPLINE_CURVE(2,(#1476,#1477,#1478,#1479,#1480,#1481,#1482),.UNSPECIFIED.,.F.,.F.)
B_SPLINE_CURVE_WITH_KNOTS((3,2,2,3),(0.162894354,0.3813156,0.6313156,0.718421246),.UNSPECIFIED.)
CURVE()
GEOMETRIC_REPRESENTATION_ITEM()
RATIONAL_B_SPLINE_CURVE((0.998937177,0.995792968,1.,0.995184727,1.,0.99832225,0.997813632))
REPRESENTATION_ITEM(''));
#1484=EDGE_CURVE('',#1475,#1466,#1483,.T.);
#1485=ORIENTED_EDGE('',*,*,#1484,.F.);
#1486=CARTESIAN_POINT('',(0.,0.,1.432));
#1487=DIRECTION('',(0.,0.,1.));
#1488=DIRECTION('',(1.,0.,-0.));
#1489=AXIS2_PLACEMENT_3D('',#1486,#1487,#1488);
#1490=CIRCLE('',#1489,1.6);
#1491=EDGE_CURVE('',#1475,#1454,#1490,.T.);
#1492=ORIENTED_EDGE('',*,*,#1491,.T.);
#1493=EDGE_LOOP('',(#1464,#1473,#1485,#1492));
#1494=FACE_BOUND('',#1493,.T.);
#1495=ADVANCED_FACE('',(#1494),#1450,.T.);
#1496=CARTESIAN_POINT('',(0.,0.,0.));
#1497=DIRECTION('',(0.,0.,1.));
#1498=DIRECTION('',(1.,0.,0.));
#1499=AXIS2_PLACEMENT_3D('',#1496,#1497,#1498);
#1500=CYLINDRICAL_SURFACE('',#1499,1.6);
#1501=CARTESIAN_POINT('',(-1.294427189,-0.940456402,2.032009549));
#1502=VERTEX_POINT('',#1501);
#1503=CARTESIAN_POINT('',(-0.77559112,-1.399449325,1.432));
#1504=VERTEX_POINT('',#1503);
#1505=CARTESIAN_POINT('',(-1.294427191,-0.940456404,2.032019097));
#1506=CARTESIAN_POINT('',(-1.20180032,-1.067946354,1.897019097));
#1507=CARTESIAN_POINT('',(-1.086081193,-1.174916015,1.762019097));
#1508=CARTESIAN_POINT('',(-0.970362066,-1.281885676,1.627019097));
#1509=CARTESIAN_POINT('',(-0.835997704,-1.364224263,1.492019097));
#1510=CARTESIAN_POINT('',(-0.806179375,-1.382496958,1.462059707));
#1511=CARTESIAN_POINT('',(-0.77559112,-1.399449325,1.432));
#1512=(BOUNDED_CURVE()
B_SPLINE_CURVE(2,(#1505,#1506,#1507,#1508,#1509,#1510,#1511),.UNSPECIFIED.,.F.,.F.)
B_SPLINE_CURVE_WITH_KNOTS((3,2,2,3),(0.,0.25,0.5,0.555689),.UNSPECIFIED.)
CURVE()
GEOMETRIC_REPRESENTATION_ITEM()
RATIONAL_B_SPLINE_CURVE((1.,0.995184727,1.,0.995184727,1.,0.998927369,0.998332608))
REPRESENTATION_ITEM(''));
#1513=EDGE_CURVE('',#1502,#1504,#1512,.T.);
#1514=ORIENTED_EDGE('',*,*,#1513,.F.);
#1515=CARTESIAN_POINT('',(-1.586918607,-0.204179664,2.032));
#1516=VERTEX_POINT('',#1515);
#1517=CARTESIAN_POINT('',(0.,0.,2.032));
#1518=DIRECTION('',(0.,0.,1.));
#1519=DIRECTION('',(1.,0.,-0.));
#1520=AXIS2_PLACEMENT_3D('',#1517,#1518,#1519);
#1521=CIRCLE('',#1520,1.6);
#1522=EDGE_CURVE('',#1516,#1502,#1521,.T.);
#1523=ORIENTED_EDGE('',*,*,#1522,.F.);
#1524=CARTESIAN_POINT('',(-1.351953946,-0.855698854,1.432));
#1525=VERTEX_POINT('',#1524);
#1526=CARTESIAN_POINT('',(-1.351964417,-0.85568231,1.432016809));
#1527=CARTESIAN_POINT('',(-1.425551298,-0.73941621,1.550143672));
#1528=CARTESIAN_POINT('',(-1.478207252,-0.612293492,1.668019101));
#1529=CARTESIAN_POINT('',(-1.538512897,-0.466702785,1.803019101));
#1530=CARTESIAN_POINT('',(-1.569256449,-0.312144515,1.938019101));
#1531=CARTESIAN_POINT('',(-1.579934531,-0.258462168,1.984908322));
#1532=CARTESIAN_POINT('',(-1.586919129,-0.204175603,2.032003524));
#1533=(BOUNDED_CURVE()
B_SPLINE_CURVE(2,(#1526,#1527,#1528,#1529,#1530,#1531,#1532),.UNSPECIFIED.,.F.,.F.)
B_SPLINE_CURVE_WITH_KNOTS((3,2,2,3),(0.162894354,0.3813156,0.6313156,0.718421246),.UNSPECIFIED.)
CURVE()
GEOMETRIC_REPRESENTATION_ITEM()
RATIONAL_B_SPLINE_CURVE((0.998937177,0.995792968,1.,0.995184727,1.,0.99832225,0.997813632))
REPRESENTATION_ITEM(''));
#1534=EDGE_CURVE('',#1525,#1516,#1533,.T.);
#1535=ORIENTED_EDGE('',*,*,#1534,.F.);
#1536=CARTESIAN_POINT('',(0.,0.,1.432));
#1537=DIRECTION('',(0.,0.,1.));
#1538=DIRECTION('',(1.,0.,-0.));
#1539=AXIS2_PLACEMENT_3D('',#1536,#1537,#1538);
#1540=CIRCLE('',#1539,1.6);
#1541=EDGE_CURVE('',#1525,#1504,#1540,.T.);
#1542=ORIENTED_EDGE('',*,*,#1541,.T.);
#1543=EDGE_LOOP('',(#1514,#1523,#1535,#1542));
#1544=FACE_BOUND('',#1543,.T.);
#1545=ADVANCED_FACE('',(#1544),#1500,.T.);
#1546=CARTESIAN_POINT('',(0.,0.,0.));
#1547=DIRECTION('',(0.,0.,1.));
#1548=DIRECTION('',(1.,0.,0.));
#1549=AXIS2_PLACEMENT_3D('',#1546,#1547,#1548);
#1550=CYLINDRICAL_SURFACE('',#1549,1.6);
#1551=CARTESIAN_POINT('',(-1.599999998,0.,2.032009549));
#1552=VERTEX_POINT('',#1551);
#1553=CARTESIAN_POINT('',(-1.450042072,-0.676297265,1.432));
#1554=VERTEX_POINT('',#1553);
#1555=CARTESIAN_POINT('',(-1.6,0.,2.032019097));
#1556=CARTESIAN_POINT('',(-1.6,-0.157586245,1.897019097));
#1557=CARTESIAN_POINT('',(-1.569256449,-0.312144515,1.762019097));
#1558=CARTESIAN_POINT('',(-1.538512897,-0.466702785,1.627019097));
#1559=CARTESIAN_POINT('',(-1.478207252,-0.612293492,1.492019097));
#1560=CARTESIAN_POINT('',(-1.464824138,-0.644603186,1.462059707));
#1561=CARTESIAN_POINT('',(-1.450042072,-0.676297265,1.432));
#1562=(BOUNDED_CURVE()
B_SPLINE_CURVE(2,(#1555,#1556,#1557,#1558,#1559,#1560,#1561),.UNSPECIFIED.,.F.,.F.)
B_SPLINE_CURVE_WITH_KNOTS((3,2,2,3),(0.,0.25,0.5,0.555689),.UNSPECIFIED.)
CURVE()
GEOMETRIC_REPRESENTATION_ITEM()
RATIONAL_B_SPLINE_CURVE((1.,0.995184727,1.,0.995184727,1.,0.998927369,0.998332608))
REPRESENTATION_ITEM(''));
#1563=EDGE_CURVE('',#1552,#1554,#1562,.T.);
#1564=ORIENTED_EDGE('',*,*,#1563,.F.);
#1565=CARTESIAN_POINT('',(-1.403857917,0.767582535,2.032));
#1566=VERTEX_POINT('',#1565);
#1567=CARTESIAN_POINT('',(0.,0.,2.032));
#1568=DIRECTION('',(0.,0.,1.));
#1569=DIRECTION('',(1.,0.,-0.));
#1570=AXIS2_PLACEMENT_3D('',#1567,#1568,#1569);
#1571=CIRCLE('',#1570,1.6);
#1572=EDGE_CURVE('',#1566,#1552,#1571,.T.);
#1573=ORIENTED_EDGE('',*,*,#1572,.F.);
#1574=CARTESIAN_POINT('',(-1.596720884,0.102383676,1.432));
#1575=VERTEX_POINT('',#1574);
#1576=CARTESIAN_POINT('',(-1.596719631,0.102403215,1.432016809));
#1577=CARTESIAN_POINT('',(-1.58791317,0.239717749,1.550143672));
#1578=CARTESIAN_POINT('',(-1.555791873,0.373512582,1.668019101));
#1579=CARTESIAN_POINT('',(-1.519004094,0.526744707,1.803019101));
#1580=CARTESIAN_POINT('',(-1.453029078,0.66985558,1.938019101));
#1581=CARTESIAN_POINT('',(-1.430114137,0.719561931,1.984908322));
#1582=CARTESIAN_POINT('',(-1.403855952,0.767586129,2.032003524));
#1583=(BOUNDED_CURVE()
B_SPLINE_CURVE(2,(#1576,#1577,#1578,#1579,#1580,#1581,#1582),.UNSPECIFIED.,.F.,.F.)
B_SPLINE_CURVE_WITH_KNOTS((3,2,2,3),(0.162894354,0.3813156,0.6313156,0.718421246),.UNSPECIFIED.)
CURVE()
GEOMETRIC_REPRESENTATION_ITEM()
RATIONAL_B_SPLINE_CURVE((0.998937177,0.995792968,1.,0.995184727,1.,0.99832225,0.997813632))
REPRESENTATION_ITEM(''));
#1584=EDGE_CURVE('',#1575,#1566,#1583,.T.);
#1585=ORIENTED_EDGE('',*,*,#1584,.F.);
#1586=CARTESIAN_POINT('',(0.,0.,1.432));
#1587=DIRECTION('',(0.,0.,1.));
#1588=DIRECTION('',(1.,0.,-0.));
#1589=AXIS2_PLACEMENT_3D('',#1586,#1587,#1588);
#1590=CIRCLE('',#1589,1.6);
#1591=EDGE_CURVE('',#1575,#1554,#1590,.T.);
#1592=ORIENTED_EDGE('',*,*,#1591,.T.);
#1593=EDGE_LOOP('',(#1564,#1573,#1585,#1592));
#1594=FACE_BOUND('',#1593,.T.);
#1595=ADVANCED_FACE('',(#1594),#1550,.T.);
#1596=CARTESIAN_POINT('',(0.,0.,0.));
#1597=DIRECTION('',(0.,0.,1.));
#1598=DIRECTION('',(1.,0.,0.));
#1599=AXIS2_PLACEMENT_3D('',#1596,#1597,#1598);
#1600=CYLINDRICAL_SURFACE('',#1599,1.6);
#1601=CARTESIAN_POINT('',(-1.294427189,0.940456402,2.032009549));
#1602=VERTEX_POINT('',#1601);
#1603=CARTESIAN_POINT('',(-1.570626237,0.305177364,1.432));
#1604=VERTEX_POINT('',#1603);
#1605=CARTESIAN_POINT('',(-1.294427191,0.940456404,2.032019097));
#1606=CARTESIAN_POINT('',(-1.387054062,0.812966453,1.897019097));
#1607=CARTESIAN_POINT('',(-1.453029078,0.66985558,1.762019097));
#1608=CARTESIAN_POINT('',(-1.519004094,0.526744707,1.627019097));
#1609=CARTESIAN_POINT('',(-1.555791873,0.373512582,1.492019097));
#1610=CARTESIAN_POINT('',(-1.563955868,0.339507093,1.462059707));
#1611=CARTESIAN_POINT('',(-1.570626237,0.305177364,1.432));
#1612=(BOUNDED_CURVE()
B_SPLINE_CURVE(2,(#1605,#1606,#1607,#1608,#1609,#1610,#1611),.UNSPECIFIED.,.F.,.F.)
B_SPLINE_CURVE_WITH_KNOTS((3,2,2,3),(0.,0.25,0.5,0.555689),.UNSPECIFIED.)
CURVE()
GEOMETRIC_REPRESENTATION_ITEM()
RATIONAL_B_SPLINE_CURVE((1.,0.995184727,1.,0.995184727,1.,0.998927369,0.998332608))
REPRESENTATION_ITEM(''));
#1613=EDGE_CURVE('',#1602,#1604,#1612,.T.);
#1614=ORIENTED_EDGE('',*,*,#1613,.F.);
#1615=CARTESIAN_POINT('',(-0.684571218,1.446154296,2.032));
#1616=VERTEX_POINT('',#1615);
#1617=CARTESIAN_POINT('',(0.,0.,2.032));
#1618=DIRECTION('',(0.,0.,1.));
#1619=DIRECTION('',(1.,0.,-0.));
#1620=AXIS2_PLACEMENT_3D('',#1617,#1618,#1619);
#1621=CIRCLE('',#1620,1.6);
#1622=EDGE_CURVE('',#1616,#1602,#1621,.T.);
#1623=ORIENTED_EDGE('',*,*,#1622,.F.);
#1624=CARTESIAN_POINT('',(-1.231594716,1.021359122,1.432));
#1625=VERTEX_POINT('',#1624);
#1626=CARTESIAN_POINT('',(-1.231582218,1.021374193,1.432016809));
#1627=CARTESIAN_POINT('',(-1.143746183,1.127287676,1.550143672));
#1628=CARTESIAN_POINT('',(-1.039116877,1.216649545,1.668019101));
#1629=CARTESIAN_POINT('',(-0.919287356,1.318993624,1.803019101));
#1630=CARTESIAN_POINT('',(-0.781793986,1.395993611,1.938019101));
#1631=CARTESIAN_POINT('',(-0.73403875,1.422737829,1.984908322));
#1632=CARTESIAN_POINT('',(-0.684567517,1.446156048,2.032003524));
#1633=(BOUNDED_CURVE()
B_SPLINE_CURVE(2,(#1626,#1627,#1628,#1629,#1630,#1631,#1632),.UNSPECIFIED.,.F.,.F.)
B_SPLINE_CURVE_WITH_KNOTS((3,2,2,3),(0.162894354,0.3813156,0.6313156,0.718421246),.UNSPECIFIED.)
CURVE()
GEOMETRIC_REPRESENTATION_ITEM()
RATIONAL_B_SPLINE_CURVE((0.998937177,0.995792968,1.,0.995184727,1.,0.99832225,0.997813632))
REPRESENTATION_ITEM(''));
#1634=EDGE_CURVE('',#1625,#1616,#1633,.T.);
#1635=ORIENTED_EDGE('',*,*,#1634,.F.);
#1636=CARTESIAN_POINT('',(0.,0.,1.432));
#1637=DIRECTION('',(0.,0.,1.));
#1638=DIRECTION('',(1.,0.,-0.));
#1639=AXIS2_PLACEMENT_3D('',#1636,#1637,#1638);
#1640=CIRCLE('',#1639,1.6);
#1641=EDGE_CURVE('',#1625,#1604,#1640,.T.);
#1642=ORIENTED_EDGE('',*,*,#1641,.T.);
#1643=EDGE_LOOP('',(#1614,#1623,#1635,#1642));
#1644=FACE_BOUND('',#1643,.T.);
#1645=ADVANCED_FACE('',(#1644),#1600,.T.);
#1646=CARTESIAN_POINT('',(0.,0.,0.));
#1647=DIRECTION('',(0.,0.,1.));
#1648=DIRECTION('',(1.,0.,0.));
#1649=AXIS2_PLACEMENT_3D('',#1646,#1647,#1648);
#1650=CYLINDRICAL_SURFACE('',#1649,1.6);
#1651=CARTESIAN_POINT('',(-0.49442719,1.521690424,2.032009549));
#1652=VERTEX_POINT('',#1651);
#1653=CARTESIAN_POINT('',(-1.091284563,1.170084613,1.432));
#1654=VERTEX_POINT('',#1653);
#1655=CARTESIAN_POINT('',(-0.494427191,1.521690426,2.032019097));
#1656=CARTESIAN_POINT('',(-0.644300617,1.472993598,1.897019097));
#1657=CARTESIAN_POINT('',(-0.781793986,1.395993611,1.762019097));
#1658=CARTESIAN_POINT('',(-0.919287356,1.318993624,1.627019097));
#1659=CARTESIAN_POINT('',(-1.039116877,1.216649545,1.492019097));
#1660=CARTESIAN_POINT('',(-1.065709613,1.193937203,1.462059707));
#1661=CARTESIAN_POINT('',(-1.091284563,1.170084613,1.432));
#1662=(BOUNDED_CURVE()
B_SPLINE_CURVE(2,(#1655,#1656,#1657,#1658,#1659,#1660,#1661),.UNSPECIFIED.,.F.,.F.)
B_SPLINE_CURVE_WITH_KNOTS((3,2,2,3),(0.,0.25,0.5,0.555689),.UNSPECIFIED.)
CURVE()
GEOMETRIC_REPRESENTATION_ITEM()
RATIONAL_B_SPLINE_CURVE((1.,0.995184727,1.,0.995184727,1.,0.998927369,0.998332608))
REPRESENTATION_ITEM(''));
#1663=EDGE_CURVE('',#1652,#1654,#1662,.T.);
#1664=ORIENTED_EDGE('',*,*,#1663,.F.);
#1665=CARTESIAN_POINT('',(0.296198418,1.572344268,2.032));
#1666=VERTEX_POINT('',#1665);
#1667=CARTESIAN_POINT('',(0.,0.,2.032));
#1668=DIRECTION('',(0.,0.,1.));
#1669=DIRECTION('',(1.,0.,-0.));
#1670=AXIS2_PLACEMENT_3D('',#1667,#1668,#1669);
#1671=CIRCLE('',#1670,1.6);
#1672=EDGE_CURVE('',#1666,#1652,#1671,.T.);
#1673=ORIENTED_EDGE('',*,*,#1672,.F.);
#1674=CARTESIAN_POINT('',(-0.396041226,1.550210098,1.432));
#1675=VERTEX_POINT('',#1674);
#1676=CARTESIAN_POINT('',(-0.396022257,1.550214944,1.432016809));
#1677=CARTESIAN_POINT('',(-0.262707028,1.584272026,1.550143672));
#1678=CARTESIAN_POINT('',(-0.125534553,1.595067734,1.668019101));
#1679=CARTESIAN_POINT('',(0.031565906,1.607431808,1.803019101));
#1680=CARTESIAN_POINT('',(0.188059836,1.588909531,1.938019101));
#1681=CARTESIAN_POINT('',(0.242414491,1.582476234,1.984908322));
#1682=CARTESIAN_POINT('',(0.296202442,1.57234351,2.032003524));
#1683=(BOUNDED_CURVE()
B_SPLINE_CURVE(2,(#1676,#1677,#1678,#1679,#1680,#1681,#1682),.UNSPECIFIED.,.F.,.F.)
B_SPLINE_CURVE_WITH_KNOTS((3,2,2,3),(0.162894354,0.3813156,0.6313156,0.718421246),.UNSPECIFIED.)
CURVE()
GEOMETRIC_REPRESENTATION_ITEM()
RATIONAL_B_SPLINE_CURVE((0.998937177,0.995792968,1.,0.995184727,1.,0.99832225,0.997813632))
REPRESENTATION_ITEM(''));
#1684=EDGE_CURVE('',#1675,#1666,#1683,.T.);
#1685=ORIENTED_EDGE('',*,*,#1684,.F.);
#1686=CARTESIAN_POINT('',(0.,0.,1.432));
#1687=DIRECTION('',(0.,0.,1.));
#1688=DIRECTION('',(1.,0.,-0.));
#1689=AXIS2_PLACEMENT_3D('',#1686,#1687,#1688);
#1690=CIRCLE('',#1689,1.6);
#1691=EDGE_CURVE('',#1675,#1654,#1690,.T.);
#1692=ORIENTED_EDGE('',*,*,#1691,.T.);
#1693=EDGE_LOOP('',(#1664,#1673,#1685,#1692));
#1694=FACE_BOUND('',#1693,.T.);
#1695=ADVANCED_FACE('',(#1694),#1650,.T.);
#1696=CARTESIAN_POINT('',(0.,0.,0.));
#1697=DIRECTION('',(0.,0.,1.));
#1698=DIRECTION('',(1.,0.,0.));
#1699=AXIS2_PLACEMENT_3D('',#1696,#1697,#1698);
#1700=CYLINDRICAL_SURFACE('',#1699,1.6);
#1701=CARTESIAN_POINT('',(0.49442719,1.521690424,2.032009549));
#1702=VERTEX_POINT('',#1701);
#1703=CARTESIAN_POINT('',(-0.195109278,1.588059309,1.432));
#1704=VERTEX_POINT('',#1703);
#1705=CARTESIAN_POINT('',(0.494427191,1.521690426,2.032019097));
#1706=CARTESIAN_POINT('',(0.344553765,1.570387254,1.897019097));
#1707=CARTESIAN_POINT('',(0.188059836,1.588909531,1.762019097));
#1708=CARTESIAN_POINT('',(0.031565906,1.607431808,1.627019097));
#1709=CARTESIAN_POINT('',(-0.125534553,1.595067734,1.492019097));
#1710=CARTESIAN_POINT('',(-0.160398508,1.592323881,1.462059707));
#1711=CARTESIAN_POINT('',(-0.195109278,1.588059309,1.432));
#1712=(BOUNDED_CURVE()
B_SPLINE_CURVE(2,(#1705,#1706,#1707,#1708,#1709,#1710,#1711),.UNSPECIFIED.,.F.,.F.)
B_SPLINE_CURVE_WITH_KNOTS((3,2,2,3),(0.,0.25,0.5,0.555689),.UNSPECIFIED.)
CURVE()
GEOMETRIC_REPRESENTATION_ITEM()
RATIONAL_B_SPLINE_CURVE((1.,0.995184727,1.,0.995184727,1.,0.998927369,0.998332608))
REPRESENTATION_ITEM(''));
#1713=EDGE_CURVE('',#1702,#1704,#1712,.T.);
#1714=ORIENTED_EDGE('',*,*,#1713,.F.);
#1715=CARTESIAN_POINT('',(1.163830326,1.097952172,2.032));
#1716=VERTEX_POINT('',#1715);
#1717=CARTESIAN_POINT('',(0.,0.,2.032));
#1718=DIRECTION('',(0.,0.,1.));
#1719=DIRECTION('',(1.,0.,-0.));
#1720=AXIS2_PLACEMENT_3D('',#1717,#1718,#1719);
#1721=CIRCLE('',#1720,1.6);
#1722=EDGE_CURVE('',#1716,#1702,#1721,.T.);
#1723=ORIENTED_EDGE('',*,*,#1722,.F.);
#1724=CARTESIAN_POINT('',(0.590786551,1.486933506,1.432));
#1725=VERTEX_POINT('',#1724);
#1726=CARTESIAN_POINT('',(0.590804746,1.486926277,1.432016809));
#1727=CARTESIAN_POINT('',(0.718677283,1.436118309,1.550143672));
#1728=CARTESIAN_POINT('',(0.835997704,1.364224263,1.668019101));
#1729=CARTESIAN_POINT('',(0.970362066,1.281885676,1.803019101));
#1730=CARTESIAN_POINT('',(1.086081193,1.174916015,1.938019101));
#1731=CARTESIAN_POINT('',(1.126273635,1.137762504,1.984908322));
#1732=CARTESIAN_POINT('',(1.163833136,1.097949193,2.032003524));
#1733=(BOUNDED_CURVE()
B_SPLINE_CURVE(2,(#1726,#1727,#1728,#1729,#1730,#1731,#1732),.UNSPECIFIED.,.F.,.F.)
B_SPLINE_CURVE_WITH_KNOTS((3,2,2,3),(0.162894354,0.3813156,0.6313156,0.718421246),.UNSPECIFIED.)
CURVE()
GEOMETRIC_REPRESENTATION_ITEM()
RATIONAL_B_SPLINE_CURVE((0.998937177,0.995792968,1.,0.995184727,1.,0.99832225,0.997813632))
REPRESENTATION_ITEM(''));
#1734=EDGE_CURVE('',#1725,#1716,#1733,.T.);
#1735=ORIENTED_EDGE('',*,*,#1734,.F.);
#1736=CARTESIAN_POINT('',(0.,0.,1.432));
#1737=DIRECTION('',(0.,0.,1.));
#1738=DIRECTION('',(1.,0.,-0.));
#1739=AXIS2_PLACEMENT_3D('',#1736,#1737,#1738);
#1740=CIRCLE('',#1739,1.6);
#1741=EDGE_CURVE('',#1725,#1704,#1740,.T.);
#1742=ORIENTED_EDGE('',*,*,#1741,.T.);
#1743=EDGE_LOOP('',(#1714,#1723,#1735,#1742));
#1744=FACE_BOUND('',#1743,.T.);
#1745=ADVANCED_FACE('',(#1744),#1700,.T.);
#1746=CARTESIAN_POINT('',(0.,0.,0.));
#1747=DIRECTION('',(0.,0.,1.));
#1748=DIRECTION('',(1.,0.,0.));
#1749=AXIS2_PLACEMENT_3D('',#1746,#1747,#1748);
#1750=CYLINDRICAL_SURFACE('',#1749,1.6);
#1751=CARTESIAN_POINT('',(1.294427189,0.940456402,2.032009549));
#1752=VERTEX_POINT('',#1751);
#1753=CARTESIAN_POINT('',(0.77559112,1.399449325,1.432));
#1754=VERTEX_POINT('',#1753);
#1755=CARTESIAN_POINT('',(1.294427191,0.940456404,2.032019097));
#1756=CARTESIAN_POINT('',(1.20180032,1.067946354,1.897019097));
#1757=CARTESIAN_POINT('',(1.086081193,1.174916015,1.762019097));
#1758=CARTESIAN_POINT('',(0.970362066,1.281885676,1.627019097));
#1759=CARTESIAN_POINT('',(0.835997704,1.364224263,1.492019097));
#1760=CARTESIAN_POINT('',(0.806179375,1.382496958,1.462059707));
#1761=CARTESIAN_POINT('',(0.77559112,1.399449325,1.432));
#1762=(BOUNDED_CURVE()
B_SPLINE_CURVE(2,(#1755,#1756,#1757,#1758,#1759,#1760,#1761),.UNSPECIFIED.,.F.,.F.)
B_SPLINE_CURVE_WITH_KNOTS((3,2,2,3),(0.,0.25,0.5,0.555689),.UNSPECIFIED.)
CURVE()
GEOMETRIC_REPRESENTATION_ITEM()
RATIONAL_B_SPLINE_CURVE((1.,0.995184727,1.,0.995184727,1.,0.998927369,0.998332608))
REPRESENTATION_ITEM(''));
#1763=EDGE_CURVE('',#1752,#1754,#1762,.T.);
#1764=ORIENTED_EDGE('',*,*,#1763,.F.);
#1765=CARTESIAN_POINT('',(1.586918607,0.204179664,2.032));
#1766=VERTEX_POINT('',#1765);
#1767=CARTESIAN_POINT('',(0.,0.,2.032));
#1768=DIRECTION('',(0.,0.,1.));
#1769=DIRECTION('',(1.,0.,-0.));
#1770=AXIS2_PLACEMENT_3D('',#1767,#1768,#1769);
#1771=CIRCLE('',#1770,1.6);
#1772=EDGE_CURVE('',#1766,#1752,#1771,.T.);
#1773=ORIENTED_EDGE('',*,*,#1772,.F.);
#1774=CARTESIAN_POINT('',(1.351953946,0.855698854,1.432));
#1775=VERTEX_POINT('',#1774);
#1776=CARTESIAN_POINT('',(1.351964417,0.85568231,1.432016809));
#1777=CARTESIAN_POINT('',(1.425551298,0.73941621,1.550143672));
#1778=CARTESIAN_POINT('',(1.478207252,0.612293492,1.668019101));
#1779=CARTESIAN_POINT('',(1.538512897,0.466702785,1.803019101));
#1780=CARTESIAN_POINT('',(1.569256449,0.312144515,1.938019101));
#1781=CARTESIAN_POINT('',(1.579934531,0.258462168,1.984908322));
#1782=CARTESIAN_POINT('',(1.586919129,0.204175603,2.032003524));
#1783=(BOUNDED_CURVE()
B_SPLINE_CURVE(2,(#1776,#1777,#1778,#1779,#1780,#1781,#1782),.UNSPECIFIED.,.F.,.F.)
B_SPLINE_CURVE_WITH_KNOTS((3,2,2,3),(0.162894354,0.3813156,0.6313156,0.718421246),.UNSPECIFIED.)
CURVE()
GEOMETRIC_REPRESENTATION_ITEM()
RATIONAL_B_SPLINE_CURVE((0.998937177,0.995792968,1.,0.995184727,1.,0.99832225,0.997813632))
REPRESENTATION_ITEM(''));
#1784=EDGE_CURVE('',#1775,#1766,#1783,.T.);
#1785=ORIENTED_EDGE('',*,*,#1784,.F.);
#1786=CARTESIAN_POINT('',(0.,0.,1.432));
#1787=DIRECTION('',(0.,0.,1.));
#1788=DIRECTION('',(1.,0.,-0.));
#1789=AXIS2_PLACEMENT_3D('',#1786,#1787,#1788);
#1790=CIRCLE('',#1789,1.6);
#1791=EDGE_CURVE('',#1775,#1754,#1790,.T.);
#1792=ORIENTED_EDGE('',*,*,#1791,.T.);
#1793=EDGE_LOOP('',(#1764,#1773,#1785,#1792));
#1794=FACE_BOUND('',#1793,.T.);
#1795=ADVANCED_FACE('',(#1794),#1750,.T.);
#1796=CARTESIAN_POINT('',(0.704,0.,0.));
#1797=DIRECTION('',(0.,0.,-1.));
#1798=DIRECTION('',(-1.,0.,0.));
#1799=AXIS2_PLACEMENT_3D('',#1796,#1797,#1798);
#1800=PLANE('',#1799);
#1801=CARTESIAN_POINT('',(-1.,-0.,0.));
#1802=VERTEX_POINT('',#1801);
#1803=CARTESIAN_POINT('',(0.,0.,0.));
#1804=DIRECTION('',(-0.,-0.,1.));
#1805=DIRECTION('',(-1.,0.,0.));
#1806=AXIS2_PLACEMENT_3D('',#1803,#1804,#1805);
#1807=CIRCLE('',#1806,1.);
#1808=EDGE_CURVE('',#1802,#1802,#1807,.T.);
#1809=ORIENTED_EDGE('',*,*,#1808,.T.);
#1810=EDGE_LOOP('',(#1809));
#1811=FACE_BOUND('',#1810,.T.);
#1812=CARTESIAN_POINT('',(1.408,-0.,0.));
#1813=VERTEX_POINT('',#1812);
#1814=CARTESIAN_POINT('',(0.,0.,0.));
#1815=DIRECTION('',(0.,0.,1.));
#1816=DIRECTION('',(1.,0.,0.));
#1817=AXIS2_PLACEMENT_3D('',#1814,#1815,#1816);
#1818=CIRCLE('',#1817,1.408);
#1819=EDGE_CURVE('',#1813,#1813,#1818,.T.);
#1820=ORIENTED_EDGE('',*,*,#1819,.F.);
#1821=EDGE_LOOP('',(#1820));
#1822=FACE_BOUND('',#1821,.T.);
#1823=ADVANCED_FACE('',(#1811,#1822),#1800,.T.);
#1824=CARTESIAN_POINT('',(0.,0.,0.));
#1825=DIRECTION('',(0.,0.,1.));
#1826=DIRECTION('',(1.,0.,0.));
#1827=AXIS2_PLACEMENT_3D('',#1824,#1825,#1826);
#1828=CYLINDRICAL_SURFACE('',#1827,1.408);
#1829=CARTESIAN_POINT('',(1.408,-0.,0.19));
#1830=VERTEX_POINT('',#1829);
#1831=CARTESIAN_POINT('',(1.408,0.,0.19));
#1832=DIRECTION('',(-0.,-0.,-1.));
#1833=VECTOR('',#1832,0.19);
#1834=LINE('',#1831,#1833);
#1835=EDGE_CURVE('',#1830,#1813,#1834,.T.);
#1836=ORIENTED_EDGE('',*,*,#1835,.T.);
#1837=ORIENTED_EDGE('',*,*,#1819,.T.);
#1838=ORIENTED_EDGE('',*,*,#1835,.F.);
#1839=CARTESIAN_POINT('',(0.,0.,0.19));
#1840=DIRECTION('',(0.,0.,1.));
#1841=DIRECTION('',(1.,0.,-0.));
#1842=AXIS2_PLACEMENT_3D('',#1839,#1840,#1841);
#1843=CIRCLE('',#1842,1.408);
#1844=EDGE_CURVE('',#1830,#1830,#1843,.T.);
#1845=ORIENTED_EDGE('',*,*,#1844,.F.);
#1846=EDGE_LOOP('',(#1836,#1837,#1838,#1845));
#1847=FACE_BOUND('',#1846,.T.);
#1848=ADVANCED_FACE('',(#1847),#1828,.T.);
#1849=CARTESIAN_POINT('',(0.664,0.,0.19));
#1850=DIRECTION('',(0.,0.,1.));
#1851=DIRECTION('',(1.,0.,0.));
#1852=AXIS2_PLACEMENT_3D('',#1849,#1850,#1851);
#1853=PLANE('',#1852);
#1854=ORIENTED_EDGE('',*,*,#1844,.T.);
#1855=EDGE_LOOP('',(#1854));
#1856=FACE_BOUND('',#1855,.T.);
#1857=CARTESIAN_POINT('',(1.328,-0.,0.19));
#1858=VERTEX_POINT('',#1857);
#1859=CARTESIAN_POINT('',(0.,0.,0.19));
#1860=DIRECTION('',(0.,0.,1.));
#1861=DIRECTION('',(1.,0.,-0.));
#1862=AXIS2_PLACEMENT_3D('',#1859,#1860,#1861);
#1863=CIRCLE('',#1862,1.328);
#1864=EDGE_CURVE('',#1858,#1858,#1863,.T.);
#1865=ORIENTED_EDGE('',*,*,#1864,.F.);
#1866=EDGE_LOOP('',(#1865));
#1867=FACE_BOUND('',#1866,.T.);
#1868=ADVANCED_FACE('',(#1856,#1867),#1853,.T.);
#1869=CARTESIAN_POINT('',(0.,0.,0.));
#1870=DIRECTION('',(0.,0.,1.));
#1871=DIRECTION('',(1.,0.,0.));
#1872=AXIS2_PLACEMENT_3D('',#1869,#1870,#1871);
#1873=CYLINDRICAL_SURFACE('',#1872,1.328);
#1874=CARTESIAN_POINT('',(1.328,-0.,0.44));
#1875=VERTEX_POINT('',#1874);
#1876=CARTESIAN_POINT('',(1.328,0.,0.44));
#1877=DIRECTION('',(-0.,-0.,-1.));
#1878=VECTOR('',#1877,0.25);
#1879=LINE('',#1876,#1878);
#1880=EDGE_CURVE('',#1875,#1858,#1879,.T.);
#1881=ORIENTED_EDGE('',*,*,#1880,.T.);
#1882=ORIENTED_EDGE('',*,*,#1864,.T.);
#1883=ORIENTED_EDGE('',*,*,#1880,.F.);
#1884=CARTESIAN_POINT('',(0.,0.,0.44));
#1885=DIRECTION('',(0.,0.,1.));
#1886=DIRECTION('',(1.,0.,-0.));
#1887=AXIS2_PLACEMENT_3D('',#1884,#1885,#1886);
#1888=CIRCLE('',#1887,1.328);
#1889=EDGE_CURVE('',#1875,#1875,#1888,.T.);
#1890=ORIENTED_EDGE('',*,*,#1889,.F.);
#1891=EDGE_LOOP('',(#1881,#1882,#1883,#1890));
#1892=FACE_BOUND('',#1891,.T.);
#1893=ADVANCED_FACE('',(#1892),#1873,.T.);
#1894=CARTESIAN_POINT('',(1.464,0.,0.44));
#1895=DIRECTION('',(0.,0.,-1.));
#1896=DIRECTION('',(-1.,0.,0.));
#1897=AXIS2_PLACEMENT_3D('',#1894,#1895,#1896);
#1898=PLANE('',#1897);
#1899=ORIENTED_EDGE('',*,*,#584,.T.);
#1900=ORIENTED_EDGE('',*,*,#591,.T.);
#1901=EDGE_LOOP('',(#1899,#1900));
#1902=FACE_BOUND('',#1901,.T.);
#1903=ORIENTED_EDGE('',*,*,#1889,.T.);
#1904=EDGE_LOOP('',(#1903));
#1905=FACE_BOUND('',#1904,.T.);
#1906=ADVANCED_FACE('',(#1902,#1905),#1898,.T.);
#1907=CARTESIAN_POINT('',(0.,0.,0.));
#1908=DIRECTION('',(0.,0.,1.));
#1909=DIRECTION('',(1.,0.,0.));
#1910=AXIS2_PLACEMENT_3D('',#1907,#1908,#1909);
#1911=CYLINDRICAL_SURFACE('',#1910,1.376);
#1912=CARTESIAN_POINT('',(1.376,-0.,1.432));
#1913=VERTEX_POINT('',#1912);
#1914=CARTESIAN_POINT('',(1.376,0.,1.432));
#1915=DIRECTION('',(-0.,-0.,-1.));
#1916=VECTOR('',#1915,0.332);
#1917=LINE('',#1914,#1916);
#1918=EDGE_CURVE('',#1913,#129,#1917,.T.);
#1919=ORIENTED_EDGE('',*,*,#1918,.T.);
#1920=ORIENTED_EDGE('',*,*,#135,.T.);
#1921=ORIENTED_EDGE('',*,*,#1918,.F.);
#1922=CARTESIAN_POINT('',(0.,0.,1.432));
#1923=DIRECTION('',(0.,0.,1.));
#1924=DIRECTION('',(1.,0.,-0.));
#1925=AXIS2_PLACEMENT_3D('',#1922,#1923,#1924);
#1926=CIRCLE('',#1925,1.376);
#1927=EDGE_CURVE('',#1913,#1913,#1926,.T.);
#1928=ORIENTED_EDGE('',*,*,#1927,.F.);
#1929=EDGE_LOOP('',(#1919,#1920,#1921,#1928));
#1930=FACE_BOUND('',#1929,.T.);
#1931=ADVANCED_FACE('',(#1930),#1911,.T.);
#1932=CARTESIAN_POINT('',(1.488,0.,1.432));
#1933=DIRECTION('',(0.,0.,-1.));
#1934=DIRECTION('',(-1.,0.,0.));
#1935=AXIS2_PLACEMENT_3D('',#1932,#1933,#1934);
#1936=PLANE('',#1935);
#1937=CARTESIAN_POINT('',(1.484256538,-0.288416861,1.432));
#1938=VERTEX_POINT('',#1937);
#1939=CARTESIAN_POINT('',(1.570626237,-0.305177364,1.432));
#1940=CARTESIAN_POINT('',(1.541836258,-0.299590941,1.432));
#1941=CARTESIAN_POINT('',(1.513046366,-0.294004064,1.432));
#1942=CARTESIAN_POINT('',(1.484256538,-0.288416861,1.432));
#1943=B_SPLINE_CURVE_WITH_KNOTS('',3,(#1939,#1940,#1941,#1942),.UNSPECIFIED.,.F.,.F.,(4,4),(0.00004948,0.000137461),.UNSPECIFIED.);
#1944=EDGE_CURVE('',#1354,#1938,#1943,.T.);
#1945=ORIENTED_EDGE('',*,*,#1944,.F.);
#1946=ORIENTED_EDGE('',*,*,#1391,.F.);
#1947=CARTESIAN_POINT('',(1.163836233,-0.965194459,1.432));
#1948=VERTEX_POINT('',#1947);
#1949=CARTESIAN_POINT('',(1.163828882,-0.965188364,1.432));
#1950=CARTESIAN_POINT('',(1.186417233,-0.983912264,1.432));
#1951=CARTESIAN_POINT('',(1.20900583,-1.002635867,1.432));
#1952=CARTESIAN_POINT('',(1.231594716,-1.021359122,1.432));
#1953=B_SPLINE_CURVE_WITH_KNOTS('',3,(#1949,#1950,#1951,#1952),.UNSPECIFIED.,.F.,.F.,(4,4),(0.,0.000088019),.UNSPECIFIED.);
#1954=EDGE_CURVE('',#1948,#1375,#1953,.T.);
#1955=ORIENTED_EDGE('',*,*,#1954,.F.);
#1956=CARTESIAN_POINT('',(1.031261586,-1.105758246,1.432));
#1957=VERTEX_POINT('',#1956);
#1958=CARTESIAN_POINT('',(1.031261586,-1.105758246,1.432));
#1959=CARTESIAN_POINT('',(1.015019796,-1.088351502,1.432));
#1960=CARTESIAN_POINT('',(1.007349955,-1.064174963,1.432));
#1961=CARTESIAN_POINT('',(1.008532332,-1.040723133,1.432));
#1962=CARTESIAN_POINT('',(1.009714709,-1.017271303,1.432));
#1963=CARTESIAN_POINT('',(1.019692636,-0.994228684,1.432));
#1964=CARTESIAN_POINT('',(1.035827207,-0.977158186,1.432));
#1965=CARTESIAN_POINT('',(1.051961778,-0.960087687,1.432));
#1966=CARTESIAN_POINT('',(1.074312519,-0.948843322,1.432));
#1967=CARTESIAN_POINT('',(1.097711727,-0.946312662,1.432));
#1968=CARTESIAN_POINT('',(1.121110935,-0.943782002,1.432));
#1969=CARTESIAN_POINT('',(1.14549851,-0.949990287,1.432));
#1970=CARTESIAN_POINT('',(1.163836233,-0.965194459,1.432));
#1971=B_SPLINE_CURVE_WITH_KNOTS('',3,(#1958,#1959,#1960,#1961,#1962,#1963,#1964,#1965,#1966,#1967,#1968,#1969,#1970),.UNSPECIFIED.,.F.,.F.,(4,3,3,3,4),(0.,0.000070485,0.000140971,0.000211456,0.000281941),.UNSPECIFIED.);
#1972=EDGE_CURVE('',#1957,#1948,#1971,.T.);
#1973=ORIENTED_EDGE('',*,*,#1972,.F.);
#1974=CARTESIAN_POINT('',(1.091284563,-1.170084613,1.432));
#1975=CARTESIAN_POINT('',(1.071276598,-1.148642776,1.432));
#1976=CARTESIAN_POINT('',(1.051268947,-1.127200646,1.432));
#1977=CARTESIAN_POINT('',(1.031261586,-1.105758246,1.432));
#1978=B_SPLINE_CURVE_WITH_KNOTS('',3,(#1974,#1975,#1976,#1977),.UNSPECIFIED.,.F.,.F.,(4,4),(0.000512019,0.0006),.UNSPECIFIED.);
#1979=EDGE_CURVE('',#1404,#1957,#1978,.T.);
#1980=ORIENTED_EDGE('',*,*,#1979,.F.);
#1981=ORIENTED_EDGE('',*,*,#1441,.F.);
#1982=CARTESIAN_POINT('',(0.374236223,-1.464944494,1.432));
#1983=VERTEX_POINT('',#1982);
#1984=CARTESIAN_POINT('',(0.374233858,-1.464935242,1.432));
#1985=CARTESIAN_POINT('',(0.381502585,-1.493360295,1.432));
#1986=CARTESIAN_POINT('',(0.388771685,-1.521785253,1.432));
#1987=CARTESIAN_POINT('',(0.396041226,-1.550210098,1.432));
#1988=B_SPLINE_CURVE_WITH_KNOTS('',3,(#1984,#1985,#1986,#1987),.UNSPECIFIED.,.F.,.F.,(4,4),(0.,0.000088019),.UNSPECIFIED.);
#1989=EDGE_CURVE('',#1983,#1425,#1988,.T.);
#1990=ORIENTED_EDGE('',*,*,#1989,.F.);
#1991=CARTESIAN_POINT('',(0.184359759,-1.500737564,1.432));
#1992=VERTEX_POINT('',#1991);
#1993=CARTESIAN_POINT('',(0.184359759,-1.500737564,1.432));
#1994=CARTESIAN_POINT('',(0.181451302,-1.477108528,1.432));
#1995=CARTESIAN_POINT('',(0.189456883,-1.453041077,1.432));
#1996=CARTESIAN_POINT('',(0.204198086,-1.434763132,1.432));
#1997=CARTESIAN_POINT('',(0.218939289,-1.416485187,1.432));
#1998=CARTESIAN_POINT('',(0.240555714,-1.403708195,1.432));
#1999=CARTESIAN_POINT('',(0.263642643,-1.399381535,1.432));
#2000=CARTESIAN_POINT('',(0.286729572,-1.395054874,1.432));
#2001=CARTESIAN_POINT('',(0.311420974,-1.399095428,1.432));
#2002=CARTESIAN_POINT('',(0.331838816,-1.41080179,1.432));
#2003=CARTESIAN_POINT('',(0.352256657,-1.422508153,1.432));
#2004=CARTESIAN_POINT('',(0.368337482,-1.441865418,1.432));
#2005=CARTESIAN_POINT('',(0.374236223,-1.464944494,1.432));
#2006=B_SPLINE_CURVE_WITH_KNOTS('',3,(#1993,#1994,#1995,#1996,#1997,#1998,#1999,#2000,#2001,#2002,#2003,#2004,#2005),.UNSPECIFIED.,.F.,.F.,(4,3,3,3,4),(0.,0.000070485,0.000140971,0.000211456,0.000281941),.UNSPECIFIED.);
#2007=EDGE_CURVE('',#1992,#1983,#2006,.T.);
#2008=ORIENTED_EDGE('',*,*,#2007,.F.);
#2009=CARTESIAN_POINT('',(0.195109278,-1.588059309,1.432));
#2010=CARTESIAN_POINT('',(0.191525695,-1.558952111,1.432));
#2011=CARTESIAN_POINT('',(0.187942552,-1.529844859,1.432));
#2012=CARTESIAN_POINT('',(0.184359759,-1.500737564,1.432));
#2013=B_SPLINE_CURVE_WITH_KNOTS('',3,(#2009,#2010,#2011,#2012),.UNSPECIFIED.,.F.,.F.,(4,4),(0.000031376,0.000119357),.UNSPECIFIED.);
#2014=EDGE_CURVE('',#1454,#1992,#2013,.T.);
#2015=ORIENTED_EDGE('',*,*,#2014,.F.);
#2016=ORIENTED_EDGE('',*,*,#1491,.F.);
#2017=CARTESIAN_POINT('',(-0.558309305,-1.405135524,1.432));
#2018=VERTEX_POINT('',#2017);
#2019=CARTESIAN_POINT('',(-0.55830578,-1.405126649,1.432));
#2020=CARTESIAN_POINT('',(-0.569133083,-1.432395451,1.432));
#2021=CARTESIAN_POINT('',(-0.579960038,-1.459664391,1.432));
#2022=CARTESIAN_POINT('',(-0.590786551,-1.486933506,1.432));
#2023=B_SPLINE_CURVE_WITH_KNOTS('',3,(#2019,#2020,#2021,#2022),.UNSPECIFIED.,.F.,.F.,(4,4),(0.,0.000088019),.UNSPECIFIED.);
#2024=EDGE_CURVE('',#2018,#1475,#2023,.T.);
#2025=ORIENTED_EDGE('',*,*,#2024,.F.);
#2026=CARTESIAN_POINT('',(-0.732961229,-1.322486141,1.432));
#2027=VERTEX_POINT('',#2026);
#2028=CARTESIAN_POINT('',(-0.732961229,-1.322486141,1.432));
#2029=CARTESIAN_POINT('',(-0.721425421,-1.301660301,1.432));
#2030=CARTESIAN_POINT('',(-0.700802278,-1.286894887,1.432));
#2031=CARTESIAN_POINT('',(-0.678132888,-1.28077238,1.432));
#2032=CARTESIAN_POINT('',(-0.655463497,-1.274649874,1.432));
#2033=CARTESIAN_POINT('',(-0.630465315,-1.277018886,1.432));
#2034=CARTESIAN_POINT('',(-0.60924445,-1.287088701,1.432));
#2035=CARTESIAN_POINT('',(-0.588023584,-1.297158515,1.432));
#2036=CARTESIAN_POINT('',(-0.570422798,-1.314940634,1.432));
#2037=CARTESIAN_POINT('',(-0.560785245,-1.336412586,1.432));
#2038=CARTESIAN_POINT('',(-0.551147692,-1.357884538,1.432));
#2039=CARTESIAN_POINT('',(-0.549515946,-1.382996966,1.432));
#2040=CARTESIAN_POINT('',(-0.558309305,-1.405135524,1.432));
#2041=B_SPLINE_CURVE_WITH_KNOTS('',3,(#2028,#2029,#2030,#2031,#2032,#2033,#2034,#2035,#2036,#2037,#2038,#2039,#2040),.UNSPECIFIED.,.F.,.F.,(4,3,3,3,4),(0.,0.000070485,0.000140971,0.000211456,0.000281941),.UNSPECIFIED.);
#2042=EDGE_CURVE('',#2027,#2018,#2041,.T.);
#2043=ORIENTED_EDGE('',*,*,#2042,.F.);
#2044=CARTESIAN_POINT('',(-0.77559112,-1.399449325,1.432));
#2045=CARTESIAN_POINT('',(-0.761381556,-1.373794709,1.432));
#2046=CARTESIAN_POINT('',(-0.747171496,-1.348140368,1.432));
#2047=CARTESIAN_POINT('',(-0.732961229,-1.322486141,1.432));
#2048=B_SPLINE_CURVE_WITH_KNOTS('',3,(#2044,#2045,#2046,#2047),.UNSPECIFIED.,.F.,.F.,(4,4),(0.000251202,0.000339183),.UNSPECIFIED.);
#2049=EDGE_CURVE('',#1504,#2027,#2048,.T.);
#2050=ORIENTED_EDGE('',*,*,#2049,.F.);
#2051=ORIENTED_EDGE('',*,*,#1541,.F.);
#2052=CARTESIAN_POINT('',(-1.277599654,-0.808612543,1.432));
#2053=VERTEX_POINT('',#2052);
#2054=CARTESIAN_POINT('',(-1.277591586,-0.808607434,1.432));
#2055=CARTESIAN_POINT('',(-1.302379258,-0.82430423,1.432));
#2056=CARTESIAN_POINT('',(-1.327166723,-0.840001351,1.432));
#2057=CARTESIAN_POINT('',(-1.351953946,-0.855698854,1.432));
#2058=B_SPLINE_CURVE_WITH_KNOTS('',3,(#2054,#2055,#2056,#2057),.UNSPECIFIED.,.F.,.F.,(4,4),(0.,0.000088019),.UNSPECIFIED.);
#2059=EDGE_CURVE('',#2053,#1525,#2058,.T.);
#2060=ORIENTED_EDGE('',*,*,#2059,.F.);
#2061=CARTESIAN_POINT('',(-1.370315941,-0.639089962,1.432));
#2062=VERTEX_POINT('',#2061);
#2063=CARTESIAN_POINT('',(-1.370315941,-0.639089962,1.432));
#2064=CARTESIAN_POINT('',(-1.348742155,-0.629022081,1.432));
#2065=CARTESIAN_POINT('',(-1.323378788,-0.62919859,1.432));
#2066=CARTESIAN_POINT('',(-1.301440147,-0.637570111,1.432));
#2067=CARTESIAN_POINT('',(-1.279501506,-0.645941633,1.432));
#2068=CARTESIAN_POINT('',(-1.260670022,-0.662551767,1.432));
#2069=CARTESIAN_POINT('',(-1.24942087,-0.68317173,1.432));
#2070=CARTESIAN_POINT('',(-1.238171718,-0.703791692,1.432));
#2071=CARTESIAN_POINT('',(-1.23438445,-0.728523211,1.432));
#2072=CARTESIAN_POINT('',(-1.239208402,-0.751559197,1.432));
#2073=CARTESIAN_POINT('',(-1.244032355,-0.774595183,1.432));
#2074=CARTESIAN_POINT('',(-1.25747296,-0.79587068,1.432));
#2075=CARTESIAN_POINT('',(-1.277599654,-0.808612543,1.432));
#2076=B_SPLINE_CURVE_WITH_KNOTS('',3,(#2063,#2064,#2065,#2066,#2067,#2068,#2069,#2070,#2071,#2072,#2073,#2074,#2075),.UNSPECIFIED.,.F.,.F.,(4,3,3,3,4),(0.,0.000070485,0.000140971,0.000211456,0.000281941),.UNSPECIFIED.);
#2077=EDGE_CURVE('',#2062,#2053,#2076,.T.);
#2078=ORIENTED_EDGE('',*,*,#2077,.F.);
#2079=CARTESIAN_POINT('',(-1.450042072,-0.676297265,1.432));
#2080=CARTESIAN_POINT('',(-1.423466867,-0.663894462,1.432));
#2081=CARTESIAN_POINT('',(-1.396891438,-0.651492138,1.432));
#2082=CARTESIAN_POINT('',(-1.370315941,-0.639089962,1.432));
#2083=B_SPLINE_CURVE_WITH_KNOTS('',3,(#2079,#2080,#2081,#2082),.UNSPECIFIED.,.F.,.F.,(4,4),(0.000186676,0.000274657),.UNSPECIFIED.);
#2084=EDGE_CURVE('',#1554,#2062,#2083,.T.);
#2085=ORIENTED_EDGE('',*,*,#2084,.F.);
#2086=ORIENTED_EDGE('',*,*,#1591,.F.);
#2087=CARTESIAN_POINT('',(-1.50889036,0.096772946,1.432));
#2088=VERTEX_POINT('',#2087);
#2089=CARTESIAN_POINT('',(-1.50888083,0.096772336,1.432));
#2090=CARTESIAN_POINT('',(-1.538160822,0.09864319,1.432));
#2091=CARTESIAN_POINT('',(-1.567440839,0.100513653,1.432));
#2092=CARTESIAN_POINT('',(-1.596720884,0.102383676,1.432));
#2093=B_SPLINE_CURVE_WITH_KNOTS('',3,(#2089,#2090,#2091,#2092),.UNSPECIFIED.,.F.,.F.,(4,4),(0.,0.000088019),.UNSPECIFIED.);
#2094=EDGE_CURVE('',#2088,#1575,#2093,.T.);
#2095=ORIENTED_EDGE('',*,*,#2094,.F.);
#2096=CARTESIAN_POINT('',(-1.484256538,0.288416861,1.432));
#2097=VERTEX_POINT('',#2096);
#2098=CARTESIAN_POINT('',(-1.484256538,0.288416861,1.432));
#2099=CARTESIAN_POINT('',(-1.460885227,0.283881194,1.432));
#2100=CARTESIAN_POINT('',(-1.440469582,0.268830183,1.432));
#2101=CARTESIAN_POINT('',(-1.427641505,0.24916227,1.432));
#2102=CARTESIAN_POINT('',(-1.414813428,0.229494358,1.432));
#2103=CARTESIAN_POINT('',(-1.40934163,0.204987608,1.432));
#2104=CARTESIAN_POINT('',(-1.412360984,0.181693622,1.432));
#2105=CARTESIAN_POINT('',(-1.415380339,0.158399636,1.432));
#2106=CARTESIAN_POINT('',(-1.426853197,0.136165317,1.432));
#2107=CARTESIAN_POINT('',(-1.444296069,0.120364261,1.432));
#2108=CARTESIAN_POINT('',(-1.461738941,0.104563205,1.432));
#2109=CARTESIAN_POINT('',(-1.485118042,0.095251156,1.432));
#2110=CARTESIAN_POINT('',(-1.50889036,0.096772946,1.432));
#2111=B_SPLINE_CURVE_WITH_KNOTS('',3,(#2098,#2099,#2100,#2101,#2102,#2103,#2104,#2105,#2106,#2107,#2108,#2109,#2110),.UNSPECIFIED.,.F.,.F.,(4,3,3,3,4),(0.,0.000070485,0.000140971,0.000211456,0.000281941),.UNSPECIFIED.);
#2112=EDGE_CURVE('',#2097,#2088,#2111,.T.);
#2113=ORIENTED_EDGE('',*,*,#2112,.F.);
#2114=CARTESIAN_POINT('',(-1.570626237,0.305177364,1.432));
#2115=CARTESIAN_POINT('',(-1.541836258,0.299590941,1.432));
#2116=CARTESIAN_POINT('',(-1.513046366,0.294004064,1.432));
#2117=CARTESIAN_POINT('',(-1.484256538,0.288416861,1.432));
#2118=B_SPLINE_CURVE_WITH_KNOTS('',3,(#2114,#2115,#2116,#2117),.UNSPECIFIED.,.F.,.F.,(4,4),(0.00004948,0.000137461),.UNSPECIFIED.);
#2119=EDGE_CURVE('',#1604,#2097,#2118,.T.);
#2120=ORIENTED_EDGE('',*,*,#2119,.F.);
#2121=ORIENTED_EDGE('',*,*,#1641,.F.);
#2122=CARTESIAN_POINT('',(-1.163836233,0.965194459,1.432));
#2123=VERTEX_POINT('',#2122);
#2124=CARTESIAN_POINT('',(-1.163828882,0.965188364,1.432));
#2125=CARTESIAN_POINT('',(-1.186417233,0.983912264,1.432));
#2126=CARTESIAN_POINT('',(-1.20900583,1.002635867,1.432));
#2127=CARTESIAN_POINT('',(-1.231594716,1.021359122,1.432));
#2128=B_SPLINE_CURVE_WITH_KNOTS('',3,(#2124,#2125,#2126,#2127),.UNSPECIFIED.,.F.,.F.,(4,4),(0.,0.000088019),.UNSPECIFIED.);
#2129=EDGE_CURVE('',#2123,#1625,#2128,.T.);
#2130=ORIENTED_EDGE('',*,*,#2129,.F.);
#2131=CARTESIAN_POINT('',(-1.031261586,1.105758246,1.432));
#2132=VERTEX_POINT('',#2131);
#2133=CARTESIAN_POINT('',(-1.031261586,1.105758246,1.432));
#2134=CARTESIAN_POINT('',(-1.015019796,1.088351502,1.432));
#2135=CARTESIAN_POINT('',(-1.007349955,1.064174963,1.432));
#2136=CARTESIAN_POINT('',(-1.008532332,1.040723133,1.432));
#2137=CARTESIAN_POINT('',(-1.009714709,1.017271303,1.432));
#2138=CARTESIAN_POINT('',(-1.019692636,0.994228684,1.432));
#2139=CARTESIAN_POINT('',(-1.035827207,0.977158186,1.432));
#2140=CARTESIAN_POINT('',(-1.051961778,0.960087687,1.432));
#2141=CARTESIAN_POINT('',(-1.074312519,0.948843322,1.432));
#2142=CARTESIAN_POINT('',(-1.097711727,0.946312662,1.432));
#2143=CARTESIAN_POINT('',(-1.121110935,0.943782002,1.432));
#2144=CARTESIAN_POINT('',(-1.14549851,0.949990287,1.432));
#2145=CARTESIAN_POINT('',(-1.163836233,0.965194459,1.432));
#2146=B_SPLINE_CURVE_WITH_KNOTS('',3,(#2133,#2134,#2135,#2136,#2137,#2138,#2139,#2140,#2141,#2142,#2143,#2144,#2145),.UNSPECIFIED.,.F.,.F.,(4,3,3,3,4),(0.,0.000070485,0.000140971,0.000211456,0.000281941),.UNSPECIFIED.);
#2147=EDGE_CURVE('',#2132,#2123,#2146,.T.);
#2148=ORIENTED_EDGE('',*,*,#2147,.F.);
#2149=CARTESIAN_POINT('',(-1.091284563,1.170084613,1.432));
#2150=CARTESIAN_POINT('',(-1.071276598,1.148642776,1.432));
#2151=CARTESIAN_POINT('',(-1.051268947,1.127200646,1.432));
#2152=CARTESIAN_POINT('',(-1.031261586,1.105758246,1.432));
#2153=B_SPLINE_CURVE_WITH_KNOTS('',3,(#2149,#2150,#2151,#2152),.UNSPECIFIED.,.F.,.F.,(4,4),(0.000512019,0.0006),.UNSPECIFIED.);
#2154=EDGE_CURVE('',#1654,#2132,#2153,.T.);
#2155=ORIENTED_EDGE('',*,*,#2154,.F.);
#2156=ORIENTED_EDGE('',*,*,#1691,.F.);
#2157=CARTESIAN_POINT('',(-0.374236223,1.464944494,1.432));
#2158=VERTEX_POINT('',#2157);
#2159=CARTESIAN_POINT('',(-0.374233858,1.464935242,1.432));
#2160=CARTESIAN_POINT('',(-0.381502585,1.493360295,1.432));
#2161=CARTESIAN_POINT('',(-0.388771685,1.521785253,1.432));
#2162=CARTESIAN_POINT('',(-0.396041226,1.550210098,1.432));
#2163=B_SPLINE_CURVE_WITH_KNOTS('',3,(#2159,#2160,#2161,#2162),.UNSPECIFIED.,.F.,.F.,(4,4),(0.,0.000088019),.UNSPECIFIED.);
#2164=EDGE_CURVE('',#2158,#1675,#2163,.T.);
#2165=ORIENTED_EDGE('',*,*,#2164,.F.);
#2166=CARTESIAN_POINT('',(-0.184359759,1.500737564,1.432));
#2167=VERTEX_POINT('',#2166);
#2168=CARTESIAN_POINT('',(-0.184359759,1.500737564,1.432));
#2169=CARTESIAN_POINT('',(-0.181451302,1.477108528,1.432));
#2170=CARTESIAN_POINT('',(-0.189456883,1.453041077,1.432));
#2171=CARTESIAN_POINT('',(-0.204198086,1.434763132,1.432));
#2172=CARTESIAN_POINT('',(-0.218939289,1.416485187,1.432));
#2173=CARTESIAN_POINT('',(-0.240555714,1.403708195,1.432));
#2174=CARTESIAN_POINT('',(-0.263642643,1.399381535,1.432));
#2175=CARTESIAN_POINT('',(-0.286729572,1.395054874,1.432));
#2176=CARTESIAN_POINT('',(-0.311420974,1.399095428,1.432));
#2177=CARTESIAN_POINT('',(-0.331838816,1.41080179,1.432));
#2178=CARTESIAN_POINT('',(-0.352256657,1.422508153,1.432));
#2179=CARTESIAN_POINT('',(-0.368337482,1.441865418,1.432));
#2180=CARTESIAN_POINT('',(-0.374236223,1.464944494,1.432));
#2181=B_SPLINE_CURVE_WITH_KNOTS('',3,(#2168,#2169,#2170,#2171,#2172,#2173,#2174,#2175,#2176,#2177,#2178,#2179,#2180),.UNSPECIFIED.,.F.,.F.,(4,3,3,3,4),(0.,0.000070485,0.000140971,0.000211456,0.000281941),.UNSPECIFIED.);
#2182=EDGE_CURVE('',#2167,#2158,#2181,.T.);
#2183=ORIENTED_EDGE('',*,*,#2182,.F.);
#2184=CARTESIAN_POINT('',(-0.195109278,1.588059309,1.432));
#2185=CARTESIAN_POINT('',(-0.191525695,1.558952111,1.432));
#2186=CARTESIAN_POINT('',(-0.187942552,1.529844859,1.432));
#2187=CARTESIAN_POINT('',(-0.184359759,1.500737564,1.432));
#2188=B_SPLINE_CURVE_WITH_KNOTS('',3,(#2184,#2185,#2186,#2187),.UNSPECIFIED.,.F.,.F.,(4,4),(0.000031376,0.000119357),.UNSPECIFIED.);
#2189=EDGE_CURVE('',#1704,#2167,#2188,.T.);
#2190=ORIENTED_EDGE('',*,*,#2189,.F.);
#2191=ORIENTED_EDGE('',*,*,#1741,.F.);
#2192=CARTESIAN_POINT('',(0.558309305,1.405135524,1.432));
#2193=VERTEX_POINT('',#2192);
#2194=CARTESIAN_POINT('',(0.55830578,1.405126649,1.432));
#2195=CARTESIAN_POINT('',(0.569133083,1.432395451,1.432));
#2196=CARTESIAN_POINT('',(0.579960038,1.459664391,1.432));
#2197=CARTESIAN_POINT('',(0.590786551,1.486933506,1.432));
#2198=B_SPLINE_CURVE_WITH_KNOTS('',3,(#2194,#2195,#2196,#2197),.UNSPECIFIED.,.F.,.F.,(4,4),(0.,0.000088019),.UNSPECIFIED.);
#2199=EDGE_CURVE('',#2193,#1725,#2198,.T.);
#2200=ORIENTED_EDGE('',*,*,#2199,.F.);
#2201=CARTESIAN_POINT('',(0.732961229,1.322486141,1.432));
#2202=VERTEX_POINT('',#2201);
#2203=CARTESIAN_POINT('',(0.732961229,1.322486141,1.432));
#2204=CARTESIAN_POINT('',(0.721425421,1.301660301,1.432));
#2205=CARTESIAN_POINT('',(0.700802278,1.286894887,1.432));
#2206=CARTESIAN_POINT('',(0.678132888,1.28077238,1.432));
#2207=CARTESIAN_POINT('',(0.655463497,1.274649874,1.432));
#2208=CARTESIAN_POINT('',(0.630465315,1.277018886,1.432));
#2209=CARTESIAN_POINT('',(0.60924445,1.287088701,1.432));
#2210=CARTESIAN_POINT('',(0.588023584,1.297158515,1.432));
#2211=CARTESIAN_POINT('',(0.570422798,1.314940634,1.432));
#2212=CARTESIAN_POINT('',(0.560785245,1.336412586,1.432));
#2213=CARTESIAN_POINT('',(0.551147692,1.357884538,1.432));
#2214=CARTESIAN_POINT('',(0.549515946,1.382996966,1.432));
#2215=CARTESIAN_POINT('',(0.558309305,1.405135524,1.432));
#2216=B_SPLINE_CURVE_WITH_KNOTS('',3,(#2203,#2204,#2205,#2206,#2207,#2208,#2209,#2210,#2211,#2212,#2213,#2214,#2215),.UNSPECIFIED.,.F.,.F.,(4,3,3,3,4),(0.,0.000070485,0.000140971,0.000211456,0.000281941),.UNSPECIFIED.);
#2217=EDGE_CURVE('',#2202,#2193,#2216,.T.);
#2218=ORIENTED_EDGE('',*,*,#2217,.F.);
#2219=CARTESIAN_POINT('',(0.77559112,1.399449325,1.432));
#2220=CARTESIAN_POINT('',(0.761381556,1.373794709,1.432));
#2221=CARTESIAN_POINT('',(0.747171496,1.348140368,1.432));
#2222=CARTESIAN_POINT('',(0.732961229,1.322486141,1.432));
#2223=B_SPLINE_CURVE_WITH_KNOTS('',3,(#2219,#2220,#2221,#2222),.UNSPECIFIED.,.F.,.F.,(4,4),(0.000251202,0.000339183),.UNSPECIFIED.);
#2224=EDGE_CURVE('',#1754,#2202,#2223,.T.);
#2225=ORIENTED_EDGE('',*,*,#2224,.F.);
#2226=ORIENTED_EDGE('',*,*,#1791,.F.);
#2227=CARTESIAN_POINT('',(1.277599654,0.808612543,1.432));
#2228=VERTEX_POINT('',#2227);
#2229=CARTESIAN_POINT('',(1.277591586,0.808607434,1.432));
#2230=CARTESIAN_POINT('',(1.302379258,0.82430423,1.432));
#2231=CARTESIAN_POINT('',(1.327166723,0.840001351,1.432));
#2232=CARTESIAN_POINT('',(1.351953946,0.855698854,1.432));
#2233=B_SPLINE_CURVE_WITH_KNOTS('',3,(#2229,#2230,#2231,#2232),.UNSPECIFIED.,.F.,.F.,(4,4),(0.,0.000088019),.UNSPECIFIED.);
#2234=EDGE_CURVE('',#2228,#1775,#2233,.T.);
#2235=ORIENTED_EDGE('',*,*,#2234,.F.);
#2236=CARTESIAN_POINT('',(1.370315941,0.639089962,1.432));
#2237=VERTEX_POINT('',#2236);
#2238=CARTESIAN_POINT('',(1.370315941,0.639089962,1.432));
#2239=CARTESIAN_POINT('',(1.348742155,0.629022081,1.432));
#2240=CARTESIAN_POINT('',(1.323378788,0.62919859,1.432));
#2241=CARTESIAN_POINT('',(1.301440147,0.637570111,1.432));
#2242=CARTESIAN_POINT('',(1.279501506,0.645941633,1.432));
#2243=CARTESIAN_POINT('',(1.260670022,0.662551767,1.432));
#2244=CARTESIAN_POINT('',(1.24942087,0.68317173,1.432));
#2245=CARTESIAN_POINT('',(1.238171718,0.703791692,1.432));
#2246=CARTESIAN_POINT('',(1.23438445,0.728523211,1.432));
#2247=CARTESIAN_POINT('',(1.239208402,0.751559197,1.432));
#2248=CARTESIAN_POINT('',(1.244032355,0.774595183,1.432));
#2249=CARTESIAN_POINT('',(1.25747296,0.79587068,1.432));
#2250=CARTESIAN_POINT('',(1.277599654,0.808612543,1.432));
#2251=B_SPLINE_CURVE_WITH_KNOTS('',3,(#2238,#2239,#2240,#2241,#2242,#2243,#2244,#2245,#2246,#2247,#2248,#2249,#2250),.UNSPECIFIED.,.F.,.F.,(4,3,3,3,4),(0.,0.000070485,0.000140971,0.000211456,0.000281941),.UNSPECIFIED.);
#2252=EDGE_CURVE('',#2237,#2228,#2251,.T.);
#2253=ORIENTED_EDGE('',*,*,#2252,.F.);
#2254=CARTESIAN_POINT('',(1.450042072,0.676297265,1.432));
#2255=VERTEX_POINT('',#2254);
#2256=CARTESIAN_POINT('',(1.450042072,0.676297265,1.432));
#2257=CARTESIAN_POINT('',(1.423466867,0.663894462,1.432));
#2258=CARTESIAN_POINT('',(1.396891438,0.651492138,1.432));
#2259=CARTESIAN_POINT('',(1.370315941,0.639089962,1.432));
#2260=B_SPLINE_CURVE_WITH_KNOTS('',3,(#2256,#2257,#2258,#2259),.UNSPECIFIED.,.F.,.F.,(4,4),(0.000186676,0.000274657),.UNSPECIFIED.);
#2261=EDGE_CURVE('',#2255,#2237,#2260,.T.);
#2262=ORIENTED_EDGE('',*,*,#2261,.F.);
#2263=CARTESIAN_POINT('',(1.6,-0.,1.432));
#2264=VERTEX_POINT('',#2263);
#2265=CARTESIAN_POINT('',(0.,0.,1.432));
#2266=DIRECTION('',(0.,0.,1.));
#2267=DIRECTION('',(1.,0.,-0.));
#2268=AXIS2_PLACEMENT_3D('',#2265,#2266,#2267);
#2269=CIRCLE('',#2268,1.6);
#2270=EDGE_CURVE('',#2264,#2255,#2269,.T.);
#2271=ORIENTED_EDGE('',*,*,#2270,.F.);
#2272=CARTESIAN_POINT('',(1.596720884,-0.102383676,1.432));
#2273=VERTEX_POINT('',#2272);
#2274=CARTESIAN_POINT('',(0.,0.,1.432));
#2275=DIRECTION('',(0.,0.,1.));
#2276=DIRECTION('',(1.,0.,-0.));
#2277=AXIS2_PLACEMENT_3D('',#2274,#2275,#2276);
#2278=CIRCLE('',#2277,1.6);
#2279=EDGE_CURVE('',#2273,#2264,#2278,.T.);
#2280=ORIENTED_EDGE('',*,*,#2279,.F.);
#2281=CARTESIAN_POINT('',(1.50889036,-0.096772946,1.432));
#2282=VERTEX_POINT('',#2281);
#2283=CARTESIAN_POINT('',(1.50888083,-0.096772336,1.432));
#2284=CARTESIAN_POINT('',(1.538160822,-0.09864319,1.432));
#2285=CARTESIAN_POINT('',(1.567440839,-0.100513653,1.432));
#2286=CARTESIAN_POINT('',(1.596720884,-0.102383676,1.432));
#2287=B_SPLINE_CURVE_WITH_KNOTS('',3,(#2283,#2284,#2285,#2286),.UNSPECIFIED.,.F.,.F.,(4,4),(0.,0.000088019),.UNSPECIFIED.);
#2288=EDGE_CURVE('',#2282,#2273,#2287,.T.);
#2289=ORIENTED_EDGE('',*,*,#2288,.F.);
#2290=CARTESIAN_POINT('',(1.484256538,-0.288416861,1.432));
#2291=CARTESIAN_POINT('',(1.460885227,-0.283881194,1.432));
#2292=CARTESIAN_POINT('',(1.440469582,-0.268830183,1.432));
#2293=CARTESIAN_POINT('',(1.427641505,-0.24916227,1.432));
#2294=CARTESIAN_POINT('',(1.414813428,-0.229494358,1.432));
#2295=CARTESIAN_POINT('',(1.40934163,-0.204987608,1.432));
#2296=CARTESIAN_POINT('',(1.412360984,-0.181693622,1.432));
#2297=CARTESIAN_POINT('',(1.415380339,-0.158399636,1.432));
#2298=CARTESIAN_POINT('',(1.426853197,-0.136165317,1.432));
#2299=CARTESIAN_POINT('',(1.444296069,-0.120364261,1.432));
#2300=CARTESIAN_POINT('',(1.461738941,-0.104563205,1.432));
#2301=CARTESIAN_POINT('',(1.485118042,-0.095251156,1.432));
#2302=CARTESIAN_POINT('',(1.50889036,-0.096772946,1.432));
#2303=B_SPLINE_CURVE_WITH_KNOTS('',3,(#2290,#2291,#2292,#2293,#2294,#2295,#2296,#2297,#2298,#2299,#2300,#2301,#2302),.UNSPECIFIED.,.F.,.F.,(4,3,3,3,4),(0.,0.000070485,0.000140971,0.000211456,0.000281941),.UNSPECIFIED.);
#2304=EDGE_CURVE('',#1938,#2282,#2303,.T.);
#2305=ORIENTED_EDGE('',*,*,#2304,.F.);
#2306=EDGE_LOOP('',(#1945,#1946,#1955,#1973,#1980,#1981,#1990,#2008,#2015,#2016,#2025,#2043,#2050,#2051,#2060,#2078,#2085,#2086,#2095,#2113,#2120,#2121,#2130,#2148,#2155,#2156,
#2165,#2183,#2190,#2191,#2200,#2218,#2225,#2226,#2235,#2253,#2262,#2271,#2280,#2289,#2305));
#2307=FACE_BOUND('',#2306,.T.);
#2308=ORIENTED_EDGE('',*,*,#1927,.T.);
#2309=EDGE_LOOP('',(#2308));
#2310=FACE_BOUND('',#2309,.T.);
#2311=ADVANCED_FACE('',(#2307,#2310),#1936,.T.);
#2312=CARTESIAN_POINT('',(0.,0.,0.));
#2313=DIRECTION('',(0.,0.,1.));
#2314=DIRECTION('',(1.,0.,0.));
#2315=AXIS2_PLACEMENT_3D('',#2312,#2313,#2314);
#2316=CYLINDRICAL_SURFACE('',#2315,1.6);
#2317=CARTESIAN_POINT('',(1.599999998,0.,2.032009549));
#2318=VERTEX_POINT('',#2317);
#2319=CARTESIAN_POINT('',(1.6,0.,2.032009549));
#2320=DIRECTION('',(-0.,-0.,-1.));
#2321=VECTOR('',#2320,0.600009549);
#2322=LINE('',#2319,#2321);
#2323=EDGE_CURVE('',#2318,#2264,#2322,.T.);
#2324=ORIENTED_EDGE('',*,*,#2323,.T.);
#2325=ORIENTED_EDGE('',*,*,#2270,.T.);
#2326=CARTESIAN_POINT('',(1.6,0.,2.032019097));
#2327=CARTESIAN_POINT('',(1.6,0.157586245,1.897019097));
#2328=CARTESIAN_POINT('',(1.569256449,0.312144515,1.762019097));
#2329=CARTESIAN_POINT('',(1.538512897,0.466702785,1.627019097));
#2330=CARTESIAN_POINT('',(1.478207252,0.612293492,1.492019097));
#2331=CARTESIAN_POINT('',(1.464824138,0.644603186,1.462059707));
#2332=CARTESIAN_POINT('',(1.450042072,0.676297265,1.432));
#2333=(BOUNDED_CURVE()
B_SPLINE_CURVE(2,(#2326,#2327,#2328,#2329,#2330,#2331,#2332),.UNSPECIFIED.,.F.,.F.)
B_SPLINE_CURVE_WITH_KNOTS((3,2,2,3),(0.,0.25,0.5,0.555689),.UNSPECIFIED.)
CURVE()
GEOMETRIC_REPRESENTATION_ITEM()
RATIONAL_B_SPLINE_CURVE((1.,0.995184727,1.,0.995184727,1.,0.998927369,0.998332608))
REPRESENTATION_ITEM(''));
#2334=EDGE_CURVE('',#2318,#2255,#2333,.T.);
#2335=ORIENTED_EDGE('',*,*,#2334,.F.);
#2336=EDGE_LOOP('',(#2324,#2325,#2335));
#2337=FACE_BOUND('',#2336,.T.);
#2338=ADVANCED_FACE('',(#2337),#2316,.T.);
#2339=CARTESIAN_POINT('',(0.8,0.,2.032));
#2340=DIRECTION('',(0.,0.,1.));
#2341=DIRECTION('',(1.,0.,0.));
#2342=AXIS2_PLACEMENT_3D('',#2339,#2340,#2341);
#2343=PLANE('',#2342);
#2344=CARTESIAN_POINT('',(1.,-0.,2.032));
#2345=VERTEX_POINT('',#2344);
#2346=CARTESIAN_POINT('',(0.,0.,2.032));
#2347=DIRECTION('',(-0.,-0.,-1.));
#2348=DIRECTION('',(1.,0.,-0.));
#2349=AXIS2_PLACEMENT_3D('',#2346,#2347,#2348);
#2350=CIRCLE('',#2349,1.);
#2351=EDGE_CURVE('',#2345,#2345,#2350,.T.);
#2352=ORIENTED_EDGE('',*,*,#2351,.T.);
#2353=EDGE_LOOP('',(#2352));
#2354=FACE_BOUND('',#2353,.T.);
#2355=CARTESIAN_POINT('',(1.223249147,-0.888742528,2.032000002));
#2356=VERTEX_POINT('',#2355);
#2357=CARTESIAN_POINT('',(1.223249149,-0.888742526,2.032));
#2358=CARTESIAN_POINT('',(1.246979288,-0.905974803,2.032));
#2359=CARTESIAN_POINT('',(1.270709655,-0.923206767,2.032));
#2360=CARTESIAN_POINT('',(1.294440288,-0.940438364,2.032));
#2361=B_SPLINE_CURVE_WITH_KNOTS('',3,(#2357,#2358,#2359,#2360),.UNSPECIFIED.,.F.,.F.,(4,4),(0.,0.000087981),.UNSPECIFIED.);
#2362=EDGE_CURVE('',#2356,#1352,#2361,.T.);
#2363=ORIENTED_EDGE('',*,*,#2362,.F.);
#2364=CARTESIAN_POINT('',(1.326627288,-0.725379322,2.032));
#2365=VERTEX_POINT('',#2364);
#2366=CARTESIAN_POINT('',(1.326627288,-0.725379322,2.032));
#2367=CARTESIAN_POINT('',(1.305732558,-0.713960708,2.032));
#2368=CARTESIAN_POINT('',(1.280405769,-0.71251,2.032));
#2369=CARTESIAN_POINT('',(1.257975116,-0.71946912,2.032));
#2370=CARTESIAN_POINT('',(1.235544464,-0.72642824,2.032));
#2371=CARTESIAN_POINT('',(1.215697544,-0.741819903,2.032));
#2372=CARTESIAN_POINT('',(1.203163238,-0.761691928,2.032));
#2373=CARTESIAN_POINT('',(1.190628932,-0.781563952,2.032));
#2374=CARTESIAN_POINT('',(1.185271248,-0.806004136,2.032));
#2375=CARTESIAN_POINT('',(1.188597716,-0.82930794,2.032));
#2376=CARTESIAN_POINT('',(1.191924183,-0.852611744,2.032));
#2377=CARTESIAN_POINT('',(1.203956519,-0.874725446,2.032));
#2378=CARTESIAN_POINT('',(1.223233298,-0.888731013,2.032));
#2379=B_SPLINE_CURVE_WITH_KNOTS('',3,(#2366,#2367,#2368,#2369,#2370,#2371,#2372,#2373,#2374,#2375,#2376,#2377,#2378),.UNSPECIFIED.,.F.,.F.,(4,3,3,3,4),(0.,0.0000705,0.000141,0.0002115,0.000282),.UNSPECIFIED.);
#2380=EDGE_CURVE('',#2365,#2356,#2379,.T.);
#2381=ORIENTED_EDGE('',*,*,#2380,.F.);
#2382=CARTESIAN_POINT('',(1.403857917,-0.767582535,2.032));
#2383=VERTEX_POINT('',#2382);
#2384=CARTESIAN_POINT('',(1.403857917,-0.767582535,2.032));
#2385=CARTESIAN_POINT('',(1.378111363,-0.753513669,2.032));
#2386=CARTESIAN_POINT('',(1.352365073,-0.739444321,2.032));
#2387=CARTESIAN_POINT('',(1.326618908,-0.725374742,2.032));
#2388=B_SPLINE_CURVE_WITH_KNOTS('',3,(#2384,#2385,#2386,#2387),.UNSPECIFIED.,.F.,.F.,(4,4),(0.00024539,0.000333409),.UNSPECIFIED.);
#2389=EDGE_CURVE('',#2383,#2365,#2388,.T.);
#2390=ORIENTED_EDGE('',*,*,#2389,.F.);
#2391=CARTESIAN_POINT('',(0.,0.,2.032));
#2392=DIRECTION('',(0.,0.,1.));
#2393=DIRECTION('',(1.,0.,-0.));
#2394=AXIS2_PLACEMENT_3D('',#2391,#2392,#2393);
#2395=CIRCLE('',#2394,1.6);
#2396=EDGE_CURVE('',#2383,#2318,#2395,.T.);
#2397=ORIENTED_EDGE('',*,*,#2396,.T.);
#2398=CARTESIAN_POINT('',(1.512019099,0.,2.032000002));
#2399=VERTEX_POINT('',#2398);
#2400=CARTESIAN_POINT('',(1.512019099,0.000000002,2.032));
#2401=CARTESIAN_POINT('',(1.541346064,0.000007024,2.032));
#2402=CARTESIAN_POINT('',(1.570673028,0.000014438,2.032));
#2403=CARTESIAN_POINT('',(1.599999992,0.000022292,2.032));
#2404=B_SPLINE_CURVE_WITH_KNOTS('',3,(#2400,#2401,#2402,#2403),.UNSPECIFIED.,.F.,.F.,(4,4),(0.,0.000087981),.UNSPECIFIED.);
#2405=EDGE_CURVE('',#2399,#2318,#2404,.T.);
#2406=ORIENTED_EDGE('',*,*,#2405,.F.);
#2407=CARTESIAN_POINT('',(1.499631289,0.192927756,2.032));
#2408=VERTEX_POINT('',#2407);
#2409=CARTESIAN_POINT('',(1.499631289,0.192927756,2.032));
#2410=CARTESIAN_POINT('',(1.476015404,0.189883995,2.032));
#2411=CARTESIAN_POINT('',(1.454672897,0.176170929,2.032));
#2412=CARTESIAN_POINT('',(1.440616586,0.157356476,2.032));
#2413=CARTESIAN_POINT('',(1.426560275,0.138542023,2.032));
#2414=CARTESIAN_POINT('',(1.419550772,0.114424179,2.032));
#2415=CARTESIAN_POINT('',(1.421090788,0.090979893,2.032));
#2416=CARTESIAN_POINT('',(1.422630805,0.067535607,2.032));
#2417=CARTESIAN_POINT('',(1.432661927,0.044613916,2.032));
#2418=CARTESIAN_POINT('',(1.449050728,0.027715991,2.032));
#2419=CARTESIAN_POINT('',(1.465439529,0.010818067,2.032));
#2420=CARTESIAN_POINT('',(1.488172002,0.000000135,2.032));
#2421=CARTESIAN_POINT('',(1.511999509,0.,2.032));
#2422=B_SPLINE_CURVE_WITH_KNOTS('',3,(#2409,#2410,#2411,#2412,#2413,#2414,#2415,#2416,#2417,#2418,#2419,#2420,#2421),.UNSPECIFIED.,.F.,.F.,(4,3,3,3,4),(0.,0.0000705,0.000141,0.0002115,0.000282),.UNSPECIFIED.);
#2423=EDGE_CURVE('',#2408,#2399,#2422,.T.);
#2424=ORIENTED_EDGE('',*,*,#2423,.F.);
#2425=CARTESIAN_POINT('',(1.586918607,0.204179664,2.032));
#2426=CARTESIAN_POINT('',(1.55781973,0.200428211,2.032));
#2427=CARTESIAN_POINT('',(1.528720796,0.196677199,2.032));
#2428=CARTESIAN_POINT('',(1.499621818,0.192926536,2.032));
#2429=B_SPLINE_CURVE_WITH_KNOTS('',3,(#2425,#2426,#2427,#2428),.UNSPECIFIED.,.F.,.F.,(4,4),(0.000032549,0.000120568),.UNSPECIFIED.);
#2430=EDGE_CURVE('',#1766,#2408,#2429,.T.);
#2431=ORIENTED_EDGE('',*,*,#2430,.F.);
#2432=ORIENTED_EDGE('',*,*,#1772,.T.);
#2433=CARTESIAN_POINT('',(1.223249147,0.888742528,2.032000002));
#2434=VERTEX_POINT('',#2433);
#2435=CARTESIAN_POINT('',(1.223249146,0.88874253,2.032));
#2436=CARTESIAN_POINT('',(1.246971031,0.905986167,2.032));
#2437=CARTESIAN_POINT('',(1.27069269,0.923230117,2.032));
#2438=CARTESIAN_POINT('',(1.294414081,0.940474434,2.032));
#2439=B_SPLINE_CURVE_WITH_KNOTS('',3,(#2435,#2436,#2437,#2438),.UNSPECIFIED.,.F.,.F.,(4,4),(0.,0.000087981),.UNSPECIFIED.);
#2440=EDGE_CURVE('',#2434,#1752,#2439,.T.);
#2441=ORIENTED_EDGE('',*,*,#2440,.F.);
#2442=CARTESIAN_POINT('',(1.099827108,1.037542989,2.032));
#2443=VERTEX_POINT('',#2442);
#2444=CARTESIAN_POINT('',(1.099827108,1.037542989,2.032));
#2445=CARTESIAN_POINT('',(1.082510534,1.021199466,2.032));
#2446=CARTESIAN_POINT('',(1.073304421,0.997560551,2.032));
#2447=CARTESIAN_POINT('',(1.072991484,0.974077247,2.032));
#2448=CARTESIAN_POINT('',(1.072678548,0.950593942,2.032));
#2449=CARTESIAN_POINT('',(1.081183854,0.926962114,2.032));
#2450=CARTESIAN_POINT('',(1.096209959,0.908900487,2.032));
#2451=CARTESIAN_POINT('',(1.111236064,0.890838861,2.032));
#2452=CARTESIAN_POINT('',(1.132824444,0.878190968,2.032));
#2453=CARTESIAN_POINT('',(1.156015614,0.874153356,2.032));
#2454=CARTESIAN_POINT('',(1.179206783,0.870115743,2.032));
#2455=CARTESIAN_POINT('',(1.203956361,0.874725665,2.032));
#2456=CARTESIAN_POINT('',(1.223233298,0.888731013,2.032));
#2457=B_SPLINE_CURVE_WITH_KNOTS('',3,(#2444,#2445,#2446,#2447,#2448,#2449,#2450,#2451,#2452,#2453,#2454,#2455,#2456),.UNSPECIFIED.,.F.,.F.,(4,3,3,3,4),(0.,0.0000705,0.000141,0.0002115,0.000282),.UNSPECIFIED.);
#2458=EDGE_CURVE('',#2443,#2434,#2457,.T.);
#2459=ORIENTED_EDGE('',*,*,#2458,.F.);
#2460=CARTESIAN_POINT('',(1.163830326,1.097952172,2.032));
#2461=CARTESIAN_POINT('',(1.142493892,1.077813289,2.032));
#2462=CARTESIAN_POINT('',(1.121157163,1.057674718,2.032));
#2463=CARTESIAN_POINT('',(1.099820163,1.037536435,2.032));
#2464=B_SPLINE_CURVE_WITH_KNOTS('',3,(#2460,#2461,#2462,#2463),.UNSPECIFIED.,.F.,.F.,(4,4),(0.000511981,0.0006),.UNSPECIFIED.);
#2465=EDGE_CURVE('',#1716,#2443,#2464,.T.);
#2466=ORIENTED_EDGE('',*,*,#2465,.F.);
#2467=ORIENTED_EDGE('',*,*,#1722,.T.);
#2468=CARTESIAN_POINT('',(0.467239598,1.438015617,2.032000002));
#2469=VERTEX_POINT('',#2468);
#2470=CARTESIAN_POINT('',(0.467239595,1.438015618,2.032));
#2471=CARTESIAN_POINT('',(0.476295448,1.465909388,2.032));
#2472=CARTESIAN_POINT('',(0.485350939,1.493803276,2.032));
#2473=CARTESIAN_POINT('',(0.494405987,1.521697307,2.032));
#2474=B_SPLINE_CURVE_WITH_KNOTS('',3,(#2470,#2471,#2472,#2473),.UNSPECIFIED.,.F.,.F.,(4,4),(0.,0.000087981),.UNSPECIFIED.);
#2475=EDGE_CURVE('',#2469,#1702,#2474,.T.);
#2476=ORIENTED_EDGE('',*,*,#2475,.F.);
#2477=CARTESIAN_POINT('',(0.279926354,1.485852065,2.032));
#2478=VERTEX_POINT('',#2477);
#2479=CARTESIAN_POINT('',(0.279926354,1.485852065,2.032));
#2480=CARTESIAN_POINT('',(0.275523433,1.46245145,2.032));
#2481=CARTESIAN_POINT('',(0.281970136,1.437915949,2.032));
#2482=CARTESIAN_POINT('',(0.295520106,1.418733617,2.032));
#2483=CARTESIAN_POINT('',(0.309070075,1.399551285,2.032));
#2484=CARTESIAN_POINT('',(0.329841452,1.385432028,2.032));
#2485=CARTESIAN_POINT('',(0.352614184,1.379651987,2.032));
#2486=CARTESIAN_POINT('',(0.375386916,1.373871947,2.032));
#2487=CARTESIAN_POINT('',(0.400286527,1.376328919,2.032));
#2488=CARTESIAN_POINT('',(0.421421827,1.38669385,2.032));
#2489=CARTESIAN_POINT('',(0.442557126,1.39705878,2.032));
#2490=CARTESIAN_POINT('',(0.459870311,1.415335721,2.032));
#2491=CARTESIAN_POINT('',(0.467233544,1.437996986,2.032));
#2492=B_SPLINE_CURVE_WITH_KNOTS('',3,(#2479,#2480,#2481,#2482,#2483,#2484,#2485,#2486,#2487,#2488,#2489,#2490,#2491),.UNSPECIFIED.,.F.,.F.,(4,3,3,3,4),(0.,0.0000705,0.000141,0.0002115,0.000282),.UNSPECIFIED.);
#2493=EDGE_CURVE('',#2478,#2469,#2492,.T.);
#2494=ORIENTED_EDGE('',*,*,#2493,.F.);
#2495=CARTESIAN_POINT('',(0.296198418,1.572344268,2.032));
#2496=CARTESIAN_POINT('',(0.290774218,1.543510328,2.032));
#2497=CARTESIAN_POINT('',(0.285349568,1.514676473,2.032));
#2498=CARTESIAN_POINT('',(0.279924587,1.48584268,2.032));
#2499=B_SPLINE_CURVE_WITH_KNOTS('',3,(#2495,#2496,#2497,#2498),.UNSPECIFIED.,.F.,.F.,(4,4),(0.000047678,0.000135697),.UNSPECIFIED.);
#2500=EDGE_CURVE('',#1666,#2478,#2499,.T.);
#2501=ORIENTED_EDGE('',*,*,#2500,.F.);
#2502=ORIENTED_EDGE('',*,*,#1672,.T.);
#2503=CARTESIAN_POINT('',(-0.467239598,1.438015617,2.032000002));
#2504=VERTEX_POINT('',#2503);
#2505=CARTESIAN_POINT('',(-0.4672396,1.438015616,2.032));
#2506=CARTESIAN_POINT('',(-0.476308808,1.465905047,2.032));
#2507=CARTESIAN_POINT('',(-0.485378378,1.49379436,2.032));
#2508=CARTESIAN_POINT('',(-0.49444839,1.52168353,2.032));
#2509=B_SPLINE_CURVE_WITH_KNOTS('',3,(#2505,#2506,#2507,#2508),.UNSPECIFIED.,.F.,.F.,(4,4),(0.,0.000087981),.UNSPECIFIED.);
#2510=EDGE_CURVE('',#2504,#1652,#2509,.T.);
#2511=ORIENTED_EDGE('',*,*,#2510,.F.);
#2512=CARTESIAN_POINT('',(-0.646896753,1.366616154,2.032));
#2513=VERTEX_POINT('',#2512);
#2514=CARTESIAN_POINT('',(-0.646896753,1.366616154,2.032));
#2515=CARTESIAN_POINT('',(-0.636704255,1.345096687,2.032));
#2516=CARTESIAN_POINT('',(-0.617067157,1.329036327,2.032));
#2517=CARTESIAN_POINT('',(-0.594829909,1.321481966,2.032));
#2518=CARTESIAN_POINT('',(-0.572592662,1.313927606,2.032));
#2519=CARTESIAN_POINT('',(-0.547489174,1.314713996,2.032));
#2520=CARTESIAN_POINT('',(-0.525668224,1.323423321,2.032));
#2521=CARTESIAN_POINT('',(-0.503847275,1.332132647,2.032));
#2522=CARTESIAN_POINT('',(-0.485147238,1.348756003,2.032));
#2523=CARTESIAN_POINT('',(-0.474140775,1.369564425,2.032));
#2524=CARTESIAN_POINT('',(-0.463134311,1.390372847,2.032));
#2525=CARTESIAN_POINT('',(-0.459870567,1.415335638,2.032));
#2526=CARTESIAN_POINT('',(-0.467233544,1.437996986,2.032));
#2527=B_SPLINE_CURVE_WITH_KNOTS('',3,(#2514,#2515,#2516,#2517,#2518,#2519,#2520,#2521,#2522,#2523,#2524,#2525,#2526),.UNSPECIFIED.,.F.,.F.,(4,3,3,3,4),(0.,0.0000705,0.000141,0.0002115,0.000282),.UNSPECIFIED.);
#2528=EDGE_CURVE('',#2513,#2504,#2527,.T.);
#2529=ORIENTED_EDGE('',*,*,#2528,.F.);
#2530=CARTESIAN_POINT('',(-0.684571218,1.446154296,2.032));
#2531=CARTESIAN_POINT('',(-0.672011333,1.419638879,2.032));
#2532=CARTESIAN_POINT('',(-0.65945193,1.393123234,2.032));
#2533=CARTESIAN_POINT('',(-0.646892666,1.366607523,2.032));
#2534=B_SPLINE_CURVE_WITH_KNOTS('',3,(#2530,#2531,#2532,#2533),.UNSPECIFIED.,.F.,.F.,(4,4),(0.00019148,0.000279499),.UNSPECIFIED.);
#2535=EDGE_CURVE('',#1616,#2513,#2534,.T.);
#2536=ORIENTED_EDGE('',*,*,#2535,.F.);
#2537=ORIENTED_EDGE('',*,*,#1622,.T.);
#2538=CARTESIAN_POINT('',(-1.223249147,0.888742528,2.032000002));
#2539=VERTEX_POINT('',#2538);
#2540=CARTESIAN_POINT('',(-1.223249149,0.888742526,2.032));
#2541=CARTESIAN_POINT('',(-1.246979288,0.905974803,2.032));
#2542=CARTESIAN_POINT('',(-1.270709655,0.923206767,2.032));
#2543=CARTESIAN_POINT('',(-1.294440288,0.940438364,2.032));
#2544=B_SPLINE_CURVE_WITH_KNOTS('',3,(#2540,#2541,#2542,#2543),.UNSPECIFIED.,.F.,.F.,(4,4),(0.,0.000087981),.UNSPECIFIED.);
#2545=EDGE_CURVE('',#2539,#1602,#2544,.T.);
#2546=ORIENTED_EDGE('',*,*,#2545,.F.);
#2547=CARTESIAN_POINT('',(-1.326627288,0.725379322,2.032));
#2548=VERTEX_POINT('',#2547);
#2549=CARTESIAN_POINT('',(-1.326627288,0.725379322,2.032));
#2550=CARTESIAN_POINT('',(-1.305732558,0.713960708,2.032));
#2551=CARTESIAN_POINT('',(-1.280405769,0.71251,2.032));
#2552=CARTESIAN_POINT('',(-1.257975116,0.71946912,2.032));
#2553=CARTESIAN_POINT('',(-1.235544464,0.72642824,2.032));
#2554=CARTESIAN_POINT('',(-1.215697544,0.741819903,2.032));
#2555=CARTESIAN_POINT('',(-1.203163238,0.761691928,2.032));
#2556=CARTESIAN_POINT('',(-1.190628932,0.781563952,2.032));
#2557=CARTESIAN_POINT('',(-1.185271248,0.806004136,2.032));
#2558=CARTESIAN_POINT('',(-1.188597716,0.82930794,2.032));
#2559=CARTESIAN_POINT('',(-1.191924183,0.852611744,2.032));
#2560=CARTESIAN_POINT('',(-1.203956519,0.874725446,2.032));
#2561=CARTESIAN_POINT('',(-1.223233298,0.888731013,2.032));
#2562=B_SPLINE_CURVE_WITH_KNOTS('',3,(#2549,#2550,#2551,#2552,#2553,#2554,#2555,#2556,#2557,#2558,#2559,#2560,#2561),.UNSPECIFIED.,.F.,.F.,(4,3,3,3,4),(0.,0.0000705,0.000141,0.0002115,0.000282),.UNSPECIFIED.);
#2563=EDGE_CURVE('',#2548,#2539,#2562,.T.);
#2564=ORIENTED_EDGE('',*,*,#2563,.F.);
#2565=CARTESIAN_POINT('',(-1.403857917,0.767582535,2.032));
#2566=CARTESIAN_POINT('',(-1.378111363,0.753513669,2.032));
#2567=CARTESIAN_POINT('',(-1.352365073,0.739444321,2.032));
#2568=CARTESIAN_POINT('',(-1.326618908,0.725374742,2.032));
#2569=B_SPLINE_CURVE_WITH_KNOTS('',3,(#2565,#2566,#2567,#2568),.UNSPECIFIED.,.F.,.F.,(4,4),(0.00024539,0.000333409),.UNSPECIFIED.);
#2570=EDGE_CURVE('',#1566,#2548,#2569,.T.);
#2571=ORIENTED_EDGE('',*,*,#2570,.F.);
#2572=ORIENTED_EDGE('',*,*,#1572,.T.);
#2573=CARTESIAN_POINT('',(-1.512019099,0.,2.032000002));
#2574=VERTEX_POINT('',#2573);
#2575=CARTESIAN_POINT('',(-1.512019099,-0.000000002,2.032));
#2576=CARTESIAN_POINT('',(-1.541346064,-0.000007024,2.032));
#2577=CARTESIAN_POINT('',(-1.570673028,-0.000014438,2.032));
#2578=CARTESIAN_POINT('',(-1.599999992,-0.000022292,2.032));
#2579=B_SPLINE_CURVE_WITH_KNOTS('',3,(#2575,#2576,#2577,#2578),.UNSPECIFIED.,.F.,.F.,(4,4),(0.,0.000087981),.UNSPECIFIED.);
#2580=EDGE_CURVE('',#2574,#1552,#2579,.T.);
#2581=ORIENTED_EDGE('',*,*,#2580,.F.);
#2582=CARTESIAN_POINT('',(-1.499631289,-0.192927756,2.032));
#2583=VERTEX_POINT('',#2582);
#2584=CARTESIAN_POINT('',(-1.499631289,-0.192927756,2.032));
#2585=CARTESIAN_POINT('',(-1.476015404,-0.189883995,2.032));
#2586=CARTESIAN_POINT('',(-1.454672897,-0.176170929,2.032));
#2587=CARTESIAN_POINT('',(-1.440616586,-0.157356476,2.032));
#2588=CARTESIAN_POINT('',(-1.426560275,-0.138542023,2.032));
#2589=CARTESIAN_POINT('',(-1.419550772,-0.114424179,2.032));
#2590=CARTESIAN_POINT('',(-1.421090788,-0.090979893,2.032));
#2591=CARTESIAN_POINT('',(-1.422630805,-0.067535607,2.032));
#2592=CARTESIAN_POINT('',(-1.432661927,-0.044613916,2.032));
#2593=CARTESIAN_POINT('',(-1.449050728,-0.027715991,2.032));
#2594=CARTESIAN_POINT('',(-1.465439529,-0.010818067,2.032));
#2595=CARTESIAN_POINT('',(-1.488172002,-0.000000135,2.032));
#2596=CARTESIAN_POINT('',(-1.511999509,-0.,2.032));
#2597=B_SPLINE_CURVE_WITH_KNOTS('',3,(#2584,#2585,#2586,#2587,#2588,#2589,#2590,#2591,#2592,#2593,#2594,#2595,#2596),.UNSPECIFIED.,.F.,.F.,(4,3,3,3,4),(0.,0.0000705,0.000141,0.0002115,0.000282),.UNSPECIFIED.);
#2598=EDGE_CURVE('',#2583,#2574,#2597,.T.);
#2599=ORIENTED_EDGE('',*,*,#2598,.F.);
#2600=CARTESIAN_POINT('',(-1.586918607,-0.204179664,2.032));
#2601=CARTESIAN_POINT('',(-1.55781973,-0.200428211,2.032));
#2602=CARTESIAN_POINT('',(-1.528720796,-0.196677199,2.032));
#2603=CARTESIAN_POINT('',(-1.499621818,-0.192926536,2.032));
#2604=B_SPLINE_CURVE_WITH_KNOTS('',3,(#2600,#2601,#2602,#2603),.UNSPECIFIED.,.F.,.F.,(4,4),(0.000032549,0.000120568),.UNSPECIFIED.);
#2605=EDGE_CURVE('',#1516,#2583,#2604,.T.);
#2606=ORIENTED_EDGE('',*,*,#2605,.F.);
#2607=ORIENTED_EDGE('',*,*,#1522,.T.);
#2608=CARTESIAN_POINT('',(-1.223249147,-0.888742528,2.032000002));
#2609=VERTEX_POINT('',#2608);
#2610=CARTESIAN_POINT('',(-1.223249146,-0.88874253,2.032));
#2611=CARTESIAN_POINT('',(-1.246971031,-0.905986167,2.032));
#2612=CARTESIAN_POINT('',(-1.27069269,-0.923230117,2.032));
#2613=CARTESIAN_POINT('',(-1.294414081,-0.940474434,2.032));
#2614=B_SPLINE_CURVE_WITH_KNOTS('',3,(#2610,#2611,#2612,#2613),.UNSPECIFIED.,.F.,.F.,(4,4),(0.,0.000087981),.UNSPECIFIED.);
#2615=EDGE_CURVE('',#2609,#1502,#2614,.T.);
#2616=ORIENTED_EDGE('',*,*,#2615,.F.);
#2617=CARTESIAN_POINT('',(-1.099827108,-1.037542989,2.032));
#2618=VERTEX_POINT('',#2617);
#2619=CARTESIAN_POINT('',(-1.099827108,-1.037542989,2.032));
#2620=CARTESIAN_POINT('',(-1.082510534,-1.021199466,2.032));
#2621=CARTESIAN_POINT('',(-1.073304421,-0.997560551,2.032));
#2622=CARTESIAN_POINT('',(-1.072991484,-0.974077247,2.032));
#2623=CARTESIAN_POINT('',(-1.072678548,-0.950593942,2.032));
#2624=CARTESIAN_POINT('',(-1.081183854,-0.926962114,2.032));
#2625=CARTESIAN_POINT('',(-1.096209959,-0.908900487,2.032));
#2626=CARTESIAN_POINT('',(-1.111236064,-0.890838861,2.032));
#2627=CARTESIAN_POINT('',(-1.132824444,-0.878190968,2.032));
#2628=CARTESIAN_POINT('',(-1.156015614,-0.874153356,2.032));
#2629=CARTESIAN_POINT('',(-1.179206783,-0.870115743,2.032));
#2630=CARTESIAN_POINT('',(-1.203956361,-0.874725665,2.032));
#2631=CARTESIAN_POINT('',(-1.223233298,-0.888731013,2.032));
#2632=B_SPLINE_CURVE_WITH_KNOTS('',3,(#2619,#2620,#2621,#2622,#2623,#2624,#2625,#2626,#2627,#2628,#2629,#2630,#2631),.UNSPECIFIED.,.F.,.F.,(4,3,3,3,4),(0.,0.0000705,0.000141,0.0002115,0.000282),.UNSPECIFIED.);
#2633=EDGE_CURVE('',#2618,#2609,#2632,.T.);
#2634=ORIENTED_EDGE('',*,*,#2633,.F.);
#2635=CARTESIAN_POINT('',(-1.163830326,-1.097952172,2.032));
#2636=CARTESIAN_POINT('',(-1.142493892,-1.077813289,2.032));
#2637=CARTESIAN_POINT('',(-1.121157163,-1.057674718,2.032));
#2638=CARTESIAN_POINT('',(-1.099820163,-1.037536435,2.032));
#2639=B_SPLINE_CURVE_WITH_KNOTS('',3,(#2635,#2636,#2637,#2638),.UNSPECIFIED.,.F.,.F.,(4,4),(0.000511981,0.0006),.UNSPECIFIED.);
#2640=EDGE_CURVE('',#1466,#2618,#2639,.T.);
#2641=ORIENTED_EDGE('',*,*,#2640,.F.);
#2642=ORIENTED_EDGE('',*,*,#1472,.T.);
#2643=CARTESIAN_POINT('',(-0.467239598,-1.438015617,2.032000002));
#2644=VERTEX_POINT('',#2643);
#2645=CARTESIAN_POINT('',(-0.467239595,-1.438015618,2.032));
#2646=CARTESIAN_POINT('',(-0.476295448,-1.465909388,2.032));
#2647=CARTESIAN_POINT('',(-0.485350939,-1.493803276,2.032));
#2648=CARTESIAN_POINT('',(-0.494405987,-1.521697307,2.032));
#2649=B_SPLINE_CURVE_WITH_KNOTS('',3,(#2645,#2646,#2647,#2648),.UNSPECIFIED.,.F.,.F.,(4,4),(0.,0.000087981),.UNSPECIFIED.);
#2650=EDGE_CURVE('',#2644,#1452,#2649,.T.);
#2651=ORIENTED_EDGE('',*,*,#2650,.F.);
#2652=CARTESIAN_POINT('',(-0.279926354,-1.485852065,2.032));
#2653=VERTEX_POINT('',#2652);
#2654=CARTESIAN_POINT('',(-0.279926354,-1.485852065,2.032));
#2655=CARTESIAN_POINT('',(-0.275523433,-1.46245145,2.032));
#2656=CARTESIAN_POINT('',(-0.281970136,-1.437915949,2.032));
#2657=CARTESIAN_POINT('',(-0.295520106,-1.418733617,2.032));
#2658=CARTESIAN_POINT('',(-0.309070075,-1.399551285,2.032));
#2659=CARTESIAN_POINT('',(-0.329841452,-1.385432028,2.032));
#2660=CARTESIAN_POINT('',(-0.352614184,-1.379651987,2.032));
#2661=CARTESIAN_POINT('',(-0.375386916,-1.373871947,2.032));
#2662=CARTESIAN_POINT('',(-0.400286527,-1.376328919,2.032));
#2663=CARTESIAN_POINT('',(-0.421421827,-1.38669385,2.032));
#2664=CARTESIAN_POINT('',(-0.442557126,-1.39705878,2.032));
#2665=CARTESIAN_POINT('',(-0.459870311,-1.415335721,2.032));
#2666=CARTESIAN_POINT('',(-0.467233544,-1.437996986,2.032));
#2667=B_SPLINE_CURVE_WITH_KNOTS('',3,(#2654,#2655,#2656,#2657,#2658,#2659,#2660,#2661,#2662,#2663,#2664,#2665,#2666),.UNSPECIFIED.,.F.,.F.,(4,3,3,3,4),(0.,0.0000705,0.000141,0.0002115,0.000282),.UNSPECIFIED.);
#2668=EDGE_CURVE('',#2653,#2644,#2667,.T.);
#2669=ORIENTED_EDGE('',*,*,#2668,.F.);
#2670=CARTESIAN_POINT('',(-0.296198418,-1.572344268,2.032));
#2671=CARTESIAN_POINT('',(-0.290774218,-1.543510328,2.032));
#2672=CARTESIAN_POINT('',(-0.285349568,-1.514676473,2.032));
#2673=CARTESIAN_POINT('',(-0.279924587,-1.48584268,2.032));
#2674=B_SPLINE_CURVE_WITH_KNOTS('',3,(#2670,#2671,#2672,#2673),.UNSPECIFIED.,.F.,.F.,(4,4),(0.000047678,0.000135697),.UNSPECIFIED.);
#2675=EDGE_CURVE('',#1416,#2653,#2674,.T.);
#2676=ORIENTED_EDGE('',*,*,#2675,.F.);
#2677=ORIENTED_EDGE('',*,*,#1422,.T.);
#2678=CARTESIAN_POINT('',(0.467239598,-1.438015617,2.032000002));
#2679=VERTEX_POINT('',#2678);
#2680=CARTESIAN_POINT('',(0.4672396,-1.438015616,2.032));
#2681=CARTESIAN_POINT('',(0.476308808,-1.465905047,2.032));
#2682=CARTESIAN_POINT('',(0.485378378,-1.49379436,2.032));
#2683=CARTESIAN_POINT('',(0.49444839,-1.52168353,2.032));
#2684=B_SPLINE_CURVE_WITH_KNOTS('',3,(#2680,#2681,#2682,#2683),.UNSPECIFIED.,.F.,.F.,(4,4),(0.,0.000087981),.UNSPECIFIED.);
#2685=EDGE_CURVE('',#2679,#1402,#2684,.T.);
#2686=ORIENTED_EDGE('',*,*,#2685,.F.);
#2687=CARTESIAN_POINT('',(0.646896753,-1.366616154,2.032));
#2688=VERTEX_POINT('',#2687);
#2689=CARTESIAN_POINT('',(0.646896753,-1.366616154,2.032));
#2690=CARTESIAN_POINT('',(0.636704255,-1.345096687,2.032));
#2691=CARTESIAN_POINT('',(0.617067157,-1.329036327,2.032));
#2692=CARTESIAN_POINT('',(0.594829909,-1.321481966,2.032));
#2693=CARTESIAN_POINT('',(0.572592662,-1.313927606,2.032));
#2694=CARTESIAN_POINT('',(0.547489174,-1.314713996,2.032));
#2695=CARTESIAN_POINT('',(0.525668224,-1.323423321,2.032));
#2696=CARTESIAN_POINT('',(0.503847275,-1.332132647,2.032));
#2697=CARTESIAN_POINT('',(0.485147238,-1.348756003,2.032));
#2698=CARTESIAN_POINT('',(0.474140775,-1.369564425,2.032));
#2699=CARTESIAN_POINT('',(0.463134311,-1.390372847,2.032));
#2700=CARTESIAN_POINT('',(0.459870567,-1.415335638,2.032));
#2701=CARTESIAN_POINT('',(0.467233544,-1.437996986,2.032));
#2702=B_SPLINE_CURVE_WITH_KNOTS('',3,(#2689,#2690,#2691,#2692,#2693,#2694,#2695,#2696,#2697,#2698,#2699,#2700,#2701),.UNSPECIFIED.,.F.,.F.,(4,3,3,3,4),(0.,0.0000705,0.000141,0.0002115,0.000282),.UNSPECIFIED.);
#2703=EDGE_CURVE('',#2688,#2679,#2702,.T.);
#2704=ORIENTED_EDGE('',*,*,#2703,.F.);
#2705=CARTESIAN_POINT('',(0.684571218,-1.446154296,2.032));
#2706=CARTESIAN_POINT('',(0.672011333,-1.419638879,2.032));
#2707=CARTESIAN_POINT('',(0.65945193,-1.393123234,2.032));
#2708=CARTESIAN_POINT('',(0.646892666,-1.366607523,2.032));
#2709=B_SPLINE_CURVE_WITH_KNOTS('',3,(#2705,#2706,#2707,#2708),.UNSPECIFIED.,.F.,.F.,(4,4),(0.00019148,0.000279499),.UNSPECIFIED.);
#2710=EDGE_CURVE('',#1366,#2688,#2709,.T.);
#2711=ORIENTED_EDGE('',*,*,#2710,.F.);
#2712=ORIENTED_EDGE('',*,*,#1372,.T.);
#2713=EDGE_LOOP('',(#2363,#2381,#2390,#2397,#2406,#2424,#2431,#2432,#2441,#2459,#2466,#2467,#2476,#2494,#2501,#2502,#2511,#2529,#2536,#2537,#2546,#2564,#2571,#2572,#2581,#2599,
#2606,#2607,#2616,#2634,#2641,#2642,#2651,#2669,#2676,#2677,#2686,#2704,#2711,#2712));
#2714=FACE_BOUND('',#2713,.T.);
#2715=ADVANCED_FACE('',(#2354,#2714),#2343,.T.);
#2716=CARTESIAN_POINT('',(0.,0.,0.));
#2717=DIRECTION('',(0.,0.,1.));
#2718=DIRECTION('',(1.,0.,0.));
#2719=AXIS2_PLACEMENT_3D('',#2716,#2717,#2718);
#2720=CYLINDRICAL_SURFACE('',#2719,0.8);
#2721=CARTESIAN_POINT('',(0.8,-0.,1.79));
#2722=VERTEX_POINT('',#2721);
#2723=CARTESIAN_POINT('',(0.8,-0.,1.69));
#2724=VERTEX_POINT('',#2723);
#2725=CARTESIAN_POINT('',(0.8,0.,1.79));
#2726=DIRECTION('',(-0.,-0.,-1.));
#2727=VECTOR('',#2726,0.1);
#2728=LINE('',#2725,#2727);
#2729=EDGE_CURVE('',#2722,#2724,#2728,.T.);
#2730=ORIENTED_EDGE('',*,*,#2729,.F.);
#2731=CARTESIAN_POINT('',(0.8,-0.,1.832));
#2732=VERTEX_POINT('',#2731);
#2733=CARTESIAN_POINT('',(0.8,-0.,1.832));
#2734=DIRECTION('',(-0.,0.,-1.));
#2735=VECTOR('',#2734,0.042);
#2736=LINE('',#2733,#2735);
#2737=EDGE_CURVE('',#2732,#2722,#2736,.T.);
#2738=ORIENTED_EDGE('',*,*,#2737,.F.);
#2739=CARTESIAN_POINT('',(-0.491026214,0.631579969,1.832));
#2740=VERTEX_POINT('',#2739);
#2741=CARTESIAN_POINT('',(0.,0.,1.832));
#2742=DIRECTION('',(0.,0.,1.));
#2743=DIRECTION('',(1.,0.,-0.));
#2744=AXIS2_PLACEMENT_3D('',#2741,#2742,#2743);
#2745=CIRCLE('',#2744,0.8);
#2746=EDGE_CURVE('',#2732,#2740,#2745,.T.);
#2747=ORIENTED_EDGE('',*,*,#2746,.T.);
#2748=CARTESIAN_POINT('',(0.8,0.,0.49));
#2749=CARTESIAN_POINT('',(0.8,0.214359354,0.506666667));
#2750=CARTESIAN_POINT('',(0.692820323,0.4,0.523333333));
#2751=CARTESIAN_POINT('',(0.585640646,0.585640646,0.54));
#2752=CARTESIAN_POINT('',(0.4,0.692820323,0.556666667));
#2753=CARTESIAN_POINT('',(0.214359354,0.8,0.573333333));
#2754=CARTESIAN_POINT('',(0.,0.8,0.59));
#2755=CARTESIAN_POINT('',(-0.214359354,0.8,0.606666667));
#2756=CARTESIAN_POINT('',(-0.4,0.692820323,0.623333333));
#2757=CARTESIAN_POINT('',(-0.585640646,0.585640646,0.64));
#2758=CARTESIAN_POINT('',(-0.692820323,0.4,0.656666667));
#2759=CARTESIAN_POINT('',(-0.8,0.214359354,0.673333333));
#2760=CARTESIAN_POINT('',(-0.8,0.,0.69));
#2761=CARTESIAN_POINT('',(-0.8,-0.214359354,0.706666667));
#2762=CARTESIAN_POINT('',(-0.692820323,-0.4,0.723333333));
#2763=CARTESIAN_POINT('',(-0.585640646,-0.585640646,0.74));
#2764=CARTESIAN_POINT('',(-0.4,-0.692820323,0.756666667));
#2765=CARTESIAN_POINT('',(-0.214359354,-0.8,0.773333333));
#2766=CARTESIAN_POINT('',(-0.,-0.8,0.79));
#2767=CARTESIAN_POINT('',(0.214359354,-0.8,0.806666667));
#2768=CARTESIAN_POINT('',(0.4,-0.692820323,0.823333333));
#2769=CARTESIAN_POINT('',(0.585640646,-0.585640646,0.84));
#2770=CARTESIAN_POINT('',(0.692820323,-0.4,0.856666667));
#2771=CARTESIAN_POINT('',(0.8,-0.214359354,0.873333333));
#2772=CARTESIAN_POINT('',(0.8,-0.,0.89));
#2773=CARTESIAN_POINT('',(0.8,0.214359354,0.906666667));
#2774=CARTESIAN_POINT('',(0.692820323,0.4,0.923333333));
#2775=CARTESIAN_POINT('',(0.585640646,0.585640646,0.94));
#2776=CARTESIAN_POINT('',(0.4,0.692820323,0.956666667));
#2777=CARTESIAN_POINT('',(0.214359354,0.8,0.973333333));
#2778=CARTESIAN_POINT('',(0.,0.8,0.99));
#2779=CARTESIAN_POINT('',(-0.214359354,0.8,1.006666667));
#2780=CARTESIAN_POINT('',(-0.4,0.692820323,1.023333333));
#2781=CARTESIAN_POINT('',(-0.585640646,0.585640646,1.04));
#2782=CARTESIAN_POINT('',(-0.692820323,0.4,1.056666667));
#2783=CARTESIAN_POINT('',(-0.8,0.214359354,1.073333333));
#2784=CARTESIAN_POINT('',(-0.8,0.,1.09));
#2785=CARTESIAN_POINT('',(-0.8,-0.214359354,1.106666667));
#2786=CARTESIAN_POINT('',(-0.692820323,-0.4,1.123333333));
#2787=CARTESIAN_POINT('',(-0.585640646,-0.585640646,1.14));
#2788=CARTESIAN_POINT('',(-0.4,-0.692820323,1.156666667));
#2789=CARTESIAN_POINT('',(-0.214359354,-0.8,1.173333333));
#2790=CARTESIAN_POINT('',(-0.,-0.8,1.19));
#2791=CARTESIAN_POINT('',(0.214359354,-0.8,1.206666667));
#2792=CARTESIAN_POINT('',(0.4,-0.692820323,1.223333333));
#2793=CARTESIAN_POINT('',(0.585640646,-0.585640646,1.24));
#2794=CARTESIAN_POINT('',(0.692820323,-0.4,1.256666667));
#2795=CARTESIAN_POINT('',(0.8,-0.214359354,1.273333333));
#2796=CARTESIAN_POINT('',(0.8,-0.,1.29));
#2797=CARTESIAN_POINT('',(0.8,0.214359354,1.306666667));
#2798=CARTESIAN_POINT('',(0.692820323,0.4,1.323333333));
#2799=CARTESIAN_POINT('',(0.585640646,0.585640646,1.34));
#2800=CARTESIAN_POINT('',(0.4,0.692820323,1.356666667));
#2801=CARTESIAN_POINT('',(0.214359354,0.8,1.373333333));
#2802=CARTESIAN_POINT('',(0.,0.8,1.39));
#2803=CARTESIAN_POINT('',(-0.214359354,0.8,1.406666667));
#2804=CARTESIAN_POINT('',(-0.4,0.692820323,1.423333333));
#2805=CARTESIAN_POINT('',(-0.585640646,0.585640646,1.44));
#2806=CARTESIAN_POINT('',(-0.692820323,0.4,1.456666667));
#2807=CARTESIAN_POINT('',(-0.8,0.214359354,1.473333333));
#2808=CARTESIAN_POINT('',(-0.8,0.,1.49));
#2809=CARTESIAN_POINT('',(-0.8,-0.214359354,1.506666667));
#2810=CARTESIAN_POINT('',(-0.692820323,-0.4,1.523333333));
#2811=CARTESIAN_POINT('',(-0.585640646,-0.585640646,1.54));
#2812=CARTESIAN_POINT('',(-0.4,-0.692820323,1.556666667));
#2813=CARTESIAN_POINT('',(-0.214359354,-0.8,1.573333333));
#2814=CARTESIAN_POINT('',(-0.,-0.8,1.59));
#2815=CARTESIAN_POINT('',(0.214359354,-0.8,1.606666667));
#2816=CARTESIAN_POINT('',(0.4,-0.692820323,1.623333333));
#2817=CARTESIAN_POINT('',(0.585640646,-0.585640646,1.64));
#2818=CARTESIAN_POINT('',(0.692820323,-0.4,1.656666667));
#2819=CARTESIAN_POINT('',(0.8,-0.214359354,1.673333333));
#2820=CARTESIAN_POINT('',(0.8,-0.,1.69));
#2821=CARTESIAN_POINT('',(0.8,0.214359354,1.706666667));
#2822=CARTESIAN_POINT('',(0.692820323,0.4,1.723333333));
#2823=CARTESIAN_POINT('',(0.585640646,0.585640646,1.74));
#2824=CARTESIAN_POINT('',(0.4,0.692820323,1.756666667));
#2825=CARTESIAN_POINT('',(0.214359354,0.8,1.773333333));
#2826=CARTESIAN_POINT('',(0.,0.8,1.79));
#2827=CARTESIAN_POINT('',(-0.214359354,0.8,1.806666667));
#2828=CARTESIAN_POINT('',(-0.4,0.692820323,1.823333333));
#2829=CARTESIAN_POINT('',(-0.447620301,0.66532673,1.827608645));
#2830=CARTESIAN_POINT('',(-0.49103105,0.631576209,1.832000489));
#2831=(BOUNDED_CURVE()
B_SPLINE_CURVE(2,(#2748,#2749,#2750,#2751,#2752,#2753,#2754,#2755,#2756,#2757,#2758,#2759,#2760,#2761,#2762,#2763,#2764,#2765,#2766,#2767,#2768,#2769,#2770,#2771,#2772,#2773,
#2774,#2775,#2776,#2777,#2778,#2779,#2780,#2781,#2782,#2783,#2784,#2785,#2786,#2787,#2788,#2789,#2790,#2791,#2792,#2793,#2794,#2795,#2796,#2797,#2798,
#2799,#2800,#2801,#2802,#2803,#2804,#2805,#2806,#2807,#2808,#2809,#2810,#2811,#2812,#2813,#2814,#2815,#2816,#2817,#2818,#2819,#2820,#2821,#2822,#2823,
#2824,#2825,#2826,#2827,#2828,#2829,#2830),.UNSPECIFIED.,.F.,.F.)
B_SPLINE_CURVE_WITH_KNOTS((3,2,2,2,2,2,2,2,2,2,2,2,2,2,2,2,2,2,2,2,2,2,2,2,2,2,
2,2,2,2,2,2,2,2,2,2,2,2,2,2,2,3),(0.,0.020833333,0.041666667,0.0625,0.083333333,0.104166667,0.125,0.145833333,0.166666667,0.1875,0.208333333,0.229166667,0.25,0.270833333,0.291666667,0.3125,0.333333333,0.354166667,0.375,0.395833333,0.416666667,0.4375,0.458333333,0.479166667,0.5,0.520833333,
0.541666667,0.5625,0.583333333,0.604166667,0.625,0.645833333,0.666666667,0.6875,0.708333333,0.729166667,0.75,0.770833333,0.791666667,0.8125,0.833333333,0.838816378),.UNSPECIFIED.)
CURVE()
GEOMETRIC_REPRESENTATION_ITEM()
RATIONAL_B_SPLINE_CURVE((1.,0.965925826,1.,0.965925826,1.,0.965925826,1.,0.965925826,1.,0.965925826,1.,0.965925826,1.,0.965925826,1.,0.965925826,1.,0.965925826,1.,0.965925826,1.,0.965925826,1.,0.965925826,1.,0.965925826,
1.,0.965925826,1.,0.965925826,1.,0.965925826,1.,0.965925826,1.,0.965925826,1.,0.965925826,1.,0.965925826,1.,0.965925826,1.,0.965925826,1.,0.965925826,1.,0.965925826,1.,0.965925826,1.,
0.965925826,1.,0.965925826,1.,0.965925826,1.,0.965925826,1.,0.965925826,1.,0.965925826,1.,0.965925826,1.,0.965925826,1.,0.965925826,1.,0.965925826,1.,0.965925826,1.,0.965925826,1.,0.965925826,
1.,0.965925826,1.,0.965925826,1.,0.991032149,0.986784727))
REPRESENTATION_ITEM(''));
#2832=EDGE_CURVE('',#2724,#2740,#2831,.T.);
#2833=ORIENTED_EDGE('',*,*,#2832,.F.);
#2834=EDGE_LOOP('',(#2730,#2738,#2747,#2833));
#2835=FACE_BOUND('',#2834,.T.);
#2836=ADVANCED_FACE('',(#2835),#2720,.F.);
#2837=CARTESIAN_POINT('',(1.6,0.,2.032019097));
#2838=CARTESIAN_POINT('',(1.6,0.157586245,1.897019097));
#2839=CARTESIAN_POINT('',(1.569256449,0.312144515,1.762019097));
#2840=CARTESIAN_POINT('',(1.538512897,0.466702785,1.627019097));
#2841=CARTESIAN_POINT('',(1.478207252,0.612293492,1.492019097));
#2842=CARTESIAN_POINT('',(1.464824138,0.644603186,1.462059707));
#2843=CARTESIAN_POINT('',(1.450042072,0.676297265,1.432));
#2844=CARTESIAN_POINT('',(1.512019099,0.,2.032000002));
#2845=CARTESIAN_POINT('',(1.512019099,0.148920883,1.897000002));
#2846=CARTESIAN_POINT('',(1.482966076,0.294980293,1.762000002));
#2847=CARTESIAN_POINT('',(1.453913053,0.441039703,1.627000002));
#2848=CARTESIAN_POINT('',(1.396923499,0.578624659,1.492000002));
#2849=CARTESIAN_POINT('',(1.384276296,0.609157706,1.462040612));
#2850=CARTESIAN_POINT('',(1.370307067,0.639108988,1.431980905));
#2851=(BOUNDED_SURFACE()
B_SPLINE_SURFACE(1,2,((#2837,#2838,#2839,#2840,#2841,#2842,#2843),(#2844,#2845,#2846,#2847,#2848,#2849,#2850)),.UNSPECIFIED.,.F.,.F.,.U.)
B_SPLINE_SURFACE_WITH_KNOTS((2,2),(3,2,2,3),(0.853365162,1.),(0.,0.25,0.5,0.555689),.UNSPECIFIED.)
GEOMETRIC_REPRESENTATION_ITEM()
RATIONAL_B_SPLINE_SURFACE(((1.,0.995184727,1.,0.995184727,1.,0.998927369,0.998332608),(1.,0.995184727,1.,0.995184727,1.,0.998927369,0.998332608)))
REPRESENTATION_ITEM('')
SURFACE()
);
#2852=ORIENTED_EDGE('',*,*,#2261,.T.);
#2853=CARTESIAN_POINT('',(1.512019099,0.,2.032000002));
#2854=CARTESIAN_POINT('',(1.512019099,0.148920883,1.897000002));
#2855=CARTESIAN_POINT('',(1.482966076,0.294980293,1.762000002));
#2856=CARTESIAN_POINT('',(1.453913053,0.441039703,1.627000002));
#2857=CARTESIAN_POINT('',(1.396923499,0.578624659,1.492000002));
#2858=CARTESIAN_POINT('',(1.384280315,0.609148003,1.462050132));
#2859=CARTESIAN_POINT('',(1.370315941,0.639089962,1.432));
#2860=(BOUNDED_CURVE()
B_SPLINE_CURVE(2,(#2853,#2854,#2855,#2856,#2857,#2858,#2859),.UNSPECIFIED.,.F.,.F.)
B_SPLINE_CURVE_WITH_KNOTS((3,2,2,3),(0.,0.25,0.5,0.555671322),.UNSPECIFIED.)
CURVE()
GEOMETRIC_REPRESENTATION_ITEM()
RATIONAL_B_SPLINE_CURVE((1.,0.995184727,1.,0.995184727,1.,0.998927709,0.998332986))
REPRESENTATION_ITEM(''));
#2861=EDGE_CURVE('',#2399,#2237,#2860,.T.);
#2862=ORIENTED_EDGE('',*,*,#2861,.F.);
#2863=ORIENTED_EDGE('',*,*,#2405,.T.);
#2864=ORIENTED_EDGE('',*,*,#2334,.T.);
#2865=EDGE_LOOP('',(#2852,#2862,#2863,#2864));
#2866=FACE_BOUND('',#2865,.T.);
#2867=ADVANCED_FACE('',(#2866),#2851,.F.);
#2868=CARTESIAN_POINT('',(1.512019099,0.,2.032000002));
#2869=CARTESIAN_POINT('',(1.512019099,0.148920883,1.897000002));
#2870=CARTESIAN_POINT('',(1.482966076,0.294980293,1.762000002));
#2871=CARTESIAN_POINT('',(1.453913053,0.441039703,1.627000002));
#2872=CARTESIAN_POINT('',(1.396923499,0.578624659,1.492000002));
#2873=CARTESIAN_POINT('',(1.34716348,0.698755971,1.374125726));
#2874=CARTESIAN_POINT('',(1.277623862,0.808627865,1.256000003));
#2875=CARTESIAN_POINT('',(1.460467676,0.,2.031988813));
#2876=CARTESIAN_POINT('',(1.460467676,0.143843511,1.896988813));
#2877=CARTESIAN_POINT('',(1.432405199,0.284923109,1.761988813));
#2878=CARTESIAN_POINT('',(1.404342723,0.426002708,1.626988813));
#2879=CARTESIAN_POINT('',(1.349296194,0.558896783,1.491988813));
#2880=CARTESIAN_POINT('',(1.301232715,0.674932287,1.374114537));
#2881=CARTESIAN_POINT('',(1.23406401,0.781058162,1.255988814));
#2882=CARTESIAN_POINT('',(1.424008393,0.,2.068434252));
#2883=CARTESIAN_POINT('',(1.424008393,0.140252585,1.933434252));
#2884=CARTESIAN_POINT('',(1.396646471,0.277810256,1.798434252));
#2885=CARTESIAN_POINT('',(1.369284549,0.415367927,1.663434252));
#2886=CARTESIAN_POINT('',(1.315612208,0.544944419,1.528434252));
#2887=CARTESIAN_POINT('',(1.268748591,0.658083199,1.410559976));
#2888=CARTESIAN_POINT('',(1.203256694,0.761559736,1.292434252));
#2889=CARTESIAN_POINT('',(1.424000001,0.,2.119985675));
#2890=CARTESIAN_POINT('',(1.424000001,0.140251758,1.984985675));
#2891=CARTESIAN_POINT('',(1.39663824,0.277808619,1.849985675));
#2892=CARTESIAN_POINT('',(1.36927648,0.415365479,1.714985675));
#2893=CARTESIAN_POINT('',(1.315604455,0.544941208,1.579985675));
#2894=CARTESIAN_POINT('',(1.268741114,0.658079321,1.462111399));
#2895=CARTESIAN_POINT('',(1.203249603,0.761555248,1.343985676));
#2896=CARTESIAN_POINT('',(1.42399161,0.,2.171537099));
#2897=CARTESIAN_POINT('',(1.42399161,0.140250932,2.036537099));
#2898=CARTESIAN_POINT('',(1.39663001,0.277806982,1.901537099));
#2899=CARTESIAN_POINT('',(1.369268411,0.415363031,1.766537099));
#2900=CARTESIAN_POINT('',(1.315596703,0.544937997,1.631537099));
#2901=CARTESIAN_POINT('',(1.268733638,0.658075443,1.513662823));
#2902=CARTESIAN_POINT('',(1.203242513,0.76155076,1.395537099));
#2903=CARTESIAN_POINT('',(1.460439026,0.,2.207994405));
#2904=CARTESIAN_POINT('',(1.460439026,0.143840689,2.072994405));
#2905=CARTESIAN_POINT('',(1.4323771,0.28491752,1.937994405));
#2906=CARTESIAN_POINT('',(1.404315173,0.425994351,1.802994405));
#2907=CARTESIAN_POINT('',(1.349269725,0.558885819,1.667994405));
#2908=CARTESIAN_POINT('',(1.301207188,0.674919047,1.550120129));
#2909=CARTESIAN_POINT('',(1.234039801,0.78104284,1.431994405));
#2910=CARTESIAN_POINT('',(1.51199045,0.,2.207999999));
#2911=CARTESIAN_POINT('',(1.51199045,0.148918061,2.072999999));
#2912=CARTESIAN_POINT('',(1.482937977,0.294974704,1.937999999));
#2913=CARTESIAN_POINT('',(1.453885505,0.441031346,1.802999999));
#2914=CARTESIAN_POINT('',(1.39689703,0.578613695,1.667999999));
#2915=CARTESIAN_POINT('',(1.347137954,0.698742731,1.550125723));
#2916=CARTESIAN_POINT('',(1.277599654,0.808612543,1.432));
#2917=(BOUNDED_SURFACE()
B_SPLINE_SURFACE(3,2,((#2868,#2869,#2870,#2871,#2872,#2873,#2874),(#2875,#2876,#2877,#2878,#2879,#2880,#2881),(#2882,#2883,#2884,#2885,#2886,#2887,#2888),(#2889,#2890,#2891,#2892,#2893,#2894,#2895),(#2896,#2897,#2898,#2899,#2900,#2901,#2902),(#2903,#2904,#2905,#2906,#2907,#2908,#2909),(#2910,#2911,#2912,#2913,#2914,#2915,#2916)),.UNSPECIFIED.,.F.,.F.,.U.)
B_SPLINE_SURFACE_WITH_KNOTS((4,3,4),(3,2,2,3),(0.,0.5,0.999999999),(0.,0.25,0.5,0.718419119),.UNSPECIFIED.)
GEOMETRIC_REPRESENTATION_ITEM()
RATIONAL_B_SPLINE_SURFACE(((1.,0.995184727,1.,0.995184727,1.,0.995793009,0.998937116),(0.804725065,0.800850094,0.804725065,0.800850094,0.804725065,0.801339594,0.803869736),(0.804725065,0.800850094,0.804725065,0.800850094,0.804725065,0.801339594,0.803869736),(1.,0.995184727,1.,0.995184727,1.,0.995793009,0.998937116),(0.804725065,0.800850094,0.804725065,0.800850094,0.804725065,0.801339594,0.803869736),(0.804725065,0.800850094,0.804725065,0.800850094,0.804725065,0.801339594,0.803869736),(0.999999998,0.995184725,0.999999998,0.995184725,0.999999998,0.995793007,0.998937114)))
REPRESENTATION_ITEM('')
SURFACE()
);
#2918=ORIENTED_EDGE('',*,*,#2252,.T.);
#2919=CARTESIAN_POINT('',(1.499631289,0.192927756,2.032));
#2920=CARTESIAN_POINT('',(1.493030373,0.244236806,1.984896984));
#2921=CARTESIAN_POINT('',(1.482937978,0.294974704,1.937999999));
#2922=CARTESIAN_POINT('',(1.453885505,0.441031346,1.802999999));
#2923=CARTESIAN_POINT('',(1.39689703,0.578613695,1.667999999));
#2924=CARTESIAN_POINT('',(1.347137955,0.698742731,1.550125723));
#2925=CARTESIAN_POINT('',(1.277599654,0.808612543,1.432));
#2926=(BOUNDED_CURVE()
B_SPLINE_CURVE(2,(#2919,#2920,#2921,#2922,#2923,#2924,#2925),.UNSPECIFIED.,.F.,.F.)
B_SPLINE_CURVE_WITH_KNOTS((3,2,2,3),(0.162879955,0.25,0.5,0.718419119),.UNSPECIFIED.)
CURVE()
GEOMETRIC_REPRESENTATION_ITEM()
RATIONAL_B_SPLINE_CURVE((0.997813464,0.998321973,1.,0.995184727,1.,0.995793009,0.998937116))
REPRESENTATION_ITEM(''));
#2927=EDGE_CURVE('',#2408,#2228,#2926,.T.);
#2928=ORIENTED_EDGE('',*,*,#2927,.F.);
#2929=ORIENTED_EDGE('',*,*,#2423,.T.);
#2930=ORIENTED_EDGE('',*,*,#2861,.T.);
#2931=EDGE_LOOP('',(#2918,#2928,#2929,#2930));
#2932=FACE_BOUND('',#2931,.T.);
#2933=ADVANCED_FACE('',(#2932),#2917,.F.);
#2934=CARTESIAN_POINT('',(1.4996331,0.192951092,2.031979138));
#2935=CARTESIAN_POINT('',(1.493032849,0.244248827,1.984886588));
#2936=CARTESIAN_POINT('',(1.48294266,0.294975635,1.938000001));
#2937=CARTESIAN_POINT('',(1.453890096,0.441032739,1.803000001));
#2938=CARTESIAN_POINT('',(1.396901441,0.578615522,1.668000001));
#2939=CARTESIAN_POINT('',(1.347142208,0.698744936,1.550125726));
#2940=CARTESIAN_POINT('',(1.277603689,0.808615095,1.432000003));
#2941=CARTESIAN_POINT('',(1.586918347,0.204181695,2.031998238));
#2942=CARTESIAN_POINT('',(1.579933933,0.258465184,1.984905688));
#2943=CARTESIAN_POINT('',(1.56925645,0.312144515,1.938019101));
#2944=CARTESIAN_POINT('',(1.538512898,0.466702785,1.803019101));
#2945=CARTESIAN_POINT('',(1.478207253,0.612293492,1.668019101));
#2946=CARTESIAN_POINT('',(1.425551814,0.739414967,1.550144826));
#2947=CARTESIAN_POINT('',(1.351965847,0.855680052,1.432019104));
#2948=(BOUNDED_SURFACE()
B_SPLINE_SURFACE(1,2,((#2934,#2935,#2936,#2937,#2938,#2939,#2940),(#2941,#2942,#2943,#2944,#2945,#2946,#2947)),.UNSPECIFIED.,.F.,.F.,.U.)
B_SPLINE_SURFACE_WITH_KNOTS((2,2),(3,2,2,3),(0.000023873,0.146698504),(0.16289924,0.25,0.5,0.718419117),.UNSPECIFIED.)
GEOMETRIC_REPRESENTATION_ITEM()
RATIONAL_B_SPLINE_SURFACE(((0.997813689,0.998322344,1.,0.995184727,1.,0.995793009,0.998937116),(0.997813689,0.998322344,1.,0.995184727,1.,0.995793009,0.998937116)))
REPRESENTATION_ITEM('')
SURFACE()
);
#2949=ORIENTED_EDGE('',*,*,#2234,.T.);
#2950=ORIENTED_EDGE('',*,*,#1784,.T.);
#2951=ORIENTED_EDGE('',*,*,#2430,.T.);
#2952=ORIENTED_EDGE('',*,*,#2927,.T.);
#2953=EDGE_LOOP('',(#2949,#2950,#2951,#2952));
#2954=FACE_BOUND('',#2953,.T.);
#2955=ADVANCED_FACE('',(#2954),#2948,.F.);
#2956=CARTESIAN_POINT('',(1.294427191,0.940456404,2.032019097));
#2957=CARTESIAN_POINT('',(1.20180032,1.067946354,1.897019097));
#2958=CARTESIAN_POINT('',(1.086081193,1.174916015,1.762019097));
#2959=CARTESIAN_POINT('',(0.970362066,1.281885676,1.627019097));
#2960=CARTESIAN_POINT('',(0.835997704,1.364224263,1.492019097));
#2961=CARTESIAN_POINT('',(0.806179375,1.382496958,1.462059707));
#2962=CARTESIAN_POINT('',(0.77559112,1.399449325,1.432));
#2963=CARTESIAN_POINT('',(1.223249147,0.888742528,2.032000002));
#2964=CARTESIAN_POINT('',(1.135715648,1.009222053,1.897000002));
#2965=CARTESIAN_POINT('',(1.026359692,1.110309659,1.762000002));
#2966=CARTESIAN_POINT('',(0.917003735,1.211397266,1.627000002));
#2967=CARTESIAN_POINT('',(0.790027809,1.289208213,1.492000002));
#2968=CARTESIAN_POINT('',(0.761849133,1.306476128,1.462040612));
#2969=CARTESIAN_POINT('',(0.732942867,1.322496318,1.431980905));
#2970=(BOUNDED_SURFACE()
B_SPLINE_SURFACE(1,2,((#2956,#2957,#2958,#2959,#2960,#2961,#2962),(#2963,#2964,#2965,#2966,#2967,#2968,#2969)),.UNSPECIFIED.,.F.,.F.,.U.)
B_SPLINE_SURFACE_WITH_KNOTS((2,2),(3,2,2,3),(0.853365162,1.),(0.,0.25,0.5,0.555689),.UNSPECIFIED.)
GEOMETRIC_REPRESENTATION_ITEM()
RATIONAL_B_SPLINE_SURFACE(((1.,0.995184727,1.,0.995184727,1.,0.998927369,0.998332608),(1.,0.995184727,1.,0.995184727,1.,0.998927369,0.998332608)))
REPRESENTATION_ITEM('')
SURFACE()
);
#2971=ORIENTED_EDGE('',*,*,#2224,.T.);
#2972=CARTESIAN_POINT('',(1.223249147,0.888742528,2.032000002));
#2973=CARTESIAN_POINT('',(1.135715648,1.009222053,1.897000002));
#2974=CARTESIAN_POINT('',(1.026359692,1.110309659,1.762000002));
#2975=CARTESIAN_POINT('',(0.917003735,1.211397266,1.627000002));
#2976=CARTESIAN_POINT('',(0.790027809,1.289208213,1.492000002));
#2977=CARTESIAN_POINT('',(0.761858087,1.306470641,1.462050132));
#2978=CARTESIAN_POINT('',(0.732961229,1.322486141,1.432));
#2979=(BOUNDED_CURVE()
B_SPLINE_CURVE(2,(#2972,#2973,#2974,#2975,#2976,#2977,#2978),.UNSPECIFIED.,.F.,.F.)
B_SPLINE_CURVE_WITH_KNOTS((3,2,2,3),(0.,0.25,0.5,0.555671322),.UNSPECIFIED.)
CURVE()
GEOMETRIC_REPRESENTATION_ITEM()
RATIONAL_B_SPLINE_CURVE((1.,0.995184727,1.,0.995184727,1.,0.998927709,0.998332986))
REPRESENTATION_ITEM(''));
#2980=EDGE_CURVE('',#2434,#2202,#2979,.T.);
#2981=ORIENTED_EDGE('',*,*,#2980,.F.);
#2982=ORIENTED_EDGE('',*,*,#2440,.T.);
#2983=ORIENTED_EDGE('',*,*,#1763,.T.);
#2984=EDGE_LOOP('',(#2971,#2981,#2982,#2983));
#2985=FACE_BOUND('',#2984,.T.);
#2986=ADVANCED_FACE('',(#2985),#2970,.F.);
#2987=CARTESIAN_POINT('',(1.223249147,0.888742528,2.032000002));
#2988=CARTESIAN_POINT('',(1.135715648,1.009222053,1.897000002));
#2989=CARTESIAN_POINT('',(1.026359692,1.110309659,1.762000002));
#2990=CARTESIAN_POINT('',(0.917003735,1.211397266,1.627000002));
#2991=CARTESIAN_POINT('',(0.790027809,1.289208213,1.492000002));
#2992=CARTESIAN_POINT('',(0.679159695,1.357148281,1.374125726));
#2993=CARTESIAN_POINT('',(0.558319884,1.405162149,1.256000003));
#2994=CARTESIAN_POINT('',(1.18154317,0.858441362,2.031988813));
#2995=CARTESIAN_POINT('',(1.096994075,0.974813206,1.896988813));
#2996=CARTESIAN_POINT('',(0.991366547,1.072454289,1.761988813));
#2997=CARTESIAN_POINT('',(0.88573902,1.170095371,1.626988813));
#2998=CARTESIAN_POINT('',(0.763092265,1.2452534,1.491988813));
#2999=CARTESIAN_POINT('',(0.656004135,1.31087709,1.374114537));
#3000=CARTESIAN_POINT('',(0.539284288,1.357253952,1.255988814));
#3001=CARTESIAN_POINT('',(1.15204699,0.837011132,2.068434252));
#3002=CARTESIAN_POINT('',(1.069608589,0.950477857,1.933434252));
#3003=CARTESIAN_POINT('',(0.966617959,1.045681416,1.798434252));
#3004=CARTESIAN_POINT('',(0.863627328,1.140884976,1.663434252));
#3005=CARTESIAN_POINT('',(0.744042341,1.21416675,1.528434252));
#3006=CARTESIAN_POINT('',(0.639627572,1.278152203,1.410559976));
#3007=CARTESIAN_POINT('',(0.525821533,1.323371308,1.292434252));
#3008=CARTESIAN_POINT('',(1.152040201,0.8370062,2.119985675));
#3009=CARTESIAN_POINT('',(1.069602286,0.950472256,1.984985675));
#3010=CARTESIAN_POINT('',(0.966612262,1.045675254,1.849985675));
#3011=CARTESIAN_POINT('',(0.863622239,1.140878253,1.714985675));
#3012=CARTESIAN_POINT('',(0.744037957,1.214159595,1.579985675));
#3013=CARTESIAN_POINT('',(0.639623803,1.278144671,1.462111399));
#3014=CARTESIAN_POINT('',(0.525818434,1.323363509,1.343985676));
#3015=CARTESIAN_POINT('',(1.152033412,0.837001268,2.171537099));
#3016=CARTESIAN_POINT('',(1.069595983,0.950466655,2.036537099));
#3017=CARTESIAN_POINT('',(0.966606566,1.045669092,1.901537099));
#3018=CARTESIAN_POINT('',(0.86361715,1.140871529,1.766537099));
#3019=CARTESIAN_POINT('',(0.744033572,1.21415244,1.631537099));
#3020=CARTESIAN_POINT('',(0.639620034,1.278137139,1.513662823));
#3021=CARTESIAN_POINT('',(0.525815335,1.323355711,1.395537099));
#3022=CARTESIAN_POINT('',(1.181519991,0.858424521,2.207994405));
#3023=CARTESIAN_POINT('',(1.096972556,0.974794083,2.072994405));
#3024=CARTESIAN_POINT('',(0.9913471,1.072433251,1.937994405));
#3025=CARTESIAN_POINT('',(0.885721644,1.170072418,1.802994405));
#3026=CARTESIAN_POINT('',(0.763077295,1.245228971,1.667994405));
#3027=CARTESIAN_POINT('',(0.655991266,1.310851374,1.550120129));
#3028=CARTESIAN_POINT('',(0.539273709,1.357227327,1.431994405));
#3029=CARTESIAN_POINT('',(1.223225969,0.888725688,2.207999999));
#3030=CARTESIAN_POINT('',(1.135694129,1.00920293,2.072999999));
#3031=CARTESIAN_POINT('',(1.026340245,1.110288621,1.937999999));
#3032=CARTESIAN_POINT('',(0.91698636,1.211374312,1.802999999));
#3033=CARTESIAN_POINT('',(0.79001284,1.289183786,1.667999999));
#3034=CARTESIAN_POINT('',(0.679146827,1.357122566,1.550125723));
#3035=CARTESIAN_POINT('',(0.558309305,1.405135524,1.432));
#3036=(BOUNDED_SURFACE()
B_SPLINE_SURFACE(3,2,((#2987,#2988,#2989,#2990,#2991,#2992,#2993),(#2994,#2995,#2996,#2997,#2998,#2999,#3000),(#3001,#3002,#3003,#3004,#3005,#3006,#3007),(#3008,#3009,#3010,#3011,#3012,#3013,#3014),(#3015,#3016,#3017,#3018,#3019,#3020,#3021),(#3022,#3023,#3024,#3025,#3026,#3027,#3028),(#3029,#3030,#3031,#3032,#3033,#3034,#3035)),.UNSPECIFIED.,.F.,.F.,.U.)
B_SPLINE_SURFACE_WITH_KNOTS((4,3,4),(3,2,2,3),(0.,0.5,0.999999999),(0.,0.25,0.5,0.718419119),.UNSPECIFIED.)
GEOMETRIC_REPRESENTATION_ITEM()
RATIONAL_B_SPLINE_SURFACE(((1.,0.995184727,1.,0.995184727,1.,0.995793009,0.998937116),(0.804725065,0.800850094,0.804725065,0.800850094,0.804725065,0.801339594,0.803869736),(0.804725065,0.800850094,0.804725065,0.800850094,0.804725065,0.801339594,0.803869736),(1.,0.995184727,1.,0.995184727,1.,0.995793009,0.998937116),(0.804725065,0.800850094,0.804725065,0.800850094,0.804725065,0.801339594,0.803869736),(0.804725065,0.800850094,0.804725065,0.800850094,0.804725065,0.801339594,0.803869736),(0.999999998,0.995184725,0.999999998,0.995184725,0.999999998,0.995793007,0.998937114)))
REPRESENTATION_ITEM('')
SURFACE()
);
#3037=ORIENTED_EDGE('',*,*,#2217,.T.);
#3038=CARTESIAN_POINT('',(1.099827108,1.037542989,2.032));
#3039=CARTESIAN_POINT('',(1.064328152,1.075172961,1.984896984));
#3040=CARTESIAN_POINT('',(1.026340245,1.110288622,1.937999999));
#3041=CARTESIAN_POINT('',(0.91698636,1.211374313,1.802999999));
#3042=CARTESIAN_POINT('',(0.79001284,1.289183786,1.667999999));
#3043=CARTESIAN_POINT('',(0.679146827,1.357122566,1.550125723));
#3044=CARTESIAN_POINT('',(0.558309305,1.405135524,1.432));
#3045=(BOUNDED_CURVE()
B_SPLINE_CURVE(2,(#3038,#3039,#3040,#3041,#3042,#3043,#3044),.UNSPECIFIED.,.F.,.F.)
B_SPLINE_CURVE_WITH_KNOTS((3,2,2,3),(0.162879955,0.25,0.5,0.718419119),.UNSPECIFIED.)
CURVE()
GEOMETRIC_REPRESENTATION_ITEM()
RATIONAL_B_SPLINE_CURVE((0.997813464,0.998321973,1.,0.995184727,1.,0.995793009,0.998937116))
REPRESENTATION_ITEM(''));
#3046=EDGE_CURVE('',#2443,#2193,#3045,.T.);
#3047=ORIENTED_EDGE('',*,*,#3046,.F.);
#3048=ORIENTED_EDGE('',*,*,#2458,.T.);
#3049=ORIENTED_EDGE('',*,*,#2980,.T.);
#3050=EDGE_LOOP('',(#3037,#3047,#3048,#3049));
#3051=FACE_BOUND('',#3050,.T.);
#3052=ADVANCED_FACE('',(#3051),#3036,.F.);
#3053=CARTESIAN_POINT('',(1.099811384,1.037559657,2.031979137));
#3054=CARTESIAN_POINT('',(1.064319729,1.075180748,1.984886587));
#3055=CARTESIAN_POINT('',(1.026340245,1.110288622,1.938));
#3056=CARTESIAN_POINT('',(0.91698636,1.211374313,1.803));
#3057=CARTESIAN_POINT('',(0.79001284,1.289183786,1.668));
#3058=CARTESIAN_POINT('',(0.679146827,1.357122566,1.550125725));
#3059=CARTESIAN_POINT('',(0.558309307,1.405135524,1.432000002));
#3060=CARTESIAN_POINT('',(1.163828922,1.097953662,2.031998238));
#3061=CARTESIAN_POINT('',(1.126271378,1.137764592,1.984905688));
#3062=CARTESIAN_POINT('',(1.086081194,1.174916016,1.938019101));
#3063=CARTESIAN_POINT('',(0.970362066,1.281885677,1.803019101));
#3064=CARTESIAN_POINT('',(0.835997704,1.364224264,1.668019101));
#3065=CARTESIAN_POINT('',(0.718678431,1.436117607,1.550144826));
#3066=CARTESIAN_POINT('',(0.590807231,1.486925291,1.432019104));
#3067=(BOUNDED_SURFACE()
B_SPLINE_SURFACE(1,2,((#3053,#3054,#3055,#3056,#3057,#3058,#3059),(#3060,#3061,#3062,#3063,#3064,#3065,#3066)),.UNSPECIFIED.,.F.,.F.,.U.)
B_SPLINE_SURFACE_WITH_KNOTS((2,2),(3,2,2,3),(0.000015916,0.146698504),(0.16289924,0.25,0.5,0.718419117),.UNSPECIFIED.)
GEOMETRIC_REPRESENTATION_ITEM()
RATIONAL_B_SPLINE_SURFACE(((0.997813689,0.998322344,1.,0.995184727,1.,0.995793009,0.998937116),(0.997813689,0.998322344,1.,0.995184727,1.,0.995793009,0.998937116)))
REPRESENTATION_ITEM('')
SURFACE()
);
#3068=ORIENTED_EDGE('',*,*,#2199,.T.);
#3069=ORIENTED_EDGE('',*,*,#1734,.T.);
#3070=ORIENTED_EDGE('',*,*,#2465,.T.);
#3071=ORIENTED_EDGE('',*,*,#3046,.T.);
#3072=EDGE_LOOP('',(#3068,#3069,#3070,#3071));
#3073=FACE_BOUND('',#3072,.T.);
#3074=ADVANCED_FACE('',(#3073),#3067,.F.);
#3075=CARTESIAN_POINT('',(0.494427191,1.521690426,2.032019097));
#3076=CARTESIAN_POINT('',(0.344553765,1.570387254,1.897019097));
#3077=CARTESIAN_POINT('',(0.188059836,1.588909531,1.762019097));
#3078=CARTESIAN_POINT('',(0.031565906,1.607431808,1.627019097));
#3079=CARTESIAN_POINT('',(-0.125534553,1.595067734,1.492019097));
#3080=CARTESIAN_POINT('',(-0.160398508,1.592323881,1.462059707));
#3081=CARTESIAN_POINT('',(-0.195109278,1.588059309,1.432));
#3082=CARTESIAN_POINT('',(0.467239598,1.438015617,2.032000002));
#3083=CARTESIAN_POINT('',(0.325607421,1.484034701,1.897000002));
#3084=CARTESIAN_POINT('',(0.17771879,1.501538474,1.762000002));
#3085=CARTESIAN_POINT('',(0.029830158,1.519042247,1.627000002));
#3086=CARTESIAN_POINT('',(-0.118631651,1.507358049,1.492000002));
#3087=CARTESIAN_POINT('',(-0.151578505,1.504765075,1.462040612));
#3088=CARTESIAN_POINT('',(-0.184380597,1.500735004,1.431980905));
#3089=(BOUNDED_SURFACE()
B_SPLINE_SURFACE(1,2,((#3075,#3076,#3077,#3078,#3079,#3080,#3081),(#3082,#3083,#3084,#3085,#3086,#3087,#3088)),.UNSPECIFIED.,.F.,.F.,.U.)
B_SPLINE_SURFACE_WITH_KNOTS((2,2),(3,2,2,3),(0.853365162,1.),(0.,0.25,0.5,0.555689),.UNSPECIFIED.)
GEOMETRIC_REPRESENTATION_ITEM()
RATIONAL_B_SPLINE_SURFACE(((1.,0.995184727,1.,0.995184727,1.,0.998927369,0.998332608),(1.,0.995184727,1.,0.995184727,1.,0.998927369,0.998332608)))
REPRESENTATION_ITEM('')
SURFACE()
);
#3090=ORIENTED_EDGE('',*,*,#2189,.T.);
#3091=CARTESIAN_POINT('',(0.467239598,1.438015617,2.032000002));
#3092=CARTESIAN_POINT('',(0.325607421,1.484034701,1.897000002));
#3093=CARTESIAN_POINT('',(0.17771879,1.501538474,1.762000002));
#3094=CARTESIAN_POINT('',(0.029830158,1.519042247,1.627000002));
#3095=CARTESIAN_POINT('',(-0.118631651,1.507358049,1.492000002));
#3096=CARTESIAN_POINT('',(-0.151568035,1.504765899,1.462050132));
#3097=CARTESIAN_POINT('',(-0.184359759,1.500737564,1.432));
#3098=(BOUNDED_CURVE()
B_SPLINE_CURVE(2,(#3091,#3092,#3093,#3094,#3095,#3096,#3097),.UNSPECIFIED.,.F.,.F.)
B_SPLINE_CURVE_WITH_KNOTS((3,2,2,3),(0.,0.25,0.5,0.555671322),.UNSPECIFIED.)
CURVE()
GEOMETRIC_REPRESENTATION_ITEM()
RATIONAL_B_SPLINE_CURVE((1.,0.995184727,1.,0.995184727,1.,0.998927709,0.998332986))
REPRESENTATION_ITEM(''));
#3099=EDGE_CURVE('',#2469,#2167,#3098,.T.);
#3100=ORIENTED_EDGE('',*,*,#3099,.F.);
#3101=ORIENTED_EDGE('',*,*,#2475,.T.);
#3102=ORIENTED_EDGE('',*,*,#1713,.T.);
#3103=EDGE_LOOP('',(#3090,#3100,#3101,#3102));
#3104=FACE_BOUND('',#3103,.T.);
#3105=ADVANCED_FACE('',(#3104),#3089,.F.);
#3106=CARTESIAN_POINT('',(0.467239598,1.438015617,2.032000002));
#3107=CARTESIAN_POINT('',(0.325607421,1.484034701,1.897000002));
#3108=CARTESIAN_POINT('',(0.17771879,1.501538474,1.762000002));
#3109=CARTESIAN_POINT('',(0.029830158,1.519042247,1.627000002));
#3110=CARTESIAN_POINT('',(-0.118631651,1.507358049,1.492000002));
#3111=CARTESIAN_POINT('',(-0.24826001,1.497156076,1.374125726));
#3112=CARTESIAN_POINT('',(-0.374243314,1.464972252,1.256000003));
#3113=CARTESIAN_POINT('',(0.451309332,1.3889873,2.031988813));
#3114=CARTESIAN_POINT('',(0.314506023,1.43343739,1.896988813));
#3115=CARTESIAN_POINT('',(0.17165957,1.450344382,1.761988813));
#3116=CARTESIAN_POINT('',(0.028813116,1.467251374,1.626988813));
#3117=CARTESIAN_POINT('',(-0.114586973,1.455965542,1.491988813));
#3118=CARTESIAN_POINT('',(-0.239795727,1.446111399,1.374114537));
#3119=CARTESIAN_POINT('',(-0.361483703,1.415024864,1.255988814));
#3120=CARTESIAN_POINT('',(0.440042793,1.354312461,2.068434252));
#3121=CARTESIAN_POINT('',(0.306654659,1.397652893,1.933434252));
#3122=CARTESIAN_POINT('',(0.16737424,1.414137817,1.798434252));
#3123=CARTESIAN_POINT('',(0.028093822,1.430622741,1.663434252));
#3124=CARTESIAN_POINT('',(-0.111726411,1.41961865,1.528434252));
#3125=CARTESIAN_POINT('',(-0.233809439,1.410010507,1.410559976));
#3126=CARTESIAN_POINT('',(-0.352459582,1.37970002,1.292434252));
#3127=CARTESIAN_POINT('',(0.4400402,1.35430448,2.119985675));
#3128=CARTESIAN_POINT('',(0.306652852,1.397644657,1.984985675));
#3129=CARTESIAN_POINT('',(0.167373254,1.414129484,1.849985675));
#3130=CARTESIAN_POINT('',(0.028093657,1.430614311,1.714985675));
#3131=CARTESIAN_POINT('',(-0.111725752,1.419610284,1.579985675));
#3132=CARTESIAN_POINT('',(-0.233808061,1.410002198,1.462111399));
#3133=CARTESIAN_POINT('',(-0.352457505,1.37969189,1.343985676));
#3134=CARTESIAN_POINT('',(0.440037607,1.3542965,2.171537099));
#3135=CARTESIAN_POINT('',(0.306651044,1.397636421,2.036537099));
#3136=CARTESIAN_POINT('',(0.167372268,1.414121151,1.901537099));
#3137=CARTESIAN_POINT('',(0.028093491,1.43060588,1.766537099));
#3138=CARTESIAN_POINT('',(-0.111725094,1.419601919,1.631537099));
#3139=CARTESIAN_POINT('',(-0.233806683,1.409993889,1.513662823));
#3140=CARTESIAN_POINT('',(-0.352455428,1.379683759,1.395537099));
#3141=CARTESIAN_POINT('',(0.451300478,1.388960052,2.207994405));
#3142=CARTESIAN_POINT('',(0.314499854,1.43340927,2.072994405));
#3143=CARTESIAN_POINT('',(0.171656202,1.45031593,1.937994405));
#3144=CARTESIAN_POINT('',(0.028812551,1.46722259,1.802994405));
#3145=CARTESIAN_POINT('',(-0.114584725,1.45593698,1.667994405));
#3146=CARTESIAN_POINT('',(-0.239791023,1.446083031,1.550120129));
#3147=CARTESIAN_POINT('',(-0.361476612,1.414997105,1.431994405));
#3148=CARTESIAN_POINT('',(0.467230744,1.43798837,2.207999999));
#3149=CARTESIAN_POINT('',(0.325601252,1.484006582,2.072999999));
#3150=CARTESIAN_POINT('',(0.177715422,1.501510023,1.937999999));
#3151=CARTESIAN_POINT('',(0.029829593,1.519013464,1.802999999));
#3152=CARTESIAN_POINT('',(-0.118629403,1.507329488,1.667999999));
#3153=CARTESIAN_POINT('',(-0.248255306,1.497127708,1.550125723));
#3154=CARTESIAN_POINT('',(-0.374236223,1.464944494,1.432));
#3155=(BOUNDED_SURFACE()
B_SPLINE_SURFACE(3,2,((#3106,#3107,#3108,#3109,#3110,#3111,#3112),(#3113,#3114,#3115,#3116,#3117,#3118,#3119),(#3120,#3121,#3122,#3123,#3124,#3125,#3126),(#3127,#3128,#3129,#3130,#3131,#3132,#3133),(#3134,#3135,#3136,#3137,#3138,#3139,#3140),(#3141,#3142,#3143,#3144,#3145,#3146,#3147),(#3148,#3149,#3150,#3151,#3152,#3153,#3154)),.UNSPECIFIED.,.F.,.F.,.U.)
B_SPLINE_SURFACE_WITH_KNOTS((4,3,4),(3,2,2,3),(0.,0.5,0.999999999),(0.,0.25,0.5,0.718419119),.UNSPECIFIED.)
GEOMETRIC_REPRESENTATION_ITEM()
RATIONAL_B_SPLINE_SURFACE(((1.,0.995184727,1.,0.995184727,1.,0.995793009,0.998937116),(0.804725065,0.800850094,0.804725065,0.800850094,0.804725065,0.801339594,0.803869736),(0.804725065,0.800850094,0.804725065,0.800850094,0.804725065,0.801339594,0.803869736),(1.,0.995184727,1.,0.995184727,1.,0.995793009,0.998937116),(0.804725065,0.800850094,0.804725065,0.800850094,0.804725065,0.801339594,0.803869736),(0.804725065,0.800850094,0.804725065,0.800850094,0.804725065,0.801339594,0.803869736),(0.999999998,0.995184725,0.999999998,0.995184725,0.999999998,0.995793007,0.998937114)))
REPRESENTATION_ITEM('')
SURFACE()
);
#3156=ORIENTED_EDGE('',*,*,#2182,.T.);
#3157=CARTESIAN_POINT('',(0.279926354,1.485852065,2.032));
#3158=CARTESIAN_POINT('',(0.229088752,1.495429589,1.984896984));
#3159=CARTESIAN_POINT('',(0.177715423,1.501510023,1.937999999));
#3160=CARTESIAN_POINT('',(0.029829593,1.519013465,1.802999999));
#3161=CARTESIAN_POINT('',(-0.118629403,1.507329488,1.667999999));
#3162=CARTESIAN_POINT('',(-0.248255306,1.497127709,1.550125723));
#3163=CARTESIAN_POINT('',(-0.374236223,1.464944494,1.432));
#3164=(BOUNDED_CURVE()
B_SPLINE_CURVE(2,(#3157,#3158,#3159,#3160,#3161,#3162,#3163),.UNSPECIFIED.,.F.,.F.)
B_SPLINE_CURVE_WITH_KNOTS((3,2,2,3),(0.162879955,0.25,0.5,0.718419119),.UNSPECIFIED.)
CURVE()
GEOMETRIC_REPRESENTATION_ITEM()
RATIONAL_B_SPLINE_CURVE((0.997813464,0.998321973,1.,0.995184727,1.,0.995793009,0.998937116))
REPRESENTATION_ITEM(''));
#3165=EDGE_CURVE('',#2478,#2158,#3164,.T.);
#3166=ORIENTED_EDGE('',*,*,#3165,.F.);
#3167=ORIENTED_EDGE('',*,*,#2493,.T.);
#3168=ORIENTED_EDGE('',*,*,#3099,.T.);
#3169=EDGE_LOOP('',(#3156,#3166,#3167,#3168));
#3170=FACE_BOUND('',#3169,.T.);
#3171=ADVANCED_FACE('',(#3170),#3155,.F.);
#3172=CARTESIAN_POINT('',(0.279903836,1.485856307,2.031979137));
#3173=CARTESIAN_POINT('',(0.229077361,1.495430937,1.984886587));
#3174=CARTESIAN_POINT('',(0.177715423,1.501510023,1.938));
#3175=CARTESIAN_POINT('',(0.029829593,1.519013465,1.803));
#3176=CARTESIAN_POINT('',(-0.118629403,1.507329488,1.668));
#3177=CARTESIAN_POINT('',(-0.248255305,1.497127709,1.550125725));
#3178=CARTESIAN_POINT('',(-0.374236221,1.464944495,1.432000002));
#3179=CARTESIAN_POINT('',(0.296196406,1.572344648,2.031998238));
#3180=CARTESIAN_POINT('',(0.242411437,1.582476596,1.984905688));
#3181=CARTESIAN_POINT('',(0.188059836,1.588909532,1.938019101));
#3182=CARTESIAN_POINT('',(0.031565906,1.60743181,1.803019101));
#3183=CARTESIAN_POINT('',(-0.125534553,1.595067735,1.668019101));
#3184=CARTESIAN_POINT('',(-0.262705686,1.584272133,1.550144826));
#3185=CARTESIAN_POINT('',(-0.396019667,1.550215607,1.432019104));
#3186=(BOUNDED_SURFACE()
B_SPLINE_SURFACE(1,2,((#3172,#3173,#3174,#3175,#3176,#3177,#3178),(#3179,#3180,#3181,#3182,#3183,#3184,#3185)),.UNSPECIFIED.,.F.,.F.,.U.)
B_SPLINE_SURFACE_WITH_KNOTS((2,2),(3,2,2,3),(0.000015916,0.146698504),(0.16289924,0.25,0.5,0.718419117),.UNSPECIFIED.)
GEOMETRIC_REPRESENTATION_ITEM()
RATIONAL_B_SPLINE_SURFACE(((0.997813689,0.998322344,1.,0.995184727,1.,0.995793009,0.998937116),(0.997813689,0.998322344,1.,0.995184727,1.,0.995793009,0.998937116)))
REPRESENTATION_ITEM('')
SURFACE()
);
#3187=ORIENTED_EDGE('',*,*,#2164,.T.);
#3188=ORIENTED_EDGE('',*,*,#1684,.T.);
#3189=ORIENTED_EDGE('',*,*,#2500,.T.);
#3190=ORIENTED_EDGE('',*,*,#3165,.T.);
#3191=EDGE_LOOP('',(#3187,#3188,#3189,#3190));
#3192=FACE_BOUND('',#3191,.T.);
#3193=ADVANCED_FACE('',(#3192),#3186,.F.);
#3194=CARTESIAN_POINT('',(-0.494427191,1.521690426,2.032019097));
#3195=CARTESIAN_POINT('',(-0.644300617,1.472993598,1.897019097));
#3196=CARTESIAN_POINT('',(-0.781793986,1.395993611,1.762019097));
#3197=CARTESIAN_POINT('',(-0.919287356,1.318993624,1.627019097));
#3198=CARTESIAN_POINT('',(-1.039116877,1.216649545,1.492019097));
#3199=CARTESIAN_POINT('',(-1.065709613,1.193937203,1.462059707));
#3200=CARTESIAN_POINT('',(-1.091284563,1.170084613,1.432));
#3201=CARTESIAN_POINT('',(-0.467239598,1.438015617,2.032000002));
#3202=CARTESIAN_POINT('',(-0.608871774,1.391996534,1.897000002));
#3203=CARTESIAN_POINT('',(-0.738804649,1.319230627,1.762000002));
#3204=CARTESIAN_POINT('',(-0.868737525,1.24646472,1.627000002));
#3205=CARTESIAN_POINT('',(-0.981977853,1.149748343,1.492000002));
#3206=CARTESIAN_POINT('',(-1.007108306,1.128284909,1.462040612));
#3207=CARTESIAN_POINT('',(-1.031276939,1.105743927,1.431980905));
#3208=(BOUNDED_SURFACE()
B_SPLINE_SURFACE(1,2,((#3194,#3195,#3196,#3197,#3198,#3199,#3200),(#3201,#3202,#3203,#3204,#3205,#3206,#3207)),.UNSPECIFIED.,.F.,.F.,.U.)
B_SPLINE_SURFACE_WITH_KNOTS((2,2),(3,2,2,3),(0.853365162,1.),(0.,0.25,0.5,0.555689),.UNSPECIFIED.)
GEOMETRIC_REPRESENTATION_ITEM()
RATIONAL_B_SPLINE_SURFACE(((1.,0.995184727,1.,0.995184727,1.,0.998927369,0.998332608),(1.,0.995184727,1.,0.995184727,1.,0.998927369,0.998332608)))
REPRESENTATION_ITEM('')
SURFACE()
);
#3209=ORIENTED_EDGE('',*,*,#2154,.T.);
#3210=CARTESIAN_POINT('',(-0.467239598,1.438015617,2.032000002));
#3211=CARTESIAN_POINT('',(-0.608871774,1.391996534,1.897000002));
#3212=CARTESIAN_POINT('',(-0.738804649,1.319230627,1.762000002));
#3213=CARTESIAN_POINT('',(-0.868737525,1.24646472,1.627000002));
#3214=CARTESIAN_POINT('',(-0.981977853,1.149748343,1.492000002));
#3215=CARTESIAN_POINT('',(-1.00710032,1.128291729,1.462050132));
#3216=CARTESIAN_POINT('',(-1.031261586,1.105758246,1.432));
#3217=(BOUNDED_CURVE()
B_SPLINE_CURVE(2,(#3210,#3211,#3212,#3213,#3214,#3215,#3216),.UNSPECIFIED.,.F.,.F.)
B_SPLINE_CURVE_WITH_KNOTS((3,2,2,3),(0.,0.25,0.5,0.555671322),.UNSPECIFIED.)
CURVE()
GEOMETRIC_REPRESENTATION_ITEM()
RATIONAL_B_SPLINE_CURVE((1.,0.995184727,1.,0.995184727,1.,0.998927709,0.998332986))
REPRESENTATION_ITEM(''));
#3218=EDGE_CURVE('',#2504,#2132,#3217,.T.);
#3219=ORIENTED_EDGE('',*,*,#3218,.F.);
#3220=ORIENTED_EDGE('',*,*,#2510,.T.);
#3221=ORIENTED_EDGE('',*,*,#1663,.T.);
#3222=EDGE_LOOP('',(#3209,#3219,#3220,#3221));
#3223=FACE_BOUND('',#3222,.T.);
#3224=ADVANCED_FACE('',(#3223),#3208,.F.);
#3225=CARTESIAN_POINT('',(-0.467239598,1.438015617,2.032000002));
#3226=CARTESIAN_POINT('',(-0.608871774,1.391996534,1.897000002));
#3227=CARTESIAN_POINT('',(-0.738804649,1.319230627,1.762000002));
#3228=CARTESIAN_POINT('',(-0.868737525,1.24646472,1.627000002));
#3229=CARTESIAN_POINT('',(-0.981977853,1.149748343,1.492000002));
#3230=CARTESIAN_POINT('',(-1.080852829,1.065301136,1.374125726));
#3231=CARTESIAN_POINT('',(-1.163858286,0.965212747,1.256000003));
#3232=CARTESIAN_POINT('',(-0.451309332,1.3889873,2.031988813));
#3233=CARTESIAN_POINT('',(-0.58811264,1.344537211,1.896988813));
#3234=CARTESIAN_POINT('',(-0.713615529,1.274252216,1.761988813));
#3235=CARTESIAN_POINT('',(-0.839118418,1.203967221,1.626988813));
#3236=CARTESIAN_POINT('',(-0.948497882,1.110548334,1.491988813));
#3237=CARTESIAN_POINT('',(-1.044001772,1.028980306,1.374114537));
#3238=CARTESIAN_POINT('',(-1.124177206,0.932304373,1.255988814));
#3239=CARTESIAN_POINT('',(-0.440042793,1.354312461,2.068434252));
#3240=CARTESIAN_POINT('',(-0.573430928,1.310972029,1.933434252));
#3241=CARTESIAN_POINT('',(-0.695800749,1.242441637,1.798434252));
#3242=CARTESIAN_POINT('',(-0.818170569,1.173911244,1.663434252));
#3243=CARTESIAN_POINT('',(-0.924819471,1.082824477,1.528434252));
#3244=CARTESIAN_POINT('',(-1.017939191,1.003292723,1.410559976));
#3245=CARTESIAN_POINT('',(-1.096113116,0.909030219,1.292434252));
#3246=CARTESIAN_POINT('',(-0.4400402,1.35430448,2.119985675));
#3247=CARTESIAN_POINT('',(-0.573427549,1.310964303,1.984985675));
#3248=CARTESIAN_POINT('',(-0.695796648,1.242434315,1.849985675));
#3249=CARTESIAN_POINT('',(-0.818165748,1.173904327,1.714985675));
#3250=CARTESIAN_POINT('',(-0.924814022,1.082818096,1.579985675));
#3251=CARTESIAN_POINT('',(-1.017933193,1.00328681,1.462111399));
#3252=CARTESIAN_POINT('',(-1.096106657,0.909024862,1.343985676));
#3253=CARTESIAN_POINT('',(-0.440037607,1.3542965,2.171537099));
#3254=CARTESIAN_POINT('',(-0.57342417,1.310956578,2.036537099));
#3255=CARTESIAN_POINT('',(-0.695792548,1.242426994,1.901537099));
#3256=CARTESIAN_POINT('',(-0.818160926,1.173897409,1.766537099));
#3257=CARTESIAN_POINT('',(-0.924808572,1.082811715,1.631537099));
#3258=CARTESIAN_POINT('',(-1.017927194,1.003280898,1.513662823));
#3259=CARTESIAN_POINT('',(-1.096100198,0.909019505,1.395537099));
#3260=CARTESIAN_POINT('',(-0.451300478,1.388960052,2.207994405));
#3261=CARTESIAN_POINT('',(-0.588101103,1.344510835,2.072994405));
#3262=CARTESIAN_POINT('',(-0.71360153,1.274227219,1.937994405));
#3263=CARTESIAN_POINT('',(-0.839101957,1.203943603,1.802994405));
#3264=CARTESIAN_POINT('',(-0.948479275,1.110526548,1.667994405));
#3265=CARTESIAN_POINT('',(-1.043981292,1.02896012,1.550120129));
#3266=CARTESIAN_POINT('',(-1.124155153,0.932286084,1.431994405));
#3267=CARTESIAN_POINT('',(-0.467230744,1.43798837,2.207999999));
#3268=CARTESIAN_POINT('',(-0.608860237,1.391970158,2.072999999));
#3269=CARTESIAN_POINT('',(-0.738790651,1.31920563,1.937999999));
#3270=CARTESIAN_POINT('',(-0.868721065,1.246441102,1.802999999));
#3271=CARTESIAN_POINT('',(-0.981959247,1.149726558,1.667999999));
#3272=CARTESIAN_POINT('',(-1.080832349,1.065280951,1.550125723));
#3273=CARTESIAN_POINT('',(-1.163836233,0.965194459,1.432));
#3274=(BOUNDED_SURFACE()
B_SPLINE_SURFACE(3,2,((#3225,#3226,#3227,#3228,#3229,#3230,#3231),(#3232,#3233,#3234,#3235,#3236,#3237,#3238),(#3239,#3240,#3241,#3242,#3243,#3244,#3245),(#3246,#3247,#3248,#3249,#3250,#3251,#3252),(#3253,#3254,#3255,#3256,#3257,#3258,#3259),(#3260,#3261,#3262,#3263,#3264,#3265,#3266),(#3267,#3268,#3269,#3270,#3271,#3272,#3273)),.UNSPECIFIED.,.F.,.F.,.U.)
B_SPLINE_SURFACE_WITH_KNOTS((4,3,4),(3,2,2,3),(0.,0.5,0.999999999),(0.,0.25,0.5,0.718419119),.UNSPECIFIED.)
GEOMETRIC_REPRESENTATION_ITEM()
RATIONAL_B_SPLINE_SURFACE(((1.,0.995184727,1.,0.995184727,1.,0.995793009,0.998937116),(0.804725065,0.800850094,0.804725065,0.800850094,0.804725065,0.801339594,0.803869736),(0.804725065,0.800850094,0.804725065,0.800850094,0.804725065,0.801339594,0.803869736),(1.,0.995184727,1.,0.995184727,1.,0.995793009,0.998937116),(0.804725065,0.800850094,0.804725065,0.800850094,0.804725065,0.801339594,0.803869736),(0.804725065,0.800850094,0.804725065,0.800850094,0.804725065,0.801339594,0.803869736),(0.999999998,0.995184725,0.999999998,0.995184725,0.999999998,0.995793007,0.998937114)))
REPRESENTATION_ITEM('')
SURFACE()
);
#3275=ORIENTED_EDGE('',*,*,#2147,.T.);
#3276=CARTESIAN_POINT('',(-0.646896753,1.366616154,2.032));
#3277=CARTESIAN_POINT('',(-0.693654765,1.344482942,1.984896984));
#3278=CARTESIAN_POINT('',(-0.738790651,1.319205631,1.937999999));
#3279=CARTESIAN_POINT('',(-0.868721065,1.246441103,1.802999999));
#3280=CARTESIAN_POINT('',(-0.981959247,1.149726558,1.667999999));
#3281=CARTESIAN_POINT('',(-1.080832349,1.065280952,1.550125723));
#3282=CARTESIAN_POINT('',(-1.163836233,0.965194459,1.432));
#3283=(BOUNDED_CURVE()
B_SPLINE_CURVE(2,(#3276,#3277,#3278,#3279,#3280,#3281,#3282),.UNSPECIFIED.,.F.,.F.)
B_SPLINE_CURVE_WITH_KNOTS((3,2,2,3),(0.162879955,0.25,0.5,0.718419119),.UNSPECIFIED.)
CURVE()
GEOMETRIC_REPRESENTATION_ITEM()
RATIONAL_B_SPLINE_CURVE((0.997813464,0.998321973,1.,0.995184727,1.,0.995793009,0.998937116))
REPRESENTATION_ITEM(''));
#3284=EDGE_CURVE('',#2513,#2123,#3283,.T.);
#3285=ORIENTED_EDGE('',*,*,#3284,.F.);
#3286=ORIENTED_EDGE('',*,*,#2528,.T.);
#3287=ORIENTED_EDGE('',*,*,#3218,.T.);
#3288=EDGE_LOOP('',(#3275,#3285,#3286,#3287));
#3289=FACE_BOUND('',#3288,.T.);
#3290=ADVANCED_FACE('',(#3289),#3274,.F.);
#3291=CARTESIAN_POINT('',(-0.646917758,1.366611493,2.0319809));
#3292=CARTESIAN_POINT('',(-0.693666118,1.344482055,1.984887466));
#3293=CARTESIAN_POINT('',(-0.738792984,1.319209796,1.938000001));
#3294=CARTESIAN_POINT('',(-0.868723808,1.246445038,1.803000001));
#3295=CARTESIAN_POINT('',(-0.981962348,1.149730189,1.668000001));
#3296=CARTESIAN_POINT('',(-1.080835761,1.065284316,1.550125726));
#3297=CARTESIAN_POINT('',(-1.163839906,0.965197509,1.432000004));
#3298=CARTESIAN_POINT('',(-0.684571218,1.446154296,2.032));
#3299=CARTESIAN_POINT('',(-0.734040538,1.422736827,1.984906566));
#3300=CARTESIAN_POINT('',(-0.781793986,1.395993611,1.938019101));
#3301=CARTESIAN_POINT('',(-0.919287356,1.318993624,1.803019101));
#3302=CARTESIAN_POINT('',(-1.039116877,1.216649545,1.668019101));
#3303=CARTESIAN_POINT('',(-1.143745158,1.127288551,1.550144827));
#3304=CARTESIAN_POINT('',(-1.23158051,1.021376251,1.432019105));
#3305=(BOUNDED_SURFACE()
B_SPLINE_SURFACE(1,2,((#3291,#3292,#3293,#3294,#3295,#3296,#3297),(#3298,#3299,#3300,#3301,#3302,#3303,#3304)),.UNSPECIFIED.,.F.,.F.,.U.)
B_SPLINE_SURFACE_WITH_KNOTS((2,2),(3,2,2,3),(0.000023873,0.146698502),(0.162897611,0.25,0.5,0.718419116),.UNSPECIFIED.)
GEOMETRIC_REPRESENTATION_ITEM()
RATIONAL_B_SPLINE_SURFACE(((0.99781367,0.998322313,1.,0.995184727,1.,0.995793009,0.998937116),(0.99781367,0.998322313,1.,0.995184727,1.,0.995793009,0.998937116)))
REPRESENTATION_ITEM('')
SURFACE()
);
#3306=ORIENTED_EDGE('',*,*,#2129,.T.);
#3307=ORIENTED_EDGE('',*,*,#1634,.T.);
#3308=ORIENTED_EDGE('',*,*,#2535,.T.);
#3309=ORIENTED_EDGE('',*,*,#3284,.T.);
#3310=EDGE_LOOP('',(#3306,#3307,#3308,#3309));
#3311=FACE_BOUND('',#3310,.T.);
#3312=ADVANCED_FACE('',(#3311),#3305,.F.);
#3313=CARTESIAN_POINT('',(-1.294427191,0.940456404,2.032019097));
#3314=CARTESIAN_POINT('',(-1.387054062,0.812966453,1.897019097));
#3315=CARTESIAN_POINT('',(-1.453029078,0.66985558,1.762019097));
#3316=CARTESIAN_POINT('',(-1.519004094,0.526744707,1.627019097));
#3317=CARTESIAN_POINT('',(-1.555791873,0.373512582,1.492019097));
#3318=CARTESIAN_POINT('',(-1.563955868,0.339507093,1.462059707));
#3319=CARTESIAN_POINT('',(-1.570626237,0.305177364,1.432));
#3320=CARTESIAN_POINT('',(-1.223249147,0.888742528,2.032000002));
#3321=CARTESIAN_POINT('',(-1.310782646,0.768263003,1.897000002));
#3322=CARTESIAN_POINT('',(-1.373129824,0.633021519,1.762000002));
#3323=CARTESIAN_POINT('',(-1.435477002,0.497780036,1.627000002));
#3324=CARTESIAN_POINT('',(-1.470241891,0.352973849,1.492000002));
#3325=CARTESIAN_POINT('',(-1.477956965,0.320838256,1.462040612));
#3326=CARTESIAN_POINT('',(-1.484260543,0.288396252,1.431980905));
#3327=(BOUNDED_SURFACE()
B_SPLINE_SURFACE(1,2,((#3313,#3314,#3315,#3316,#3317,#3318,#3319),(#3320,#3321,#3322,#3323,#3324,#3325,#3326)),.UNSPECIFIED.,.F.,.F.,.U.)
B_SPLINE_SURFACE_WITH_KNOTS((2,2),(3,2,2,3),(0.853365162,1.),(0.,0.25,0.5,0.555689),.UNSPECIFIED.)
GEOMETRIC_REPRESENTATION_ITEM()
RATIONAL_B_SPLINE_SURFACE(((1.,0.995184727,1.,0.995184727,1.,0.998927369,0.998332608),(1.,0.995184727,1.,0.995184727,1.,0.998927369,0.998332608)))
REPRESENTATION_ITEM('')
SURFACE()
);
#3328=ORIENTED_EDGE('',*,*,#2119,.T.);
#3329=CARTESIAN_POINT('',(-1.223249147,0.888742528,2.032000002));
#3330=CARTESIAN_POINT('',(-1.310782646,0.768263003,1.897000002));
#3331=CARTESIAN_POINT('',(-1.373129824,0.633021519,1.762000002));
#3332=CARTESIAN_POINT('',(-1.435477002,0.497780036,1.627000002));
#3333=CARTESIAN_POINT('',(-1.470241891,0.352973849,1.492000002));
#3334=CARTESIAN_POINT('',(-1.477954513,0.320848468,1.462050132));
#3335=CARTESIAN_POINT('',(-1.484256538,0.288416861,1.432));
#3336=(BOUNDED_CURVE()
B_SPLINE_CURVE(2,(#3329,#3330,#3331,#3332,#3333,#3334,#3335),.UNSPECIFIED.,.F.,.F.)
B_SPLINE_CURVE_WITH_KNOTS((3,2,2,3),(0.,0.25,0.5,0.555671322),.UNSPECIFIED.)
CURVE()
GEOMETRIC_REPRESENTATION_ITEM()
RATIONAL_B_SPLINE_CURVE((1.,0.995184727,1.,0.995184727,1.,0.998927709,0.998332986))
REPRESENTATION_ITEM(''));
#3337=EDGE_CURVE('',#2539,#2097,#3336,.T.);
#3338=ORIENTED_EDGE('',*,*,#3337,.F.);
#3339=ORIENTED_EDGE('',*,*,#2545,.T.);
#3340=ORIENTED_EDGE('',*,*,#1613,.T.);
#3341=EDGE_LOOP('',(#3328,#3338,#3339,#3340));
#3342=FACE_BOUND('',#3341,.T.);
#3343=ADVANCED_FACE('',(#3342),#3327,.F.);
#3344=CARTESIAN_POINT('',(-1.223249147,0.888742528,2.032000002));
#3345=CARTESIAN_POINT('',(-1.310782646,0.768263003,1.897000002));
#3346=CARTESIAN_POINT('',(-1.373129824,0.633021519,1.762000002));
#3347=CARTESIAN_POINT('',(-1.435477002,0.497780036,1.627000002));
#3348=CARTESIAN_POINT('',(-1.470241891,0.352973849,1.492000002));
#3349=CARTESIAN_POINT('',(-1.500596604,0.226537371,1.374125726));
#3350=CARTESIAN_POINT('',(-1.50891895,0.09677478,1.256000003));
#3351=CARTESIAN_POINT('',(-1.18154317,0.858441362,2.031988813));
#3352=CARTESIAN_POINT('',(-1.266092264,0.742069517,1.896988813));
#3353=CARTESIAN_POINT('',(-1.326313751,0.611439014,1.761988813));
#3354=CARTESIAN_POINT('',(-1.386535237,0.480808511,1.626988813));
#3355=CARTESIAN_POINT('',(-1.420114838,0.340939408,1.491988813));
#3356=CARTESIAN_POINT('',(-1.449434624,0.218813709,1.374114537));
#3357=CARTESIAN_POINT('',(-1.457473225,0.093475299,1.255988814));
#3358=CARTESIAN_POINT('',(-1.15204699,0.837011132,2.068434252));
#3359=CARTESIAN_POINT('',(-1.234485391,0.723544408,1.933434252));
#3360=CARTESIAN_POINT('',(-1.293203501,0.59617498,1.798434252));
#3361=CARTESIAN_POINT('',(-1.351921612,0.468805552,1.663434252));
#3362=CARTESIAN_POINT('',(-1.384662927,0.332428157,1.528434252));
#3363=CARTESIAN_POINT('',(-1.413250771,0.213351219,1.410559976));
#3364=CARTESIAN_POINT('',(-1.421088695,0.091141771,1.292434252));
#3365=CARTESIAN_POINT('',(-1.152040201,0.8370062,2.119985675));
#3366=CARTESIAN_POINT('',(-1.234478116,0.723540144,1.984985675));
#3367=CARTESIAN_POINT('',(-1.293195881,0.596171467,1.849985675));
#3368=CARTESIAN_POINT('',(-1.351913645,0.46880279,1.714985675));
#3369=CARTESIAN_POINT('',(-1.384654768,0.332426198,1.579985675));
#3370=CARTESIAN_POINT('',(-1.413242443,0.213349961,1.462111399));
#3371=CARTESIAN_POINT('',(-1.421080321,0.091141234,1.343985676));
#3372=CARTESIAN_POINT('',(-1.152033412,0.837001268,2.171537099));
#3373=CARTESIAN_POINT('',(-1.234470842,0.72353588,2.036537099));
#3374=CARTESIAN_POINT('',(-1.29318826,0.596167954,1.901537099));
#3375=CARTESIAN_POINT('',(-1.351905678,0.468800027,1.766537099));
#3376=CARTESIAN_POINT('',(-1.384646608,0.332424239,1.631537099));
#3377=CARTESIAN_POINT('',(-1.413234115,0.213348704,1.513662823));
#3378=CARTESIAN_POINT('',(-1.421071947,0.091140697,1.395537099));
#3379=CARTESIAN_POINT('',(-1.181519991,0.858424521,2.207994405));
#3380=CARTESIAN_POINT('',(-1.266067427,0.742054959,2.072994405));
#3381=CARTESIAN_POINT('',(-1.326287732,0.611427019,1.937994405));
#3382=CARTESIAN_POINT('',(-1.386508038,0.480799079,1.802994405));
#3383=CARTESIAN_POINT('',(-1.42008698,0.34093272,1.667994405));
#3384=CARTESIAN_POINT('',(-1.449406191,0.218809417,1.550120129));
#3385=CARTESIAN_POINT('',(-1.457444634,0.093473465,1.431994405));
#3386=CARTESIAN_POINT('',(-1.223225969,0.888725688,2.207999999));
#3387=CARTESIAN_POINT('',(-1.31075781,0.768248446,2.072999999));
#3388=CARTESIAN_POINT('',(-1.373103806,0.633009525,1.937999999));
#3389=CARTESIAN_POINT('',(-1.435449802,0.497770604,1.802999999));
#3390=CARTESIAN_POINT('',(-1.470214033,0.352967161,1.667999999));
#3391=CARTESIAN_POINT('',(-1.500568171,0.226533078,1.550125723));
#3392=CARTESIAN_POINT('',(-1.50889036,0.096772946,1.432));
#3393=(BOUNDED_SURFACE()
B_SPLINE_SURFACE(3,2,((#3344,#3345,#3346,#3347,#3348,#3349,#3350),(#3351,#3352,#3353,#3354,#3355,#3356,#3357),(#3358,#3359,#3360,#3361,#3362,#3363,#3364),(#3365,#3366,#3367,#3368,#3369,#3370,#3371),(#3372,#3373,#3374,#3375,#3376,#3377,#3378),(#3379,#3380,#3381,#3382,#3383,#3384,#3385),(#3386,#3387,#3388,#3389,#3390,#3391,#3392)),.UNSPECIFIED.,.F.,.F.,.U.)
B_SPLINE_SURFACE_WITH_KNOTS((4,3,4),(3,2,2,3),(0.,0.5,0.999999999),(0.,0.25,0.5,0.718419119),.UNSPECIFIED.)
GEOMETRIC_REPRESENTATION_ITEM()
RATIONAL_B_SPLINE_SURFACE(((1.,0.995184727,1.,0.995184727,1.,0.995793009,0.998937116),(0.804725065,0.800850094,0.804725065,0.800850094,0.804725065,0.801339594,0.803869736),(0.804725065,0.800850094,0.804725065,0.800850094,0.804725065,0.801339594,0.803869736),(1.,0.995184727,1.,0.995184727,1.,0.995793009,0.998937116),(0.804725065,0.800850094,0.804725065,0.800850094,0.804725065,0.801339594,0.803869736),(0.804725065,0.800850094,0.804725065,0.800850094,0.804725065,0.801339594,0.803869736),(0.999999998,0.995184725,0.999999998,0.995184725,0.999999998,0.995793007,0.998937114)))
REPRESENTATION_ITEM('')
SURFACE()
);
#3394=ORIENTED_EDGE('',*,*,#2112,.T.);
#3395=CARTESIAN_POINT('',(-1.326627288,0.725379322,2.032));
#3396=CARTESIAN_POINT('',(-1.351445738,0.679989508,1.984896984));
#3397=CARTESIAN_POINT('',(-1.373103806,0.633009525,1.937999999));
#3398=CARTESIAN_POINT('',(-1.435449803,0.497770604,1.802999999));
#3399=CARTESIAN_POINT('',(-1.470214034,0.352967161,1.667999999));
#3400=CARTESIAN_POINT('',(-1.500568171,0.226533079,1.550125723));
#3401=CARTESIAN_POINT('',(-1.50889036,0.096772946,1.432));
#3402=(BOUNDED_CURVE()
B_SPLINE_CURVE(2,(#3395,#3396,#3397,#3398,#3399,#3400,#3401),.UNSPECIFIED.,.F.,.F.)
B_SPLINE_CURVE_WITH_KNOTS((3,2,2,3),(0.162879955,0.25,0.5,0.718419119),.UNSPECIFIED.)
CURVE()
GEOMETRIC_REPRESENTATION_ITEM()
RATIONAL_B_SPLINE_CURVE((0.997813464,0.998321973,1.,0.995184727,1.,0.995793009,0.998937116))
REPRESENTATION_ITEM(''));
#3403=EDGE_CURVE('',#2548,#2088,#3402,.T.);
#3404=ORIENTED_EDGE('',*,*,#3403,.F.);
#3405=ORIENTED_EDGE('',*,*,#2563,.T.);
#3406=ORIENTED_EDGE('',*,*,#3337,.T.);
#3407=EDGE_LOOP('',(#3394,#3404,#3405,#3406));
#3408=FACE_BOUND('',#3407,.T.);
#3409=ADVANCED_FACE('',(#3408),#3393,.F.);
#3410=CARTESIAN_POINT('',(-1.326641541,0.725363205,2.0319809));
#3411=CARTESIAN_POINT('',(-1.351454402,0.679982117,1.984887466));
#3412=CARTESIAN_POINT('',(-1.373108142,0.633011524,1.938000001));
#3413=CARTESIAN_POINT('',(-1.435454335,0.497772176,1.803000001));
#3414=CARTESIAN_POINT('',(-1.470218676,0.352968275,1.668000001));
#3415=CARTESIAN_POINT('',(-1.500572909,0.226533795,1.550125726));
#3416=CARTESIAN_POINT('',(-1.508895124,0.096773255,1.432000004));
#3417=CARTESIAN_POINT('',(-1.403857917,0.767582535,2.032));
#3418=CARTESIAN_POINT('',(-1.430114995,0.719560069,1.984906566));
#3419=CARTESIAN_POINT('',(-1.453029078,0.66985558,1.938019101));
#3420=CARTESIAN_POINT('',(-1.519004094,0.526744707,1.803019101));
#3421=CARTESIAN_POINT('',(-1.555791873,0.373512582,1.668019101));
#3422=CARTESIAN_POINT('',(-1.587912856,0.239719059,1.550144827));
#3423=CARTESIAN_POINT('',(-1.59671946,0.102405884,1.432019105));
#3424=(BOUNDED_SURFACE()
B_SPLINE_SURFACE(1,2,((#3410,#3411,#3412,#3413,#3414,#3415,#3416),(#3417,#3418,#3419,#3420,#3421,#3422,#3423)),.UNSPECIFIED.,.F.,.F.,.U.)
B_SPLINE_SURFACE_WITH_KNOTS((2,2),(3,2,2,3),(0.000023873,0.146698502),(0.162897611,0.25,0.5,0.718419116),.UNSPECIFIED.)
GEOMETRIC_REPRESENTATION_ITEM()
RATIONAL_B_SPLINE_SURFACE(((0.99781367,0.998322313,1.,0.995184727,1.,0.995793009,0.998937116),(0.99781367,0.998322313,1.,0.995184727,1.,0.995793009,0.998937116)))
REPRESENTATION_ITEM('')
SURFACE()
);
#3425=ORIENTED_EDGE('',*,*,#2094,.T.);
#3426=ORIENTED_EDGE('',*,*,#1584,.T.);
#3427=ORIENTED_EDGE('',*,*,#2570,.T.);
#3428=ORIENTED_EDGE('',*,*,#3403,.T.);
#3429=EDGE_LOOP('',(#3425,#3426,#3427,#3428));
#3430=FACE_BOUND('',#3429,.T.);
#3431=ADVANCED_FACE('',(#3430),#3424,.F.);
#3432=CARTESIAN_POINT('',(-1.6,0.,2.032019097));
#3433=CARTESIAN_POINT('',(-1.6,-0.157586245,1.897019097));
#3434=CARTESIAN_POINT('',(-1.569256449,-0.312144515,1.762019097));
#3435=CARTESIAN_POINT('',(-1.538512897,-0.466702785,1.627019097));
#3436=CARTESIAN_POINT('',(-1.478207252,-0.612293492,1.492019097));
#3437=CARTESIAN_POINT('',(-1.464824138,-0.644603186,1.462059707));
#3438=CARTESIAN_POINT('',(-1.450042072,-0.676297265,1.432));
#3439=CARTESIAN_POINT('',(-1.512019099,0.,2.032000002));
#3440=CARTESIAN_POINT('',(-1.512019099,-0.148920883,1.897000002));
#3441=CARTESIAN_POINT('',(-1.482966076,-0.294980293,1.762000002));
#3442=CARTESIAN_POINT('',(-1.453913053,-0.441039703,1.627000002));
#3443=CARTESIAN_POINT('',(-1.396923499,-0.578624659,1.492000002));
#3444=CARTESIAN_POINT('',(-1.384276296,-0.609157706,1.462040612));
#3445=CARTESIAN_POINT('',(-1.370307067,-0.639108988,1.431980905));
#3446=(BOUNDED_SURFACE()
B_SPLINE_SURFACE(1,2,((#3432,#3433,#3434,#3435,#3436,#3437,#3438),(#3439,#3440,#3441,#3442,#3443,#3444,#3445)),.UNSPECIFIED.,.F.,.F.,.U.)
B_SPLINE_SURFACE_WITH_KNOTS((2,2),(3,2,2,3),(0.853365162,1.),(0.,0.25,0.5,0.555689),.UNSPECIFIED.)
GEOMETRIC_REPRESENTATION_ITEM()
RATIONAL_B_SPLINE_SURFACE(((1.,0.995184727,1.,0.995184727,1.,0.998927369,0.998332608),(1.,0.995184727,1.,0.995184727,1.,0.998927369,0.998332608)))
REPRESENTATION_ITEM('')
SURFACE()
);
#3447=ORIENTED_EDGE('',*,*,#2084,.T.);
#3448=CARTESIAN_POINT('',(-1.512019099,0.,2.032000002));
#3449=CARTESIAN_POINT('',(-1.512019099,-0.148920883,1.897000002));
#3450=CARTESIAN_POINT('',(-1.482966076,-0.294980293,1.762000002));
#3451=CARTESIAN_POINT('',(-1.453913053,-0.441039703,1.627000002));
#3452=CARTESIAN_POINT('',(-1.396923499,-0.578624659,1.492000002));
#3453=CARTESIAN_POINT('',(-1.384280315,-0.609148003,1.462050132));
#3454=CARTESIAN_POINT('',(-1.370315941,-0.639089962,1.432));
#3455=(BOUNDED_CURVE()
B_SPLINE_CURVE(2,(#3448,#3449,#3450,#3451,#3452,#3453,#3454),.UNSPECIFIED.,.F.,.F.)
B_SPLINE_CURVE_WITH_KNOTS((3,2,2,3),(0.,0.25,0.5,0.555671322),.UNSPECIFIED.)
CURVE()
GEOMETRIC_REPRESENTATION_ITEM()
RATIONAL_B_SPLINE_CURVE((1.,0.995184727,1.,0.995184727,1.,0.998927709,0.998332986))
REPRESENTATION_ITEM(''));
#3456=EDGE_CURVE('',#2574,#2062,#3455,.T.);
#3457=ORIENTED_EDGE('',*,*,#3456,.F.);
#3458=ORIENTED_EDGE('',*,*,#2580,.T.);
#3459=ORIENTED_EDGE('',*,*,#1563,.T.);
#3460=EDGE_LOOP('',(#3447,#3457,#3458,#3459));
#3461=FACE_BOUND('',#3460,.T.);
#3462=ADVANCED_FACE('',(#3461),#3446,.F.);
#3463=CARTESIAN_POINT('',(-1.512019099,0.,2.032000002));
#3464=CARTESIAN_POINT('',(-1.512019099,-0.148920883,1.897000002));
#3465=CARTESIAN_POINT('',(-1.482966076,-0.294980293,1.762000002));
#3466=CARTESIAN_POINT('',(-1.453913053,-0.441039703,1.627000002));
#3467=CARTESIAN_POINT('',(-1.396923499,-0.578624659,1.492000002));
#3468=CARTESIAN_POINT('',(-1.34716348,-0.698755971,1.374125726));
#3469=CARTESIAN_POINT('',(-1.277623862,-0.808627865,1.256000003));
#3470=CARTESIAN_POINT('',(-1.460467676,0.,2.031988813));
#3471=CARTESIAN_POINT('',(-1.460467676,-0.143843511,1.896988813));
#3472=CARTESIAN_POINT('',(-1.432405199,-0.284923109,1.761988813));
#3473=CARTESIAN_POINT('',(-1.404342723,-0.426002708,1.626988813));
#3474=CARTESIAN_POINT('',(-1.349296194,-0.558896783,1.491988813));
#3475=CARTESIAN_POINT('',(-1.301232715,-0.674932287,1.374114537));
#3476=CARTESIAN_POINT('',(-1.23406401,-0.781058162,1.255988814));
#3477=CARTESIAN_POINT('',(-1.424008393,0.,2.068434252));
#3478=CARTESIAN_POINT('',(-1.424008393,-0.140252585,1.933434252));
#3479=CARTESIAN_POINT('',(-1.396646471,-0.277810256,1.798434252));
#3480=CARTESIAN_POINT('',(-1.369284549,-0.415367927,1.663434252));
#3481=CARTESIAN_POINT('',(-1.315612208,-0.544944419,1.528434252));
#3482=CARTESIAN_POINT('',(-1.268748591,-0.658083199,1.410559976));
#3483=CARTESIAN_POINT('',(-1.203256694,-0.761559736,1.292434252));
#3484=CARTESIAN_POINT('',(-1.424000001,0.,2.119985675));
#3485=CARTESIAN_POINT('',(-1.424000001,-0.140251758,1.984985675));
#3486=CARTESIAN_POINT('',(-1.39663824,-0.277808619,1.849985675));
#3487=CARTESIAN_POINT('',(-1.36927648,-0.415365479,1.714985675));
#3488=CARTESIAN_POINT('',(-1.315604455,-0.544941208,1.579985675));
#3489=CARTESIAN_POINT('',(-1.268741114,-0.658079321,1.462111399));
#3490=CARTESIAN_POINT('',(-1.203249603,-0.761555248,1.343985676));
#3491=CARTESIAN_POINT('',(-1.42399161,0.,2.171537099));
#3492=CARTESIAN_POINT('',(-1.42399161,-0.140250932,2.036537099));
#3493=CARTESIAN_POINT('',(-1.39663001,-0.277806982,1.901537099));
#3494=CARTESIAN_POINT('',(-1.369268411,-0.415363031,1.766537099));
#3495=CARTESIAN_POINT('',(-1.315596703,-0.544937997,1.631537099));
#3496=CARTESIAN_POINT('',(-1.268733638,-0.658075443,1.513662823));
#3497=CARTESIAN_POINT('',(-1.203242513,-0.76155076,1.395537099));
#3498=CARTESIAN_POINT('',(-1.460439026,0.,2.207994405));
#3499=CARTESIAN_POINT('',(-1.460439026,-0.143840689,2.072994405));
#3500=CARTESIAN_POINT('',(-1.4323771,-0.28491752,1.937994405));
#3501=CARTESIAN_POINT('',(-1.404315173,-0.425994351,1.802994405));
#3502=CARTESIAN_POINT('',(-1.349269725,-0.558885819,1.667994405));
#3503=CARTESIAN_POINT('',(-1.301207188,-0.674919047,1.550120129));
#3504=CARTESIAN_POINT('',(-1.234039801,-0.78104284,1.431994405));
#3505=CARTESIAN_POINT('',(-1.51199045,0.,2.207999999));
#3506=CARTESIAN_POINT('',(-1.51199045,-0.148918061,2.072999999));
#3507=CARTESIAN_POINT('',(-1.482937977,-0.294974704,1.937999999));
#3508=CARTESIAN_POINT('',(-1.453885505,-0.441031346,1.802999999));
#3509=CARTESIAN_POINT('',(-1.39689703,-0.578613695,1.667999999));
#3510=CARTESIAN_POINT('',(-1.347137954,-0.698742731,1.550125723));
#3511=CARTESIAN_POINT('',(-1.277599654,-0.808612543,1.432));
#3512=(BOUNDED_SURFACE()
B_SPLINE_SURFACE(3,2,((#3463,#3464,#3465,#3466,#3467,#3468,#3469),(#3470,#3471,#3472,#3473,#3474,#3475,#3476),(#3477,#3478,#3479,#3480,#3481,#3482,#3483),(#3484,#3485,#3486,#3487,#3488,#3489,#3490),(#3491,#3492,#3493,#3494,#3495,#3496,#3497),(#3498,#3499,#3500,#3501,#3502,#3503,#3504),(#3505,#3506,#3507,#3508,#3509,#3510,#3511)),.UNSPECIFIED.,.F.,.F.,.U.)
B_SPLINE_SURFACE_WITH_KNOTS((4,3,4),(3,2,2,3),(0.,0.5,0.999999999),(0.,0.25,0.5,0.718419119),.UNSPECIFIED.)
GEOMETRIC_REPRESENTATION_ITEM()
RATIONAL_B_SPLINE_SURFACE(((1.,0.995184727,1.,0.995184727,1.,0.995793009,0.998937116),(0.804725065,0.800850094,0.804725065,0.800850094,0.804725065,0.801339594,0.803869736),(0.804725065,0.800850094,0.804725065,0.800850094,0.804725065,0.801339594,0.803869736),(1.,0.995184727,1.,0.995184727,1.,0.995793009,0.998937116),(0.804725065,0.800850094,0.804725065,0.800850094,0.804725065,0.801339594,0.803869736),(0.804725065,0.800850094,0.804725065,0.800850094,0.804725065,0.801339594,0.803869736),(0.999999998,0.995184725,0.999999998,0.995184725,0.999999998,0.995793007,0.998937114)))
REPRESENTATION_ITEM('')
SURFACE()
);
#3513=ORIENTED_EDGE('',*,*,#2077,.T.);
#3514=CARTESIAN_POINT('',(-1.499631289,-0.192927756,2.032));
#3515=CARTESIAN_POINT('',(-1.493030373,-0.244236806,1.984896984));
#3516=CARTESIAN_POINT('',(-1.482937978,-0.294974704,1.937999999));
#3517=CARTESIAN_POINT('',(-1.453885505,-0.441031346,1.802999999));
#3518=CARTESIAN_POINT('',(-1.39689703,-0.578613695,1.667999999));
#3519=CARTESIAN_POINT('',(-1.347137955,-0.698742731,1.550125723));
#3520=CARTESIAN_POINT('',(-1.277599654,-0.808612543,1.432));
#3521=(BOUNDED_CURVE()
B_SPLINE_CURVE(2,(#3514,#3515,#3516,#3517,#3518,#3519,#3520),.UNSPECIFIED.,.F.,.F.)
B_SPLINE_CURVE_WITH_KNOTS((3,2,2,3),(0.162879955,0.25,0.5,0.718419119),.UNSPECIFIED.)
CURVE()
GEOMETRIC_REPRESENTATION_ITEM()
RATIONAL_B_SPLINE_CURVE((0.997813464,0.998321973,1.,0.995184727,1.,0.995793009,0.998937116))
REPRESENTATION_ITEM(''));
#3522=EDGE_CURVE('',#2583,#2053,#3521,.T.);
#3523=ORIENTED_EDGE('',*,*,#3522,.F.);
#3524=ORIENTED_EDGE('',*,*,#2598,.T.);
#3525=ORIENTED_EDGE('',*,*,#3456,.T.);
#3526=EDGE_LOOP('',(#3513,#3523,#3524,#3525));
#3527=FACE_BOUND('',#3526,.T.);
#3528=ADVANCED_FACE('',(#3527),#3512,.F.);
#3529=CARTESIAN_POINT('',(-1.499628365,-0.192950483,2.031979137));
#3530=CARTESIAN_POINT('',(-1.493028135,-0.244248056,1.984886587));
#3531=CARTESIAN_POINT('',(-1.482937978,-0.294974704,1.938));
#3532=CARTESIAN_POINT('',(-1.453885505,-0.441031346,1.803));
#3533=CARTESIAN_POINT('',(-1.39689703,-0.578613695,1.668));
#3534=CARTESIAN_POINT('',(-1.347137955,-0.69874273,1.550125725));
#3535=CARTESIAN_POINT('',(-1.277599655,-0.808612542,1.432000002));
#3536=CARTESIAN_POINT('',(-1.586918347,-0.204181695,2.031998238));
#3537=CARTESIAN_POINT('',(-1.579933933,-0.258465184,1.984905688));
#3538=CARTESIAN_POINT('',(-1.56925645,-0.312144515,1.938019101));
#3539=CARTESIAN_POINT('',(-1.538512898,-0.466702785,1.803019101));
#3540=CARTESIAN_POINT('',(-1.478207253,-0.612293492,1.668019101));
#3541=CARTESIAN_POINT('',(-1.425551814,-0.739414967,1.550144826));
#3542=CARTESIAN_POINT('',(-1.351965847,-0.855680052,1.432019104));
#3543=(BOUNDED_SURFACE()
B_SPLINE_SURFACE(1,2,((#3529,#3530,#3531,#3532,#3533,#3534,#3535),(#3536,#3537,#3538,#3539,#3540,#3541,#3542)),.UNSPECIFIED.,.F.,.F.,.U.)
B_SPLINE_SURFACE_WITH_KNOTS((2,2),(3,2,2,3),(0.000015916,0.146698504),(0.16289924,0.25,0.5,0.718419117),.UNSPECIFIED.)
GEOMETRIC_REPRESENTATION_ITEM()
RATIONAL_B_SPLINE_SURFACE(((0.997813689,0.998322344,1.,0.995184727,1.,0.995793009,0.998937116),(0.997813689,0.998322344,1.,0.995184727,1.,0.995793009,0.998937116)))
REPRESENTATION_ITEM('')
SURFACE()
);
#3544=ORIENTED_EDGE('',*,*,#2059,.T.);
#3545=ORIENTED_EDGE('',*,*,#1534,.T.);
#3546=ORIENTED_EDGE('',*,*,#2605,.T.);
#3547=ORIENTED_EDGE('',*,*,#3522,.T.);
#3548=EDGE_LOOP('',(#3544,#3545,#3546,#3547));
#3549=FACE_BOUND('',#3548,.T.);
#3550=ADVANCED_FACE('',(#3549),#3543,.F.);
#3551=CARTESIAN_POINT('',(-1.294427191,-0.940456404,2.032019097));
#3552=CARTESIAN_POINT('',(-1.20180032,-1.067946354,1.897019097));
#3553=CARTESIAN_POINT('',(-1.086081193,-1.174916015,1.762019097));
#3554=CARTESIAN_POINT('',(-0.970362066,-1.281885676,1.627019097));
#3555=CARTESIAN_POINT('',(-0.835997704,-1.364224263,1.492019097));
#3556=CARTESIAN_POINT('',(-0.806179375,-1.382496958,1.462059707));
#3557=CARTESIAN_POINT('',(-0.77559112,-1.399449325,1.432));
#3558=CARTESIAN_POINT('',(-1.223249147,-0.888742528,2.032000002));
#3559=CARTESIAN_POINT('',(-1.135715648,-1.009222053,1.897000002));
#3560=CARTESIAN_POINT('',(-1.026359692,-1.110309659,1.762000002));
#3561=CARTESIAN_POINT('',(-0.917003735,-1.211397266,1.627000002));
#3562=CARTESIAN_POINT('',(-0.790027809,-1.289208213,1.492000002));
#3563=CARTESIAN_POINT('',(-0.761849133,-1.306476128,1.462040612));
#3564=CARTESIAN_POINT('',(-0.732942867,-1.322496318,1.431980905));
#3565=(BOUNDED_SURFACE()
B_SPLINE_SURFACE(1,2,((#3551,#3552,#3553,#3554,#3555,#3556,#3557),(#3558,#3559,#3560,#3561,#3562,#3563,#3564)),.UNSPECIFIED.,.F.,.F.,.U.)
B_SPLINE_SURFACE_WITH_KNOTS((2,2),(3,2,2,3),(0.853365162,1.),(0.,0.25,0.5,0.555689),.UNSPECIFIED.)
GEOMETRIC_REPRESENTATION_ITEM()
RATIONAL_B_SPLINE_SURFACE(((1.,0.995184727,1.,0.995184727,1.,0.998927369,0.998332608),(1.,0.995184727,1.,0.995184727,1.,0.998927369,0.998332608)))
REPRESENTATION_ITEM('')
SURFACE()
);
#3566=ORIENTED_EDGE('',*,*,#2049,.T.);
#3567=CARTESIAN_POINT('',(-1.223249147,-0.888742528,2.032000002));
#3568=CARTESIAN_POINT('',(-1.135715648,-1.009222053,1.897000002));
#3569=CARTESIAN_POINT('',(-1.026359692,-1.110309659,1.762000002));
#3570=CARTESIAN_POINT('',(-0.917003735,-1.211397266,1.627000002));
#3571=CARTESIAN_POINT('',(-0.790027809,-1.289208213,1.492000002));
#3572=CARTESIAN_POINT('',(-0.761858087,-1.306470641,1.462050132));
#3573=CARTESIAN_POINT('',(-0.732961229,-1.322486141,1.432));
#3574=(BOUNDED_CURVE()
B_SPLINE_CURVE(2,(#3567,#3568,#3569,#3570,#3571,#3572,#3573),.UNSPECIFIED.,.F.,.F.)
B_SPLINE_CURVE_WITH_KNOTS((3,2,2,3),(0.,0.25,0.5,0.555671322),.UNSPECIFIED.)
CURVE()
GEOMETRIC_REPRESENTATION_ITEM()
RATIONAL_B_SPLINE_CURVE((1.,0.995184727,1.,0.995184727,1.,0.998927709,0.998332986))
REPRESENTATION_ITEM(''));
#3575=EDGE_CURVE('',#2609,#2027,#3574,.T.);
#3576=ORIENTED_EDGE('',*,*,#3575,.F.);
#3577=ORIENTED_EDGE('',*,*,#2615,.T.);
#3578=ORIENTED_EDGE('',*,*,#1513,.T.);
#3579=EDGE_LOOP('',(#3566,#3576,#3577,#3578));
#3580=FACE_BOUND('',#3579,.T.);
#3581=ADVANCED_FACE('',(#3580),#3565,.F.);
#3582=CARTESIAN_POINT('',(-1.223249147,-0.888742528,2.032000002));
#3583=CARTESIAN_POINT('',(-1.135715648,-1.009222053,1.897000002));
#3584=CARTESIAN_POINT('',(-1.026359692,-1.110309659,1.762000002));
#3585=CARTESIAN_POINT('',(-0.917003735,-1.211397266,1.627000002));
#3586=CARTESIAN_POINT('',(-0.790027809,-1.289208213,1.492000002));
#3587=CARTESIAN_POINT('',(-0.679159695,-1.357148281,1.374125726));
#3588=CARTESIAN_POINT('',(-0.558319884,-1.405162149,1.256000003));
#3589=CARTESIAN_POINT('',(-1.18154317,-0.858441362,2.031988813));
#3590=CARTESIAN_POINT('',(-1.096994075,-0.974813206,1.896988813));
#3591=CARTESIAN_POINT('',(-0.991366547,-1.072454289,1.761988813));
#3592=CARTESIAN_POINT('',(-0.88573902,-1.170095371,1.626988813));
#3593=CARTESIAN_POINT('',(-0.763092265,-1.2452534,1.491988813));
#3594=CARTESIAN_POINT('',(-0.656004135,-1.31087709,1.374114537));
#3595=CARTESIAN_POINT('',(-0.539284288,-1.357253952,1.255988814));
#3596=CARTESIAN_POINT('',(-1.15204699,-0.837011132,2.068434252));
#3597=CARTESIAN_POINT('',(-1.069608589,-0.950477857,1.933434252));
#3598=CARTESIAN_POINT('',(-0.966617959,-1.045681416,1.798434252));
#3599=CARTESIAN_POINT('',(-0.863627328,-1.140884976,1.663434252));
#3600=CARTESIAN_POINT('',(-0.744042341,-1.21416675,1.528434252));
#3601=CARTESIAN_POINT('',(-0.639627572,-1.278152203,1.410559976));
#3602=CARTESIAN_POINT('',(-0.525821533,-1.323371308,1.292434252));
#3603=CARTESIAN_POINT('',(-1.152040201,-0.8370062,2.119985675));
#3604=CARTESIAN_POINT('',(-1.069602286,-0.950472256,1.984985675));
#3605=CARTESIAN_POINT('',(-0.966612262,-1.045675254,1.849985675));
#3606=CARTESIAN_POINT('',(-0.863622239,-1.140878253,1.714985675));
#3607=CARTESIAN_POINT('',(-0.744037957,-1.214159595,1.579985675));
#3608=CARTESIAN_POINT('',(-0.639623803,-1.278144671,1.462111399));
#3609=CARTESIAN_POINT('',(-0.525818434,-1.323363509,1.343985676));
#3610=CARTESIAN_POINT('',(-1.152033412,-0.837001268,2.171537099));
#3611=CARTESIAN_POINT('',(-1.069595983,-0.950466655,2.036537099));
#3612=CARTESIAN_POINT('',(-0.966606566,-1.045669092,1.901537099));
#3613=CARTESIAN_POINT('',(-0.86361715,-1.140871529,1.766537099));
#3614=CARTESIAN_POINT('',(-0.744033572,-1.21415244,1.631537099));
#3615=CARTESIAN_POINT('',(-0.639620034,-1.278137139,1.513662823));
#3616=CARTESIAN_POINT('',(-0.525815335,-1.323355711,1.395537099));
#3617=CARTESIAN_POINT('',(-1.181519991,-0.858424521,2.207994405));
#3618=CARTESIAN_POINT('',(-1.096972556,-0.974794083,2.072994405));
#3619=CARTESIAN_POINT('',(-0.9913471,-1.072433251,1.937994405));
#3620=CARTESIAN_POINT('',(-0.885721644,-1.170072418,1.802994405));
#3621=CARTESIAN_POINT('',(-0.763077295,-1.245228971,1.667994405));
#3622=CARTESIAN_POINT('',(-0.655991266,-1.310851374,1.550120129));
#3623=CARTESIAN_POINT('',(-0.539273709,-1.357227327,1.431994405));
#3624=CARTESIAN_POINT('',(-1.223225969,-0.888725688,2.207999999));
#3625=CARTESIAN_POINT('',(-1.135694129,-1.00920293,2.072999999));
#3626=CARTESIAN_POINT('',(-1.026340245,-1.110288621,1.937999999));
#3627=CARTESIAN_POINT('',(-0.91698636,-1.211374312,1.802999999));
#3628=CARTESIAN_POINT('',(-0.79001284,-1.289183786,1.667999999));
#3629=CARTESIAN_POINT('',(-0.679146827,-1.357122566,1.550125723));
#3630=CARTESIAN_POINT('',(-0.558309305,-1.405135524,1.432));
#3631=(BOUNDED_SURFACE()
B_SPLINE_SURFACE(3,2,((#3582,#3583,#3584,#3585,#3586,#3587,#3588),(#3589,#3590,#3591,#3592,#3593,#3594,#3595),(#3596,#3597,#3598,#3599,#3600,#3601,#3602),(#3603,#3604,#3605,#3606,#3607,#3608,#3609),(#3610,#3611,#3612,#3613,#3614,#3615,#3616),(#3617,#3618,#3619,#3620,#3621,#3622,#3623),(#3624,#3625,#3626,#3627,#3628,#3629,#3630)),.UNSPECIFIED.,.F.,.F.,.U.)
B_SPLINE_SURFACE_WITH_KNOTS((4,3,4),(3,2,2,3),(0.,0.5,0.999999999),(0.,0.25,0.5,0.718419119),.UNSPECIFIED.)
GEOMETRIC_REPRESENTATION_ITEM()
RATIONAL_B_SPLINE_SURFACE(((1.,0.995184727,1.,0.995184727,1.,0.995793009,0.998937116),(0.804725065,0.800850094,0.804725065,0.800850094,0.804725065,0.801339594,0.803869736),(0.804725065,0.800850094,0.804725065,0.800850094,0.804725065,0.801339594,0.803869736),(1.,0.995184727,1.,0.995184727,1.,0.995793009,0.998937116),(0.804725065,0.800850094,0.804725065,0.800850094,0.804725065,0.801339594,0.803869736),(0.804725065,0.800850094,0.804725065,0.800850094,0.804725065,0.801339594,0.803869736),(0.999999998,0.995184725,0.999999998,0.995184725,0.999999998,0.995793007,0.998937114)))
REPRESENTATION_ITEM('')
SURFACE()
);
#3632=ORIENTED_EDGE('',*,*,#2042,.T.);
#3633=CARTESIAN_POINT('',(-1.099827108,-1.037542989,2.032));
#3634=CARTESIAN_POINT('',(-1.064328152,-1.075172961,1.984896984));
#3635=CARTESIAN_POINT('',(-1.026340245,-1.110288622,1.937999999));
#3636=CARTESIAN_POINT('',(-0.91698636,-1.211374313,1.802999999));
#3637=CARTESIAN_POINT('',(-0.79001284,-1.289183786,1.667999999));
#3638=CARTESIAN_POINT('',(-0.679146827,-1.357122566,1.550125723));
#3639=CARTESIAN_POINT('',(-0.558309305,-1.405135524,1.432));
#3640=(BOUNDED_CURVE()
B_SPLINE_CURVE(2,(#3633,#3634,#3635,#3636,#3637,#3638,#3639),.UNSPECIFIED.,.F.,.F.)
B_SPLINE_CURVE_WITH_KNOTS((3,2,2,3),(0.162879955,0.25,0.5,0.718419119),.UNSPECIFIED.)
CURVE()
GEOMETRIC_REPRESENTATION_ITEM()
RATIONAL_B_SPLINE_CURVE((0.997813464,0.998321973,1.,0.995184727,1.,0.995793009,0.998937116))
REPRESENTATION_ITEM(''));
#3641=EDGE_CURVE('',#2618,#2018,#3640,.T.);
#3642=ORIENTED_EDGE('',*,*,#3641,.F.);
#3643=ORIENTED_EDGE('',*,*,#2633,.T.);
#3644=ORIENTED_EDGE('',*,*,#3575,.T.);
#3645=EDGE_LOOP('',(#3632,#3642,#3643,#3644));
#3646=FACE_BOUND('',#3645,.T.);
#3647=ADVANCED_FACE('',(#3646),#3631,.F.);
#3648=CARTESIAN_POINT('',(-1.099811384,-1.037559657,2.031979137));
#3649=CARTESIAN_POINT('',(-1.064319729,-1.075180748,1.984886587));
#3650=CARTESIAN_POINT('',(-1.026340245,-1.110288622,1.938));
#3651=CARTESIAN_POINT('',(-0.91698636,-1.211374313,1.803));
#3652=CARTESIAN_POINT('',(-0.79001284,-1.289183786,1.668));
#3653=CARTESIAN_POINT('',(-0.679146828,-1.357122566,1.550125725));
#3654=CARTESIAN_POINT('',(-0.558309307,-1.405135524,1.432000002));
#3655=CARTESIAN_POINT('',(-1.163828921,-1.097953661,2.031998238));
#3656=CARTESIAN_POINT('',(-1.126271377,-1.137764591,1.984905688));
#3657=CARTESIAN_POINT('',(-1.086081193,-1.174916015,1.938019101));
#3658=CARTESIAN_POINT('',(-0.970362066,-1.281885676,1.803019101));
#3659=CARTESIAN_POINT('',(-0.835997704,-1.364224263,1.668019101));
#3660=CARTESIAN_POINT('',(-0.718678431,-1.436117606,1.550144826));
#3661=CARTESIAN_POINT('',(-0.590807231,-1.486925289,1.432019104));
#3662=(BOUNDED_SURFACE()
B_SPLINE_SURFACE(1,2,((#3648,#3649,#3650,#3651,#3652,#3653,#3654),(#3655,#3656,#3657,#3658,#3659,#3660,#3661)),.UNSPECIFIED.,.F.,.F.,.U.)
B_SPLINE_SURFACE_WITH_KNOTS((2,2),(3,2,2,3),(0.000015916,0.146698502),(0.16289924,0.25,0.5,0.718419117),.UNSPECIFIED.)
GEOMETRIC_REPRESENTATION_ITEM()
RATIONAL_B_SPLINE_SURFACE(((0.997813689,0.998322344,1.,0.995184727,1.,0.995793009,0.998937116),(0.997813689,0.998322344,1.,0.995184727,1.,0.995793009,0.998937116)))
REPRESENTATION_ITEM('')
SURFACE()
);
#3663=ORIENTED_EDGE('',*,*,#2024,.T.);
#3664=ORIENTED_EDGE('',*,*,#1484,.T.);
#3665=ORIENTED_EDGE('',*,*,#2640,.T.);
#3666=ORIENTED_EDGE('',*,*,#3641,.T.);
#3667=EDGE_LOOP('',(#3663,#3664,#3665,#3666));
#3668=FACE_BOUND('',#3667,.T.);
#3669=ADVANCED_FACE('',(#3668),#3662,.F.);
#3670=CARTESIAN_POINT('',(-0.494427191,-1.521690426,2.032019097));
#3671=CARTESIAN_POINT('',(-0.344553765,-1.570387254,1.897019097));
#3672=CARTESIAN_POINT('',(-0.188059836,-1.588909531,1.762019097));
#3673=CARTESIAN_POINT('',(-0.031565906,-1.607431808,1.627019097));
#3674=CARTESIAN_POINT('',(0.125534553,-1.595067734,1.492019097));
#3675=CARTESIAN_POINT('',(0.160398508,-1.592323881,1.462059707));
#3676=CARTESIAN_POINT('',(0.195109278,-1.588059309,1.432));
#3677=CARTESIAN_POINT('',(-0.467239598,-1.438015617,2.032000002));
#3678=CARTESIAN_POINT('',(-0.325607421,-1.484034701,1.897000002));
#3679=CARTESIAN_POINT('',(-0.17771879,-1.501538474,1.762000002));
#3680=CARTESIAN_POINT('',(-0.029830158,-1.519042247,1.627000002));
#3681=CARTESIAN_POINT('',(0.118631651,-1.507358049,1.492000002));
#3682=CARTESIAN_POINT('',(0.151578505,-1.504765075,1.462040612));
#3683=CARTESIAN_POINT('',(0.184380597,-1.500735004,1.431980905));
#3684=(BOUNDED_SURFACE()
B_SPLINE_SURFACE(1,2,((#3670,#3671,#3672,#3673,#3674,#3675,#3676),(#3677,#3678,#3679,#3680,#3681,#3682,#3683)),.UNSPECIFIED.,.F.,.F.,.U.)
B_SPLINE_SURFACE_WITH_KNOTS((2,2),(3,2,2,3),(0.853365162,1.),(0.,0.25,0.5,0.555689),.UNSPECIFIED.)
GEOMETRIC_REPRESENTATION_ITEM()
RATIONAL_B_SPLINE_SURFACE(((1.,0.995184727,1.,0.995184727,1.,0.998927369,0.998332608),(1.,0.995184727,1.,0.995184727,1.,0.998927369,0.998332608)))
REPRESENTATION_ITEM('')
SURFACE()
);
#3685=ORIENTED_EDGE('',*,*,#2014,.T.);
#3686=CARTESIAN_POINT('',(-0.467239598,-1.438015617,2.032000002));
#3687=CARTESIAN_POINT('',(-0.325607421,-1.484034701,1.897000002));
#3688=CARTESIAN_POINT('',(-0.17771879,-1.501538474,1.762000002));
#3689=CARTESIAN_POINT('',(-0.029830158,-1.519042247,1.627000002));
#3690=CARTESIAN_POINT('',(0.118631651,-1.507358049,1.492000002));
#3691=CARTESIAN_POINT('',(0.151568035,-1.504765899,1.462050132));
#3692=CARTESIAN_POINT('',(0.184359759,-1.500737564,1.432));
#3693=(BOUNDED_CURVE()
B_SPLINE_CURVE(2,(#3686,#3687,#3688,#3689,#3690,#3691,#3692),.UNSPECIFIED.,.F.,.F.)
B_SPLINE_CURVE_WITH_KNOTS((3,2,2,3),(0.,0.25,0.5,0.555671322),.UNSPECIFIED.)
CURVE()
GEOMETRIC_REPRESENTATION_ITEM()
RATIONAL_B_SPLINE_CURVE((1.,0.995184727,1.,0.995184727,1.,0.998927709,0.998332986))
REPRESENTATION_ITEM(''));
#3694=EDGE_CURVE('',#2644,#1992,#3693,.T.);
#3695=ORIENTED_EDGE('',*,*,#3694,.F.);
#3696=ORIENTED_EDGE('',*,*,#2650,.T.);
#3697=ORIENTED_EDGE('',*,*,#1463,.T.);
#3698=EDGE_LOOP('',(#3685,#3695,#3696,#3697));
#3699=FACE_BOUND('',#3698,.T.);
#3700=ADVANCED_FACE('',(#3699),#3684,.F.);
#3701=CARTESIAN_POINT('',(-0.467239598,-1.438015617,2.032000002));
#3702=CARTESIAN_POINT('',(-0.325607421,-1.484034701,1.897000002));
#3703=CARTESIAN_POINT('',(-0.17771879,-1.501538474,1.762000002));
#3704=CARTESIAN_POINT('',(-0.029830158,-1.519042247,1.627000002));
#3705=CARTESIAN_POINT('',(0.118631651,-1.507358049,1.492000002));
#3706=CARTESIAN_POINT('',(0.24826001,-1.497156076,1.374125726));
#3707=CARTESIAN_POINT('',(0.374243314,-1.464972252,1.256000003));
#3708=CARTESIAN_POINT('',(-0.451309332,-1.3889873,2.031988813));
#3709=CARTESIAN_POINT('',(-0.314506023,-1.43343739,1.896988813));
#3710=CARTESIAN_POINT('',(-0.17165957,-1.450344382,1.761988813));
#3711=CARTESIAN_POINT('',(-0.028813116,-1.467251374,1.626988813));
#3712=CARTESIAN_POINT('',(0.114586973,-1.455965542,1.491988813));
#3713=CARTESIAN_POINT('',(0.239795727,-1.446111399,1.374114537));
#3714=CARTESIAN_POINT('',(0.361483703,-1.415024864,1.255988814));
#3715=CARTESIAN_POINT('',(-0.440042793,-1.354312461,2.068434252));
#3716=CARTESIAN_POINT('',(-0.306654659,-1.397652893,1.933434252));
#3717=CARTESIAN_POINT('',(-0.16737424,-1.414137817,1.798434252));
#3718=CARTESIAN_POINT('',(-0.028093822,-1.430622741,1.663434252));
#3719=CARTESIAN_POINT('',(0.111726411,-1.41961865,1.528434252));
#3720=CARTESIAN_POINT('',(0.233809439,-1.410010507,1.410559976));
#3721=CARTESIAN_POINT('',(0.352459582,-1.37970002,1.292434252));
#3722=CARTESIAN_POINT('',(-0.4400402,-1.35430448,2.119985675));
#3723=CARTESIAN_POINT('',(-0.306652852,-1.397644657,1.984985675));
#3724=CARTESIAN_POINT('',(-0.167373254,-1.414129484,1.849985675));
#3725=CARTESIAN_POINT('',(-0.028093657,-1.430614311,1.714985675));
#3726=CARTESIAN_POINT('',(0.111725752,-1.419610284,1.579985675));
#3727=CARTESIAN_POINT('',(0.233808061,-1.410002198,1.462111399));
#3728=CARTESIAN_POINT('',(0.352457505,-1.37969189,1.343985676));
#3729=CARTESIAN_POINT('',(-0.440037607,-1.3542965,2.171537099));
#3730=CARTESIAN_POINT('',(-0.306651044,-1.397636421,2.036537099));
#3731=CARTESIAN_POINT('',(-0.167372268,-1.414121151,1.901537099));
#3732=CARTESIAN_POINT('',(-0.028093491,-1.43060588,1.766537099));
#3733=CARTESIAN_POINT('',(0.111725094,-1.419601919,1.631537099));
#3734=CARTESIAN_POINT('',(0.233806683,-1.409993889,1.513662823));
#3735=CARTESIAN_POINT('',(0.352455428,-1.379683759,1.395537099));
#3736=CARTESIAN_POINT('',(-0.451300478,-1.388960052,2.207994405));
#3737=CARTESIAN_POINT('',(-0.314499854,-1.43340927,2.072994405));
#3738=CARTESIAN_POINT('',(-0.171656202,-1.45031593,1.937994405));
#3739=CARTESIAN_POINT('',(-0.028812551,-1.46722259,1.802994405));
#3740=CARTESIAN_POINT('',(0.114584725,-1.45593698,1.667994405));
#3741=CARTESIAN_POINT('',(0.239791023,-1.446083031,1.550120129));
#3742=CARTESIAN_POINT('',(0.361476612,-1.414997105,1.431994405));
#3743=CARTESIAN_POINT('',(-0.467230744,-1.43798837,2.207999999));
#3744=CARTESIAN_POINT('',(-0.325601252,-1.484006582,2.072999999));
#3745=CARTESIAN_POINT('',(-0.177715422,-1.501510023,1.937999999));
#3746=CARTESIAN_POINT('',(-0.029829593,-1.519013464,1.802999999));
#3747=CARTESIAN_POINT('',(0.118629403,-1.507329488,1.667999999));
#3748=CARTESIAN_POINT('',(0.248255306,-1.497127708,1.550125723));
#3749=CARTESIAN_POINT('',(0.374236223,-1.464944494,1.432));
#3750=(BOUNDED_SURFACE()
B_SPLINE_SURFACE(3,2,((#3701,#3702,#3703,#3704,#3705,#3706,#3707),(#3708,#3709,#3710,#3711,#3712,#3713,#3714),(#3715,#3716,#3717,#3718,#3719,#3720,#3721),(#3722,#3723,#3724,#3725,#3726,#3727,#3728),(#3729,#3730,#3731,#3732,#3733,#3734,#3735),(#3736,#3737,#3738,#3739,#3740,#3741,#3742),(#3743,#3744,#3745,#3746,#3747,#3748,#3749)),.UNSPECIFIED.,.F.,.F.,.U.)
B_SPLINE_SURFACE_WITH_KNOTS((4,3,4),(3,2,2,3),(0.,0.5,0.999999999),(0.,0.25,0.5,0.718419119),.UNSPECIFIED.)
GEOMETRIC_REPRESENTATION_ITEM()
RATIONAL_B_SPLINE_SURFACE(((1.,0.995184727,1.,0.995184727,1.,0.995793009,0.998937116),(0.804725065,0.800850094,0.804725065,0.800850094,0.804725065,0.801339594,0.803869736),(0.804725065,0.800850094,0.804725065,0.800850094,0.804725065,0.801339594,0.803869736),(1.,0.995184727,1.,0.995184727,1.,0.995793009,0.998937116),(0.804725065,0.800850094,0.804725065,0.800850094,0.804725065,0.801339594,0.803869736),(0.804725065,0.800850094,0.804725065,0.800850094,0.804725065,0.801339594,0.803869736),(0.999999998,0.995184725,0.999999998,0.995184725,0.999999998,0.995793007,0.998937114)))
REPRESENTATION_ITEM('')
SURFACE()
);
#3751=ORIENTED_EDGE('',*,*,#2007,.T.);
#3752=CARTESIAN_POINT('',(-0.279926354,-1.485852065,2.032));
#3753=CARTESIAN_POINT('',(-0.229088752,-1.495429589,1.984896984));
#3754=CARTESIAN_POINT('',(-0.177715423,-1.501510023,1.937999999));
#3755=CARTESIAN_POINT('',(-0.029829593,-1.519013465,1.802999999));
#3756=CARTESIAN_POINT('',(0.118629403,-1.507329488,1.667999999));
#3757=CARTESIAN_POINT('',(0.248255306,-1.497127709,1.550125723));
#3758=CARTESIAN_POINT('',(0.374236223,-1.464944494,1.432));
#3759=(BOUNDED_CURVE()
B_SPLINE_CURVE(2,(#3752,#3753,#3754,#3755,#3756,#3757,#3758),.UNSPECIFIED.,.F.,.F.)
B_SPLINE_CURVE_WITH_KNOTS((3,2,2,3),(0.162879955,0.25,0.5,0.718419119),.UNSPECIFIED.)
CURVE()
GEOMETRIC_REPRESENTATION_ITEM()
RATIONAL_B_SPLINE_CURVE((0.997813464,0.998321973,1.,0.995184727,1.,0.995793009,0.998937116))
REPRESENTATION_ITEM(''));
#3760=EDGE_CURVE('',#2653,#1983,#3759,.T.);
#3761=ORIENTED_EDGE('',*,*,#3760,.F.);
#3762=ORIENTED_EDGE('',*,*,#2668,.T.);
#3763=ORIENTED_EDGE('',*,*,#3694,.T.);
#3764=EDGE_LOOP('',(#3751,#3761,#3762,#3763));
#3765=FACE_BOUND('',#3764,.T.);
#3766=ADVANCED_FACE('',(#3765),#3750,.F.);
#3767=CARTESIAN_POINT('',(-0.279903836,-1.485856307,2.031979137));
#3768=CARTESIAN_POINT('',(-0.229077361,-1.495430937,1.984886587));
#3769=CARTESIAN_POINT('',(-0.177715423,-1.501510023,1.938));
#3770=CARTESIAN_POINT('',(-0.029829593,-1.519013465,1.803));
#3771=CARTESIAN_POINT('',(0.118629403,-1.507329488,1.668));
#3772=CARTESIAN_POINT('',(0.248255305,-1.497127709,1.550125725));
#3773=CARTESIAN_POINT('',(0.374236221,-1.464944495,1.432000002));
#3774=CARTESIAN_POINT('',(-0.296196406,-1.572344648,2.031998238));
#3775=CARTESIAN_POINT('',(-0.242411437,-1.582476596,1.984905688));
#3776=CARTESIAN_POINT('',(-0.188059836,-1.588909532,1.938019101));
#3777=CARTESIAN_POINT('',(-0.031565906,-1.60743181,1.803019101));
#3778=CARTESIAN_POINT('',(0.125534553,-1.595067735,1.668019101));
#3779=CARTESIAN_POINT('',(0.262705686,-1.584272133,1.550144826));
#3780=CARTESIAN_POINT('',(0.396019667,-1.550215607,1.432019104));
#3781=(BOUNDED_SURFACE()
B_SPLINE_SURFACE(1,2,((#3767,#3768,#3769,#3770,#3771,#3772,#3773),(#3774,#3775,#3776,#3777,#3778,#3779,#3780)),.UNSPECIFIED.,.F.,.F.,.U.)
B_SPLINE_SURFACE_WITH_KNOTS((2,2),(3,2,2,3),(0.000015916,0.146698504),(0.16289924,0.25,0.5,0.718419117),.UNSPECIFIED.)
GEOMETRIC_REPRESENTATION_ITEM()
RATIONAL_B_SPLINE_SURFACE(((0.997813689,0.998322344,1.,0.995184727,1.,0.995793009,0.998937116),(0.997813689,0.998322344,1.,0.995184727,1.,0.995793009,0.998937116)))
REPRESENTATION_ITEM('')
SURFACE()
);
#3782=ORIENTED_EDGE('',*,*,#1989,.T.);
#3783=ORIENTED_EDGE('',*,*,#1434,.T.);
#3784=ORIENTED_EDGE('',*,*,#2675,.T.);
#3785=ORIENTED_EDGE('',*,*,#3760,.T.);
#3786=EDGE_LOOP('',(#3782,#3783,#3784,#3785));
#3787=FACE_BOUND('',#3786,.T.);
#3788=ADVANCED_FACE('',(#3787),#3781,.F.);
#3789=CARTESIAN_POINT('',(0.494427191,-1.521690426,2.032019097));
#3790=CARTESIAN_POINT('',(0.644300617,-1.472993598,1.897019097));
#3791=CARTESIAN_POINT('',(0.781793986,-1.395993611,1.762019097));
#3792=CARTESIAN_POINT('',(0.919287356,-1.318993624,1.627019097));
#3793=CARTESIAN_POINT('',(1.039116877,-1.216649545,1.492019097));
#3794=CARTESIAN_POINT('',(1.065709613,-1.193937203,1.462059707));
#3795=CARTESIAN_POINT('',(1.091284563,-1.170084613,1.432));
#3796=CARTESIAN_POINT('',(0.467239598,-1.438015617,2.032000002));
#3797=CARTESIAN_POINT('',(0.608871774,-1.391996534,1.897000002));
#3798=CARTESIAN_POINT('',(0.738804649,-1.319230627,1.762000002));
#3799=CARTESIAN_POINT('',(0.868737525,-1.24646472,1.627000002));
#3800=CARTESIAN_POINT('',(0.981977853,-1.149748343,1.492000002));
#3801=CARTESIAN_POINT('',(1.007108306,-1.128284909,1.462040612));
#3802=CARTESIAN_POINT('',(1.031276939,-1.105743927,1.431980905));
#3803=(BOUNDED_SURFACE()
B_SPLINE_SURFACE(1,2,((#3789,#3790,#3791,#3792,#3793,#3794,#3795),(#3796,#3797,#3798,#3799,#3800,#3801,#3802)),.UNSPECIFIED.,.F.,.F.,.U.)
B_SPLINE_SURFACE_WITH_KNOTS((2,2),(3,2,2,3),(0.853365162,1.),(0.,0.25,0.5,0.555689),.UNSPECIFIED.)
GEOMETRIC_REPRESENTATION_ITEM()
RATIONAL_B_SPLINE_SURFACE(((1.,0.995184727,1.,0.995184727,1.,0.998927369,0.998332608),(1.,0.995184727,1.,0.995184727,1.,0.998927369,0.998332608)))
REPRESENTATION_ITEM('')
SURFACE()
);
#3804=ORIENTED_EDGE('',*,*,#1979,.T.);
#3805=CARTESIAN_POINT('',(0.467239598,-1.438015617,2.032000002));
#3806=CARTESIAN_POINT('',(0.608871774,-1.391996534,1.897000002));
#3807=CARTESIAN_POINT('',(0.738804649,-1.319230627,1.762000002));
#3808=CARTESIAN_POINT('',(0.868737525,-1.24646472,1.627000002));
#3809=CARTESIAN_POINT('',(0.981977853,-1.149748343,1.492000002));
#3810=CARTESIAN_POINT('',(1.00710032,-1.128291729,1.462050132));
#3811=CARTESIAN_POINT('',(1.031261586,-1.105758246,1.432));
#3812=(BOUNDED_CURVE()
B_SPLINE_CURVE(2,(#3805,#3806,#3807,#3808,#3809,#3810,#3811),.UNSPECIFIED.,.F.,.F.)
B_SPLINE_CURVE_WITH_KNOTS((3,2,2,3),(0.,0.25,0.5,0.555671322),.UNSPECIFIED.)
CURVE()
GEOMETRIC_REPRESENTATION_ITEM()
RATIONAL_B_SPLINE_CURVE((1.,0.995184727,1.,0.995184727,1.,0.998927709,0.998332986))
REPRESENTATION_ITEM(''));
#3813=EDGE_CURVE('',#2679,#1957,#3812,.T.);
#3814=ORIENTED_EDGE('',*,*,#3813,.F.);
#3815=ORIENTED_EDGE('',*,*,#2685,.T.);
#3816=ORIENTED_EDGE('',*,*,#1413,.T.);
#3817=EDGE_LOOP('',(#3804,#3814,#3815,#3816));
#3818=FACE_BOUND('',#3817,.T.);
#3819=ADVANCED_FACE('',(#3818),#3803,.F.);
#3820=CARTESIAN_POINT('',(0.467239598,-1.438015617,2.032000002));
#3821=CARTESIAN_POINT('',(0.608871774,-1.391996534,1.897000002));
#3822=CARTESIAN_POINT('',(0.738804649,-1.319230627,1.762000002));
#3823=CARTESIAN_POINT('',(0.868737525,-1.24646472,1.627000002));
#3824=CARTESIAN_POINT('',(0.981977853,-1.149748343,1.492000002));
#3825=CARTESIAN_POINT('',(1.080852829,-1.065301136,1.374125726));
#3826=CARTESIAN_POINT('',(1.163858286,-0.965212747,1.256000003));
#3827=CARTESIAN_POINT('',(0.451309332,-1.3889873,2.031988813));
#3828=CARTESIAN_POINT('',(0.58811264,-1.344537211,1.896988813));
#3829=CARTESIAN_POINT('',(0.713615529,-1.274252216,1.761988813));
#3830=CARTESIAN_POINT('',(0.839118418,-1.203967221,1.626988813));
#3831=CARTESIAN_POINT('',(0.948497882,-1.110548334,1.491988813));
#3832=CARTESIAN_POINT('',(1.044001772,-1.028980306,1.374114537));
#3833=CARTESIAN_POINT('',(1.124177206,-0.932304373,1.255988814));
#3834=CARTESIAN_POINT('',(0.440042793,-1.354312461,2.068434252));
#3835=CARTESIAN_POINT('',(0.573430928,-1.310972029,1.933434252));
#3836=CARTESIAN_POINT('',(0.695800749,-1.242441637,1.798434252));
#3837=CARTESIAN_POINT('',(0.818170569,-1.173911244,1.663434252));
#3838=CARTESIAN_POINT('',(0.924819471,-1.082824477,1.528434252));
#3839=CARTESIAN_POINT('',(1.017939191,-1.003292723,1.410559976));
#3840=CARTESIAN_POINT('',(1.096113116,-0.909030219,1.292434252));
#3841=CARTESIAN_POINT('',(0.4400402,-1.35430448,2.119985675));
#3842=CARTESIAN_POINT('',(0.573427549,-1.310964303,1.984985675));
#3843=CARTESIAN_POINT('',(0.695796648,-1.242434315,1.849985675));
#3844=CARTESIAN_POINT('',(0.818165748,-1.173904327,1.714985675));
#3845=CARTESIAN_POINT('',(0.924814022,-1.082818096,1.579985675));
#3846=CARTESIAN_POINT('',(1.017933193,-1.00328681,1.462111399));
#3847=CARTESIAN_POINT('',(1.096106657,-0.909024862,1.343985676));
#3848=CARTESIAN_POINT('',(0.440037607,-1.3542965,2.171537099));
#3849=CARTESIAN_POINT('',(0.57342417,-1.310956578,2.036537099));
#3850=CARTESIAN_POINT('',(0.695792548,-1.242426994,1.901537099));
#3851=CARTESIAN_POINT('',(0.818160926,-1.173897409,1.766537099));
#3852=CARTESIAN_POINT('',(0.924808572,-1.082811715,1.631537099));
#3853=CARTESIAN_POINT('',(1.017927194,-1.003280898,1.513662823));
#3854=CARTESIAN_POINT('',(1.096100198,-0.909019505,1.395537099));
#3855=CARTESIAN_POINT('',(0.451300478,-1.388960052,2.207994405));
#3856=CARTESIAN_POINT('',(0.588101103,-1.344510835,2.072994405));
#3857=CARTESIAN_POINT('',(0.71360153,-1.274227219,1.937994405));
#3858=CARTESIAN_POINT('',(0.839101957,-1.203943603,1.802994405));
#3859=CARTESIAN_POINT('',(0.948479275,-1.110526548,1.667994405));
#3860=CARTESIAN_POINT('',(1.043981292,-1.02896012,1.550120129));
#3861=CARTESIAN_POINT('',(1.124155153,-0.932286084,1.431994405));
#3862=CARTESIAN_POINT('',(0.467230744,-1.43798837,2.207999999));
#3863=CARTESIAN_POINT('',(0.608860237,-1.391970158,2.072999999));
#3864=CARTESIAN_POINT('',(0.738790651,-1.31920563,1.937999999));
#3865=CARTESIAN_POINT('',(0.868721065,-1.246441102,1.802999999));
#3866=CARTESIAN_POINT('',(0.981959247,-1.149726558,1.667999999));
#3867=CARTESIAN_POINT('',(1.080832349,-1.065280951,1.550125723));
#3868=CARTESIAN_POINT('',(1.163836233,-0.965194459,1.432));
#3869=(BOUNDED_SURFACE()
B_SPLINE_SURFACE(3,2,((#3820,#3821,#3822,#3823,#3824,#3825,#3826),(#3827,#3828,#3829,#3830,#3831,#3832,#3833),(#3834,#3835,#3836,#3837,#3838,#3839,#3840),(#3841,#3842,#3843,#3844,#3845,#3846,#3847),(#3848,#3849,#3850,#3851,#3852,#3853,#3854),(#3855,#3856,#3857,#3858,#3859,#3860,#3861),(#3862,#3863,#3864,#3865,#3866,#3867,#3868)),.UNSPECIFIED.,.F.,.F.,.U.)
B_SPLINE_SURFACE_WITH_KNOTS((4,3,4),(3,2,2,3),(0.,0.5,0.999999999),(0.,0.25,0.5,0.718419119),.UNSPECIFIED.)
GEOMETRIC_REPRESENTATION_ITEM()
RATIONAL_B_SPLINE_SURFACE(((1.,0.995184727,1.,0.995184727,1.,0.995793009,0.998937116),(0.804725065,0.800850094,0.804725065,0.800850094,0.804725065,0.801339594,0.803869736),(0.804725065,0.800850094,0.804725065,0.800850094,0.804725065,0.801339594,0.803869736),(1.,0.995184727,1.,0.995184727,1.,0.995793009,0.998937116),(0.804725065,0.800850094,0.804725065,0.800850094,0.804725065,0.801339594,0.803869736),(0.804725065,0.800850094,0.804725065,0.800850094,0.804725065,0.801339594,0.803869736),(0.999999998,0.995184725,0.999999998,0.995184725,0.999999998,0.995793007,0.998937114)))
REPRESENTATION_ITEM('')
SURFACE()
);
#3870=ORIENTED_EDGE('',*,*,#1972,.T.);
#3871=CARTESIAN_POINT('',(0.646896753,-1.366616154,2.032));
#3872=CARTESIAN_POINT('',(0.693654765,-1.344482942,1.984896984));
#3873=CARTESIAN_POINT('',(0.738790651,-1.319205631,1.937999999));
#3874=CARTESIAN_POINT('',(0.868721065,-1.246441103,1.802999999));
#3875=CARTESIAN_POINT('',(0.981959247,-1.149726558,1.667999999));
#3876=CARTESIAN_POINT('',(1.080832349,-1.065280952,1.550125723));
#3877=CARTESIAN_POINT('',(1.163836233,-0.965194459,1.432));
#3878=(BOUNDED_CURVE()
B_SPLINE_CURVE(2,(#3871,#3872,#3873,#3874,#3875,#3876,#3877),.UNSPECIFIED.,.F.,.F.)
B_SPLINE_CURVE_WITH_KNOTS((3,2,2,3),(0.162879955,0.25,0.5,0.718419119),.UNSPECIFIED.)
CURVE()
GEOMETRIC_REPRESENTATION_ITEM()
RATIONAL_B_SPLINE_CURVE((0.997813464,0.998321973,1.,0.995184727,1.,0.995793009,0.998937116))
REPRESENTATION_ITEM(''));
#3879=EDGE_CURVE('',#2688,#1948,#3878,.T.);
#3880=ORIENTED_EDGE('',*,*,#3879,.F.);
#3881=ORIENTED_EDGE('',*,*,#2703,.T.);
#3882=ORIENTED_EDGE('',*,*,#3813,.T.);
#3883=EDGE_LOOP('',(#3870,#3880,#3881,#3882));
#3884=FACE_BOUND('',#3883,.T.);
#3885=ADVANCED_FACE('',(#3884),#3869,.F.);
#3886=CARTESIAN_POINT('',(0.646917464,-1.36660635,2.031979137));
#3887=CARTESIAN_POINT('',(0.693664772,-1.344477337,1.984886587));
#3888=CARTESIAN_POINT('',(0.738790651,-1.319205631,1.938));
#3889=CARTESIAN_POINT('',(0.868721065,-1.246441103,1.803));
#3890=CARTESIAN_POINT('',(0.981959247,-1.149726558,1.668));
#3891=CARTESIAN_POINT('',(1.080832348,-1.065280952,1.550125725));
#3892=CARTESIAN_POINT('',(1.163836232,-0.96519446,1.432000002));
#3893=CARTESIAN_POINT('',(0.684573069,-1.446153421,2.031998238));
#3894=CARTESIAN_POINT('',(0.734041433,-1.422736328,1.984905688));
#3895=CARTESIAN_POINT('',(0.781793987,-1.395993612,1.938019101));
#3896=CARTESIAN_POINT('',(0.919287357,-1.318993625,1.803019101));
#3897=CARTESIAN_POINT('',(1.039116878,-1.216649546,1.668019101));
#3898=CARTESIAN_POINT('',(1.14374516,-1.127288552,1.550144826));
#3899=CARTESIAN_POINT('',(1.231580512,-1.021376251,1.432019104));
#3900=(BOUNDED_SURFACE()
B_SPLINE_SURFACE(1,2,((#3886,#3887,#3888,#3889,#3890,#3891,#3892),(#3893,#3894,#3895,#3896,#3897,#3898,#3899)),.UNSPECIFIED.,.F.,.F.,.U.)
B_SPLINE_SURFACE_WITH_KNOTS((2,2),(3,2,2,3),(0.000015916,0.146698504),(0.16289924,0.25,0.5,0.718419117),.UNSPECIFIED.)
GEOMETRIC_REPRESENTATION_ITEM()
RATIONAL_B_SPLINE_SURFACE(((0.997813689,0.998322344,1.,0.995184727,1.,0.995793009,0.998937116),(0.997813689,0.998322344,1.,0.995184727,1.,0.995793009,0.998937116)))
REPRESENTATION_ITEM('')
SURFACE()
);
#3901=ORIENTED_EDGE('',*,*,#1954,.T.);
#3902=ORIENTED_EDGE('',*,*,#1384,.T.);
#3903=ORIENTED_EDGE('',*,*,#2710,.T.);
#3904=ORIENTED_EDGE('',*,*,#3879,.T.);
#3905=EDGE_LOOP('',(#3901,#3902,#3903,#3904));
#3906=FACE_BOUND('',#3905,.T.);
#3907=ADVANCED_FACE('',(#3906),#3900,.F.);
#3908=CARTESIAN_POINT('',(1.294427191,-0.940456404,2.032019097));
#3909=CARTESIAN_POINT('',(1.387054062,-0.812966453,1.897019097));
#3910=CARTESIAN_POINT('',(1.453029078,-0.66985558,1.762019097));
#3911=CARTESIAN_POINT('',(1.519004094,-0.526744707,1.627019097));
#3912=CARTESIAN_POINT('',(1.555791873,-0.373512582,1.492019097));
#3913=CARTESIAN_POINT('',(1.563955868,-0.339507093,1.462059707));
#3914=CARTESIAN_POINT('',(1.570626237,-0.305177364,1.432));
#3915=CARTESIAN_POINT('',(1.223249147,-0.888742528,2.032000002));
#3916=CARTESIAN_POINT('',(1.310782646,-0.768263003,1.897000002));
#3917=CARTESIAN_POINT('',(1.373129824,-0.633021519,1.762000002));
#3918=CARTESIAN_POINT('',(1.435477002,-0.497780036,1.627000002));
#3919=CARTESIAN_POINT('',(1.470241891,-0.352973849,1.492000002));
#3920=CARTESIAN_POINT('',(1.477956965,-0.320838256,1.462040612));
#3921=CARTESIAN_POINT('',(1.484260543,-0.288396252,1.431980905));
#3922=(BOUNDED_SURFACE()
B_SPLINE_SURFACE(1,2,((#3908,#3909,#3910,#3911,#3912,#3913,#3914),(#3915,#3916,#3917,#3918,#3919,#3920,#3921)),.UNSPECIFIED.,.F.,.F.,.U.)
B_SPLINE_SURFACE_WITH_KNOTS((2,2),(3,2,2,3),(0.853365162,1.),(0.,0.25,0.5,0.555689),.UNSPECIFIED.)
GEOMETRIC_REPRESENTATION_ITEM()
RATIONAL_B_SPLINE_SURFACE(((1.,0.995184727,1.,0.995184727,1.,0.998927369,0.998332608),(1.,0.995184727,1.,0.995184727,1.,0.998927369,0.998332608)))
REPRESENTATION_ITEM('')
SURFACE()
);
#3923=ORIENTED_EDGE('',*,*,#1944,.T.);
#3924=CARTESIAN_POINT('',(1.223249147,-0.888742528,2.032000002));
#3925=CARTESIAN_POINT('',(1.310782646,-0.768263003,1.897000002));
#3926=CARTESIAN_POINT('',(1.373129824,-0.633021519,1.762000002));
#3927=CARTESIAN_POINT('',(1.435477002,-0.497780036,1.627000002));
#3928=CARTESIAN_POINT('',(1.470241891,-0.352973849,1.492000002));
#3929=CARTESIAN_POINT('',(1.477954513,-0.320848468,1.462050132));
#3930=CARTESIAN_POINT('',(1.484256538,-0.288416861,1.432));
#3931=(BOUNDED_CURVE()
B_SPLINE_CURVE(2,(#3924,#3925,#3926,#3927,#3928,#3929,#3930),.UNSPECIFIED.,.F.,.F.)
B_SPLINE_CURVE_WITH_KNOTS((3,2,2,3),(0.,0.25,0.5,0.555671322),.UNSPECIFIED.)
CURVE()
GEOMETRIC_REPRESENTATION_ITEM()
RATIONAL_B_SPLINE_CURVE((1.,0.995184727,1.,0.995184727,1.,0.998927709,0.998332986))
REPRESENTATION_ITEM(''));
#3932=EDGE_CURVE('',#2356,#1938,#3931,.T.);
#3933=ORIENTED_EDGE('',*,*,#3932,.F.);
#3934=ORIENTED_EDGE('',*,*,#2362,.T.);
#3935=ORIENTED_EDGE('',*,*,#1363,.T.);
#3936=EDGE_LOOP('',(#3923,#3933,#3934,#3935));
#3937=FACE_BOUND('',#3936,.T.);
#3938=ADVANCED_FACE('',(#3937),#3922,.F.);
#3939=CARTESIAN_POINT('',(1.223249147,-0.888742528,2.032000002));
#3940=CARTESIAN_POINT('',(1.310782646,-0.768263003,1.897000002));
#3941=CARTESIAN_POINT('',(1.373129824,-0.633021519,1.762000002));
#3942=CARTESIAN_POINT('',(1.435477002,-0.497780036,1.627000002));
#3943=CARTESIAN_POINT('',(1.470241891,-0.352973849,1.492000002));
#3944=CARTESIAN_POINT('',(1.500596604,-0.226537371,1.374125726));
#3945=CARTESIAN_POINT('',(1.50891895,-0.09677478,1.256000003));
#3946=CARTESIAN_POINT('',(1.18154317,-0.858441362,2.031988813));
#3947=CARTESIAN_POINT('',(1.266092264,-0.742069517,1.896988813));
#3948=CARTESIAN_POINT('',(1.326313751,-0.611439014,1.761988813));
#3949=CARTESIAN_POINT('',(1.386535237,-0.480808511,1.626988813));
#3950=CARTESIAN_POINT('',(1.420114838,-0.340939408,1.491988813));
#3951=CARTESIAN_POINT('',(1.449434624,-0.218813709,1.374114537));
#3952=CARTESIAN_POINT('',(1.457473225,-0.093475299,1.255988814));
#3953=CARTESIAN_POINT('',(1.15204699,-0.837011132,2.068434252));
#3954=CARTESIAN_POINT('',(1.234485391,-0.723544408,1.933434252));
#3955=CARTESIAN_POINT('',(1.293203501,-0.59617498,1.798434252));
#3956=CARTESIAN_POINT('',(1.351921612,-0.468805552,1.663434252));
#3957=CARTESIAN_POINT('',(1.384662927,-0.332428157,1.528434252));
#3958=CARTESIAN_POINT('',(1.413250771,-0.213351219,1.410559976));
#3959=CARTESIAN_POINT('',(1.421088695,-0.091141771,1.292434252));
#3960=CARTESIAN_POINT('',(1.152040201,-0.8370062,2.119985675));
#3961=CARTESIAN_POINT('',(1.234478116,-0.723540144,1.984985675));
#3962=CARTESIAN_POINT('',(1.293195881,-0.596171467,1.849985675));
#3963=CARTESIAN_POINT('',(1.351913645,-0.46880279,1.714985675));
#3964=CARTESIAN_POINT('',(1.384654768,-0.332426198,1.579985675));
#3965=CARTESIAN_POINT('',(1.413242443,-0.213349961,1.462111399));
#3966=CARTESIAN_POINT('',(1.421080321,-0.091141234,1.343985676));
#3967=CARTESIAN_POINT('',(1.152033412,-0.837001268,2.171537099));
#3968=CARTESIAN_POINT('',(1.234470842,-0.72353588,2.036537099));
#3969=CARTESIAN_POINT('',(1.29318826,-0.596167954,1.901537099));
#3970=CARTESIAN_POINT('',(1.351905678,-0.468800027,1.766537099));
#3971=CARTESIAN_POINT('',(1.384646608,-0.332424239,1.631537099));
#3972=CARTESIAN_POINT('',(1.413234115,-0.213348704,1.513662823));
#3973=CARTESIAN_POINT('',(1.421071947,-0.091140697,1.395537099));
#3974=CARTESIAN_POINT('',(1.181519991,-0.858424521,2.207994405));
#3975=CARTESIAN_POINT('',(1.266067427,-0.742054959,2.072994405));
#3976=CARTESIAN_POINT('',(1.326287732,-0.611427019,1.937994405));
#3977=CARTESIAN_POINT('',(1.386508038,-0.480799079,1.802994405));
#3978=CARTESIAN_POINT('',(1.42008698,-0.34093272,1.667994405));
#3979=CARTESIAN_POINT('',(1.449406191,-0.218809417,1.550120129));
#3980=CARTESIAN_POINT('',(1.457444634,-0.093473465,1.431994405));
#3981=CARTESIAN_POINT('',(1.223225969,-0.888725688,2.207999999));
#3982=CARTESIAN_POINT('',(1.31075781,-0.768248446,2.072999999));
#3983=CARTESIAN_POINT('',(1.373103806,-0.633009525,1.937999999));
#3984=CARTESIAN_POINT('',(1.435449802,-0.497770604,1.802999999));
#3985=CARTESIAN_POINT('',(1.470214033,-0.352967161,1.667999999));
#3986=CARTESIAN_POINT('',(1.500568171,-0.226533078,1.550125723));
#3987=CARTESIAN_POINT('',(1.50889036,-0.096772946,1.432));
#3988=(BOUNDED_SURFACE()
B_SPLINE_SURFACE(3,2,((#3939,#3940,#3941,#3942,#3943,#3944,#3945),(#3946,#3947,#3948,#3949,#3950,#3951,#3952),(#3953,#3954,#3955,#3956,#3957,#3958,#3959),(#3960,#3961,#3962,#3963,#3964,#3965,#3966),(#3967,#3968,#3969,#3970,#3971,#3972,#3973),(#3974,#3975,#3976,#3977,#3978,#3979,#3980),(#3981,#3982,#3983,#3984,#3985,#3986,#3987)),.UNSPECIFIED.,.F.,.F.,.U.)
B_SPLINE_SURFACE_WITH_KNOTS((4,3,4),(3,2,2,3),(0.,0.5,0.999999999),(0.,0.25,0.5,0.718419119),.UNSPECIFIED.)
GEOMETRIC_REPRESENTATION_ITEM()
RATIONAL_B_SPLINE_SURFACE(((1.,0.995184727,1.,0.995184727,1.,0.995793009,0.998937116),(0.804725065,0.800850094,0.804725065,0.800850094,0.804725065,0.801339594,0.803869736),(0.804725065,0.800850094,0.804725065,0.800850094,0.804725065,0.801339594,0.803869736),(1.,0.995184727,1.,0.995184727,1.,0.995793009,0.998937116),(0.804725065,0.800850094,0.804725065,0.800850094,0.804725065,0.801339594,0.803869736),(0.804725065,0.800850094,0.804725065,0.800850094,0.804725065,0.801339594,0.803869736),(0.999999998,0.995184725,0.999999998,0.995184725,0.999999998,0.995793007,0.998937114)))
REPRESENTATION_ITEM('')
SURFACE()
);
#3989=ORIENTED_EDGE('',*,*,#2304,.T.);
#3990=CARTESIAN_POINT('',(1.326627288,-0.725379322,2.032));
#3991=CARTESIAN_POINT('',(1.351445738,-0.679989508,1.984896984));
#3992=CARTESIAN_POINT('',(1.373103806,-0.633009525,1.937999999));
#3993=CARTESIAN_POINT('',(1.435449803,-0.497770604,1.802999999));
#3994=CARTESIAN_POINT('',(1.470214034,-0.352967161,1.667999999));
#3995=CARTESIAN_POINT('',(1.500568171,-0.226533079,1.550125723));
#3996=CARTESIAN_POINT('',(1.50889036,-0.096772946,1.432));
#3997=(BOUNDED_CURVE()
B_SPLINE_CURVE(2,(#3990,#3991,#3992,#3993,#3994,#3995,#3996),.UNSPECIFIED.,.F.,.F.)
B_SPLINE_CURVE_WITH_KNOTS((3,2,2,3),(0.162879955,0.25,0.5,0.718419119),.UNSPECIFIED.)
CURVE()
GEOMETRIC_REPRESENTATION_ITEM()
RATIONAL_B_SPLINE_CURVE((0.997813464,0.998321973,1.,0.995184727,1.,0.995793009,0.998937116))
REPRESENTATION_ITEM(''));
#3998=EDGE_CURVE('',#2365,#2282,#3997,.T.);
#3999=ORIENTED_EDGE('',*,*,#3998,.F.);
#4000=ORIENTED_EDGE('',*,*,#2380,.T.);
#4001=ORIENTED_EDGE('',*,*,#3932,.T.);
#4002=EDGE_LOOP('',(#3989,#3999,#4000,#4001));
#4003=FACE_BOUND('',#4002,.T.);
#4004=ADVANCED_FACE('',(#4003),#3988,.F.);
#4005=CARTESIAN_POINT('',(1.32664247,-0.725361507,2.031979138));
#4006=CARTESIAN_POINT('',(1.351454807,-0.679981238,1.984886588));
#4007=CARTESIAN_POINT('',(1.373108142,-0.633011524,1.938000001));
#4008=CARTESIAN_POINT('',(1.435454335,-0.497772176,1.803000001));
#4009=CARTESIAN_POINT('',(1.470218676,-0.352968275,1.668000001));
#4010=CARTESIAN_POINT('',(1.500572909,-0.226533795,1.550125726));
#4011=CARTESIAN_POINT('',(1.508895124,-0.096773255,1.432000004));
#4012=CARTESIAN_POINT('',(1.403858899,-0.767580739,2.031998238));
#4013=CARTESIAN_POINT('',(1.430115424,-0.719559138,1.984905688));
#4014=CARTESIAN_POINT('',(1.453029078,-0.66985558,1.938019101));
#4015=CARTESIAN_POINT('',(1.519004094,-0.526744707,1.803019101));
#4016=CARTESIAN_POINT('',(1.555791873,-0.373512582,1.668019101));
#4017=CARTESIAN_POINT('',(1.587912856,-0.239719059,1.550144827));
#4018=CARTESIAN_POINT('',(1.59671946,-0.102405884,1.432019105));
#4019=(BOUNDED_SURFACE()
B_SPLINE_SURFACE(1,2,((#4005,#4006,#4007,#4008,#4009,#4010,#4011),(#4012,#4013,#4014,#4015,#4016,#4017,#4018)),.UNSPECIFIED.,.F.,.F.,.U.)
B_SPLINE_SURFACE_WITH_KNOTS((2,2),(3,2,2,3),(0.000023873,0.146698502),(0.16289924,0.25,0.5,0.718419116),.UNSPECIFIED.)
GEOMETRIC_REPRESENTATION_ITEM()
RATIONAL_B_SPLINE_SURFACE(((0.997813689,0.998322344,1.,0.995184727,1.,0.995793009,0.998937116),(0.997813689,0.998322344,1.,0.995184727,1.,0.995793009,0.998937116)))
REPRESENTATION_ITEM('')
SURFACE()
);
#4020=ORIENTED_EDGE('',*,*,#2288,.T.);
#4021=CARTESIAN_POINT('',(1.596719631,-0.102403215,1.432016809));
#4022=CARTESIAN_POINT('',(1.58791317,-0.239717749,1.550143672));
#4023=CARTESIAN_POINT('',(1.555791873,-0.373512582,1.668019101));
#4024=CARTESIAN_POINT('',(1.519004094,-0.526744707,1.803019101));
#4025=CARTESIAN_POINT('',(1.453029078,-0.66985558,1.938019101));
#4026=CARTESIAN_POINT('',(1.430114137,-0.719561931,1.984908322));
#4027=CARTESIAN_POINT('',(1.403855952,-0.767586129,2.032003524));
#4028=(BOUNDED_CURVE()
B_SPLINE_CURVE(2,(#4021,#4022,#4023,#4024,#4025,#4026,#4027),.UNSPECIFIED.,.F.,.F.)
B_SPLINE_CURVE_WITH_KNOTS((3,2,2,3),(0.162894354,0.3813156,0.6313156,0.718421246),.UNSPECIFIED.)
CURVE()
GEOMETRIC_REPRESENTATION_ITEM()
RATIONAL_B_SPLINE_CURVE((0.998937177,0.995792968,1.,0.995184727,1.,0.99832225,0.997813632))
REPRESENTATION_ITEM(''));
#4029=EDGE_CURVE('',#2273,#2383,#4028,.T.);
#4030=ORIENTED_EDGE('',*,*,#4029,.T.);
#4031=ORIENTED_EDGE('',*,*,#2389,.T.);
#4032=ORIENTED_EDGE('',*,*,#3998,.T.);
#4033=EDGE_LOOP('',(#4020,#4030,#4031,#4032));
#4034=FACE_BOUND('',#4033,.T.);
#4035=ADVANCED_FACE('',(#4034),#4019,.F.);
#4036=CARTESIAN_POINT('',(0.,0.,0.));
#4037=DIRECTION('',(0.,0.,-1.));
#4038=DIRECTION('',(-1.,0.,0.));
#4039=AXIS2_PLACEMENT_3D('',#4036,#4037,#4038);
#4040=CONICAL_SURFACE('',#4039,1.,45.);
#4041=CARTESIAN_POINT('',(-0.8,-0.,0.2));
#4042=VERTEX_POINT('',#4041);
#4043=CARTESIAN_POINT('',(-1.,0.,0.));
#4044=DIRECTION('',(0.707106781,-0.,0.707106781));
#4045=VECTOR('',#4044,0.282842712);
#4046=LINE('',#4043,#4045);
#4047=EDGE_CURVE('',#1802,#4042,#4046,.T.);
#4048=ORIENTED_EDGE('',*,*,#4047,.F.);
#4049=ORIENTED_EDGE('',*,*,#1808,.F.);
#4050=ORIENTED_EDGE('',*,*,#4047,.T.);
#4051=CARTESIAN_POINT('',(0.8,0.,0.2));
#4052=VERTEX_POINT('',#4051);
#4053=CARTESIAN_POINT('',(0.,0.,0.2));
#4054=DIRECTION('',(0.,0.,-1.));
#4055=DIRECTION('',(-1.,0.,0.));
#4056=AXIS2_PLACEMENT_3D('',#4053,#4054,#4055);
#4057=CIRCLE('',#4056,0.8);
#4058=EDGE_CURVE('',#4052,#4042,#4057,.T.);
#4059=ORIENTED_EDGE('',*,*,#4058,.F.);
#4060=CARTESIAN_POINT('',(0.790024336,0.125942641,0.2));
#4061=VERTEX_POINT('',#4060);
#4062=CARTESIAN_POINT('',(0.,0.,0.2));
#4063=DIRECTION('',(0.,0.,-1.));
#4064=DIRECTION('',(-1.,0.,0.));
#4065=AXIS2_PLACEMENT_3D('',#4062,#4063,#4064);
#4066=CIRCLE('',#4065,0.8);
#4067=EDGE_CURVE('',#4061,#4052,#4066,.T.);
#4068=ORIENTED_EDGE('',*,*,#4067,.F.);
#4069=CARTESIAN_POINT('',(0.,0.,0.2));
#4070=DIRECTION('',(0.,0.,-1.));
#4071=DIRECTION('',(-1.,0.,0.));
#4072=AXIS2_PLACEMENT_3D('',#4069,#4070,#4071);
#4073=CIRCLE('',#4072,0.8);
#4074=EDGE_CURVE('',#4042,#4061,#4073,.T.);
#4075=ORIENTED_EDGE('',*,*,#4074,.F.);
#4076=EDGE_LOOP('',(#4048,#4049,#4050,#4059,#4068,#4075));
#4077=FACE_BOUND('',#4076,.T.);
#4078=ADVANCED_FACE('',(#4077),#4040,.F.);
#4079=CARTESIAN_POINT('',(0.,0.,1.832));
#4080=DIRECTION('',(0.,0.,1.));
#4081=DIRECTION('',(1.,0.,-0.));
#4082=AXIS2_PLACEMENT_3D('',#4079,#4080,#4081);
#4083=CONICAL_SURFACE('',#4082,0.8,45.);
#4084=CARTESIAN_POINT('',(1.,0.,2.032));
#4085=DIRECTION('',(-0.707106781,-0.,-0.707106781));
#4086=VECTOR('',#4085,0.282842712);
#4087=LINE('',#4084,#4086);
#4088=EDGE_CURVE('',#2345,#2732,#4087,.T.);
#4089=ORIENTED_EDGE('',*,*,#4088,.F.);
#4090=ORIENTED_EDGE('',*,*,#2351,.F.);
#4091=ORIENTED_EDGE('',*,*,#4088,.T.);
#4092=CARTESIAN_POINT('',(0.,0.,1.832));
#4093=DIRECTION('',(0.,0.,1.));
#4094=DIRECTION('',(1.,0.,-0.));
#4095=AXIS2_PLACEMENT_3D('',#4092,#4093,#4094);
#4096=CIRCLE('',#4095,0.8);
#4097=EDGE_CURVE('',#2740,#2732,#4096,.T.);
#4098=ORIENTED_EDGE('',*,*,#4097,.F.);
#4099=ORIENTED_EDGE('',*,*,#2746,.F.);
#4100=EDGE_LOOP('',(#4089,#4090,#4091,#4098,#4099));
#4101=FACE_BOUND('',#4100,.T.);
#4102=ADVANCED_FACE('',(#4101),#4083,.F.);
#4103=CARTESIAN_POINT('',(1.6,0.,1.1));
#4104=CARTESIAN_POINT('',(1.6,-0.157586245,0.9614));
#4105=CARTESIAN_POINT('',(1.569256449,-0.312144515,0.8228));
#4106=CARTESIAN_POINT('',(1.539229277,-0.463101303,0.687429626));
#4107=CARTESIAN_POINT('',(1.480976036,-0.605565835,0.552000027));
#4108=CARTESIAN_POINT('',(1.512,0.,1.1));
#4109=CARTESIAN_POINT('',(1.512,-0.148919002,0.9614));
#4110=CARTESIAN_POINT('',(1.482947344,-0.294976567,0.8228));
#4111=CARTESIAN_POINT('',(1.454571666,-0.437630732,0.687429626));
#4112=CARTESIAN_POINT('',(1.399522354,-0.572259714,0.552000027));
#4113=(BOUNDED_SURFACE()
B_SPLINE_SURFACE(1,2,((#4103,#4104,#4105,#4106,#4107),(#4108,#4109,#4110,#4111,#4112)),.UNSPECIFIED.,.F.,.F.,.U.)
B_SPLINE_SURFACE_WITH_KNOTS((2,2),(3,2,3),(0.853333333,1.),(0.,0.25,0.494201957),.UNSPECIFIED.)
GEOMETRIC_REPRESENTATION_ITEM()
RATIONAL_B_SPLINE_SURFACE(((1.,0.995184727,1.,0.995296403,0.999781827),(1.,0.995184727,1.,0.995296403,0.999781827)))
REPRESENTATION_ITEM('')
SURFACE()
);
#4114=ORIENTED_EDGE('',*,*,#199,.T.);
#4115=CARTESIAN_POINT('',(1.512,0.,1.1));
#4116=CARTESIAN_POINT('',(1.512,-0.148919002,0.9614));
#4117=CARTESIAN_POINT('',(1.482947344,-0.294976567,0.8228));
#4118=CARTESIAN_POINT('',(1.454571663,-0.437630746,0.687429612));
#4119=CARTESIAN_POINT('',(1.399522343,-0.572259742,0.552));
#4120=(BOUNDED_CURVE()
B_SPLINE_CURVE(2,(#4115,#4116,#4117,#4118,#4119),.UNSPECIFIED.,.F.,.F.)
B_SPLINE_CURVE_WITH_KNOTS((3,2,3),(0.,0.25,0.494201982),.UNSPECIFIED.)
CURVE()
GEOMETRIC_REPRESENTATION_ITEM()
RATIONAL_B_SPLINE_CURVE((1.,0.995184727,1.,0.995296403,0.999781828))
REPRESENTATION_ITEM(''));
#4121=EDGE_CURVE('',#176,#604,#4120,.T.);
#4122=ORIENTED_EDGE('',*,*,#4121,.T.);
#4123=ORIENTED_EDGE('',*,*,#610,.F.);
#4124=CARTESIAN_POINT('',(1.6,0.,1.1));
#4125=CARTESIAN_POINT('',(1.6,-0.157586245,0.9614));
#4126=CARTESIAN_POINT('',(1.569256449,-0.312144515,0.8228));
#4127=CARTESIAN_POINT('',(1.549026792,-0.413845868,0.731599397));
#4128=CARTESIAN_POINT('',(1.515839246,-0.512085325,0.640002289));
#4129=(BOUNDED_CURVE()
B_SPLINE_CURVE(2,(#4124,#4125,#4126,#4127,#4128),.UNSPECIFIED.,.F.,.F.)
B_SPLINE_CURVE_WITH_KNOTS((3,2,3),(0.,0.25,0.414774597),.UNSPECIFIED.)
CURVE()
GEOMETRIC_REPRESENTATION_ITEM()
RATIONAL_B_SPLINE_CURVE((1.,0.995184727,1.,0.996826261,0.997836135))
REPRESENTATION_ITEM(''));
#4130=EDGE_CURVE('',#194,#595,#4129,.T.);
#4131=ORIENTED_EDGE('',*,*,#4130,.F.);
#4132=EDGE_LOOP('',(#4114,#4122,#4123,#4131));
#4133=FACE_BOUND('',#4132,.T.);
#4134=ADVANCED_FACE('',(#4133),#4113,.T.);
#4135=CARTESIAN_POINT('',(1.512,0.,1.1));
#4136=CARTESIAN_POINT('',(1.512,-0.148919002,0.9614));
#4137=CARTESIAN_POINT('',(1.482947344,-0.294976567,0.8228));
#4138=CARTESIAN_POINT('',(1.453894688,-0.441034132,0.6842));
#4139=CARTESIAN_POINT('',(1.396905853,-0.57861735,0.5456));
#4140=CARTESIAN_POINT('',(1.354601595,-0.680748863,0.442713703));
#4141=CARTESIAN_POINT('',(1.297892395,-0.775641239,0.339447624));
#4142=CARTESIAN_POINT('',(1.336,0.,1.1));
#4143=CARTESIAN_POINT('',(1.336,-0.131584515,0.9614));
#4144=CARTESIAN_POINT('',(1.310329135,-0.26064067,0.8228));
#4145=CARTESIAN_POINT('',(1.284658269,-0.389696826,0.6842));
#4146=CARTESIAN_POINT('',(1.234303055,-0.511265066,0.5456));
#4147=CARTESIAN_POINT('',(1.196923103,-0.601508255,0.442713703));
#4148=CARTESIAN_POINT('',(1.146814973,-0.685354957,0.339447624));
#4149=CARTESIAN_POINT('',(1.336,0.,1.276));
#4150=CARTESIAN_POINT('',(1.336,-0.131584515,1.1374));
#4151=CARTESIAN_POINT('',(1.310329135,-0.26064067,0.9988));
#4152=CARTESIAN_POINT('',(1.284658269,-0.389696826,0.8602));
#4153=CARTESIAN_POINT('',(1.234303055,-0.511265066,0.7216));
#4154=CARTESIAN_POINT('',(1.196923103,-0.601508255,0.618713703));
#4155=CARTESIAN_POINT('',(1.146814973,-0.685354957,0.515447624));
#4156=CARTESIAN_POINT('',(1.512,0.,1.276));
#4157=CARTESIAN_POINT('',(1.512,-0.148919002,1.1374));
#4158=CARTESIAN_POINT('',(1.482947344,-0.294976567,0.9988));
#4159=CARTESIAN_POINT('',(1.453894688,-0.441034132,0.8602));
#4160=CARTESIAN_POINT('',(1.396905853,-0.57861735,0.7216));
#4161=CARTESIAN_POINT('',(1.354601595,-0.680748863,0.618713703));
#4162=CARTESIAN_POINT('',(1.297892395,-0.775641239,0.515447624));
#4163=(BOUNDED_SURFACE()
B_SPLINE_SURFACE(3,2,((#4135,#4136,#4137,#4138,#4139,#4140,#4141),(#4142,#4143,#4144,#4145,#4146,#4147,#4148),(#4149,#4150,#4151,#4152,#4153,#4154,#4155),(#4156,#4157,#4158,#4159,#4160,#4161,#4162)),.UNSPECIFIED.,.F.,.F.,.U.)
B_SPLINE_SURFACE_WITH_KNOTS((4,4),(3,2,2,3),(0.,1.),(0.,0.25,0.5,0.685811894),.UNSPECIFIED.)
GEOMETRIC_REPRESENTATION_ITEM()
RATIONAL_B_SPLINE_SURFACE(((1.,0.995184727,1.,0.995184727,1.,0.99642106,0.998162197),(0.333333333,0.331728242,0.333333333,0.331728242,0.333333333,0.332140353,0.332720732),(0.333333333,0.331728242,0.333333333,0.331728242,0.333333333,0.332140353,0.332720732),(1.,0.995184727,1.,0.995184727,1.,0.99642106,0.998162197)))
REPRESENTATION_ITEM('')
SURFACE()
);
#4164=CARTESIAN_POINT('',(1.500273096,-0.187948495,1.1));
#4165=CARTESIAN_POINT('',(1.493530126,-0.241773326,1.049286732));
#4166=CARTESIAN_POINT('',(1.482947344,-0.294976567,0.9988));
#4167=CARTESIAN_POINT('',(1.453894688,-0.441034132,0.8602));
#4168=CARTESIAN_POINT('',(1.396905853,-0.57861735,0.7216));
#4169=CARTESIAN_POINT('',(1.362118186,-0.662602207,0.636994469));
#4170=CARTESIAN_POINT('',(1.317518791,-0.741814151,0.552));
#4171=(BOUNDED_CURVE()
B_SPLINE_CURVE(2,(#4164,#4165,#4166,#4167,#4168,#4169,#4170),.UNSPECIFIED.,.F.,.F.)
B_SPLINE_CURVE_WITH_KNOTS((3,2,2,3),(0.158654836,0.25,0.5,0.652894192),.UNSPECIFIED.)
CURVE()
GEOMETRIC_REPRESENTATION_ITEM()
RATIONAL_B_SPLINE_CURVE((0.997766892,0.998240592,1.,0.995184727,1.,0.997055091,0.997712258))
REPRESENTATION_ITEM(''));
#4172=EDGE_CURVE('',#167,#613,#4171,.T.);
#4173=ORIENTED_EDGE('',*,*,#4172,.T.);
#4174=ORIENTED_EDGE('',*,*,#637,.F.);
#4175=ORIENTED_EDGE('',*,*,#4121,.F.);
#4176=ORIENTED_EDGE('',*,*,#191,.F.);
#4177=EDGE_LOOP('',(#4173,#4174,#4175,#4176));
#4178=FACE_BOUND('',#4177,.T.);
#4179=ADVANCED_FACE('',(#4178),#4163,.T.);
#4180=CARTESIAN_POINT('',(1.500273096,-0.187948495,1.1));
#4181=CARTESIAN_POINT('',(1.493530126,-0.241773326,1.049286732));
#4182=CARTESIAN_POINT('',(1.482947344,-0.294976567,0.9988));
#4183=CARTESIAN_POINT('',(1.453894688,-0.441034132,0.8602));
#4184=CARTESIAN_POINT('',(1.396905853,-0.57861735,0.7216));
#4185=CARTESIAN_POINT('',(1.362118186,-0.662602207,0.636994469));
#4186=CARTESIAN_POINT('',(1.317518791,-0.741814151,0.552));
#4187=CARTESIAN_POINT('',(1.587590578,-0.198887297,1.1));
#4188=CARTESIAN_POINT('',(1.58045516,-0.25584479,1.049286732));
#4189=CARTESIAN_POINT('',(1.569256449,-0.312144515,0.9988));
#4190=CARTESIAN_POINT('',(1.538512897,-0.466702785,0.8602));
#4191=CARTESIAN_POINT('',(1.478207252,-0.612293492,0.7216));
#4192=CARTESIAN_POINT('',(1.441394906,-0.701166357,0.636994469));
#4193=CARTESIAN_POINT('',(1.394199779,-0.784988519,0.552));
#4194=(BOUNDED_SURFACE()
B_SPLINE_SURFACE(1,2,((#4180,#4181,#4182,#4183,#4184,#4185,#4186),(#4187,#4188,#4189,#4190,#4191,#4192,#4193)),.UNSPECIFIED.,.F.,.F.,.U.)
B_SPLINE_SURFACE_WITH_KNOTS((2,2),(3,2,2,3),(0.,0.146666667),(0.158654836,0.25,0.5,0.652894192),.UNSPECIFIED.)
GEOMETRIC_REPRESENTATION_ITEM()
RATIONAL_B_SPLINE_SURFACE(((0.997766892,0.998240592,1.,0.995184727,1.,0.997055091,0.997712258),(0.997766892,0.998240592,1.,0.995184727,1.,0.997055091,0.997712258)))
REPRESENTATION_ITEM('')
SURFACE()
);
#4195=ORIENTED_EDGE('',*,*,#70,.F.);
#4196=ORIENTED_EDGE('',*,*,#644,.F.);
#4197=ORIENTED_EDGE('',*,*,#4172,.F.);
#4198=ORIENTED_EDGE('',*,*,#173,.F.);
#4199=EDGE_LOOP('',(#4195,#4196,#4197,#4198));
#4200=FACE_BOUND('',#4199,.T.);
#4201=ADVANCED_FACE('',(#4200),#4194,.T.);
#4202=CARTESIAN_POINT('',(1.294427191,0.940456404,1.1));
#4203=CARTESIAN_POINT('',(1.387054062,0.812966453,0.9614));
#4204=CARTESIAN_POINT('',(1.453029078,0.66985558,0.8228));
#4205=CARTESIAN_POINT('',(1.517466756,0.530079451,0.687429633));
#4206=CARTESIAN_POINT('',(1.554077445,0.380582836,0.552000041));
#4207=CARTESIAN_POINT('',(1.223233695,0.888731301,1.1));
#4208=CARTESIAN_POINT('',(1.310766089,0.768253298,0.9614));
#4209=CARTESIAN_POINT('',(1.373112479,0.633013523,0.8228));
#4210=CARTESIAN_POINT('',(1.434006084,0.500925081,0.687429633));
#4211=CARTESIAN_POINT('',(1.468603185,0.35965078,0.552000041));
#4212=(BOUNDED_SURFACE()
B_SPLINE_SURFACE(1,2,((#4202,#4203,#4204,#4205,#4206),(#4207,#4208,#4209,#4210,#4211)),.UNSPECIFIED.,.F.,.F.,.U.)
B_SPLINE_SURFACE_WITH_KNOTS((2,2),(3,2,3),(0.853333333,1.),(0.,0.25,0.494201945),.UNSPECIFIED.)
GEOMETRIC_REPRESENTATION_ITEM()
RATIONAL_B_SPLINE_SURFACE(((1.,0.995184727,1.,0.995296404,0.999781826),(1.,0.995184727,1.,0.995296404,0.999781826)))
REPRESENTATION_ITEM('')
SURFACE()
);
#4213=ORIENTED_EDGE('',*,*,#243,.T.);
#4214=CARTESIAN_POINT('',(1.223233695,0.888731301,1.1));
#4215=CARTESIAN_POINT('',(1.310766089,0.768253298,0.9614));
#4216=CARTESIAN_POINT('',(1.373112479,0.633013523,0.8228));
#4217=CARTESIAN_POINT('',(1.434006094,0.500925061,0.687429612));
#4218=CARTESIAN_POINT('',(1.468603196,0.359650737,0.552));
#4219=(BOUNDED_CURVE()
B_SPLINE_CURVE(2,(#4214,#4215,#4216,#4217,#4218),.UNSPECIFIED.,.F.,.F.)
B_SPLINE_CURVE_WITH_KNOTS((3,2,3),(0.,0.25,0.494201982),.UNSPECIFIED.)
CURVE()
GEOMETRIC_REPRESENTATION_ITEM()
RATIONAL_B_SPLINE_CURVE((1.,0.995184727,1.,0.995296403,0.999781828))
REPRESENTATION_ITEM(''));
#4220=EDGE_CURVE('',#220,#1070,#4219,.T.);
#4221=ORIENTED_EDGE('',*,*,#4220,.T.);
#4222=ORIENTED_EDGE('',*,*,#1076,.F.);
#4223=ORIENTED_EDGE('',*,*,#1315,.F.);
#4224=EDGE_LOOP('',(#4213,#4221,#4222,#4223));
#4225=FACE_BOUND('',#4224,.T.);
#4226=ADVANCED_FACE('',(#4225),#4212,.T.);
#4227=CARTESIAN_POINT('',(1.223233695,0.888731301,1.1));
#4228=CARTESIAN_POINT('',(1.310766089,0.768253298,0.9614));
#4229=CARTESIAN_POINT('',(1.373112479,0.633013523,0.8228));
#4230=CARTESIAN_POINT('',(1.435458869,0.497773748,0.6842));
#4231=CARTESIAN_POINT('',(1.47022332,0.35296939,0.5456));
#4232=CARTESIAN_POINT('',(1.496029853,0.245477441,0.442713703));
#4233=CARTESIAN_POINT('',(1.505927486,0.135375065,0.339447624));
#4234=CARTESIAN_POINT('',(1.080846704,0.785281097,1.1));
#4235=CARTESIAN_POINT('',(1.158190142,0.678826988,0.9614));
#4236=CARTESIAN_POINT('',(1.21327928,0.559329409,0.8228));
#4237=CARTESIAN_POINT('',(1.268368419,0.43983183,0.6842));
#4238=CARTESIAN_POINT('',(1.299086214,0.311883006,0.5456));
#4239=CARTESIAN_POINT('',(1.321888812,0.216903347,0.442713703));
#4240=CARTESIAN_POINT('',(1.330634339,0.119617121,0.339447624));
#4241=CARTESIAN_POINT('',(1.080846704,0.785281097,1.276));
#4242=CARTESIAN_POINT('',(1.158190142,0.678826988,1.1374));
#4243=CARTESIAN_POINT('',(1.21327928,0.559329409,0.9988));
#4244=CARTESIAN_POINT('',(1.268368419,0.43983183,0.8602));
#4245=CARTESIAN_POINT('',(1.299086214,0.311883006,0.7216));
#4246=CARTESIAN_POINT('',(1.321888812,0.216903347,0.618713703));
#4247=CARTESIAN_POINT('',(1.330634339,0.119617121,0.515447624));
#4248=CARTESIAN_POINT('',(1.223233695,0.888731301,1.276));
#4249=CARTESIAN_POINT('',(1.310766089,0.768253298,1.1374));
#4250=CARTESIAN_POINT('',(1.373112479,0.633013523,0.9988));
#4251=CARTESIAN_POINT('',(1.435458869,0.497773748,0.8602));
#4252=CARTESIAN_POINT('',(1.47022332,0.35296939,0.7216));
#4253=CARTESIAN_POINT('',(1.496029853,0.245477441,0.618713703));
#4254=CARTESIAN_POINT('',(1.505927486,0.135375065,0.515447624));
#4255=(BOUNDED_SURFACE()
B_SPLINE_SURFACE(3,2,((#4227,#4228,#4229,#4230,#4231,#4232,#4233),(#4234,#4235,#4236,#4237,#4238,#4239,#4240),(#4241,#4242,#4243,#4244,#4245,#4246,#4247),(#4248,#4249,#4250,#4251,#4252,#4253,#4254)),.UNSPECIFIED.,.F.,.F.,.U.)
B_SPLINE_SURFACE_WITH_KNOTS((4,4),(3,2,2,3),(0.,1.),(0.,0.25,0.5,0.685811894),.UNSPECIFIED.)
GEOMETRIC_REPRESENTATION_ITEM()
RATIONAL_B_SPLINE_SURFACE(((1.,0.995184727,1.,0.995184727,1.,0.99642106,0.998162197),(0.333333333,0.331728242,0.333333333,0.331728242,0.333333333,0.332140353,0.332720732),(0.333333333,0.331728242,0.333333333,0.331728242,0.333333333,0.332140353,0.332720732),(1.,0.995184727,1.,0.995184727,1.,0.99642106,0.998162197)))
REPRESENTATION_ITEM('')
SURFACE()
);
#4256=CARTESIAN_POINT('',(1.324219785,0.729784874,1.1));
#4257=CARTESIAN_POINT('',(1.35040205,0.682276252,1.049286732));
#4258=CARTESIAN_POINT('',(1.373112479,0.633013523,0.9988));
#4259=CARTESIAN_POINT('',(1.435458869,0.497773748,0.8602));
#4260=CARTESIAN_POINT('',(1.47022332,0.35296939,0.7216));
#4261=CARTESIAN_POINT('',(1.491444566,0.264576536,0.636994469));
#4262=CARTESIAN_POINT('',(1.50192251,0.174277861,0.552));
#4263=(BOUNDED_CURVE()
B_SPLINE_CURVE(2,(#4256,#4257,#4258,#4259,#4260,#4261,#4262),.UNSPECIFIED.,.F.,.F.)
B_SPLINE_CURVE_WITH_KNOTS((3,2,2,3),(0.158654836,0.25,0.5,0.652894192),.UNSPECIFIED.)
CURVE()
GEOMETRIC_REPRESENTATION_ITEM()
RATIONAL_B_SPLINE_CURVE((0.997766892,0.998240592,1.,0.995184727,1.,0.997055091,0.997712258))
REPRESENTATION_ITEM(''));
#4264=EDGE_CURVE('',#211,#1079,#4263,.T.);
#4265=ORIENTED_EDGE('',*,*,#4264,.T.);
#4266=ORIENTED_EDGE('',*,*,#1103,.F.);
#4267=ORIENTED_EDGE('',*,*,#4220,.F.);
#4268=ORIENTED_EDGE('',*,*,#235,.F.);
#4269=EDGE_LOOP('',(#4265,#4266,#4267,#4268));
#4270=FACE_BOUND('',#4269,.T.);
#4271=ADVANCED_FACE('',(#4270),#4255,.T.);
#4272=CARTESIAN_POINT('',(1.324219785,0.729784874,1.1));
#4273=CARTESIAN_POINT('',(1.35040205,0.682276252,1.049286732));
#4274=CARTESIAN_POINT('',(1.373112479,0.633013523,0.9988));
#4275=CARTESIAN_POINT('',(1.435458869,0.497773748,0.8602));
#4276=CARTESIAN_POINT('',(1.47022332,0.35296939,0.7216));
#4277=CARTESIAN_POINT('',(1.491444566,0.264576536,0.636994469));
#4278=CARTESIAN_POINT('',(1.50192251,0.174277861,0.552));
#4279=CARTESIAN_POINT('',(1.401290777,0.772259126,1.1));
#4280=CARTESIAN_POINT('',(1.428996878,0.721985452,1.049286732));
#4281=CARTESIAN_POINT('',(1.453029078,0.66985558,0.9988));
#4282=CARTESIAN_POINT('',(1.519004094,0.526744707,0.8602));
#4283=CARTESIAN_POINT('',(1.555791873,0.373512582,0.7216));
#4284=CARTESIAN_POINT('',(1.578248218,0.27997517,0.636994469));
#4285=CARTESIAN_POINT('',(1.58933599,0.184421017,0.552));
#4286=(BOUNDED_SURFACE()
B_SPLINE_SURFACE(1,2,((#4272,#4273,#4274,#4275,#4276,#4277,#4278),(#4279,#4280,#4281,#4282,#4283,#4284,#4285)),.UNSPECIFIED.,.F.,.F.,.U.)
B_SPLINE_SURFACE_WITH_KNOTS((2,2),(3,2,2,3),(0.,0.146666667),(0.158654836,0.25,0.5,0.652894192),.UNSPECIFIED.)
GEOMETRIC_REPRESENTATION_ITEM()
RATIONAL_B_SPLINE_SURFACE(((0.997766892,0.998240592,1.,0.995184727,1.,0.997055091,0.997712258),(0.997766892,0.998240592,1.,0.995184727,1.,0.997055091,0.997712258)))
REPRESENTATION_ITEM('')
SURFACE()
);
#4287=ORIENTED_EDGE('',*,*,#1340,.F.);
#4288=ORIENTED_EDGE('',*,*,#1112,.F.);
#4289=ORIENTED_EDGE('',*,*,#4264,.F.);
#4290=ORIENTED_EDGE('',*,*,#217,.F.);
#4291=EDGE_LOOP('',(#4287,#4288,#4289,#4290));
#4292=FACE_BOUND('',#4291,.T.);
#4293=ADVANCED_FACE('',(#4292),#4286,.T.);
#4294=CARTESIAN_POINT('',(0.494427191,1.521690426,1.1));
#4295=CARTESIAN_POINT('',(0.644300617,1.472993598,0.9614));
#4296=CARTESIAN_POINT('',(0.781793986,1.395993611,0.8228));
#4297=CARTESIAN_POINT('',(0.916083517,1.320787861,0.687429626));
#4298=CARTESIAN_POINT('',(1.033574097,1.221361775,0.552000027));
#4299=CARTESIAN_POINT('',(0.467233695,1.437997453,1.1));
#4300=CARTESIAN_POINT('',(0.608864083,1.39197895,0.9614));
#4301=CARTESIAN_POINT('',(0.738795317,1.319213963,0.8228));
#4302=CARTESIAN_POINT('',(0.865698923,1.248144528,0.687429626));
#4303=CARTESIAN_POINT('',(0.976727522,1.154186878,0.552000027));
#4304=(BOUNDED_SURFACE()
B_SPLINE_SURFACE(1,2,((#4294,#4295,#4296,#4297,#4298),(#4299,#4300,#4301,#4302,#4303)),.UNSPECIFIED.,.F.,.F.,.U.)
B_SPLINE_SURFACE_WITH_KNOTS((2,2),(3,2,3),(0.853333333,1.),(0.,0.25,0.494201957),.UNSPECIFIED.)
GEOMETRIC_REPRESENTATION_ITEM()
RATIONAL_B_SPLINE_SURFACE(((1.,0.995184727,1.,0.995296403,0.999781827),(1.,0.995184727,1.,0.995296403,0.999781827)))
REPRESENTATION_ITEM('')
SURFACE()
);
#4305=ORIENTED_EDGE('',*,*,#287,.T.);
#4306=CARTESIAN_POINT('',(0.467233695,1.437997453,1.1));
#4307=CARTESIAN_POINT('',(0.608864083,1.39197895,0.9614));
#4308=CARTESIAN_POINT('',(0.738795317,1.319213963,0.8228));
#4309=CARTESIAN_POINT('',(0.865698936,1.248144521,0.687429612));
#4310=CARTESIAN_POINT('',(0.976727544,1.154186859,0.552));
#4311=(BOUNDED_CURVE()
B_SPLINE_CURVE(2,(#4306,#4307,#4308,#4309,#4310),.UNSPECIFIED.,.F.,.F.)
B_SPLINE_CURVE_WITH_KNOTS((3,2,3),(0.,0.25,0.494201982),.UNSPECIFIED.)
CURVE()
GEOMETRIC_REPRESENTATION_ITEM()
RATIONAL_B_SPLINE_CURVE((1.,0.995184727,1.,0.995296403,0.999781828))
REPRESENTATION_ITEM(''));
#4312=EDGE_CURVE('',#264,#1016,#4311,.T.);
#4313=ORIENTED_EDGE('',*,*,#4312,.T.);
#4314=ORIENTED_EDGE('',*,*,#1022,.F.);
#4315=ORIENTED_EDGE('',*,*,#1287,.F.);
#4316=EDGE_LOOP('',(#4305,#4313,#4314,#4315));
#4317=FACE_BOUND('',#4316,.T.);
#4318=ADVANCED_FACE('',(#4317),#4304,.T.);
#4319=CARTESIAN_POINT('',(0.467233695,1.437997453,1.1));
#4320=CARTESIAN_POINT('',(0.608864083,1.39197895,0.9614));
#4321=CARTESIAN_POINT('',(0.738795317,1.319213963,0.8228));
#4322=CARTESIAN_POINT('',(0.868726552,1.246448975,0.6842));
#4323=CARTESIAN_POINT('',(0.981965449,1.14973382,0.5456));
#4324=CARTESIAN_POINT('',(1.066025556,1.077939706,0.442713703));
#4325=CARTESIAN_POINT('',(1.138749461,0.994682695,0.339447624));
#4326=CARTESIAN_POINT('',(0.412846704,1.270611506,1.1));
#4327=CARTESIAN_POINT('',(0.537991015,1.229949654,0.9614));
#4328=CARTESIAN_POINT('',(0.652797979,1.165654665,0.8228));
#4329=CARTESIAN_POINT('',(0.767604942,1.101359676,0.6842));
#4330=CARTESIAN_POINT('',(0.867662593,1.01590237,0.5456));
#4331=CARTESIAN_POINT('',(0.941937925,0.952465243,0.442713703));
#4332=CARTESIAN_POINT('',(1.006196614,0.878899524,0.339447624));
#4333=CARTESIAN_POINT('',(0.412846704,1.270611506,1.276));
#4334=CARTESIAN_POINT('',(0.537991015,1.229949654,1.1374));
#4335=CARTESIAN_POINT('',(0.652797979,1.165654665,0.9988));
#4336=CARTESIAN_POINT('',(0.767604942,1.101359676,0.8602));
#4337=CARTESIAN_POINT('',(0.867662593,1.01590237,0.7216));
#4338=CARTESIAN_POINT('',(0.941937925,0.952465243,0.618713703));
#4339=CARTESIAN_POINT('',(1.006196614,0.878899524,0.515447624));
#4340=CARTESIAN_POINT('',(0.467233695,1.437997453,1.276));
#4341=CARTESIAN_POINT('',(0.608864083,1.39197895,1.1374));
#4342=CARTESIAN_POINT('',(0.738795317,1.319213963,0.9988));
#4343=CARTESIAN_POINT('',(0.868726552,1.246448975,0.8602));
#4344=CARTESIAN_POINT('',(0.981965449,1.14973382,0.7216));
#4345=CARTESIAN_POINT('',(1.066025556,1.077939706,0.618713703));
#4346=CARTESIAN_POINT('',(1.138749461,0.994682695,0.515447624));
#4347=(BOUNDED_SURFACE()
B_SPLINE_SURFACE(3,2,((#4319,#4320,#4321,#4322,#4323,#4324,#4325),(#4326,#4327,#4328,#4329,#4330,#4331,#4332),(#4333,#4334,#4335,#4336,#4337,#4338,#4339),(#4340,#4341,#4342,#4343,#4344,#4345,#4346)),.UNSPECIFIED.,.F.,.F.,.U.)
B_SPLINE_SURFACE_WITH_KNOTS((4,4),(3,2,2,3),(0.,1.),(0.,0.25,0.5,0.685811894),.UNSPECIFIED.)
GEOMETRIC_REPRESENTATION_ITEM()
RATIONAL_B_SPLINE_SURFACE(((1.,0.995184727,1.,0.995184727,1.,0.99642106,0.998162197),(0.333333333,0.331728242,0.333333333,0.331728242,0.333333333,0.332140353,0.332720732),(0.333333333,0.331728242,0.333333333,0.331728242,0.333333333,0.332140353,0.332720732),(1.,0.995184727,1.,0.995184727,1.,0.99642106,0.998162197)))
REPRESENTATION_ITEM('')
SURFACE()
);
#4348=CARTESIAN_POINT('',(0.642359524,1.368765225,1.1));
#4349=CARTESIAN_POINT('',(0.691466288,1.345719492,1.049286732));
#4350=CARTESIAN_POINT('',(0.738795317,1.319213963,0.9988));
#4351=CARTESIAN_POINT('',(0.868726552,1.246448975,0.8602));
#4352=CARTESIAN_POINT('',(0.981965449,1.14973382,0.7216));
#4353=CARTESIAN_POINT('',(1.051089815,1.090696034,0.636994469));
#4354=CARTESIAN_POINT('',(1.112642879,1.023801653,0.552));
#4355=(BOUNDED_CURVE()
B_SPLINE_CURVE(2,(#4348,#4349,#4350,#4351,#4352,#4353,#4354),.UNSPECIFIED.,.F.,.F.)
B_SPLINE_CURVE_WITH_KNOTS((3,2,2,3),(0.158654836,0.25,0.5,0.652894192),.UNSPECIFIED.)
CURVE()
GEOMETRIC_REPRESENTATION_ITEM()
RATIONAL_B_SPLINE_CURVE((0.997766892,0.998240592,1.,0.995184727,1.,0.997055091,0.997712258))
REPRESENTATION_ITEM(''));
#4356=EDGE_CURVE('',#255,#1025,#4355,.T.);
#4357=ORIENTED_EDGE('',*,*,#4356,.T.);
#4358=ORIENTED_EDGE('',*,*,#1049,.F.);
#4359=ORIENTED_EDGE('',*,*,#4312,.F.);
#4360=ORIENTED_EDGE('',*,*,#279,.F.);
#4361=EDGE_LOOP('',(#4357,#4358,#4359,#4360));
#4362=FACE_BOUND('',#4361,.T.);
#4363=ADVANCED_FACE('',(#4362),#4347,.T.);
#4364=CARTESIAN_POINT('',(0.642359524,1.368765225,1.1));
#4365=CARTESIAN_POINT('',(0.691466288,1.345719492,1.049286732));
#4366=CARTESIAN_POINT('',(0.738795317,1.319213963,0.9988));
#4367=CARTESIAN_POINT('',(0.868726552,1.246448975,0.8602));
#4368=CARTESIAN_POINT('',(0.981965449,1.14973382,0.7216));
#4369=CARTESIAN_POINT('',(1.051089815,1.090696034,0.636994469));
#4370=CARTESIAN_POINT('',(1.112642879,1.023801653,0.552));
#4371=CARTESIAN_POINT('',(0.679745528,1.44842881,1.1));
#4372=CARTESIAN_POINT('',(0.731710358,1.424041791,1.049286732));
#4373=CARTESIAN_POINT('',(0.781793986,1.395993611,0.9988));
#4374=CARTESIAN_POINT('',(0.919287356,1.318993624,0.8602));
#4375=CARTESIAN_POINT('',(1.039116877,1.216649545,0.7216));
#4376=CARTESIAN_POINT('',(1.112264354,1.154175698,0.636994469));
#4377=CARTESIAN_POINT('',(1.177399872,1.083387992,0.552));
#4378=(BOUNDED_SURFACE()
B_SPLINE_SURFACE(1,2,((#4364,#4365,#4366,#4367,#4368,#4369,#4370),(#4371,#4372,#4373,#4374,#4375,#4376,#4377)),.UNSPECIFIED.,.F.,.F.,.U.)
B_SPLINE_SURFACE_WITH_KNOTS((2,2),(3,2,2,3),(0.,0.146666667),(0.158654836,0.25,0.5,0.652894192),.UNSPECIFIED.)
GEOMETRIC_REPRESENTATION_ITEM()
RATIONAL_B_SPLINE_SURFACE(((0.997766892,0.998240592,1.,0.995184727,1.,0.997055091,0.997712258),(0.997766892,0.998240592,1.,0.995184727,1.,0.997055091,0.997712258)))
REPRESENTATION_ITEM('')
SURFACE()
);
#4379=ORIENTED_EDGE('',*,*,#1306,.F.);
#4380=ORIENTED_EDGE('',*,*,#1058,.F.);
#4381=ORIENTED_EDGE('',*,*,#4356,.F.);
#4382=ORIENTED_EDGE('',*,*,#261,.F.);
#4383=EDGE_LOOP('',(#4379,#4380,#4381,#4382));
#4384=FACE_BOUND('',#4383,.T.);
#4385=ADVANCED_FACE('',(#4384),#4378,.T.);
#4386=CARTESIAN_POINT('',(-0.494427191,1.521690426,1.1));
#4387=CARTESIAN_POINT('',(-0.344553765,1.570387254,0.9614));
#4388=CARTESIAN_POINT('',(-0.188059836,1.588909531,0.8228));
#4389=CARTESIAN_POINT('',(-0.035212492,1.607000206,0.687429626));
#4390=CARTESIAN_POINT('',(0.11828057,1.595622044,0.552000027));
#4391=CARTESIAN_POINT('',(-0.467233695,1.437997453,1.1));
#4392=CARTESIAN_POINT('',(-0.325603308,1.484015955,0.9614));
#4393=CARTESIAN_POINT('',(-0.177716545,1.501519507,0.8228));
#4394=CARTESIAN_POINT('',(-0.033275805,1.518615195,0.687429626));
#4395=CARTESIAN_POINT('',(0.111775139,1.507862831,0.552000027));
#4396=(BOUNDED_SURFACE()
B_SPLINE_SURFACE(1,2,((#4386,#4387,#4388,#4389,#4390),(#4391,#4392,#4393,#4394,#4395)),.UNSPECIFIED.,.F.,.F.,.U.)
B_SPLINE_SURFACE_WITH_KNOTS((2,2),(3,2,3),(0.853333333,1.),(0.,0.25,0.494201957),.UNSPECIFIED.)
GEOMETRIC_REPRESENTATION_ITEM()
RATIONAL_B_SPLINE_SURFACE(((1.,0.995184727,1.,0.995296403,0.999781827),(1.,0.995184727,1.,0.995296403,0.999781827)))
REPRESENTATION_ITEM('')
SURFACE()
);
#4397=ORIENTED_EDGE('',*,*,#331,.T.);
#4398=CARTESIAN_POINT('',(-0.467233695,1.437997453,1.1));
#4399=CARTESIAN_POINT('',(-0.325603308,1.484015955,0.9614));
#4400=CARTESIAN_POINT('',(-0.177716545,1.501519507,0.8228));
#4401=CARTESIAN_POINT('',(-0.033275791,1.518615197,0.687429612));
#4402=CARTESIAN_POINT('',(0.111775168,1.507862829,0.552));
#4403=(BOUNDED_CURVE()
B_SPLINE_CURVE(2,(#4398,#4399,#4400,#4401,#4402),.UNSPECIFIED.,.F.,.F.)
B_SPLINE_CURVE_WITH_KNOTS((3,2,3),(0.,0.25,0.494201982),.UNSPECIFIED.)
CURVE()
GEOMETRIC_REPRESENTATION_ITEM()
RATIONAL_B_SPLINE_CURVE((1.,0.995184727,1.,0.995296403,0.999781828))
REPRESENTATION_ITEM(''));
#4404=EDGE_CURVE('',#308,#962,#4403,.T.);
#4405=ORIENTED_EDGE('',*,*,#4404,.T.);
#4406=ORIENTED_EDGE('',*,*,#968,.F.);
#4407=ORIENTED_EDGE('',*,*,#1259,.F.);
#4408=EDGE_LOOP('',(#4397,#4405,#4406,#4407));
#4409=FACE_BOUND('',#4408,.T.);
#4410=ADVANCED_FACE('',(#4409),#4396,.T.);
#4411=CARTESIAN_POINT('',(-0.467233695,1.437997453,1.1));
#4412=CARTESIAN_POINT('',(-0.325603308,1.484015955,0.9614));
#4413=CARTESIAN_POINT('',(-0.177716545,1.501519507,0.8228));
#4414=CARTESIAN_POINT('',(-0.029829782,1.519023059,0.6842));
#4415=CARTESIAN_POINT('',(0.118630153,1.507339009,0.5456));
#4416=CARTESIAN_POINT('',(0.228835729,1.498665642,0.442713703));
#4417=CARTESIAN_POINT('',(0.336607848,1.474055344,0.339447624));
#4418=CARTESIAN_POINT('',(-0.412846704,1.270611506,1.1));
#4419=CARTESIAN_POINT('',(-0.287702394,1.311273357,0.9614));
#4420=CARTESIAN_POINT('',(-0.157029963,1.326739458,0.8228));
#4421=CARTESIAN_POINT('',(-0.026357532,1.34220556,0.6842));
#4422=CARTESIAN_POINT('',(0.104821352,1.331881558,0.5456));
#4423=CARTESIAN_POINT('',(0.202198766,1.324217789,0.442713703));
#4424=CARTESIAN_POINT('',(0.297425982,1.302472182,0.339447624));
#4425=CARTESIAN_POINT('',(-0.412846704,1.270611506,1.276));
#4426=CARTESIAN_POINT('',(-0.287702394,1.311273357,1.1374));
#4427=CARTESIAN_POINT('',(-0.157029963,1.326739458,0.9988));
#4428=CARTESIAN_POINT('',(-0.026357532,1.34220556,0.8602));
#4429=CARTESIAN_POINT('',(0.104821352,1.331881558,0.7216));
#4430=CARTESIAN_POINT('',(0.202198766,1.324217789,0.618713703));
#4431=CARTESIAN_POINT('',(0.297425982,1.302472182,0.515447624));
#4432=CARTESIAN_POINT('',(-0.467233695,1.437997453,1.276));
#4433=CARTESIAN_POINT('',(-0.325603308,1.484015955,1.1374));
#4434=CARTESIAN_POINT('',(-0.177716545,1.501519507,0.9988));
#4435=CARTESIAN_POINT('',(-0.029829782,1.519023059,0.8602));
#4436=CARTESIAN_POINT('',(0.118630153,1.507339009,0.7216));
#4437=CARTESIAN_POINT('',(0.228835729,1.498665642,0.618713703));
#4438=CARTESIAN_POINT('',(0.336607848,1.474055344,0.515447624));
#4439=(BOUNDED_SURFACE()
B_SPLINE_SURFACE(3,2,((#4411,#4412,#4413,#4414,#4415,#4416,#4417),(#4418,#4419,#4420,#4421,#4422,#4423,#4424),(#4425,#4426,#4427,#4428,#4429,#4430,#4431),(#4432,#4433,#4434,#4435,#4436,#4437,#4438)),.UNSPECIFIED.,.F.,.F.,.U.)
B_SPLINE_SURFACE_WITH_KNOTS((4,4),(3,2,2,3),(0.,1.),(0.,0.25,0.5,0.685811894),.UNSPECIFIED.)
GEOMETRIC_REPRESENTATION_ITEM()
RATIONAL_B_SPLINE_SURFACE(((1.,0.995184727,1.,0.995184727,1.,0.99642106,0.998162197),(0.333333333,0.331728242,0.333333333,0.331728242,0.333333333,0.332140353,0.332720732),(0.333333333,0.331728242,0.333333333,0.331728242,0.333333333,0.332140353,0.332720732),(1.,0.995184727,1.,0.995184727,1.,0.99642106,0.998162197)))
REPRESENTATION_ITEM('')
SURFACE()
);
#4440=CARTESIAN_POINT('',(-0.284860242,1.484923783,1.1));
#4441=CARTESIAN_POINT('',(-0.231586093,1.495143626,1.049286732));
#4442=CARTESIAN_POINT('',(-0.177716545,1.501519507,0.9988));
#4443=CARTESIAN_POINT('',(-0.029829782,1.519023059,0.8602));
#4444=CARTESIAN_POINT('',(0.118630153,1.507339009,0.7216));
#4445=CARTESIAN_POINT('',(0.209254479,1.500206719,0.636994469));
#4446=CARTESIAN_POINT('',(0.298371485,1.482268011,0.552));
#4447=(BOUNDED_CURVE()
B_SPLINE_CURVE(2,(#4440,#4441,#4442,#4443,#4444,#4445,#4446),.UNSPECIFIED.,.F.,.F.)
B_SPLINE_CURVE_WITH_KNOTS((3,2,2,3),(0.158654836,0.25,0.5,0.652894192),.UNSPECIFIED.)
CURVE()
GEOMETRIC_REPRESENTATION_ITEM()
RATIONAL_B_SPLINE_CURVE((0.997766892,0.998240592,1.,0.995184727,1.,0.997055091,0.997712258))
REPRESENTATION_ITEM(''));
#4448=EDGE_CURVE('',#299,#971,#4447,.T.);
#4449=ORIENTED_EDGE('',*,*,#4448,.T.);
#4450=ORIENTED_EDGE('',*,*,#995,.F.);
#4451=ORIENTED_EDGE('',*,*,#4404,.F.);
#4452=ORIENTED_EDGE('',*,*,#323,.F.);
#4453=EDGE_LOOP('',(#4449,#4450,#4451,#4452));
#4454=FACE_BOUND('',#4453,.T.);
#4455=ADVANCED_FACE('',(#4454),#4439,.T.);
#4456=CARTESIAN_POINT('',(-0.284860242,1.484923783,1.1));
#4457=CARTESIAN_POINT('',(-0.231586093,1.495143626,1.049286732));
#4458=CARTESIAN_POINT('',(-0.177716545,1.501519507,0.9988));
#4459=CARTESIAN_POINT('',(-0.029829782,1.519023059,0.8602));
#4460=CARTESIAN_POINT('',(0.118630153,1.507339009,0.7216));
#4461=CARTESIAN_POINT('',(0.209254479,1.500206719,0.636994469));
#4462=CARTESIAN_POINT('',(0.298371485,1.482268011,0.552));
#4463=CARTESIAN_POINT('',(-0.301439409,1.571347919,1.1));
#4464=CARTESIAN_POINT('',(-0.245064649,1.582162567,1.049286732));
#4465=CARTESIAN_POINT('',(-0.188059836,1.588909531,0.9988));
#4466=CARTESIAN_POINT('',(-0.031565906,1.607431808,0.8602));
#4467=CARTESIAN_POINT('',(0.125534553,1.595067734,0.7216));
#4468=CARTESIAN_POINT('',(0.221433311,1.587520338,0.636994469));
#4469=CARTESIAN_POINT('',(0.315737021,1.568537578,0.552));
#4470=(BOUNDED_SURFACE()
B_SPLINE_SURFACE(1,2,((#4456,#4457,#4458,#4459,#4460,#4461,#4462),(#4463,#4464,#4465,#4466,#4467,#4468,#4469)),.UNSPECIFIED.,.F.,.F.,.U.)
B_SPLINE_SURFACE_WITH_KNOTS((2,2),(3,2,2,3),(0.,0.146666667),(0.158654836,0.25,0.5,0.652894192),.UNSPECIFIED.)
GEOMETRIC_REPRESENTATION_ITEM()
RATIONAL_B_SPLINE_SURFACE(((0.997766892,0.998240592,1.,0.995184727,1.,0.997055091,0.997712258),(0.997766892,0.998240592,1.,0.995184727,1.,0.997055091,0.997712258)))
REPRESENTATION_ITEM('')
SURFACE()
);
#4471=ORIENTED_EDGE('',*,*,#1278,.F.);
#4472=ORIENTED_EDGE('',*,*,#1004,.F.);
#4473=ORIENTED_EDGE('',*,*,#4448,.F.);
#4474=ORIENTED_EDGE('',*,*,#305,.F.);
#4475=EDGE_LOOP('',(#4471,#4472,#4473,#4474));
#4476=FACE_BOUND('',#4475,.T.);
#4477=ADVANCED_FACE('',(#4476),#4470,.T.);
#4478=CARTESIAN_POINT('',(-1.294427191,0.940456404,1.1));
#4479=CARTESIAN_POINT('',(-1.20180032,1.067946354,0.9614));
#4480=CARTESIAN_POINT('',(-1.086081193,1.174916015,0.8228));
#4481=CARTESIAN_POINT('',(-0.973058527,1.279393093,0.687429626));
#4482=CARTESIAN_POINT('',(-0.842192114,1.360408925,0.552000027));
#4483=CARTESIAN_POINT('',(-1.223233695,0.888731301,1.1));
#4484=CARTESIAN_POINT('',(-1.135701302,1.009209305,0.9614));
#4485=CARTESIAN_POINT('',(-1.026346727,1.110295634,0.8228));
#4486=CARTESIAN_POINT('',(-0.919540308,1.209026473,0.687429626));
#4487=CARTESIAN_POINT('',(-0.795871548,1.285586434,0.552000027));
#4488=(BOUNDED_SURFACE()
B_SPLINE_SURFACE(1,2,((#4478,#4479,#4480,#4481,#4482),(#4483,#4484,#4485,#4486,#4487)),.UNSPECIFIED.,.F.,.F.,.U.)
B_SPLINE_SURFACE_WITH_KNOTS((2,2),(3,2,3),(0.853333333,1.),(0.,0.25,0.494201957),.UNSPECIFIED.)
GEOMETRIC_REPRESENTATION_ITEM()
RATIONAL_B_SPLINE_SURFACE(((1.,0.995184727,1.,0.995296403,0.999781827),(1.,0.995184727,1.,0.995296403,0.999781827)))
REPRESENTATION_ITEM('')
SURFACE()
);
#4489=ORIENTED_EDGE('',*,*,#375,.T.);
#4490=CARTESIAN_POINT('',(-1.223233695,0.888731301,1.1));
#4491=CARTESIAN_POINT('',(-1.135701302,1.009209305,0.9614));
#4492=CARTESIAN_POINT('',(-1.026346727,1.110295634,0.8228));
#4493=CARTESIAN_POINT('',(-0.919540297,1.209026483,0.687429612));
#4494=CARTESIAN_POINT('',(-0.795871523,1.28558645,0.552));
#4495=(BOUNDED_CURVE()
B_SPLINE_CURVE(2,(#4490,#4491,#4492,#4493,#4494),.UNSPECIFIED.,.F.,.F.)
B_SPLINE_CURVE_WITH_KNOTS((3,2,3),(0.,0.25,0.494201982),.UNSPECIFIED.)
CURVE()
GEOMETRIC_REPRESENTATION_ITEM()
RATIONAL_B_SPLINE_CURVE((1.,0.995184727,1.,0.995296403,0.999781828))
REPRESENTATION_ITEM(''));
#4496=EDGE_CURVE('',#352,#908,#4495,.T.);
#4497=ORIENTED_EDGE('',*,*,#4496,.T.);
#4498=ORIENTED_EDGE('',*,*,#914,.F.);
#4499=ORIENTED_EDGE('',*,*,#1231,.F.);
#4500=EDGE_LOOP('',(#4489,#4497,#4498,#4499));
#4501=FACE_BOUND('',#4500,.T.);
#4502=ADVANCED_FACE('',(#4501),#4488,.T.);
#4503=CARTESIAN_POINT('',(-1.223233695,0.888731301,1.1));
#4504=CARTESIAN_POINT('',(-1.135701302,1.009209305,0.9614));
#4505=CARTESIAN_POINT('',(-1.026346727,1.110295634,0.8228));
#4506=CARTESIAN_POINT('',(-0.916992152,1.211381964,0.6842));
#4507=CARTESIAN_POINT('',(-0.79001783,1.289191929,0.5456));
#4508=CARTESIAN_POINT('',(-0.695761569,1.34695224,0.442713703));
#4509=CARTESIAN_POINT('',(-0.594106523,1.390388953,0.339447624));
#4510=CARTESIAN_POINT('',(-1.080846704,0.785281097,1.1));
#4511=CARTESIAN_POINT('',(-1.003503267,0.891735206,0.9614));
#4512=CARTESIAN_POINT('',(-0.906877796,0.981054873,0.8228));
#4513=CARTESIAN_POINT('',(-0.810252325,1.070374539,0.6842));
#4514=CARTESIAN_POINT('',(-0.698058082,1.13912726,0.5456));
#4515=CARTESIAN_POINT('',(-0.61477345,1.190164148,0.442713703));
#4516=CARTESIAN_POINT('',(-0.524951266,1.228544736,0.339447624));
#4517=CARTESIAN_POINT('',(-1.080846704,0.785281097,1.276));
#4518=CARTESIAN_POINT('',(-1.003503267,0.891735206,1.1374));
#4519=CARTESIAN_POINT('',(-0.906877796,0.981054873,0.9988));
#4520=CARTESIAN_POINT('',(-0.810252325,1.070374539,0.8602));
#4521=CARTESIAN_POINT('',(-0.698058082,1.13912726,0.7216));
#4522=CARTESIAN_POINT('',(-0.61477345,1.190164148,0.618713703));
#4523=CARTESIAN_POINT('',(-0.524951266,1.228544736,0.515447624));
#4524=CARTESIAN_POINT('',(-1.223233695,0.888731301,1.276));
#4525=CARTESIAN_POINT('',(-1.135701302,1.009209305,1.1374));
#4526=CARTESIAN_POINT('',(-1.026346727,1.110295634,0.9988));
#4527=CARTESIAN_POINT('',(-0.916992152,1.211381964,0.8602));
#4528=CARTESIAN_POINT('',(-0.79001783,1.289191929,0.7216));
#4529=CARTESIAN_POINT('',(-0.695761569,1.34695224,0.618713703));
#4530=CARTESIAN_POINT('',(-0.594106523,1.390388953,0.515447624));
#4531=(BOUNDED_SURFACE()
B_SPLINE_SURFACE(3,2,((#4503,#4504,#4505,#4506,#4507,#4508,#4509),(#4510,#4511,#4512,#4513,#4514,#4515,#4516),(#4517,#4518,#4519,#4520,#4521,#4522,#4523),(#4524,#4525,#4526,#4527,#4528,#4529,#4530)),.UNSPECIFIED.,.F.,.F.,.U.)
B_SPLINE_SURFACE_WITH_KNOTS((4,4),(3,2,2,3),(0.,1.),(0.,0.25,0.5,0.685811894),.UNSPECIFIED.)
GEOMETRIC_REPRESENTATION_ITEM()
RATIONAL_B_SPLINE_SURFACE(((1.,0.995184727,1.,0.995184727,1.,0.99642106,0.998162197),(0.333333333,0.331728242,0.333333333,0.331728242,0.333333333,0.332140353,0.332720732),(0.333333333,0.331728242,0.333333333,0.331728242,0.333333333,0.332140353,0.332720732),(1.,0.995184727,1.,0.995184727,1.,0.99642106,0.998162197)))
REPRESENTATION_ITEM('')
SURFACE()
);
#4532=CARTESIAN_POINT('',(-1.103273077,1.033891927,1.1));
#4533=CARTESIAN_POINT('',(-1.066180458,1.073473712,1.049286732));
#4534=CARTESIAN_POINT('',(-1.026346727,1.110295634,0.9988));
#4535=CARTESIAN_POINT('',(-0.916992152,1.211381964,0.8602));
#4536=CARTESIAN_POINT('',(-0.79001783,1.289191929,0.7216));
#4537=CARTESIAN_POINT('',(-0.712508956,1.336689428,0.636994469));
#4538=CARTESIAN_POINT('',(-0.629867675,1.37455837,0.552));
#4539=(BOUNDED_CURVE()
B_SPLINE_CURVE(2,(#4532,#4533,#4534,#4535,#4536,#4537,#4538),.UNSPECIFIED.,.F.,.F.)
B_SPLINE_CURVE_WITH_KNOTS((3,2,2,3),(0.158654836,0.25,0.5,0.652894192),.UNSPECIFIED.)
CURVE()
GEOMETRIC_REPRESENTATION_ITEM()
RATIONAL_B_SPLINE_CURVE((0.997766892,0.998240592,1.,0.995184727,1.,0.997055091,0.997712258))
REPRESENTATION_ITEM(''));
#4540=EDGE_CURVE('',#343,#917,#4539,.T.);
#4541=ORIENTED_EDGE('',*,*,#4540,.T.);
#4542=ORIENTED_EDGE('',*,*,#941,.F.);
#4543=ORIENTED_EDGE('',*,*,#4496,.F.);
#4544=ORIENTED_EDGE('',*,*,#367,.F.);
#4545=EDGE_LOOP('',(#4541,#4542,#4543,#4544));
#4546=FACE_BOUND('',#4545,.T.);
#4547=ADVANCED_FACE('',(#4546),#4531,.T.);
#4548=CARTESIAN_POINT('',(-1.103273077,1.033891927,1.1));
#4549=CARTESIAN_POINT('',(-1.066180458,1.073473712,1.049286732));
#4550=CARTESIAN_POINT('',(-1.026346727,1.110295634,0.9988));
#4551=CARTESIAN_POINT('',(-0.916992152,1.211381964,0.8602));
#4552=CARTESIAN_POINT('',(-0.79001783,1.289191929,0.7216));
#4553=CARTESIAN_POINT('',(-0.712508956,1.336689428,0.636994469));
#4554=CARTESIAN_POINT('',(-0.629867675,1.37455837,0.552));
#4555=CARTESIAN_POINT('',(-1.167484738,1.094065531,1.1));
#4556=CARTESIAN_POINT('',(-1.128233289,1.135951018,1.049286732));
#4557=CARTESIAN_POINT('',(-1.086081193,1.174916015,0.9988));
#4558=CARTESIAN_POINT('',(-0.970362066,1.281885676,0.8602));
#4559=CARTESIAN_POINT('',(-0.835997704,1.364224263,0.7216));
#4560=CARTESIAN_POINT('',(-0.753977731,1.414486167,0.636994469));
#4561=CARTESIAN_POINT('',(-0.66652664,1.454559122,0.552));
#4562=(BOUNDED_SURFACE()
B_SPLINE_SURFACE(1,2,((#4548,#4549,#4550,#4551,#4552,#4553,#4554),(#4555,#4556,#4557,#4558,#4559,#4560,#4561)),.UNSPECIFIED.,.F.,.F.,.U.)
B_SPLINE_SURFACE_WITH_KNOTS((2,2),(3,2,2,3),(0.,0.146666667),(0.158654836,0.25,0.5,0.652894192),.UNSPECIFIED.)
GEOMETRIC_REPRESENTATION_ITEM()
RATIONAL_B_SPLINE_SURFACE(((0.997766892,0.998240592,1.,0.995184727,1.,0.997055091,0.997712258),(0.997766892,0.998240592,1.,0.995184727,1.,0.997055091,0.997712258)))
REPRESENTATION_ITEM('')
SURFACE()
);
#4563=ORIENTED_EDGE('',*,*,#1250,.F.);
#4564=ORIENTED_EDGE('',*,*,#950,.F.);
#4565=ORIENTED_EDGE('',*,*,#4540,.F.);
#4566=ORIENTED_EDGE('',*,*,#349,.F.);
#4567=EDGE_LOOP('',(#4563,#4564,#4565,#4566));
#4568=FACE_BOUND('',#4567,.T.);
#4569=ADVANCED_FACE('',(#4568),#4562,.T.);
#4570=CARTESIAN_POINT('',(-1.6,0.,1.1));
#4571=CARTESIAN_POINT('',(-1.6,0.157586245,0.9614));
#4572=CARTESIAN_POINT('',(-1.569256449,0.312144515,0.8228));
#4573=CARTESIAN_POINT('',(-1.539229277,0.463101303,0.687429626));
#4574=CARTESIAN_POINT('',(-1.480976036,0.605565835,0.552000027));
#4575=CARTESIAN_POINT('',(-1.512,0.,1.1));
#4576=CARTESIAN_POINT('',(-1.512,0.148919002,0.9614));
#4577=CARTESIAN_POINT('',(-1.482947344,0.294976567,0.8228));
#4578=CARTESIAN_POINT('',(-1.454571666,0.437630732,0.687429626));
#4579=CARTESIAN_POINT('',(-1.399522354,0.572259714,0.552000027));
#4580=(BOUNDED_SURFACE()
B_SPLINE_SURFACE(1,2,((#4570,#4571,#4572,#4573,#4574),(#4575,#4576,#4577,#4578,#4579)),.UNSPECIFIED.,.F.,.F.,.U.)
B_SPLINE_SURFACE_WITH_KNOTS((2,2),(3,2,3),(0.853333333,1.),(0.,0.25,0.494201957),.UNSPECIFIED.)
GEOMETRIC_REPRESENTATION_ITEM()
RATIONAL_B_SPLINE_SURFACE(((1.,0.995184727,1.,0.995296403,0.999781827),(1.,0.995184727,1.,0.995296403,0.999781827)))
REPRESENTATION_ITEM('')
SURFACE()
);
#4581=ORIENTED_EDGE('',*,*,#419,.T.);
#4582=CARTESIAN_POINT('',(-1.512,0.,1.1));
#4583=CARTESIAN_POINT('',(-1.512,0.148919002,0.9614));
#4584=CARTESIAN_POINT('',(-1.482947344,0.294976567,0.8228));
#4585=CARTESIAN_POINT('',(-1.454571663,0.437630746,0.687429612));
#4586=CARTESIAN_POINT('',(-1.399522343,0.572259742,0.552));
#4587=(BOUNDED_CURVE()
B_SPLINE_CURVE(2,(#4582,#4583,#4584,#4585,#4586),.UNSPECIFIED.,.F.,.F.)
B_SPLINE_CURVE_WITH_KNOTS((3,2,3),(0.,0.25,0.494201982),.UNSPECIFIED.)
CURVE()
GEOMETRIC_REPRESENTATION_ITEM()
RATIONAL_B_SPLINE_CURVE((1.,0.995184727,1.,0.995296403,0.999781828))
REPRESENTATION_ITEM(''));
#4588=EDGE_CURVE('',#396,#854,#4587,.T.);
#4589=ORIENTED_EDGE('',*,*,#4588,.T.);
#4590=ORIENTED_EDGE('',*,*,#860,.F.);
#4591=ORIENTED_EDGE('',*,*,#1203,.F.);
#4592=EDGE_LOOP('',(#4581,#4589,#4590,#4591));
#4593=FACE_BOUND('',#4592,.T.);
#4594=ADVANCED_FACE('',(#4593),#4580,.T.);
#4595=CARTESIAN_POINT('',(-1.512,0.,1.1));
#4596=CARTESIAN_POINT('',(-1.512,0.148919002,0.9614));
#4597=CARTESIAN_POINT('',(-1.482947344,0.294976567,0.8228));
#4598=CARTESIAN_POINT('',(-1.453894688,0.441034132,0.6842));
#4599=CARTESIAN_POINT('',(-1.396905853,0.57861735,0.5456));
#4600=CARTESIAN_POINT('',(-1.354601595,0.680748863,0.442713703));
#4601=CARTESIAN_POINT('',(-1.297892395,0.775641239,0.339447624));
#4602=CARTESIAN_POINT('',(-1.336,0.,1.1));
#4603=CARTESIAN_POINT('',(-1.336,0.131584515,0.9614));
#4604=CARTESIAN_POINT('',(-1.310329135,0.26064067,0.8228));
#4605=CARTESIAN_POINT('',(-1.284658269,0.389696826,0.6842));
#4606=CARTESIAN_POINT('',(-1.234303055,0.511265066,0.5456));
#4607=CARTESIAN_POINT('',(-1.196923103,0.601508255,0.442713703));
#4608=CARTESIAN_POINT('',(-1.146814973,0.685354957,0.339447624));
#4609=CARTESIAN_POINT('',(-1.336,0.,1.276));
#4610=CARTESIAN_POINT('',(-1.336,0.131584515,1.1374));
#4611=CARTESIAN_POINT('',(-1.310329135,0.26064067,0.9988));
#4612=CARTESIAN_POINT('',(-1.284658269,0.389696826,0.8602));
#4613=CARTESIAN_POINT('',(-1.234303055,0.511265066,0.7216));
#4614=CARTESIAN_POINT('',(-1.196923103,0.601508255,0.618713703));
#4615=CARTESIAN_POINT('',(-1.146814973,0.685354957,0.515447624));
#4616=CARTESIAN_POINT('',(-1.512,0.,1.276));
#4617=CARTESIAN_POINT('',(-1.512,0.148919002,1.1374));
#4618=CARTESIAN_POINT('',(-1.482947344,0.294976567,0.9988));
#4619=CARTESIAN_POINT('',(-1.453894688,0.441034132,0.8602));
#4620=CARTESIAN_POINT('',(-1.396905853,0.57861735,0.7216));
#4621=CARTESIAN_POINT('',(-1.354601595,0.680748863,0.618713703));
#4622=CARTESIAN_POINT('',(-1.297892395,0.775641239,0.515447624));
#4623=(BOUNDED_SURFACE()
B_SPLINE_SURFACE(3,2,((#4595,#4596,#4597,#4598,#4599,#4600,#4601),(#4602,#4603,#4604,#4605,#4606,#4607,#4608),(#4609,#4610,#4611,#4612,#4613,#4614,#4615),(#4616,#4617,#4618,#4619,#4620,#4621,#4622)),.UNSPECIFIED.,.F.,.F.,.U.)
B_SPLINE_SURFACE_WITH_KNOTS((4,4),(3,2,2,3),(0.,1.),(0.,0.25,0.5,0.685811894),.UNSPECIFIED.)
GEOMETRIC_REPRESENTATION_ITEM()
RATIONAL_B_SPLINE_SURFACE(((1.,0.995184727,1.,0.995184727,1.,0.99642106,0.998162197),(0.333333333,0.331728242,0.333333333,0.331728242,0.333333333,0.332140353,0.332720732),(0.333333333,0.331728242,0.333333333,0.331728242,0.333333333,0.332140353,0.332720732),(1.,0.995184727,1.,0.995184727,1.,0.99642106,0.998162197)))
REPRESENTATION_ITEM('')
SURFACE()
);
#4624=CARTESIAN_POINT('',(-1.500273096,0.187948495,1.1));
#4625=CARTESIAN_POINT('',(-1.493530126,0.241773326,1.049286732));
#4626=CARTESIAN_POINT('',(-1.482947344,0.294976567,0.9988));
#4627=CARTESIAN_POINT('',(-1.453894688,0.441034132,0.8602));
#4628=CARTESIAN_POINT('',(-1.396905853,0.57861735,0.7216));
#4629=CARTESIAN_POINT('',(-1.362118186,0.662602207,0.636994469));
#4630=CARTESIAN_POINT('',(-1.317518791,0.741814151,0.552));
#4631=(BOUNDED_CURVE()
B_SPLINE_CURVE(2,(#4624,#4625,#4626,#4627,#4628,#4629,#4630),.UNSPECIFIED.,.F.,.F.)
B_SPLINE_CURVE_WITH_KNOTS((3,2,2,3),(0.158654836,0.25,0.5,0.652894192),.UNSPECIFIED.)
CURVE()
GEOMETRIC_REPRESENTATION_ITEM()
RATIONAL_B_SPLINE_CURVE((0.997766892,0.998240592,1.,0.995184727,1.,0.997055091,0.997712258))
REPRESENTATION_ITEM(''));
#4632=EDGE_CURVE('',#387,#863,#4631,.T.);
#4633=ORIENTED_EDGE('',*,*,#4632,.T.);
#4634=ORIENTED_EDGE('',*,*,#887,.F.);
#4635=ORIENTED_EDGE('',*,*,#4588,.F.);
#4636=ORIENTED_EDGE('',*,*,#411,.F.);
#4637=EDGE_LOOP('',(#4633,#4634,#4635,#4636));
#4638=FACE_BOUND('',#4637,.T.);
#4639=ADVANCED_FACE('',(#4638),#4623,.T.);
#4640=CARTESIAN_POINT('',(-1.500273096,0.187948495,1.1));
#4641=CARTESIAN_POINT('',(-1.493530126,0.241773326,1.049286732));
#4642=CARTESIAN_POINT('',(-1.482947344,0.294976567,0.9988));
#4643=CARTESIAN_POINT('',(-1.453894688,0.441034132,0.8602));
#4644=CARTESIAN_POINT('',(-1.396905853,0.57861735,0.7216));
#4645=CARTESIAN_POINT('',(-1.362118186,0.662602207,0.636994469));
#4646=CARTESIAN_POINT('',(-1.317518791,0.741814151,0.552));
#4647=CARTESIAN_POINT('',(-1.587590578,0.198887297,1.1));
#4648=CARTESIAN_POINT('',(-1.58045516,0.25584479,1.049286732));
#4649=CARTESIAN_POINT('',(-1.569256449,0.312144515,0.9988));
#4650=CARTESIAN_POINT('',(-1.538512897,0.466702785,0.8602));
#4651=CARTESIAN_POINT('',(-1.478207252,0.612293492,0.7216));
#4652=CARTESIAN_POINT('',(-1.441394906,0.701166357,0.636994469));
#4653=CARTESIAN_POINT('',(-1.394199779,0.784988519,0.552));
#4654=(BOUNDED_SURFACE()
B_SPLINE_SURFACE(1,2,((#4640,#4641,#4642,#4643,#4644,#4645,#4646),(#4647,#4648,#4649,#4650,#4651,#4652,#4653)),.UNSPECIFIED.,.F.,.F.,.U.)
B_SPLINE_SURFACE_WITH_KNOTS((2,2),(3,2,2,3),(0.,0.146666667),(0.158654836,0.25,0.5,0.652894192),.UNSPECIFIED.)
GEOMETRIC_REPRESENTATION_ITEM()
RATIONAL_B_SPLINE_SURFACE(((0.997766892,0.998240592,1.,0.995184727,1.,0.997055091,0.997712258),(0.997766892,0.998240592,1.,0.995184727,1.,0.997055091,0.997712258)))
REPRESENTATION_ITEM('')
SURFACE()
);
#4655=ORIENTED_EDGE('',*,*,#1222,.F.);
#4656=ORIENTED_EDGE('',*,*,#896,.F.);
#4657=ORIENTED_EDGE('',*,*,#4632,.F.);
#4658=ORIENTED_EDGE('',*,*,#393,.F.);
#4659=EDGE_LOOP('',(#4655,#4656,#4657,#4658));
#4660=FACE_BOUND('',#4659,.T.);
#4661=ADVANCED_FACE('',(#4660),#4654,.T.);
#4662=CARTESIAN_POINT('',(-1.294427191,-0.940456404,1.1));
#4663=CARTESIAN_POINT('',(-1.387054062,-0.812966453,0.9614));
#4664=CARTESIAN_POINT('',(-1.453029078,-0.66985558,0.8228));
#4665=CARTESIAN_POINT('',(-1.517466756,-0.530079451,0.687429633));
#4666=CARTESIAN_POINT('',(-1.554077445,-0.380582836,0.552000041));
#4667=CARTESIAN_POINT('',(-1.223233695,-0.888731301,1.1));
#4668=CARTESIAN_POINT('',(-1.310766089,-0.768253298,0.9614));
#4669=CARTESIAN_POINT('',(-1.373112479,-0.633013523,0.8228));
#4670=CARTESIAN_POINT('',(-1.434006084,-0.500925081,0.687429633));
#4671=CARTESIAN_POINT('',(-1.468603185,-0.35965078,0.552000041));
#4672=(BOUNDED_SURFACE()
B_SPLINE_SURFACE(1,2,((#4662,#4663,#4664,#4665,#4666),(#4667,#4668,#4669,#4670,#4671)),.UNSPECIFIED.,.F.,.F.,.U.)
B_SPLINE_SURFACE_WITH_KNOTS((2,2),(3,2,3),(0.853333333,1.),(0.,0.25,0.494201945),.UNSPECIFIED.)
GEOMETRIC_REPRESENTATION_ITEM()
RATIONAL_B_SPLINE_SURFACE(((1.,0.995184727,1.,0.995296404,0.999781826),(1.,0.995184727,1.,0.995296404,0.999781826)))
REPRESENTATION_ITEM('')
SURFACE()
);
#4673=ORIENTED_EDGE('',*,*,#463,.T.);
#4674=CARTESIAN_POINT('',(-1.223233695,-0.888731301,1.1));
#4675=CARTESIAN_POINT('',(-1.310766089,-0.768253298,0.9614));
#4676=CARTESIAN_POINT('',(-1.373112479,-0.633013523,0.8228));
#4677=CARTESIAN_POINT('',(-1.434006094,-0.500925061,0.687429612));
#4678=CARTESIAN_POINT('',(-1.468603196,-0.359650737,0.552));
#4679=(BOUNDED_CURVE()
B_SPLINE_CURVE(2,(#4674,#4675,#4676,#4677,#4678),.UNSPECIFIED.,.F.,.F.)
B_SPLINE_CURVE_WITH_KNOTS((3,2,3),(0.,0.25,0.494201982),.UNSPECIFIED.)
CURVE()
GEOMETRIC_REPRESENTATION_ITEM()
RATIONAL_B_SPLINE_CURVE((1.,0.995184727,1.,0.995296403,0.999781828))
REPRESENTATION_ITEM(''));
#4680=EDGE_CURVE('',#440,#800,#4679,.T.);
#4681=ORIENTED_EDGE('',*,*,#4680,.T.);
#4682=ORIENTED_EDGE('',*,*,#806,.F.);
#4683=ORIENTED_EDGE('',*,*,#1175,.F.);
#4684=EDGE_LOOP('',(#4673,#4681,#4682,#4683));
#4685=FACE_BOUND('',#4684,.T.);
#4686=ADVANCED_FACE('',(#4685),#4672,.T.);
#4687=CARTESIAN_POINT('',(-1.223233695,-0.888731301,1.1));
#4688=CARTESIAN_POINT('',(-1.310766089,-0.768253298,0.9614));
#4689=CARTESIAN_POINT('',(-1.373112479,-0.633013523,0.8228));
#4690=CARTESIAN_POINT('',(-1.435458869,-0.497773748,0.6842));
#4691=CARTESIAN_POINT('',(-1.47022332,-0.35296939,0.5456));
#4692=CARTESIAN_POINT('',(-1.496029853,-0.245477441,0.442713703));
#4693=CARTESIAN_POINT('',(-1.505927486,-0.135375065,0.339447624));
#4694=CARTESIAN_POINT('',(-1.080846704,-0.785281097,1.1));
#4695=CARTESIAN_POINT('',(-1.158190142,-0.678826988,0.9614));
#4696=CARTESIAN_POINT('',(-1.21327928,-0.559329409,0.8228));
#4697=CARTESIAN_POINT('',(-1.268368419,-0.43983183,0.6842));
#4698=CARTESIAN_POINT('',(-1.299086214,-0.311883006,0.5456));
#4699=CARTESIAN_POINT('',(-1.321888812,-0.216903347,0.442713703));
#4700=CARTESIAN_POINT('',(-1.330634339,-0.119617121,0.339447624));
#4701=CARTESIAN_POINT('',(-1.080846704,-0.785281097,1.276));
#4702=CARTESIAN_POINT('',(-1.158190142,-0.678826988,1.1374));
#4703=CARTESIAN_POINT('',(-1.21327928,-0.559329409,0.9988));
#4704=CARTESIAN_POINT('',(-1.268368419,-0.43983183,0.8602));
#4705=CARTESIAN_POINT('',(-1.299086214,-0.311883006,0.7216));
#4706=CARTESIAN_POINT('',(-1.321888812,-0.216903347,0.618713703));
#4707=CARTESIAN_POINT('',(-1.330634339,-0.119617121,0.515447624));
#4708=CARTESIAN_POINT('',(-1.223233695,-0.888731301,1.276));
#4709=CARTESIAN_POINT('',(-1.310766089,-0.768253298,1.1374));
#4710=CARTESIAN_POINT('',(-1.373112479,-0.633013523,0.9988));
#4711=CARTESIAN_POINT('',(-1.435458869,-0.497773748,0.8602));
#4712=CARTESIAN_POINT('',(-1.47022332,-0.35296939,0.7216));
#4713=CARTESIAN_POINT('',(-1.496029853,-0.245477441,0.618713703));
#4714=CARTESIAN_POINT('',(-1.505927486,-0.135375065,0.515447624));
#4715=(BOUNDED_SURFACE()
B_SPLINE_SURFACE(3,2,((#4687,#4688,#4689,#4690,#4691,#4692,#4693),(#4694,#4695,#4696,#4697,#4698,#4699,#4700),(#4701,#4702,#4703,#4704,#4705,#4706,#4707),(#4708,#4709,#4710,#4711,#4712,#4713,#4714)),.UNSPECIFIED.,.F.,.F.,.U.)
B_SPLINE_SURFACE_WITH_KNOTS((4,4),(3,2,2,3),(0.,1.),(0.,0.25,0.5,0.685811894),.UNSPECIFIED.)
GEOMETRIC_REPRESENTATION_ITEM()
RATIONAL_B_SPLINE_SURFACE(((1.,0.995184727,1.,0.995184727,1.,0.99642106,0.998162197),(0.333333333,0.331728242,0.333333333,0.331728242,0.333333333,0.332140353,0.332720732),(0.333333333,0.331728242,0.333333333,0.331728242,0.333333333,0.332140353,0.332720732),(1.,0.995184727,1.,0.995184727,1.,0.99642106,0.998162197)))
REPRESENTATION_ITEM('')
SURFACE()
);
#4716=CARTESIAN_POINT('',(-1.324219785,-0.729784874,1.1));
#4717=CARTESIAN_POINT('',(-1.35040205,-0.682276252,1.049286732));
#4718=CARTESIAN_POINT('',(-1.373112479,-0.633013523,0.9988));
#4719=CARTESIAN_POINT('',(-1.435458869,-0.497773748,0.8602));
#4720=CARTESIAN_POINT('',(-1.47022332,-0.35296939,0.7216));
#4721=CARTESIAN_POINT('',(-1.491444566,-0.264576536,0.636994469));
#4722=CARTESIAN_POINT('',(-1.50192251,-0.174277861,0.552));
#4723=(BOUNDED_CURVE()
B_SPLINE_CURVE(2,(#4716,#4717,#4718,#4719,#4720,#4721,#4722),.UNSPECIFIED.,.F.,.F.)
B_SPLINE_CURVE_WITH_KNOTS((3,2,2,3),(0.158654836,0.25,0.5,0.652894192),.UNSPECIFIED.)
CURVE()
GEOMETRIC_REPRESENTATION_ITEM()
RATIONAL_B_SPLINE_CURVE((0.997766892,0.998240592,1.,0.995184727,1.,0.997055091,0.997712258))
REPRESENTATION_ITEM(''));
#4724=EDGE_CURVE('',#431,#809,#4723,.T.);
#4725=ORIENTED_EDGE('',*,*,#4724,.T.);
#4726=ORIENTED_EDGE('',*,*,#833,.F.);
#4727=ORIENTED_EDGE('',*,*,#4680,.F.);
#4728=ORIENTED_EDGE('',*,*,#455,.F.);
#4729=EDGE_LOOP('',(#4725,#4726,#4727,#4728));
#4730=FACE_BOUND('',#4729,.T.);
#4731=ADVANCED_FACE('',(#4730),#4715,.T.);
#4732=CARTESIAN_POINT('',(-1.324219785,-0.729784874,1.1));
#4733=CARTESIAN_POINT('',(-1.35040205,-0.682276252,1.049286732));
#4734=CARTESIAN_POINT('',(-1.373112479,-0.633013523,0.9988));
#4735=CARTESIAN_POINT('',(-1.435458869,-0.497773748,0.8602));
#4736=CARTESIAN_POINT('',(-1.47022332,-0.35296939,0.7216));
#4737=CARTESIAN_POINT('',(-1.491444566,-0.264576536,0.636994469));
#4738=CARTESIAN_POINT('',(-1.50192251,-0.174277861,0.552));
#4739=CARTESIAN_POINT('',(-1.401290777,-0.772259126,1.1));
#4740=CARTESIAN_POINT('',(-1.428996878,-0.721985452,1.049286732));
#4741=CARTESIAN_POINT('',(-1.453029078,-0.66985558,0.9988));
#4742=CARTESIAN_POINT('',(-1.519004094,-0.526744707,0.8602));
#4743=CARTESIAN_POINT('',(-1.555791873,-0.373512582,0.7216));
#4744=CARTESIAN_POINT('',(-1.578248218,-0.27997517,0.636994469));
#4745=CARTESIAN_POINT('',(-1.58933599,-0.184421017,0.552));
#4746=(BOUNDED_SURFACE()
B_SPLINE_SURFACE(1,2,((#4732,#4733,#4734,#4735,#4736,#4737,#4738),(#4739,#4740,#4741,#4742,#4743,#4744,#4745)),.UNSPECIFIED.,.F.,.F.,.U.)
B_SPLINE_SURFACE_WITH_KNOTS((2,2),(3,2,2,3),(0.,0.146666667),(0.158654836,0.25,0.5,0.652894192),.UNSPECIFIED.)
GEOMETRIC_REPRESENTATION_ITEM()
RATIONAL_B_SPLINE_SURFACE(((0.997766892,0.998240592,1.,0.995184727,1.,0.997055091,0.997712258),(0.997766892,0.998240592,1.,0.995184727,1.,0.997055091,0.997712258)))
REPRESENTATION_ITEM('')
SURFACE()
);
#4747=ORIENTED_EDGE('',*,*,#1194,.F.);
#4748=ORIENTED_EDGE('',*,*,#842,.F.);
#4749=ORIENTED_EDGE('',*,*,#4724,.F.);
#4750=ORIENTED_EDGE('',*,*,#437,.F.);
#4751=EDGE_LOOP('',(#4747,#4748,#4749,#4750));
#4752=FACE_BOUND('',#4751,.T.);
#4753=ADVANCED_FACE('',(#4752),#4746,.T.);
#4754=CARTESIAN_POINT('',(-0.494427191,-1.521690426,1.1));
#4755=CARTESIAN_POINT('',(-0.644300617,-1.472993598,0.9614));
#4756=CARTESIAN_POINT('',(-0.781793986,-1.395993611,0.8228));
#4757=CARTESIAN_POINT('',(-0.916083517,-1.320787861,0.687429626));
#4758=CARTESIAN_POINT('',(-1.033574097,-1.221361775,0.552000027));
#4759=CARTESIAN_POINT('',(-0.467233695,-1.437997453,1.1));
#4760=CARTESIAN_POINT('',(-0.608864083,-1.39197895,0.9614));
#4761=CARTESIAN_POINT('',(-0.738795317,-1.319213963,0.8228));
#4762=CARTESIAN_POINT('',(-0.865698923,-1.248144528,0.687429626));
#4763=CARTESIAN_POINT('',(-0.976727522,-1.154186878,0.552000027));
#4764=(BOUNDED_SURFACE()
B_SPLINE_SURFACE(1,2,((#4754,#4755,#4756,#4757,#4758),(#4759,#4760,#4761,#4762,#4763)),.UNSPECIFIED.,.F.,.F.,.U.)
B_SPLINE_SURFACE_WITH_KNOTS((2,2),(3,2,3),(0.853333333,1.),(0.,0.25,0.494201957),.UNSPECIFIED.)
GEOMETRIC_REPRESENTATION_ITEM()
RATIONAL_B_SPLINE_SURFACE(((1.,0.995184727,1.,0.995296403,0.999781827),(1.,0.995184727,1.,0.995296403,0.999781827)))
REPRESENTATION_ITEM('')
SURFACE()
);
#4765=ORIENTED_EDGE('',*,*,#507,.T.);
#4766=CARTESIAN_POINT('',(-0.467233695,-1.437997453,1.1));
#4767=CARTESIAN_POINT('',(-0.608864083,-1.39197895,0.9614));
#4768=CARTESIAN_POINT('',(-0.738795317,-1.319213963,0.8228));
#4769=CARTESIAN_POINT('',(-0.865698936,-1.248144521,0.687429612));
#4770=CARTESIAN_POINT('',(-0.976727544,-1.154186859,0.552));
#4771=(BOUNDED_CURVE()
B_SPLINE_CURVE(2,(#4766,#4767,#4768,#4769,#4770),.UNSPECIFIED.,.F.,.F.)
B_SPLINE_CURVE_WITH_KNOTS((3,2,3),(0.,0.25,0.494201982),.UNSPECIFIED.)
CURVE()
GEOMETRIC_REPRESENTATION_ITEM()
RATIONAL_B_SPLINE_CURVE((1.,0.995184727,1.,0.995296403,0.999781828))
REPRESENTATION_ITEM(''));
#4772=EDGE_CURVE('',#484,#746,#4771,.T.);
#4773=ORIENTED_EDGE('',*,*,#4772,.T.);
#4774=ORIENTED_EDGE('',*,*,#752,.F.);
#4775=ORIENTED_EDGE('',*,*,#1147,.F.);
#4776=EDGE_LOOP('',(#4765,#4773,#4774,#4775));
#4777=FACE_BOUND('',#4776,.T.);
#4778=ADVANCED_FACE('',(#4777),#4764,.T.);
#4779=CARTESIAN_POINT('',(-0.467233695,-1.437997453,1.1));
#4780=CARTESIAN_POINT('',(-0.608864083,-1.39197895,0.9614));
#4781=CARTESIAN_POINT('',(-0.738795317,-1.319213963,0.8228));
#4782=CARTESIAN_POINT('',(-0.868726552,-1.246448975,0.6842));
#4783=CARTESIAN_POINT('',(-0.981965449,-1.14973382,0.5456));
#4784=CARTESIAN_POINT('',(-1.066025556,-1.077939706,0.442713703));
#4785=CARTESIAN_POINT('',(-1.138749461,-0.994682695,0.339447624));
#4786=CARTESIAN_POINT('',(-0.412846704,-1.270611506,1.1));
#4787=CARTESIAN_POINT('',(-0.537991015,-1.229949654,0.9614));
#4788=CARTESIAN_POINT('',(-0.652797979,-1.165654665,0.8228));
#4789=CARTESIAN_POINT('',(-0.767604942,-1.101359676,0.6842));
#4790=CARTESIAN_POINT('',(-0.867662593,-1.01590237,0.5456));
#4791=CARTESIAN_POINT('',(-0.941937925,-0.952465243,0.442713703));
#4792=CARTESIAN_POINT('',(-1.006196614,-0.878899524,0.339447624));
#4793=CARTESIAN_POINT('',(-0.412846704,-1.270611506,1.276));
#4794=CARTESIAN_POINT('',(-0.537991015,-1.229949654,1.1374));
#4795=CARTESIAN_POINT('',(-0.652797979,-1.165654665,0.9988));
#4796=CARTESIAN_POINT('',(-0.767604942,-1.101359676,0.8602));
#4797=CARTESIAN_POINT('',(-0.867662593,-1.01590237,0.7216));
#4798=CARTESIAN_POINT('',(-0.941937925,-0.952465243,0.618713703));
#4799=CARTESIAN_POINT('',(-1.006196614,-0.878899524,0.515447624));
#4800=CARTESIAN_POINT('',(-0.467233695,-1.437997453,1.276));
#4801=CARTESIAN_POINT('',(-0.608864083,-1.39197895,1.1374));
#4802=CARTESIAN_POINT('',(-0.738795317,-1.319213963,0.9988));
#4803=CARTESIAN_POINT('',(-0.868726552,-1.246448975,0.8602));
#4804=CARTESIAN_POINT('',(-0.981965449,-1.14973382,0.7216));
#4805=CARTESIAN_POINT('',(-1.066025556,-1.077939706,0.618713703));
#4806=CARTESIAN_POINT('',(-1.138749461,-0.994682695,0.515447624));
#4807=(BOUNDED_SURFACE()
B_SPLINE_SURFACE(3,2,((#4779,#4780,#4781,#4782,#4783,#4784,#4785),(#4786,#4787,#4788,#4789,#4790,#4791,#4792),(#4793,#4794,#4795,#4796,#4797,#4798,#4799),(#4800,#4801,#4802,#4803,#4804,#4805,#4806)),.UNSPECIFIED.,.F.,.F.,.U.)
B_SPLINE_SURFACE_WITH_KNOTS((4,4),(3,2,2,3),(0.,1.),(0.,0.25,0.5,0.685811894),.UNSPECIFIED.)
GEOMETRIC_REPRESENTATION_ITEM()
RATIONAL_B_SPLINE_SURFACE(((1.,0.995184727,1.,0.995184727,1.,0.99642106,0.998162197),(0.333333333,0.331728242,0.333333333,0.331728242,0.333333333,0.332140353,0.332720732),(0.333333333,0.331728242,0.333333333,0.331728242,0.333333333,0.332140353,0.332720732),(1.,0.995184727,1.,0.995184727,1.,0.99642106,0.998162197)))
REPRESENTATION_ITEM('')
SURFACE()
);
#4808=CARTESIAN_POINT('',(-0.642359524,-1.368765225,1.1));
#4809=CARTESIAN_POINT('',(-0.691466288,-1.345719492,1.049286732));
#4810=CARTESIAN_POINT('',(-0.738795317,-1.319213963,0.9988));
#4811=CARTESIAN_POINT('',(-0.868726552,-1.246448975,0.8602));
#4812=CARTESIAN_POINT('',(-0.981965449,-1.14973382,0.7216));
#4813=CARTESIAN_POINT('',(-1.051089815,-1.090696034,0.636994469));
#4814=CARTESIAN_POINT('',(-1.112642879,-1.023801653,0.552));
#4815=(BOUNDED_CURVE()
B_SPLINE_CURVE(2,(#4808,#4809,#4810,#4811,#4812,#4813,#4814),.UNSPECIFIED.,.F.,.F.)
B_SPLINE_CURVE_WITH_KNOTS((3,2,2,3),(0.158654836,0.25,0.5,0.652894192),.UNSPECIFIED.)
CURVE()
GEOMETRIC_REPRESENTATION_ITEM()
RATIONAL_B_SPLINE_CURVE((0.997766892,0.998240592,1.,0.995184727,1.,0.997055091,0.997712258))
REPRESENTATION_ITEM(''));
#4816=EDGE_CURVE('',#475,#755,#4815,.T.);
#4817=ORIENTED_EDGE('',*,*,#4816,.T.);
#4818=ORIENTED_EDGE('',*,*,#779,.F.);
#4819=ORIENTED_EDGE('',*,*,#4772,.F.);
#4820=ORIENTED_EDGE('',*,*,#499,.F.);
#4821=EDGE_LOOP('',(#4817,#4818,#4819,#4820));
#4822=FACE_BOUND('',#4821,.T.);
#4823=ADVANCED_FACE('',(#4822),#4807,.T.);
#4824=CARTESIAN_POINT('',(-0.642359524,-1.368765225,1.1));
#4825=CARTESIAN_POINT('',(-0.691466288,-1.345719492,1.049286732));
#4826=CARTESIAN_POINT('',(-0.738795317,-1.319213963,0.9988));
#4827=CARTESIAN_POINT('',(-0.868726552,-1.246448975,0.8602));
#4828=CARTESIAN_POINT('',(-0.981965449,-1.14973382,0.7216));
#4829=CARTESIAN_POINT('',(-1.051089815,-1.090696034,0.636994469));
#4830=CARTESIAN_POINT('',(-1.112642879,-1.023801653,0.552));
#4831=CARTESIAN_POINT('',(-0.679745528,-1.44842881,1.1));
#4832=CARTESIAN_POINT('',(-0.731710358,-1.424041791,1.049286732));
#4833=CARTESIAN_POINT('',(-0.781793986,-1.395993611,0.9988));
#4834=CARTESIAN_POINT('',(-0.919287356,-1.318993624,0.8602));
#4835=CARTESIAN_POINT('',(-1.039116877,-1.216649545,0.7216));
#4836=CARTESIAN_POINT('',(-1.112264354,-1.154175698,0.636994469));
#4837=CARTESIAN_POINT('',(-1.177399872,-1.083387992,0.552));
#4838=(BOUNDED_SURFACE()
B_SPLINE_SURFACE(1,2,((#4824,#4825,#4826,#4827,#4828,#4829,#4830),(#4831,#4832,#4833,#4834,#4835,#4836,#4837)),.UNSPECIFIED.,.F.,.F.,.U.)
B_SPLINE_SURFACE_WITH_KNOTS((2,2),(3,2,2,3),(0.,0.146666667),(0.158654836,0.25,0.5,0.652894192),.UNSPECIFIED.)
GEOMETRIC_REPRESENTATION_ITEM()
RATIONAL_B_SPLINE_SURFACE(((0.997766892,0.998240592,1.,0.995184727,1.,0.997055091,0.997712258),(0.997766892,0.998240592,1.,0.995184727,1.,0.997055091,0.997712258)))
REPRESENTATION_ITEM('')
SURFACE()
);
#4839=ORIENTED_EDGE('',*,*,#1166,.F.);
#4840=ORIENTED_EDGE('',*,*,#788,.F.);
#4841=ORIENTED_EDGE('',*,*,#4816,.F.);
#4842=ORIENTED_EDGE('',*,*,#481,.F.);
#4843=EDGE_LOOP('',(#4839,#4840,#4841,#4842));
#4844=FACE_BOUND('',#4843,.T.);
#4845=ADVANCED_FACE('',(#4844),#4838,.T.);
#4846=CARTESIAN_POINT('',(0.494427191,-1.521690426,1.1));
#4847=CARTESIAN_POINT('',(0.344553765,-1.570387254,0.9614));
#4848=CARTESIAN_POINT('',(0.188059836,-1.588909531,0.8228));
#4849=CARTESIAN_POINT('',(0.0352125,-1.607000205,0.687429633));
#4850=CARTESIAN_POINT('',(-0.118280555,-1.595622045,0.552000041));
#4851=CARTESIAN_POINT('',(0.467233695,-1.437997453,1.1));
#4852=CARTESIAN_POINT('',(0.325603308,-1.484015955,0.9614));
#4853=CARTESIAN_POINT('',(0.177716545,-1.501519507,0.8228));
#4854=CARTESIAN_POINT('',(0.033275813,-1.518615194,0.687429633));
#4855=CARTESIAN_POINT('',(-0.111775124,-1.507862832,0.552000041));
#4856=(BOUNDED_SURFACE()
B_SPLINE_SURFACE(1,2,((#4846,#4847,#4848,#4849,#4850),(#4851,#4852,#4853,#4854,#4855)),.UNSPECIFIED.,.F.,.F.,.U.)
B_SPLINE_SURFACE_WITH_KNOTS((2,2),(3,2,3),(0.853333333,1.),(0.,0.25,0.494201945),.UNSPECIFIED.)
GEOMETRIC_REPRESENTATION_ITEM()
RATIONAL_B_SPLINE_SURFACE(((1.,0.995184727,1.,0.995296404,0.999781826),(1.,0.995184727,1.,0.995296404,0.999781826)))
REPRESENTATION_ITEM('')
SURFACE()
);
#4857=ORIENTED_EDGE('',*,*,#549,.T.);
#4858=CARTESIAN_POINT('',(0.467233695,-1.437997453,1.1));
#4859=CARTESIAN_POINT('',(0.325603308,-1.484015955,0.9614));
#4860=CARTESIAN_POINT('',(0.177716545,-1.501519507,0.8228));
#4861=CARTESIAN_POINT('',(0.033275791,-1.518615197,0.687429612));
#4862=CARTESIAN_POINT('',(-0.111775168,-1.507862829,0.552));
#4863=(BOUNDED_CURVE()
B_SPLINE_CURVE(2,(#4858,#4859,#4860,#4861,#4862),.UNSPECIFIED.,.F.,.F.)
B_SPLINE_CURVE_WITH_KNOTS((3,2,3),(0.,0.25,0.494201982),.UNSPECIFIED.)
CURVE()
GEOMETRIC_REPRESENTATION_ITEM()
RATIONAL_B_SPLINE_CURVE((1.,0.995184727,1.,0.995296403,0.999781828))
REPRESENTATION_ITEM(''));
#4864=EDGE_CURVE('',#528,#692,#4863,.T.);
#4865=ORIENTED_EDGE('',*,*,#4864,.T.);
#4866=ORIENTED_EDGE('',*,*,#698,.F.);
#4867=ORIENTED_EDGE('',*,*,#118,.F.);
#4868=EDGE_LOOP('',(#4857,#4865,#4866,#4867));
#4869=FACE_BOUND('',#4868,.T.);
#4870=ADVANCED_FACE('',(#4869),#4856,.T.);
#4871=CARTESIAN_POINT('',(0.467233695,-1.437997453,1.1));
#4872=CARTESIAN_POINT('',(0.325603308,-1.484015955,0.9614));
#4873=CARTESIAN_POINT('',(0.177716545,-1.501519507,0.8228));
#4874=CARTESIAN_POINT('',(0.029829782,-1.519023059,0.6842));
#4875=CARTESIAN_POINT('',(-0.118630153,-1.507339009,0.5456));
#4876=CARTESIAN_POINT('',(-0.228835729,-1.498665642,0.442713703));
#4877=CARTESIAN_POINT('',(-0.336607848,-1.474055344,0.339447624));
#4878=CARTESIAN_POINT('',(0.412846704,-1.270611506,1.1));
#4879=CARTESIAN_POINT('',(0.287702394,-1.311273357,0.9614));
#4880=CARTESIAN_POINT('',(0.157029963,-1.326739458,0.8228));
#4881=CARTESIAN_POINT('',(0.026357532,-1.34220556,0.6842));
#4882=CARTESIAN_POINT('',(-0.104821352,-1.331881558,0.5456));
#4883=CARTESIAN_POINT('',(-0.202198766,-1.324217789,0.442713703));
#4884=CARTESIAN_POINT('',(-0.297425982,-1.302472182,0.339447624));
#4885=CARTESIAN_POINT('',(0.412846704,-1.270611506,1.276));
#4886=CARTESIAN_POINT('',(0.287702394,-1.311273357,1.1374));
#4887=CARTESIAN_POINT('',(0.157029963,-1.326739458,0.9988));
#4888=CARTESIAN_POINT('',(0.026357532,-1.34220556,0.8602));
#4889=CARTESIAN_POINT('',(-0.104821352,-1.331881558,0.7216));
#4890=CARTESIAN_POINT('',(-0.202198766,-1.324217789,0.618713703));
#4891=CARTESIAN_POINT('',(-0.297425982,-1.302472182,0.515447624));
#4892=CARTESIAN_POINT('',(0.467233695,-1.437997453,1.276));
#4893=CARTESIAN_POINT('',(0.325603308,-1.484015955,1.1374));
#4894=CARTESIAN_POINT('',(0.177716545,-1.501519507,0.9988));
#4895=CARTESIAN_POINT('',(0.029829782,-1.519023059,0.8602));
#4896=CARTESIAN_POINT('',(-0.118630153,-1.507339009,0.7216));
#4897=CARTESIAN_POINT('',(-0.228835729,-1.498665642,0.618713703));
#4898=CARTESIAN_POINT('',(-0.336607848,-1.474055344,0.515447624));
#4899=(BOUNDED_SURFACE()
B_SPLINE_SURFACE(3,2,((#4871,#4872,#4873,#4874,#4875,#4876,#4877),(#4878,#4879,#4880,#4881,#4882,#4883,#4884),(#4885,#4886,#4887,#4888,#4889,#4890,#4891),(#4892,#4893,#4894,#4895,#4896,#4897,#4898)),.UNSPECIFIED.,.F.,.F.,.U.)
B_SPLINE_SURFACE_WITH_KNOTS((4,4),(3,2,2,3),(0.,1.),(0.,0.25,0.5,0.685811894),.UNSPECIFIED.)
GEOMETRIC_REPRESENTATION_ITEM()
RATIONAL_B_SPLINE_SURFACE(((1.,0.995184727,1.,0.995184727,1.,0.99642106,0.998162197),(0.333333333,0.331728242,0.333333333,0.331728242,0.333333333,0.332140353,0.332720732),(0.333333333,0.331728242,0.333333333,0.331728242,0.333333333,0.332140353,0.332720732),(1.,0.995184727,1.,0.995184727,1.,0.99642106,0.998162197)))
REPRESENTATION_ITEM('')
SURFACE()
);
#4900=CARTESIAN_POINT('',(0.284860242,-1.484923783,1.1));
#4901=CARTESIAN_POINT('',(0.231586093,-1.495143626,1.049286732));
#4902=CARTESIAN_POINT('',(0.177716545,-1.501519507,0.9988));
#4903=CARTESIAN_POINT('',(0.029829782,-1.519023059,0.8602));
#4904=CARTESIAN_POINT('',(-0.118630153,-1.507339009,0.7216));
#4905=CARTESIAN_POINT('',(-0.209254479,-1.500206719,0.636994469));
#4906=CARTESIAN_POINT('',(-0.298371485,-1.482268011,0.552));
#4907=(BOUNDED_CURVE()
B_SPLINE_CURVE(2,(#4900,#4901,#4902,#4903,#4904,#4905,#4906),.UNSPECIFIED.,.F.,.F.)
B_SPLINE_CURVE_WITH_KNOTS((3,2,2,3),(0.158654836,0.25,0.5,0.652894192),.UNSPECIFIED.)
CURVE()
GEOMETRIC_REPRESENTATION_ITEM()
RATIONAL_B_SPLINE_CURVE((0.997766892,0.998240592,1.,0.995184727,1.,0.997055091,0.997712258))
REPRESENTATION_ITEM(''));
#4908=EDGE_CURVE('',#519,#701,#4907,.T.);
#4909=ORIENTED_EDGE('',*,*,#4908,.T.);
#4910=ORIENTED_EDGE('',*,*,#725,.F.);
#4911=ORIENTED_EDGE('',*,*,#4864,.F.);
#4912=ORIENTED_EDGE('',*,*,#543,.F.);
#4913=EDGE_LOOP('',(#4909,#4910,#4911,#4912));
#4914=FACE_BOUND('',#4913,.T.);
#4915=ADVANCED_FACE('',(#4914),#4899,.T.);
#4916=CARTESIAN_POINT('',(0.284860242,-1.484923783,1.1));
#4917=CARTESIAN_POINT('',(0.231586093,-1.495143626,1.049286732));
#4918=CARTESIAN_POINT('',(0.177716545,-1.501519507,0.9988));
#4919=CARTESIAN_POINT('',(0.029829782,-1.519023059,0.8602));
#4920=CARTESIAN_POINT('',(-0.118630153,-1.507339009,0.7216));
#4921=CARTESIAN_POINT('',(-0.209254479,-1.500206719,0.636994469));
#4922=CARTESIAN_POINT('',(-0.298371485,-1.482268011,0.552));
#4923=CARTESIAN_POINT('',(0.301439409,-1.571347919,1.1));
#4924=CARTESIAN_POINT('',(0.245064649,-1.582162567,1.049286732));
#4925=CARTESIAN_POINT('',(0.188059836,-1.588909531,0.9988));
#4926=CARTESIAN_POINT('',(0.031565906,-1.607431808,0.8602));
#4927=CARTESIAN_POINT('',(-0.125534553,-1.595067734,0.7216));
#4928=CARTESIAN_POINT('',(-0.221433311,-1.587520338,0.636994469));
#4929=CARTESIAN_POINT('',(-0.315737021,-1.568537578,0.552));
#4930=(BOUNDED_SURFACE()
B_SPLINE_SURFACE(1,2,((#4916,#4917,#4918,#4919,#4920,#4921,#4922),(#4923,#4924,#4925,#4926,#4927,#4928,#4929)),.UNSPECIFIED.,.F.,.F.,.U.)
B_SPLINE_SURFACE_WITH_KNOTS((2,2),(3,2,2,3),(0.,0.146666667),(0.158654836,0.25,0.5,0.652894192),.UNSPECIFIED.)
GEOMETRIC_REPRESENTATION_ITEM()
RATIONAL_B_SPLINE_SURFACE(((0.997766892,0.998240592,1.,0.995184727,1.,0.997055091,0.997712258),(0.997766892,0.998240592,1.,0.995184727,1.,0.997055091,0.997712258)))
REPRESENTATION_ITEM('')
SURFACE()
);
#4931=ORIENTED_EDGE('',*,*,#1138,.F.);
#4932=ORIENTED_EDGE('',*,*,#734,.F.);
#4933=ORIENTED_EDGE('',*,*,#4908,.F.);
#4934=ORIENTED_EDGE('',*,*,#525,.F.);
#4935=EDGE_LOOP('',(#4931,#4932,#4933,#4934));
#4936=FACE_BOUND('',#4935,.T.);
#4937=ADVANCED_FACE('',(#4936),#4930,.T.);
#4938=CARTESIAN_POINT('',(1.294427191,-0.940456404,1.1));
#4939=CARTESIAN_POINT('',(1.20180032,-1.067946354,0.9614));
#4940=CARTESIAN_POINT('',(1.086081193,-1.174916015,0.8228));
#4941=CARTESIAN_POINT('',(0.973058527,-1.279393093,0.687429626));
#4942=CARTESIAN_POINT('',(0.842192114,-1.360408925,0.552000027));
#4943=CARTESIAN_POINT('',(1.223233695,-0.888731301,1.1));
#4944=CARTESIAN_POINT('',(1.135701302,-1.009209305,0.9614));
#4945=CARTESIAN_POINT('',(1.026346727,-1.110295634,0.8228));
#4946=CARTESIAN_POINT('',(0.919540308,-1.209026473,0.687429626));
#4947=CARTESIAN_POINT('',(0.795871548,-1.285586434,0.552000027));
#4948=(BOUNDED_SURFACE()
B_SPLINE_SURFACE(1,2,((#4938,#4939,#4940,#4941,#4942),(#4943,#4944,#4945,#4946,#4947)),.UNSPECIFIED.,.F.,.F.,.U.)
B_SPLINE_SURFACE_WITH_KNOTS((2,2),(3,2,3),(0.853333333,1.),(0.,0.25,0.494201957),.UNSPECIFIED.)
GEOMETRIC_REPRESENTATION_ITEM()
RATIONAL_B_SPLINE_SURFACE(((1.,0.995184727,1.,0.995296403,0.999781827),(1.,0.995184727,1.,0.995296403,0.999781827)))
REPRESENTATION_ITEM('')
SURFACE()
);
#4949=ORIENTED_EDGE('',*,*,#163,.T.);
#4950=CARTESIAN_POINT('',(1.223233695,-0.888731301,1.1));
#4951=CARTESIAN_POINT('',(1.135701302,-1.009209305,0.9614));
#4952=CARTESIAN_POINT('',(1.026346727,-1.110295634,0.8228));
#4953=CARTESIAN_POINT('',(0.919540297,-1.209026483,0.687429612));
#4954=CARTESIAN_POINT('',(0.795871523,-1.28558645,0.552));
#4955=(BOUNDED_CURVE()
B_SPLINE_CURVE(2,(#4950,#4951,#4952,#4953,#4954),.UNSPECIFIED.,.F.,.F.)
B_SPLINE_CURVE_WITH_KNOTS((3,2,3),(0.,0.25,0.494201982),.UNSPECIFIED.)
CURVE()
GEOMETRIC_REPRESENTATION_ITEM()
RATIONAL_B_SPLINE_CURVE((1.,0.995184727,1.,0.995296403,0.999781828))
REPRESENTATION_ITEM(''));
#4956=EDGE_CURVE('',#142,#648,#4955,.T.);
#4957=ORIENTED_EDGE('',*,*,#4956,.T.);
#4958=ORIENTED_EDGE('',*,*,#654,.F.);
#4959=ORIENTED_EDGE('',*,*,#51,.F.);
#4960=EDGE_LOOP('',(#4949,#4957,#4958,#4959));
#4961=FACE_BOUND('',#4960,.T.);
#4962=ADVANCED_FACE('',(#4961),#4948,.T.);
#4963=CARTESIAN_POINT('',(1.223233695,-0.888731301,1.1));
#4964=CARTESIAN_POINT('',(1.135701302,-1.009209305,0.9614));
#4965=CARTESIAN_POINT('',(1.026346727,-1.110295634,0.8228));
#4966=CARTESIAN_POINT('',(0.916992152,-1.211381964,0.6842));
#4967=CARTESIAN_POINT('',(0.79001783,-1.289191929,0.5456));
#4968=CARTESIAN_POINT('',(0.695761569,-1.34695224,0.442713703));
#4969=CARTESIAN_POINT('',(0.594106523,-1.390388953,0.339447624));
#4970=CARTESIAN_POINT('',(1.080846704,-0.785281097,1.1));
#4971=CARTESIAN_POINT('',(1.003503267,-0.891735206,0.9614));
#4972=CARTESIAN_POINT('',(0.906877796,-0.981054873,0.8228));
#4973=CARTESIAN_POINT('',(0.810252325,-1.070374539,0.6842));
#4974=CARTESIAN_POINT('',(0.698058082,-1.13912726,0.5456));
#4975=CARTESIAN_POINT('',(0.61477345,-1.190164148,0.442713703));
#4976=CARTESIAN_POINT('',(0.524951266,-1.228544736,0.339447624));
#4977=CARTESIAN_POINT('',(1.080846704,-0.785281097,1.276));
#4978=CARTESIAN_POINT('',(1.003503267,-0.891735206,1.1374));
#4979=CARTESIAN_POINT('',(0.906877796,-0.981054873,0.9988));
#4980=CARTESIAN_POINT('',(0.810252325,-1.070374539,0.8602));
#4981=CARTESIAN_POINT('',(0.698058082,-1.13912726,0.7216));
#4982=CARTESIAN_POINT('',(0.61477345,-1.190164148,0.618713703));
#4983=CARTESIAN_POINT('',(0.524951266,-1.228544736,0.515447624));
#4984=CARTESIAN_POINT('',(1.223233695,-0.888731301,1.276));
#4985=CARTESIAN_POINT('',(1.135701302,-1.009209305,1.1374));
#4986=CARTESIAN_POINT('',(1.026346727,-1.110295634,0.9988));
#4987=CARTESIAN_POINT('',(0.916992152,-1.211381964,0.8602));
#4988=CARTESIAN_POINT('',(0.79001783,-1.289191929,0.7216));
#4989=CARTESIAN_POINT('',(0.695761569,-1.34695224,0.618713703));
#4990=CARTESIAN_POINT('',(0.594106523,-1.390388953,0.515447624));
#4991=(BOUNDED_SURFACE()
B_SPLINE_SURFACE(3,2,((#4963,#4964,#4965,#4966,#4967,#4968,#4969),(#4970,#4971,#4972,#4973,#4974,#4975,#4976),(#4977,#4978,#4979,#4980,#4981,#4982,#4983),(#4984,#4985,#4986,#4987,#4988,#4989,#4990)),.UNSPECIFIED.,.F.,.F.,.U.)
B_SPLINE_SURFACE_WITH_KNOTS((4,4),(3,2,2,3),(0.,1.),(0.,0.25,0.5,0.685811894),.UNSPECIFIED.)
GEOMETRIC_REPRESENTATION_ITEM()
RATIONAL_B_SPLINE_SURFACE(((1.,0.995184727,1.,0.995184727,1.,0.99642106,0.998162197),(0.333333333,0.331728242,0.333333333,0.331728242,0.333333333,0.332140353,0.332720732),(0.333333333,0.331728242,0.333333333,0.331728242,0.333333333,0.332140353,0.332720732),(1.,0.995184727,1.,0.995184727,1.,0.99642106,0.998162197)))
REPRESENTATION_ITEM('')
SURFACE()
);
#4992=CARTESIAN_POINT('',(1.103273077,-1.033891927,1.1));
#4993=CARTESIAN_POINT('',(1.066180458,-1.073473712,1.049286732));
#4994=CARTESIAN_POINT('',(1.026346727,-1.110295634,0.9988));
#4995=CARTESIAN_POINT('',(0.916992152,-1.211381964,0.8602));
#4996=CARTESIAN_POINT('',(0.79001783,-1.289191929,0.7216));
#4997=CARTESIAN_POINT('',(0.712508956,-1.336689428,0.636994469));
#4998=CARTESIAN_POINT('',(0.629867675,-1.37455837,0.552));
#4999=(BOUNDED_CURVE()
B_SPLINE_CURVE(2,(#4992,#4993,#4994,#4995,#4996,#4997,#4998),.UNSPECIFIED.,.F.,.F.)
B_SPLINE_CURVE_WITH_KNOTS((3,2,2,3),(0.158654836,0.25,0.5,0.652894192),.UNSPECIFIED.)
CURVE()
GEOMETRIC_REPRESENTATION_ITEM()
RATIONAL_B_SPLINE_CURVE((0.997766892,0.998240592,1.,0.995184727,1.,0.997055091,0.997712258))
REPRESENTATION_ITEM(''));
#5000=EDGE_CURVE('',#140,#657,#4999,.T.);
#5001=ORIENTED_EDGE('',*,*,#5000,.T.);
#5002=ORIENTED_EDGE('',*,*,#681,.F.);
#5003=ORIENTED_EDGE('',*,*,#4956,.F.);
#5004=ORIENTED_EDGE('',*,*,#157,.F.);
#5005=EDGE_LOOP('',(#5001,#5002,#5003,#5004));
#5006=FACE_BOUND('',#5005,.T.);
#5007=ADVANCED_FACE('',(#5006),#4991,.T.);
#5008=CARTESIAN_POINT('',(1.103273077,-1.033891927,1.1));
#5009=CARTESIAN_POINT('',(1.066180458,-1.073473712,1.049286732));
#5010=CARTESIAN_POINT('',(1.026346727,-1.110295634,0.9988));
#5011=CARTESIAN_POINT('',(0.916992152,-1.211381964,0.8602));
#5012=CARTESIAN_POINT('',(0.79001783,-1.289191929,0.7216));
#5013=CARTESIAN_POINT('',(0.712508956,-1.336689428,0.636994469));
#5014=CARTESIAN_POINT('',(0.629867675,-1.37455837,0.552));
#5015=CARTESIAN_POINT('',(1.167484738,-1.094065531,1.1));
#5016=CARTESIAN_POINT('',(1.128233289,-1.135951018,1.049286732));
#5017=CARTESIAN_POINT('',(1.086081193,-1.174916015,0.9988));
#5018=CARTESIAN_POINT('',(0.970362066,-1.281885676,0.8602));
#5019=CARTESIAN_POINT('',(0.835997704,-1.364224263,0.7216));
#5020=CARTESIAN_POINT('',(0.753977731,-1.414486167,0.636994469));
#5021=CARTESIAN_POINT('',(0.66652664,-1.454559122,0.552));
#5022=(BOUNDED_SURFACE()
B_SPLINE_SURFACE(1,2,((#5008,#5009,#5010,#5011,#5012,#5013,#5014),(#5015,#5016,#5017,#5018,#5019,#5020,#5021)),.UNSPECIFIED.,.F.,.F.,.U.)
B_SPLINE_SURFACE_WITH_KNOTS((2,2),(3,2,2,3),(0.,0.146666667),(0.158654836,0.25,0.5,0.652894192),.UNSPECIFIED.)
GEOMETRIC_REPRESENTATION_ITEM()
RATIONAL_B_SPLINE_SURFACE(((0.997766892,0.998240592,1.,0.995184727,1.,0.997055091,0.997712258),(0.997766892,0.998240592,1.,0.995184727,1.,0.997055091,0.997712258)))
REPRESENTATION_ITEM('')
SURFACE()
);
#5023=ORIENTED_EDGE('',*,*,#101,.F.);
#5024=ORIENTED_EDGE('',*,*,#688,.F.);
#5025=ORIENTED_EDGE('',*,*,#5000,.F.);
#5026=ORIENTED_EDGE('',*,*,#557,.F.);
#5027=EDGE_LOOP('',(#5023,#5024,#5025,#5026));
#5028=FACE_BOUND('',#5027,.T.);
#5029=ADVANCED_FACE('',(#5028),#5022,.T.);
#5030=CARTESIAN_POINT('',(0.,0.,0.));
#5031=DIRECTION('',(0.,0.,1.));
#5032=DIRECTION('',(1.,0.,0.));
#5033=AXIS2_PLACEMENT_3D('',#5030,#5031,#5032);
#5034=CYLINDRICAL_SURFACE('',#5033,0.8);
#5035=CARTESIAN_POINT('',(0.8,0.,0.19));
#5036=VERTEX_POINT('',#5035);
#5037=CARTESIAN_POINT('',(0.8,0.,0.19));
#5038=CARTESIAN_POINT('',(0.8,0.063371088,0.194927169));
#5039=CARTESIAN_POINT('',(0.790022868,0.125951849,0.200000747));
#5040=(BOUNDED_CURVE()
B_SPLINE_CURVE(2,(#5037,#5038,#5039),.UNSPECIFIED.,.F.,.F.)
B_SPLINE_CURVE_WITH_KNOTS((3,3),(0.,0.006310417),.UNSPECIFIED.)
CURVE()
GEOMETRIC_REPRESENTATION_ITEM()
RATIONAL_B_SPLINE_CURVE((1.,0.989678933,0.985610368))
REPRESENTATION_ITEM(''));
#5041=EDGE_CURVE('',#5036,#4061,#5040,.T.);
#5042=ORIENTED_EDGE('',*,*,#5041,.T.);
#5043=ORIENTED_EDGE('',*,*,#4067,.T.);
#5044=CARTESIAN_POINT('',(0.8,0.,0.2));
#5045=DIRECTION('',(-0.,-0.,-1.));
#5046=VECTOR('',#5045,0.01);
#5047=LINE('',#5044,#5046);
#5048=EDGE_CURVE('',#4052,#5036,#5047,.T.);
#5049=ORIENTED_EDGE('',*,*,#5048,.T.);
#5050=EDGE_LOOP('',(#5042,#5043,#5049));
#5051=FACE_BOUND('',#5050,.T.);
#5052=ADVANCED_FACE('',(#5051),#5034,.T.);
#5053=CARTESIAN_POINT('',(0.,0.,0.));
#5054=DIRECTION('',(0.,1.,0.));
#5055=DIRECTION('',(0.,0.,1.));
#5056=AXIS2_PLACEMENT_3D('',#5053,#5054,#5055);
#5057=PLANE('',#5056);
#5058=CARTESIAN_POINT('',(0.5776112,0.,0.3616));
#5059=VERTEX_POINT('',#5058);
#5060=CARTESIAN_POINT('',(0.8,0.,0.49));
#5061=VERTEX_POINT('',#5060);
#5062=CARTESIAN_POINT('',(0.5776112,0.,0.3616));
#5063=DIRECTION('',(0.866019053,-0.,0.500011));
#5064=VECTOR('',#5063,0.25679435);
#5065=LINE('',#5062,#5064);
#5066=EDGE_CURVE('',#5059,#5061,#5065,.T.);
#5067=ORIENTED_EDGE('',*,*,#5066,.F.);
#5068=CARTESIAN_POINT('',(0.5776112,0.,0.3184));
#5069=VERTEX_POINT('',#5068);
#5070=CARTESIAN_POINT('',(0.5776112,0.,0.3184));
#5071=DIRECTION('',(0.,-0.,1.));
#5072=VECTOR('',#5071,0.0432);
#5073=LINE('',#5070,#5072);
#5074=EDGE_CURVE('',#5069,#5059,#5073,.T.);
#5075=ORIENTED_EDGE('',*,*,#5074,.F.);
#5076=CARTESIAN_POINT('',(0.8,0.,0.19));
#5077=DIRECTION('',(-0.866019053,0.,0.500011));
#5078=VECTOR('',#5077,0.25679435);
#5079=LINE('',#5076,#5078);
#5080=EDGE_CURVE('',#5036,#5069,#5079,.T.);
#5081=ORIENTED_EDGE('',*,*,#5080,.F.);
#5082=ORIENTED_EDGE('',*,*,#5048,.F.);
#5083=CARTESIAN_POINT('',(0.8,0.,0.49));
#5084=DIRECTION('',(-0.,-0.,-1.));
#5085=VECTOR('',#5084,0.29);
#5086=LINE('',#5083,#5085);
#5087=EDGE_CURVE('',#5061,#4052,#5086,.T.);
#5088=ORIENTED_EDGE('',*,*,#5087,.F.);
#5089=EDGE_LOOP('',(#5067,#5075,#5081,#5082,#5088));
#5090=FACE_BOUND('',#5089,.T.);
#5091=ADVANCED_FACE('',(#5090),#5057,.F.);
#5092=CARTESIAN_POINT('',(0.,0.,1.6));
#5093=DIRECTION('',(0.,1.,0.));
#5094=DIRECTION('',(0.,0.,1.));
#5095=AXIS2_PLACEMENT_3D('',#5092,#5093,#5094);
#5096=PLANE('',#5095);
#5097=CARTESIAN_POINT('',(0.5776112,-0.,1.9616));
#5098=VERTEX_POINT('',#5097);
#5099=CARTESIAN_POINT('',(0.8,-0.,2.09));
#5100=VERTEX_POINT('',#5099);
#5101=CARTESIAN_POINT('',(0.5776112,-0.,1.9616));
#5102=DIRECTION('',(0.866019053,-0.,0.500011));
#5103=VECTOR('',#5102,0.25679435);
#5104=LINE('',#5101,#5103);
#5105=EDGE_CURVE('',#5098,#5100,#5104,.T.);
#5106=ORIENTED_EDGE('',*,*,#5105,.T.);
#5107=CARTESIAN_POINT('',(0.8,-0.,2.09));
#5108=DIRECTION('',(-0.,0.,-1.));
#5109=VECTOR('',#5108,0.258);
#5110=LINE('',#5107,#5109);
#5111=EDGE_CURVE('',#5100,#2732,#5110,.T.);
#5112=ORIENTED_EDGE('',*,*,#5111,.T.);
#5113=ORIENTED_EDGE('',*,*,#2737,.T.);
#5114=CARTESIAN_POINT('',(0.5776112,-0.,1.9184));
#5115=VERTEX_POINT('',#5114);
#5116=CARTESIAN_POINT('',(0.8,-0.,1.79));
#5117=DIRECTION('',(-0.866019053,0.,0.500011));
#5118=VECTOR('',#5117,0.25679435);
#5119=LINE('',#5116,#5118);
#5120=EDGE_CURVE('',#2722,#5115,#5119,.T.);
#5121=ORIENTED_EDGE('',*,*,#5120,.T.);
#5122=CARTESIAN_POINT('',(0.5776112,-0.,1.9184));
#5123=DIRECTION('',(0.,-0.,1.));
#5124=VECTOR('',#5123,0.0432);
#5125=LINE('',#5122,#5124);
#5126=EDGE_CURVE('',#5115,#5098,#5125,.T.);
#5127=ORIENTED_EDGE('',*,*,#5126,.T.);
#5128=EDGE_LOOP('',(#5106,#5112,#5113,#5121,#5127));
#5129=FACE_BOUND('',#5128,.T.);
#5130=ADVANCED_FACE('',(#5129),#5096,.T.);
#5131=CARTESIAN_POINT('',(0.5776112,0.,0.3616));
#5132=CARTESIAN_POINT('',(0.5776112,0.154770455,0.378266667));
#5133=CARTESIAN_POINT('',(0.500225973,0.2888056,0.394933333));
#5134=CARTESIAN_POINT('',(0.422840745,0.422840745,0.4116));
#5135=CARTESIAN_POINT('',(0.2888056,0.500225973,0.428266667));
#5136=CARTESIAN_POINT('',(0.154770455,0.5776112,0.444933333));
#5137=CARTESIAN_POINT('',(0.,0.5776112,0.4616));
#5138=CARTESIAN_POINT('',(-0.154770455,0.5776112,0.478266667));
#5139=CARTESIAN_POINT('',(-0.2888056,0.500225973,0.494933333));
#5140=CARTESIAN_POINT('',(-0.422840745,0.422840745,0.5116));
#5141=CARTESIAN_POINT('',(-0.500225973,0.2888056,0.528266667));
#5142=CARTESIAN_POINT('',(-0.5776112,0.154770455,0.544933333));
#5143=CARTESIAN_POINT('',(-0.5776112,0.,0.5616));
#5144=CARTESIAN_POINT('',(-0.5776112,-0.154770455,0.578266667));
#5145=CARTESIAN_POINT('',(-0.500225973,-0.2888056,0.594933333));
#5146=CARTESIAN_POINT('',(-0.422840745,-0.422840745,0.6116));
#5147=CARTESIAN_POINT('',(-0.2888056,-0.500225973,0.628266667));
#5148=CARTESIAN_POINT('',(-0.154770455,-0.5776112,0.644933333));
#5149=CARTESIAN_POINT('',(-0.,-0.5776112,0.6616));
#5150=CARTESIAN_POINT('',(0.154770455,-0.5776112,0.678266667));
#5151=CARTESIAN_POINT('',(0.2888056,-0.500225973,0.694933333));
#5152=CARTESIAN_POINT('',(0.422840745,-0.422840745,0.7116));
#5153=CARTESIAN_POINT('',(0.500225973,-0.2888056,0.728266667));
#5154=CARTESIAN_POINT('',(0.5776112,-0.154770455,0.744933333));
#5155=CARTESIAN_POINT('',(0.5776112,0.,0.7616));
#5156=CARTESIAN_POINT('',(0.5776112,0.154770455,0.778266667));
#5157=CARTESIAN_POINT('',(0.500225973,0.2888056,0.794933333));
#5158=CARTESIAN_POINT('',(0.422840745,0.422840745,0.8116));
#5159=CARTESIAN_POINT('',(0.2888056,0.500225973,0.828266667));
#5160=CARTESIAN_POINT('',(0.154770455,0.5776112,0.844933333));
#5161=CARTESIAN_POINT('',(0.,0.5776112,0.8616));
#5162=CARTESIAN_POINT('',(-0.154770455,0.5776112,0.878266667));
#5163=CARTESIAN_POINT('',(-0.2888056,0.500225973,0.894933333));
#5164=CARTESIAN_POINT('',(-0.422840745,0.422840745,0.9116));
#5165=CARTESIAN_POINT('',(-0.500225973,0.2888056,0.928266667));
#5166=CARTESIAN_POINT('',(-0.5776112,0.154770455,0.944933333));
#5167=CARTESIAN_POINT('',(-0.5776112,0.,0.9616));
#5168=CARTESIAN_POINT('',(-0.5776112,-0.154770455,0.978266667));
#5169=CARTESIAN_POINT('',(-0.500225973,-0.2888056,0.994933333));
#5170=CARTESIAN_POINT('',(-0.422840745,-0.422840745,1.0116));
#5171=CARTESIAN_POINT('',(-0.2888056,-0.500225973,1.028266667));
#5172=CARTESIAN_POINT('',(-0.154770455,-0.5776112,1.044933333));
#5173=CARTESIAN_POINT('',(-0.,-0.5776112,1.0616));
#5174=CARTESIAN_POINT('',(0.154770455,-0.5776112,1.078266667));
#5175=CARTESIAN_POINT('',(0.2888056,-0.500225973,1.094933333));
#5176=CARTESIAN_POINT('',(0.422840745,-0.422840745,1.1116));
#5177=CARTESIAN_POINT('',(0.500225973,-0.2888056,1.128266667));
#5178=CARTESIAN_POINT('',(0.5776112,-0.154770455,1.144933333));
#5179=CARTESIAN_POINT('',(0.5776112,0.,1.1616));
#5180=CARTESIAN_POINT('',(0.5776112,0.154770455,1.178266667));
#5181=CARTESIAN_POINT('',(0.500225973,0.2888056,1.194933333));
#5182=CARTESIAN_POINT('',(0.422840745,0.422840745,1.2116));
#5183=CARTESIAN_POINT('',(0.2888056,0.500225973,1.228266667));
#5184=CARTESIAN_POINT('',(0.154770455,0.5776112,1.244933333));
#5185=CARTESIAN_POINT('',(0.,0.5776112,1.2616));
#5186=CARTESIAN_POINT('',(-0.154770455,0.5776112,1.278266667));
#5187=CARTESIAN_POINT('',(-0.2888056,0.500225973,1.294933333));
#5188=CARTESIAN_POINT('',(-0.422840745,0.422840745,1.3116));
#5189=CARTESIAN_POINT('',(-0.500225973,0.2888056,1.328266667));
#5190=CARTESIAN_POINT('',(-0.5776112,0.154770455,1.344933333));
#5191=CARTESIAN_POINT('',(-0.5776112,0.,1.3616));
#5192=CARTESIAN_POINT('',(-0.5776112,-0.154770455,1.378266667));
#5193=CARTESIAN_POINT('',(-0.500225973,-0.2888056,1.394933333));
#5194=CARTESIAN_POINT('',(-0.422840745,-0.422840745,1.4116));
#5195=CARTESIAN_POINT('',(-0.2888056,-0.500225973,1.428266667));
#5196=CARTESIAN_POINT('',(-0.154770455,-0.5776112,1.444933333));
#5197=CARTESIAN_POINT('',(-0.,-0.5776112,1.4616));
#5198=CARTESIAN_POINT('',(0.154770455,-0.5776112,1.478266667));
#5199=CARTESIAN_POINT('',(0.2888056,-0.500225973,1.494933333));
#5200=CARTESIAN_POINT('',(0.422840745,-0.422840745,1.5116));
#5201=CARTESIAN_POINT('',(0.500225973,-0.2888056,1.528266667));
#5202=CARTESIAN_POINT('',(0.5776112,-0.154770455,1.544933333));
#5203=CARTESIAN_POINT('',(0.5776112,0.,1.5616));
#5204=CARTESIAN_POINT('',(0.5776112,0.154770455,1.578266667));
#5205=CARTESIAN_POINT('',(0.500225973,0.2888056,1.594933333));
#5206=CARTESIAN_POINT('',(0.422840745,0.422840745,1.6116));
#5207=CARTESIAN_POINT('',(0.2888056,0.500225973,1.628266667));
#5208=CARTESIAN_POINT('',(0.154770455,0.5776112,1.644933333));
#5209=CARTESIAN_POINT('',(0.,0.5776112,1.6616));
#5210=CARTESIAN_POINT('',(-0.154770455,0.5776112,1.678266667));
#5211=CARTESIAN_POINT('',(-0.2888056,0.500225973,1.694933333));
#5212=CARTESIAN_POINT('',(-0.422840745,0.422840745,1.7116));
#5213=CARTESIAN_POINT('',(-0.500225973,0.2888056,1.728266667));
#5214=CARTESIAN_POINT('',(-0.5776112,0.154770455,1.744933333));
#5215=CARTESIAN_POINT('',(-0.5776112,0.,1.7616));
#5216=CARTESIAN_POINT('',(-0.5776112,-0.154770455,1.778266667));
#5217=CARTESIAN_POINT('',(-0.500225973,-0.2888056,1.794933333));
#5218=CARTESIAN_POINT('',(-0.422840745,-0.422840745,1.8116));
#5219=CARTESIAN_POINT('',(-0.2888056,-0.500225973,1.828266667));
#5220=CARTESIAN_POINT('',(-0.154770455,-0.5776112,1.844933333));
#5221=CARTESIAN_POINT('',(-0.,-0.5776112,1.8616));
#5222=CARTESIAN_POINT('',(0.154770455,-0.5776112,1.878266667));
#5223=CARTESIAN_POINT('',(0.2888056,-0.500225973,1.894933333));
#5224=CARTESIAN_POINT('',(0.422840745,-0.422840745,1.9116));
#5225=CARTESIAN_POINT('',(0.500225973,-0.2888056,1.928266667));
#5226=CARTESIAN_POINT('',(0.5776112,-0.154770455,1.944933333));
#5227=CARTESIAN_POINT('',(0.5776112,0.,1.9616));
#5228=CARTESIAN_POINT('',(0.8,0.,0.49));
#5229=CARTESIAN_POINT('',(0.8,0.214359354,0.506666667));
#5230=CARTESIAN_POINT('',(0.692820323,0.4,0.523333333));
#5231=CARTESIAN_POINT('',(0.585640646,0.585640646,0.54));
#5232=CARTESIAN_POINT('',(0.4,0.692820323,0.556666667));
#5233=CARTESIAN_POINT('',(0.214359354,0.8,0.573333333));
#5234=CARTESIAN_POINT('',(0.,0.8,0.59));
#5235=CARTESIAN_POINT('',(-0.214359354,0.8,0.606666667));
#5236=CARTESIAN_POINT('',(-0.4,0.692820323,0.623333333));
#5237=CARTESIAN_POINT('',(-0.585640646,0.585640646,0.64));
#5238=CARTESIAN_POINT('',(-0.692820323,0.4,0.656666667));
#5239=CARTESIAN_POINT('',(-0.8,0.214359354,0.673333333));
#5240=CARTESIAN_POINT('',(-0.8,0.,0.69));
#5241=CARTESIAN_POINT('',(-0.8,-0.214359354,0.706666667));
#5242=CARTESIAN_POINT('',(-0.692820323,-0.4,0.723333333));
#5243=CARTESIAN_POINT('',(-0.585640646,-0.585640646,0.74));
#5244=CARTESIAN_POINT('',(-0.4,-0.692820323,0.756666667));
#5245=CARTESIAN_POINT('',(-0.214359354,-0.8,0.773333333));
#5246=CARTESIAN_POINT('',(-0.,-0.8,0.79));
#5247=CARTESIAN_POINT('',(0.214359354,-0.8,0.806666667));
#5248=CARTESIAN_POINT('',(0.4,-0.692820323,0.823333333));
#5249=CARTESIAN_POINT('',(0.585640646,-0.585640646,0.84));
#5250=CARTESIAN_POINT('',(0.692820323,-0.4,0.856666667));
#5251=CARTESIAN_POINT('',(0.8,-0.214359354,0.873333333));
#5252=CARTESIAN_POINT('',(0.8,0.,0.89));
#5253=CARTESIAN_POINT('',(0.8,0.214359354,0.906666667));
#5254=CARTESIAN_POINT('',(0.692820323,0.4,0.923333333));
#5255=CARTESIAN_POINT('',(0.585640646,0.585640646,0.94));
#5256=CARTESIAN_POINT('',(0.4,0.692820323,0.956666667));
#5257=CARTESIAN_POINT('',(0.214359354,0.8,0.973333333));
#5258=CARTESIAN_POINT('',(0.,0.8,0.99));
#5259=CARTESIAN_POINT('',(-0.214359354,0.8,1.006666667));
#5260=CARTESIAN_POINT('',(-0.4,0.692820323,1.023333333));
#5261=CARTESIAN_POINT('',(-0.585640646,0.585640646,1.04));
#5262=CARTESIAN_POINT('',(-0.692820323,0.4,1.056666667));
#5263=CARTESIAN_POINT('',(-0.8,0.214359354,1.073333333));
#5264=CARTESIAN_POINT('',(-0.8,0.,1.09));
#5265=CARTESIAN_POINT('',(-0.8,-0.214359354,1.106666667));
#5266=CARTESIAN_POINT('',(-0.692820323,-0.4,1.123333333));
#5267=CARTESIAN_POINT('',(-0.585640646,-0.585640646,1.14));
#5268=CARTESIAN_POINT('',(-0.4,-0.692820323,1.156666667));
#5269=CARTESIAN_POINT('',(-0.214359354,-0.8,1.173333333));
#5270=CARTESIAN_POINT('',(-0.,-0.8,1.19));
#5271=CARTESIAN_POINT('',(0.214359354,-0.8,1.206666667));
#5272=CARTESIAN_POINT('',(0.4,-0.692820323,1.223333333));
#5273=CARTESIAN_POINT('',(0.585640646,-0.585640646,1.24));
#5274=CARTESIAN_POINT('',(0.692820323,-0.4,1.256666667));
#5275=CARTESIAN_POINT('',(0.8,-0.214359354,1.273333333));
#5276=CARTESIAN_POINT('',(0.8,0.,1.29));
#5277=CARTESIAN_POINT('',(0.8,0.214359354,1.306666667));
#5278=CARTESIAN_POINT('',(0.692820323,0.4,1.323333333));
#5279=CARTESIAN_POINT('',(0.585640646,0.585640646,1.34));
#5280=CARTESIAN_POINT('',(0.4,0.692820323,1.356666667));
#5281=CARTESIAN_POINT('',(0.214359354,0.8,1.373333333));
#5282=CARTESIAN_POINT('',(0.,0.8,1.39));
#5283=CARTESIAN_POINT('',(-0.214359354,0.8,1.406666667));
#5284=CARTESIAN_POINT('',(-0.4,0.692820323,1.423333333));
#5285=CARTESIAN_POINT('',(-0.585640646,0.585640646,1.44));
#5286=CARTESIAN_POINT('',(-0.692820323,0.4,1.456666667));
#5287=CARTESIAN_POINT('',(-0.8,0.214359354,1.473333333));
#5288=CARTESIAN_POINT('',(-0.8,0.,1.49));
#5289=CARTESIAN_POINT('',(-0.8,-0.214359354,1.506666667));
#5290=CARTESIAN_POINT('',(-0.692820323,-0.4,1.523333333));
#5291=CARTESIAN_POINT('',(-0.585640646,-0.585640646,1.54));
#5292=CARTESIAN_POINT('',(-0.4,-0.692820323,1.556666667));
#5293=CARTESIAN_POINT('',(-0.214359354,-0.8,1.573333333));
#5294=CARTESIAN_POINT('',(-0.,-0.8,1.59));
#5295=CARTESIAN_POINT('',(0.214359354,-0.8,1.606666667));
#5296=CARTESIAN_POINT('',(0.4,-0.692820323,1.623333333));
#5297=CARTESIAN_POINT('',(0.585640646,-0.585640646,1.64));
#5298=CARTESIAN_POINT('',(0.692820323,-0.4,1.656666667));
#5299=CARTESIAN_POINT('',(0.8,-0.214359354,1.673333333));
#5300=CARTESIAN_POINT('',(0.8,0.,1.69));
#5301=CARTESIAN_POINT('',(0.8,0.214359354,1.706666667));
#5302=CARTESIAN_POINT('',(0.692820323,0.4,1.723333333));
#5303=CARTESIAN_POINT('',(0.585640646,0.585640646,1.74));
#5304=CARTESIAN_POINT('',(0.4,0.692820323,1.756666667));
#5305=CARTESIAN_POINT('',(0.214359354,0.8,1.773333333));
#5306=CARTESIAN_POINT('',(0.,0.8,1.79));
#5307=CARTESIAN_POINT('',(-0.214359354,0.8,1.806666667));
#5308=CARTESIAN_POINT('',(-0.4,0.692820323,1.823333333));
#5309=CARTESIAN_POINT('',(-0.585640646,0.585640646,1.84));
#5310=CARTESIAN_POINT('',(-0.692820323,0.4,1.856666667));
#5311=CARTESIAN_POINT('',(-0.8,0.214359354,1.873333333));
#5312=CARTESIAN_POINT('',(-0.8,0.,1.89));
#5313=CARTESIAN_POINT('',(-0.8,-0.214359354,1.906666667));
#5314=CARTESIAN_POINT('',(-0.692820323,-0.4,1.923333333));
#5315=CARTESIAN_POINT('',(-0.585640646,-0.585640646,1.94));
#5316=CARTESIAN_POINT('',(-0.4,-0.692820323,1.956666667));
#5317=CARTESIAN_POINT('',(-0.214359354,-0.8,1.973333333));
#5318=CARTESIAN_POINT('',(-0.,-0.8,1.99));
#5319=CARTESIAN_POINT('',(0.214359354,-0.8,2.006666667));
#5320=CARTESIAN_POINT('',(0.4,-0.692820323,2.023333333));
#5321=CARTESIAN_POINT('',(0.585640646,-0.585640646,2.04));
#5322=CARTESIAN_POINT('',(0.692820323,-0.4,2.056666667));
#5323=CARTESIAN_POINT('',(0.8,-0.214359354,2.073333333));
#5324=CARTESIAN_POINT('',(0.8,0.,2.09));
#5325=(BOUNDED_SURFACE()
B_SPLINE_SURFACE(1,2,((#5131,#5132,#5133,#5134,#5135,#5136,#5137,#5138,#5139,#5140,#5141,#5142,#5143,#5144,#5145,#5146,#5147,#5148,#5149,#5150,#5151,#5152,#5153,#5154,#5155,#5156,
#5157,#5158,#5159,#5160,#5161,#5162,#5163,#5164,#5165,#5166,#5167,#5168,#5169,#5170,#5171,#5172,#5173,#5174,#5175,#5176,#5177,#5178,#5179,#5180,#5181,
#5182,#5183,#5184,#5185,#5186,#5187,#5188,#5189,#5190,#5191,#5192,#5193,#5194,#5195,#5196,#5197,#5198,#5199,#5200,#5201,#5202,#5203,#5204,#5205,#5206,
#5207,#5208,#5209,#5210,#5211,#5212,#5213,#5214,#5215,#5216,#5217,#5218,#5219,#5220,#5221,#5222,#5223,#5224,#5225,#5226,#5227),(#5228,#5229,#5230,#5231,#5232,#5233,#5234,#5235,#5236,#5237,#5238,#5239,#5240,#5241,#5242,#5243,#5244,#5245,#5246,#5247,#5248,#5249,#5250,#5251,#5252,#5253,
#5254,#5255,#5256,#5257,#5258,#5259,#5260,#5261,#5262,#5263,#5264,#5265,#5266,#5267,#5268,#5269,#5270,#5271,#5272,#5273,#5274,#5275,#5276,#5277,#5278,
#5279,#5280,#5281,#5282,#5283,#5284,#5285,#5286,#5287,#5288,#5289,#5290,#5291,#5292,#5293,#5294,#5295,#5296,#5297,#5298,#5299,#5300,#5301,#5302,#5303,
#5304,#5305,#5306,#5307,#5308,#5309,#5310,#5311,#5312,#5313,#5314,#5315,#5316,#5317,#5318,#5319,#5320,#5321,#5322,#5323,#5324)),.UNSPECIFIED.,.F.,.F.,.U.)
B_SPLINE_SURFACE_WITH_KNOTS((2,2),(3,2,2,2,2,2,2,2,2,2,2,2,2,2,2,2,2,2,2,2,2,2,2,2,2,2,
2,2,2,2,2,2,2,2,2,2,2,2,2,2,2,2,2,2,2,2,2,2,3),(0.,1.),(0.,0.020833333,0.041666667,0.0625,0.083333333,0.104166667,0.125,0.145833333,0.166666667,0.1875,0.208333333,0.229166667,0.25,0.270833333,0.291666667,0.3125,0.333333333,0.354166667,0.375,0.395833333,0.416666667,0.4375,0.458333333,0.479166667,0.5,0.520833333,
0.541666667,0.5625,0.583333333,0.604166667,0.625,0.645833333,0.666666667,0.6875,0.708333333,0.729166667,0.75,0.770833333,0.791666667,0.8125,0.833333333,0.854166667,0.875,0.895833333,0.916666667,0.9375,0.958333333,0.979166667,1.),.UNSPECIFIED.)
GEOMETRIC_REPRESENTATION_ITEM()
RATIONAL_B_SPLINE_SURFACE(((1.,0.965925826,1.,0.965925826,1.,0.965925826,1.,0.965925826,1.,0.965925826,1.,0.965925826,1.,0.965925826,1.,0.965925826,1.,0.965925826,1.,0.965925826,1.,0.965925826,1.,0.965925826,1.,0.965925826,
1.,0.965925826,1.,0.965925826,1.,0.965925826,1.,0.965925826,1.,0.965925826,1.,0.965925826,1.,0.965925826,1.,0.965925826,1.,0.965925826,1.,0.965925826,1.,0.965925826,1.,0.965925826,1.,
0.965925826,1.,0.965925826,1.,0.965925826,1.,0.965925826,1.,0.965925826,1.,0.965925826,1.,0.965925826,1.,0.965925826,1.,0.965925826,1.,0.965925826,1.,0.965925826,1.,0.965925826,1.,0.965925826,
1.,0.965925826,1.,0.965925826,1.,0.965925826,1.,0.965925826,1.,0.965925826,1.,0.965925826,1.,0.965925826,1.,0.965925826,1.,0.965925826,1.,0.965925826,1.),(1.,0.965925826,1.,0.965925826,1.,0.965925826,1.,0.965925826,1.,0.965925826,1.,0.965925826,1.,0.965925826,1.,0.965925826,1.,0.965925826,1.,0.965925826,1.,0.965925826,1.,0.965925826,1.,0.965925826,
1.,0.965925826,1.,0.965925826,1.,0.965925826,1.,0.965925826,1.,0.965925826,1.,0.965925826,1.,0.965925826,1.,0.965925826,1.,0.965925826,1.,0.965925826,1.,0.965925826,1.,0.965925826,1.,
0.965925826,1.,0.965925826,1.,0.965925826,1.,0.965925826,1.,0.965925826,1.,0.965925826,1.,0.965925826,1.,0.965925826,1.,0.965925826,1.,0.965925826,1.,0.965925826,1.,0.965925826,1.,0.965925826,
1.,0.965925826,1.,0.965925826,1.,0.965925826,1.,0.965925826,1.,0.965925826,1.,0.965925826,1.,0.965925826,1.,0.965925826,1.,0.965925826,1.,0.965925826,1.)))
REPRESENTATION_ITEM('')
SURFACE()
);
#5326=CARTESIAN_POINT('',(0.8,-0.,0.89));
#5327=VERTEX_POINT('',#5326);
#5328=CARTESIAN_POINT('',(0.8,0.,0.49));
#5329=CARTESIAN_POINT('',(0.8,0.214359354,0.506666667));
#5330=CARTESIAN_POINT('',(0.692820323,0.4,0.523333333));
#5331=CARTESIAN_POINT('',(0.585640646,0.585640646,0.54));
#5332=CARTESIAN_POINT('',(0.4,0.692820323,0.556666667));
#5333=CARTESIAN_POINT('',(0.214359354,0.8,0.573333333));
#5334=CARTESIAN_POINT('',(0.,0.8,0.59));
#5335=CARTESIAN_POINT('',(-0.214359354,0.8,0.606666667));
#5336=CARTESIAN_POINT('',(-0.4,0.692820323,0.623333333));
#5337=CARTESIAN_POINT('',(-0.585640646,0.585640646,0.64));
#5338=CARTESIAN_POINT('',(-0.692820323,0.4,0.656666667));
#5339=CARTESIAN_POINT('',(-0.8,0.214359354,0.673333333));
#5340=CARTESIAN_POINT('',(-0.8,0.,0.69));
#5341=CARTESIAN_POINT('',(-0.8,-0.214359354,0.706666667));
#5342=CARTESIAN_POINT('',(-0.692820323,-0.4,0.723333333));
#5343=CARTESIAN_POINT('',(-0.585640646,-0.585640646,0.74));
#5344=CARTESIAN_POINT('',(-0.4,-0.692820323,0.756666667));
#5345=CARTESIAN_POINT('',(-0.214359354,-0.8,0.773333333));
#5346=CARTESIAN_POINT('',(-0.,-0.8,0.79));
#5347=CARTESIAN_POINT('',(0.214359354,-0.8,0.806666667));
#5348=CARTESIAN_POINT('',(0.4,-0.692820323,0.823333333));
#5349=CARTESIAN_POINT('',(0.585640646,-0.585640646,0.84));
#5350=CARTESIAN_POINT('',(0.692820323,-0.4,0.856666667));
#5351=CARTESIAN_POINT('',(0.8,-0.214359354,0.873333333));
#5352=CARTESIAN_POINT('',(0.8,-0.,0.89));
#5353=CARTESIAN_POINT('',(0.8,0.214359354,0.906666667));
#5354=CARTESIAN_POINT('',(0.692820323,0.4,0.923333333));
#5355=CARTESIAN_POINT('',(0.585640646,0.585640646,0.94));
#5356=CARTESIAN_POINT('',(0.4,0.692820323,0.956666667));
#5357=CARTESIAN_POINT('',(0.214359354,0.8,0.973333333));
#5358=CARTESIAN_POINT('',(0.,0.8,0.99));
#5359=CARTESIAN_POINT('',(-0.214359354,0.8,1.006666667));
#5360=CARTESIAN_POINT('',(-0.4,0.692820323,1.023333333));
#5361=CARTESIAN_POINT('',(-0.585640646,0.585640646,1.04));
#5362=CARTESIAN_POINT('',(-0.692820323,0.4,1.056666667));
#5363=CARTESIAN_POINT('',(-0.8,0.214359354,1.073333333));
#5364=CARTESIAN_POINT('',(-0.8,0.,1.09));
#5365=CARTESIAN_POINT('',(-0.8,-0.214359354,1.106666667));
#5366=CARTESIAN_POINT('',(-0.692820323,-0.4,1.123333333));
#5367=CARTESIAN_POINT('',(-0.585640646,-0.585640646,1.14));
#5368=CARTESIAN_POINT('',(-0.4,-0.692820323,1.156666667));
#5369=CARTESIAN_POINT('',(-0.214359354,-0.8,1.173333333));
#5370=CARTESIAN_POINT('',(-0.,-0.8,1.19));
#5371=CARTESIAN_POINT('',(0.214359354,-0.8,1.206666667));
#5372=CARTESIAN_POINT('',(0.4,-0.692820323,1.223333333));
#5373=CARTESIAN_POINT('',(0.585640646,-0.585640646,1.24));
#5374=CARTESIAN_POINT('',(0.692820323,-0.4,1.256666667));
#5375=CARTESIAN_POINT('',(0.8,-0.214359354,1.273333333));
#5376=CARTESIAN_POINT('',(0.8,-0.,1.29));
#5377=CARTESIAN_POINT('',(0.8,0.214359354,1.306666667));
#5378=CARTESIAN_POINT('',(0.692820323,0.4,1.323333333));
#5379=CARTESIAN_POINT('',(0.585640646,0.585640646,1.34));
#5380=CARTESIAN_POINT('',(0.4,0.692820323,1.356666667));
#5381=CARTESIAN_POINT('',(0.214359354,0.8,1.373333333));
#5382=CARTESIAN_POINT('',(0.,0.8,1.39));
#5383=CARTESIAN_POINT('',(-0.214359354,0.8,1.406666667));
#5384=CARTESIAN_POINT('',(-0.4,0.692820323,1.423333333));
#5385=CARTESIAN_POINT('',(-0.585640646,0.585640646,1.44));
#5386=CARTESIAN_POINT('',(-0.692820323,0.4,1.456666667));
#5387=CARTESIAN_POINT('',(-0.8,0.214359354,1.473333333));
#5388=CARTESIAN_POINT('',(-0.8,0.,1.49));
#5389=CARTESIAN_POINT('',(-0.8,-0.214359354,1.506666667));
#5390=CARTESIAN_POINT('',(-0.692820323,-0.4,1.523333333));
#5391=CARTESIAN_POINT('',(-0.585640646,-0.585640646,1.54));
#5392=CARTESIAN_POINT('',(-0.4,-0.692820323,1.556666667));
#5393=CARTESIAN_POINT('',(-0.214359354,-0.8,1.573333333));
#5394=CARTESIAN_POINT('',(-0.,-0.8,1.59));
#5395=CARTESIAN_POINT('',(0.214359354,-0.8,1.606666667));
#5396=CARTESIAN_POINT('',(0.4,-0.692820323,1.623333333));
#5397=CARTESIAN_POINT('',(0.585640646,-0.585640646,1.64));
#5398=CARTESIAN_POINT('',(0.692820323,-0.4,1.656666667));
#5399=CARTESIAN_POINT('',(0.8,-0.214359354,1.673333333));
#5400=CARTESIAN_POINT('',(0.8,-0.,1.69));
#5401=CARTESIAN_POINT('',(0.8,0.214359354,1.706666667));
#5402=CARTESIAN_POINT('',(0.692820323,0.4,1.723333333));
#5403=CARTESIAN_POINT('',(0.585640646,0.585640646,1.74));
#5404=CARTESIAN_POINT('',(0.4,0.692820323,1.756666667));
#5405=CARTESIAN_POINT('',(0.214359354,0.8,1.773333333));
#5406=CARTESIAN_POINT('',(0.,0.8,1.79));
#5407=CARTESIAN_POINT('',(-0.214359354,0.8,1.806666667));
#5408=CARTESIAN_POINT('',(-0.4,0.692820323,1.823333333));
#5409=CARTESIAN_POINT('',(-0.447620301,0.66532673,1.827608645));
#5410=CARTESIAN_POINT('',(-0.49103105,0.631576209,1.832000489));
#5411=(BOUNDED_CURVE()
B_SPLINE_CURVE(2,(#5328,#5329,#5330,#5331,#5332,#5333,#5334,#5335,#5336,#5337,#5338,#5339,#5340,#5341,#5342,#5343,#5344,#5345,#5346,#5347,#5348,#5349,#5350,#5351,#5352,#5353,
#5354,#5355,#5356,#5357,#5358,#5359,#5360,#5361,#5362,#5363,#5364,#5365,#5366,#5367,#5368,#5369,#5370,#5371,#5372,#5373,#5374,#5375,#5376,#5377,#5378,
#5379,#5380,#5381,#5382,#5383,#5384,#5385,#5386,#5387,#5388,#5389,#5390,#5391,#5392,#5393,#5394,#5395,#5396,#5397,#5398,#5399,#5400,#5401,#5402,#5403,
#5404,#5405,#5406,#5407,#5408,#5409,#5410),.UNSPECIFIED.,.F.,.F.)
B_SPLINE_CURVE_WITH_KNOTS((3,2,2,2,2,2,2,2,2,2,2,2,2,2,2,2,2,2,2,2,2,2,2,2,2,2,
2,2,2,2,2,2,2,2,2,2,2,2,2,2,2,3),(0.,0.020833333,0.041666667,0.0625,0.083333333,0.104166667,0.125,0.145833333,0.166666667,0.1875,0.208333333,0.229166667,0.25,0.270833333,0.291666667,0.3125,0.333333333,0.354166667,0.375,0.395833333,0.416666667,0.4375,0.458333333,0.479166667,0.5,0.520833333,
0.541666667,0.5625,0.583333333,0.604166667,0.625,0.645833333,0.666666667,0.6875,0.708333333,0.729166667,0.75,0.770833333,0.791666667,0.8125,0.833333333,0.838816378),.UNSPECIFIED.)
CURVE()
GEOMETRIC_REPRESENTATION_ITEM()
RATIONAL_B_SPLINE_CURVE((1.,0.965925826,1.,0.965925826,1.,0.965925826,1.,0.965925826,1.,0.965925826,1.,0.965925826,1.,0.965925826,1.,0.965925826,1.,0.965925826,1.,0.965925826,1.,0.965925826,1.,0.965925826,1.,0.965925826,
1.,0.965925826,1.,0.965925826,1.,0.965925826,1.,0.965925826,1.,0.965925826,1.,0.965925826,1.,0.965925826,1.,0.965925826,1.,0.965925826,1.,0.965925826,1.,0.965925826,1.,0.965925826,1.,
0.965925826,1.,0.965925826,1.,0.965925826,1.,0.965925826,1.,0.965925826,1.,0.965925826,1.,0.965925826,1.,0.965925826,1.,0.965925826,1.,0.965925826,1.,0.965925826,1.,0.965925826,1.,0.965925826,
1.,0.965925826,1.,0.965925826,1.,0.991032149,0.986784727))
REPRESENTATION_ITEM(''));
#5412=EDGE_CURVE('',#5061,#5327,#5411,.T.);
#5413=ORIENTED_EDGE('',*,*,#5412,.T.);
#5414=CARTESIAN_POINT('',(0.8,-0.,1.29));
#5415=VERTEX_POINT('',#5414);
#5416=CARTESIAN_POINT('',(0.8,0.,0.49));
#5417=CARTESIAN_POINT('',(0.8,0.214359354,0.506666667));
#5418=CARTESIAN_POINT('',(0.692820323,0.4,0.523333333));
#5419=CARTESIAN_POINT('',(0.585640646,0.585640646,0.54));
#5420=CARTESIAN_POINT('',(0.4,0.692820323,0.556666667));
#5421=CARTESIAN_POINT('',(0.214359354,0.8,0.573333333));
#5422=CARTESIAN_POINT('',(0.,0.8,0.59));
#5423=CARTESIAN_POINT('',(-0.214359354,0.8,0.606666667));
#5424=CARTESIAN_POINT('',(-0.4,0.692820323,0.623333333));
#5425=CARTESIAN_POINT('',(-0.585640646,0.585640646,0.64));
#5426=CARTESIAN_POINT('',(-0.692820323,0.4,0.656666667));
#5427=CARTESIAN_POINT('',(-0.8,0.214359354,0.673333333));
#5428=CARTESIAN_POINT('',(-0.8,0.,0.69));
#5429=CARTESIAN_POINT('',(-0.8,-0.214359354,0.706666667));
#5430=CARTESIAN_POINT('',(-0.692820323,-0.4,0.723333333));
#5431=CARTESIAN_POINT('',(-0.585640646,-0.585640646,0.74));
#5432=CARTESIAN_POINT('',(-0.4,-0.692820323,0.756666667));
#5433=CARTESIAN_POINT('',(-0.214359354,-0.8,0.773333333));
#5434=CARTESIAN_POINT('',(-0.,-0.8,0.79));
#5435=CARTESIAN_POINT('',(0.214359354,-0.8,0.806666667));
#5436=CARTESIAN_POINT('',(0.4,-0.692820323,0.823333333));
#5437=CARTESIAN_POINT('',(0.585640646,-0.585640646,0.84));
#5438=CARTESIAN_POINT('',(0.692820323,-0.4,0.856666667));
#5439=CARTESIAN_POINT('',(0.8,-0.214359354,0.873333333));
#5440=CARTESIAN_POINT('',(0.8,-0.,0.89));
#5441=CARTESIAN_POINT('',(0.8,0.214359354,0.906666667));
#5442=CARTESIAN_POINT('',(0.692820323,0.4,0.923333333));
#5443=CARTESIAN_POINT('',(0.585640646,0.585640646,0.94));
#5444=CARTESIAN_POINT('',(0.4,0.692820323,0.956666667));
#5445=CARTESIAN_POINT('',(0.214359354,0.8,0.973333333));
#5446=CARTESIAN_POINT('',(0.,0.8,0.99));
#5447=CARTESIAN_POINT('',(-0.214359354,0.8,1.006666667));
#5448=CARTESIAN_POINT('',(-0.4,0.692820323,1.023333333));
#5449=CARTESIAN_POINT('',(-0.585640646,0.585640646,1.04));
#5450=CARTESIAN_POINT('',(-0.692820323,0.4,1.056666667));
#5451=CARTESIAN_POINT('',(-0.8,0.214359354,1.073333333));
#5452=CARTESIAN_POINT('',(-0.8,0.,1.09));
#5453=CARTESIAN_POINT('',(-0.8,-0.214359354,1.106666667));
#5454=CARTESIAN_POINT('',(-0.692820323,-0.4,1.123333333));
#5455=CARTESIAN_POINT('',(-0.585640646,-0.585640646,1.14));
#5456=CARTESIAN_POINT('',(-0.4,-0.692820323,1.156666667));
#5457=CARTESIAN_POINT('',(-0.214359354,-0.8,1.173333333));
#5458=CARTESIAN_POINT('',(-0.,-0.8,1.19));
#5459=CARTESIAN_POINT('',(0.214359354,-0.8,1.206666667));
#5460=CARTESIAN_POINT('',(0.4,-0.692820323,1.223333333));
#5461=CARTESIAN_POINT('',(0.585640646,-0.585640646,1.24));
#5462=CARTESIAN_POINT('',(0.692820323,-0.4,1.256666667));
#5463=CARTESIAN_POINT('',(0.8,-0.214359354,1.273333333));
#5464=CARTESIAN_POINT('',(0.8,-0.,1.29));
#5465=CARTESIAN_POINT('',(0.8,0.214359354,1.306666667));
#5466=CARTESIAN_POINT('',(0.692820323,0.4,1.323333333));
#5467=CARTESIAN_POINT('',(0.585640646,0.585640646,1.34));
#5468=CARTESIAN_POINT('',(0.4,0.692820323,1.356666667));
#5469=CARTESIAN_POINT('',(0.214359354,0.8,1.373333333));
#5470=CARTESIAN_POINT('',(0.,0.8,1.39));
#5471=CARTESIAN_POINT('',(-0.214359354,0.8,1.406666667));
#5472=CARTESIAN_POINT('',(-0.4,0.692820323,1.423333333));
#5473=CARTESIAN_POINT('',(-0.585640646,0.585640646,1.44));
#5474=CARTESIAN_POINT('',(-0.692820323,0.4,1.456666667));
#5475=CARTESIAN_POINT('',(-0.8,0.214359354,1.473333333));
#5476=CARTESIAN_POINT('',(-0.8,0.,1.49));
#5477=CARTESIAN_POINT('',(-0.8,-0.214359354,1.506666667));
#5478=CARTESIAN_POINT('',(-0.692820323,-0.4,1.523333333));
#5479=CARTESIAN_POINT('',(-0.585640646,-0.585640646,1.54));
#5480=CARTESIAN_POINT('',(-0.4,-0.692820323,1.556666667));
#5481=CARTESIAN_POINT('',(-0.214359354,-0.8,1.573333333));
#5482=CARTESIAN_POINT('',(-0.,-0.8,1.59));
#5483=CARTESIAN_POINT('',(0.214359354,-0.8,1.606666667));
#5484=CARTESIAN_POINT('',(0.4,-0.692820323,1.623333333));
#5485=CARTESIAN_POINT('',(0.585640646,-0.585640646,1.64));
#5486=CARTESIAN_POINT('',(0.692820323,-0.4,1.656666667));
#5487=CARTESIAN_POINT('',(0.8,-0.214359354,1.673333333));
#5488=CARTESIAN_POINT('',(0.8,-0.,1.69));
#5489=CARTESIAN_POINT('',(0.8,0.214359354,1.706666667));
#5490=CARTESIAN_POINT('',(0.692820323,0.4,1.723333333));
#5491=CARTESIAN_POINT('',(0.585640646,0.585640646,1.74));
#5492=CARTESIAN_POINT('',(0.4,0.692820323,1.756666667));
#5493=CARTESIAN_POINT('',(0.214359354,0.8,1.773333333));
#5494=CARTESIAN_POINT('',(0.,0.8,1.79));
#5495=CARTESIAN_POINT('',(-0.214359354,0.8,1.806666667));
#5496=CARTESIAN_POINT('',(-0.4,0.692820323,1.823333333));
#5497=CARTESIAN_POINT('',(-0.447620301,0.66532673,1.827608645));
#5498=CARTESIAN_POINT('',(-0.49103105,0.631576209,1.832000489));
#5499=(BOUNDED_CURVE()
B_SPLINE_CURVE(2,(#5416,#5417,#5418,#5419,#5420,#5421,#5422,#5423,#5424,#5425,#5426,#5427,#5428,#5429,#5430,#5431,#5432,#5433,#5434,#5435,#5436,#5437,#5438,#5439,#5440,#5441,
#5442,#5443,#5444,#5445,#5446,#5447,#5448,#5449,#5450,#5451,#5452,#5453,#5454,#5455,#5456,#5457,#5458,#5459,#5460,#5461,#5462,#5463,#5464,#5465,#5466,
#5467,#5468,#5469,#5470,#5471,#5472,#5473,#5474,#5475,#5476,#5477,#5478,#5479,#5480,#5481,#5482,#5483,#5484,#5485,#5486,#5487,#5488,#5489,#5490,#5491,
#5492,#5493,#5494,#5495,#5496,#5497,#5498),.UNSPECIFIED.,.F.,.F.)
B_SPLINE_CURVE_WITH_KNOTS((3,2,2,2,2,2,2,2,2,2,2,2,2,2,2,2,2,2,2,2,2,2,2,2,2,2,
2,2,2,2,2,2,2,2,2,2,2,2,2,2,2,3),(0.,0.020833333,0.041666667,0.0625,0.083333333,0.104166667,0.125,0.145833333,0.166666667,0.1875,0.208333333,0.229166667,0.25,0.270833333,0.291666667,0.3125,0.333333333,0.354166667,0.375,0.395833333,0.416666667,0.4375,0.458333333,0.479166667,0.5,0.520833333,
0.541666667,0.5625,0.583333333,0.604166667,0.625,0.645833333,0.666666667,0.6875,0.708333333,0.729166667,0.75,0.770833333,0.791666667,0.8125,0.833333333,0.838816378),.UNSPECIFIED.)
CURVE()
GEOMETRIC_REPRESENTATION_ITEM()
RATIONAL_B_SPLINE_CURVE((1.,0.965925826,1.,0.965925826,1.,0.965925826,1.,0.965925826,1.,0.965925826,1.,0.965925826,1.,0.965925826,1.,0.965925826,1.,0.965925826,1.,0.965925826,1.,0.965925826,1.,0.965925826,1.,0.965925826,
1.,0.965925826,1.,0.965925826,1.,0.965925826,1.,0.965925826,1.,0.965925826,1.,0.965925826,1.,0.965925826,1.,0.965925826,1.,0.965925826,1.,0.965925826,1.,0.965925826,1.,0.965925826,1.,
0.965925826,1.,0.965925826,1.,0.965925826,1.,0.965925826,1.,0.965925826,1.,0.965925826,1.,0.965925826,1.,0.965925826,1.,0.965925826,1.,0.965925826,1.,0.965925826,1.,0.965925826,1.,0.965925826,
1.,0.965925826,1.,0.965925826,1.,0.991032149,0.986784727))
REPRESENTATION_ITEM(''));
#5500=EDGE_CURVE('',#5327,#5415,#5499,.T.);
#5501=ORIENTED_EDGE('',*,*,#5500,.T.);
#5502=CARTESIAN_POINT('',(0.8,0.,0.49));
#5503=CARTESIAN_POINT('',(0.8,0.214359354,0.506666667));
#5504=CARTESIAN_POINT('',(0.692820323,0.4,0.523333333));
#5505=CARTESIAN_POINT('',(0.585640646,0.585640646,0.54));
#5506=CARTESIAN_POINT('',(0.4,0.692820323,0.556666667));
#5507=CARTESIAN_POINT('',(0.214359354,0.8,0.573333333));
#5508=CARTESIAN_POINT('',(0.,0.8,0.59));
#5509=CARTESIAN_POINT('',(-0.214359354,0.8,0.606666667));
#5510=CARTESIAN_POINT('',(-0.4,0.692820323,0.623333333));
#5511=CARTESIAN_POINT('',(-0.585640646,0.585640646,0.64));
#5512=CARTESIAN_POINT('',(-0.692820323,0.4,0.656666667));
#5513=CARTESIAN_POINT('',(-0.8,0.214359354,0.673333333));
#5514=CARTESIAN_POINT('',(-0.8,0.,0.69));
#5515=CARTESIAN_POINT('',(-0.8,-0.214359354,0.706666667));
#5516=CARTESIAN_POINT('',(-0.692820323,-0.4,0.723333333));
#5517=CARTESIAN_POINT('',(-0.585640646,-0.585640646,0.74));
#5518=CARTESIAN_POINT('',(-0.4,-0.692820323,0.756666667));
#5519=CARTESIAN_POINT('',(-0.214359354,-0.8,0.773333333));
#5520=CARTESIAN_POINT('',(-0.,-0.8,0.79));
#5521=CARTESIAN_POINT('',(0.214359354,-0.8,0.806666667));
#5522=CARTESIAN_POINT('',(0.4,-0.692820323,0.823333333));
#5523=CARTESIAN_POINT('',(0.585640646,-0.585640646,0.84));
#5524=CARTESIAN_POINT('',(0.692820323,-0.4,0.856666667));
#5525=CARTESIAN_POINT('',(0.8,-0.214359354,0.873333333));
#5526=CARTESIAN_POINT('',(0.8,-0.,0.89));
#5527=CARTESIAN_POINT('',(0.8,0.214359354,0.906666667));
#5528=CARTESIAN_POINT('',(0.692820323,0.4,0.923333333));
#5529=CARTESIAN_POINT('',(0.585640646,0.585640646,0.94));
#5530=CARTESIAN_POINT('',(0.4,0.692820323,0.956666667));
#5531=CARTESIAN_POINT('',(0.214359354,0.8,0.973333333));
#5532=CARTESIAN_POINT('',(0.,0.8,0.99));
#5533=CARTESIAN_POINT('',(-0.214359354,0.8,1.006666667));
#5534=CARTESIAN_POINT('',(-0.4,0.692820323,1.023333333));
#5535=CARTESIAN_POINT('',(-0.585640646,0.585640646,1.04));
#5536=CARTESIAN_POINT('',(-0.692820323,0.4,1.056666667));
#5537=CARTESIAN_POINT('',(-0.8,0.214359354,1.073333333));
#5538=CARTESIAN_POINT('',(-0.8,0.,1.09));
#5539=CARTESIAN_POINT('',(-0.8,-0.214359354,1.106666667));
#5540=CARTESIAN_POINT('',(-0.692820323,-0.4,1.123333333));
#5541=CARTESIAN_POINT('',(-0.585640646,-0.585640646,1.14));
#5542=CARTESIAN_POINT('',(-0.4,-0.692820323,1.156666667));
#5543=CARTESIAN_POINT('',(-0.214359354,-0.8,1.173333333));
#5544=CARTESIAN_POINT('',(-0.,-0.8,1.19));
#5545=CARTESIAN_POINT('',(0.214359354,-0.8,1.206666667));
#5546=CARTESIAN_POINT('',(0.4,-0.692820323,1.223333333));
#5547=CARTESIAN_POINT('',(0.585640646,-0.585640646,1.24));
#5548=CARTESIAN_POINT('',(0.692820323,-0.4,1.256666667));
#5549=CARTESIAN_POINT('',(0.8,-0.214359354,1.273333333));
#5550=CARTESIAN_POINT('',(0.8,-0.,1.29));
#5551=CARTESIAN_POINT('',(0.8,0.214359354,1.306666667));
#5552=CARTESIAN_POINT('',(0.692820323,0.4,1.323333333));
#5553=CARTESIAN_POINT('',(0.585640646,0.585640646,1.34));
#5554=CARTESIAN_POINT('',(0.4,0.692820323,1.356666667));
#5555=CARTESIAN_POINT('',(0.214359354,0.8,1.373333333));
#5556=CARTESIAN_POINT('',(0.,0.8,1.39));
#5557=CARTESIAN_POINT('',(-0.214359354,0.8,1.406666667));
#5558=CARTESIAN_POINT('',(-0.4,0.692820323,1.423333333));
#5559=CARTESIAN_POINT('',(-0.585640646,0.585640646,1.44));
#5560=CARTESIAN_POINT('',(-0.692820323,0.4,1.456666667));
#5561=CARTESIAN_POINT('',(-0.8,0.214359354,1.473333333));
#5562=CARTESIAN_POINT('',(-0.8,0.,1.49));
#5563=CARTESIAN_POINT('',(-0.8,-0.214359354,1.506666667));
#5564=CARTESIAN_POINT('',(-0.692820323,-0.4,1.523333333));
#5565=CARTESIAN_POINT('',(-0.585640646,-0.585640646,1.54));
#5566=CARTESIAN_POINT('',(-0.4,-0.692820323,1.556666667));
#5567=CARTESIAN_POINT('',(-0.214359354,-0.8,1.573333333));
#5568=CARTESIAN_POINT('',(-0.,-0.8,1.59));
#5569=CARTESIAN_POINT('',(0.214359354,-0.8,1.606666667));
#5570=CARTESIAN_POINT('',(0.4,-0.692820323,1.623333333));
#5571=CARTESIAN_POINT('',(0.585640646,-0.585640646,1.64));
#5572=CARTESIAN_POINT('',(0.692820323,-0.4,1.656666667));
#5573=CARTESIAN_POINT('',(0.8,-0.214359354,1.673333333));
#5574=CARTESIAN_POINT('',(0.8,-0.,1.69));
#5575=CARTESIAN_POINT('',(0.8,0.214359354,1.706666667));
#5576=CARTESIAN_POINT('',(0.692820323,0.4,1.723333333));
#5577=CARTESIAN_POINT('',(0.585640646,0.585640646,1.74));
#5578=CARTESIAN_POINT('',(0.4,0.692820323,1.756666667));
#5579=CARTESIAN_POINT('',(0.214359354,0.8,1.773333333));
#5580=CARTESIAN_POINT('',(0.,0.8,1.79));
#5581=CARTESIAN_POINT('',(-0.214359354,0.8,1.806666667));
#5582=CARTESIAN_POINT('',(-0.4,0.692820323,1.823333333));
#5583=CARTESIAN_POINT('',(-0.447620301,0.66532673,1.827608645));
#5584=CARTESIAN_POINT('',(-0.49103105,0.631576209,1.832000489));
#5585=(BOUNDED_CURVE()
B_SPLINE_CURVE(2,(#5502,#5503,#5504,#5505,#5506,#5507,#5508,#5509,#5510,#5511,#5512,#5513,#5514,#5515,#5516,#5517,#5518,#5519,#5520,#5521,#5522,#5523,#5524,#5525,#5526,#5527,
#5528,#5529,#5530,#5531,#5532,#5533,#5534,#5535,#5536,#5537,#5538,#5539,#5540,#5541,#5542,#5543,#5544,#5545,#5546,#5547,#5548,#5549,#5550,#5551,#5552,
#5553,#5554,#5555,#5556,#5557,#5558,#5559,#5560,#5561,#5562,#5563,#5564,#5565,#5566,#5567,#5568,#5569,#5570,#5571,#5572,#5573,#5574,#5575,#5576,#5577,
#5578,#5579,#5580,#5581,#5582,#5583,#5584),.UNSPECIFIED.,.F.,.F.)
B_SPLINE_CURVE_WITH_KNOTS((3,2,2,2,2,2,2,2,2,2,2,2,2,2,2,2,2,2,2,2,2,2,2,2,2,2,
2,2,2,2,2,2,2,2,2,2,2,2,2,2,2,3),(0.,0.020833333,0.041666667,0.0625,0.083333333,0.104166667,0.125,0.145833333,0.166666667,0.1875,0.208333333,0.229166667,0.25,0.270833333,0.291666667,0.3125,0.333333333,0.354166667,0.375,0.395833333,0.416666667,0.4375,0.458333333,0.479166667,0.5,0.520833333,
0.541666667,0.5625,0.583333333,0.604166667,0.625,0.645833333,0.666666667,0.6875,0.708333333,0.729166667,0.75,0.770833333,0.791666667,0.8125,0.833333333,0.838816378),.UNSPECIFIED.)
CURVE()
GEOMETRIC_REPRESENTATION_ITEM()
RATIONAL_B_SPLINE_CURVE((1.,0.965925826,1.,0.965925826,1.,0.965925826,1.,0.965925826,1.,0.965925826,1.,0.965925826,1.,0.965925826,1.,0.965925826,1.,0.965925826,1.,0.965925826,1.,0.965925826,1.,0.965925826,1.,0.965925826,
1.,0.965925826,1.,0.965925826,1.,0.965925826,1.,0.965925826,1.,0.965925826,1.,0.965925826,1.,0.965925826,1.,0.965925826,1.,0.965925826,1.,0.965925826,1.,0.965925826,1.,0.965925826,1.,
0.965925826,1.,0.965925826,1.,0.965925826,1.,0.965925826,1.,0.965925826,1.,0.965925826,1.,0.965925826,1.,0.965925826,1.,0.965925826,1.,0.965925826,1.,0.965925826,1.,0.965925826,1.,0.965925826,
1.,0.965925826,1.,0.965925826,1.,0.991032149,0.986784727))
REPRESENTATION_ITEM(''));
#5586=EDGE_CURVE('',#5415,#2724,#5585,.T.);
#5587=ORIENTED_EDGE('',*,*,#5586,.T.);
#5588=ORIENTED_EDGE('',*,*,#2832,.T.);
#5589=CARTESIAN_POINT('',(-0.49103105,0.631576209,1.832000489));
#5590=CARTESIAN_POINT('',(-0.614575295,0.535524364,1.844499399));
#5591=CARTESIAN_POINT('',(-0.692820323,0.4,1.856666667));
#5592=CARTESIAN_POINT('',(-0.8,0.214359354,1.873333333));
#5593=CARTESIAN_POINT('',(-0.8,0.,1.89));
#5594=CARTESIAN_POINT('',(-0.8,-0.214359354,1.906666667));
#5595=CARTESIAN_POINT('',(-0.692820323,-0.4,1.923333333));
#5596=CARTESIAN_POINT('',(-0.585640646,-0.585640646,1.94));
#5597=CARTESIAN_POINT('',(-0.4,-0.692820323,1.956666667));
#5598=CARTESIAN_POINT('',(-0.214359354,-0.8,1.973333333));
#5599=CARTESIAN_POINT('',(-0.,-0.8,1.99));
#5600=CARTESIAN_POINT('',(0.214359354,-0.8,2.006666667));
#5601=CARTESIAN_POINT('',(0.4,-0.692820323,2.023333333));
#5602=CARTESIAN_POINT('',(0.585640646,-0.585640646,2.04));
#5603=CARTESIAN_POINT('',(0.692820323,-0.4,2.056666667));
#5604=CARTESIAN_POINT('',(0.8,-0.214359354,2.073333333));
#5605=CARTESIAN_POINT('',(0.8,-0.,2.09));
#5606=(BOUNDED_CURVE()
B_SPLINE_CURVE(2,(#5589,#5590,#5591,#5592,#5593,#5594,#5595,#5596,#5597,#5598,#5599,#5600,#5601,#5602,#5603,#5604,#5605),.UNSPECIFIED.,.F.,.F.)
B_SPLINE_CURVE_WITH_KNOTS((3,2,2,2,2,2,2,2,3),(0.838816378,0.854166667,0.875,0.895833333,0.916666667,0.9375,0.958333333,0.979166667,1.),.UNSPECIFIED.)
CURVE()
GEOMETRIC_REPRESENTATION_ITEM()
RATIONAL_B_SPLINE_CURVE((0.986784727,0.974893677,1.,0.965925826,1.,0.965925826,1.,0.965925826,1.,0.965925826,1.,0.965925826,1.,0.965925826,1.,0.965925826,1.))
REPRESENTATION_ITEM(''));
#5607=EDGE_CURVE('',#2740,#5100,#5606,.T.);
#5608=ORIENTED_EDGE('',*,*,#5607,.T.);
#5609=ORIENTED_EDGE('',*,*,#5105,.F.);
#5610=CARTESIAN_POINT('',(0.5776112,-0.,1.5616));
#5611=VERTEX_POINT('',#5610);
#5612=CARTESIAN_POINT('',(0.5776112,0.,0.3616));
#5613=CARTESIAN_POINT('',(0.5776112,0.154770455,0.378266667));
#5614=CARTESIAN_POINT('',(0.500225973,0.2888056,0.394933333));
#5615=CARTESIAN_POINT('',(0.422840745,0.422840745,0.4116));
#5616=CARTESIAN_POINT('',(0.2888056,0.500225973,0.428266667));
#5617=CARTESIAN_POINT('',(0.154770455,0.5776112,0.444933333));
#5618=CARTESIAN_POINT('',(0.,0.5776112,0.4616));
#5619=CARTESIAN_POINT('',(-0.154770455,0.5776112,0.478266667));
#5620=CARTESIAN_POINT('',(-0.2888056,0.500225973,0.494933333));
#5621=CARTESIAN_POINT('',(-0.422840745,0.422840745,0.5116));
#5622=CARTESIAN_POINT('',(-0.500225973,0.2888056,0.528266667));
#5623=CARTESIAN_POINT('',(-0.5776112,0.154770455,0.544933333));
#5624=CARTESIAN_POINT('',(-0.5776112,0.,0.5616));
#5625=CARTESIAN_POINT('',(-0.5776112,-0.154770455,0.578266667));
#5626=CARTESIAN_POINT('',(-0.500225973,-0.2888056,0.594933333));
#5627=CARTESIAN_POINT('',(-0.422840745,-0.422840745,0.6116));
#5628=CARTESIAN_POINT('',(-0.2888056,-0.500225973,0.628266667));
#5629=CARTESIAN_POINT('',(-0.154770455,-0.5776112,0.644933333));
#5630=CARTESIAN_POINT('',(-0.,-0.5776112,0.6616));
#5631=CARTESIAN_POINT('',(0.154770455,-0.5776112,0.678266667));
#5632=CARTESIAN_POINT('',(0.2888056,-0.500225973,0.694933333));
#5633=CARTESIAN_POINT('',(0.422840745,-0.422840745,0.7116));
#5634=CARTESIAN_POINT('',(0.500225973,-0.2888056,0.728266667));
#5635=CARTESIAN_POINT('',(0.5776112,-0.154770455,0.744933333));
#5636=CARTESIAN_POINT('',(0.5776112,-0.,0.7616));
#5637=CARTESIAN_POINT('',(0.5776112,0.154770455,0.778266667));
#5638=CARTESIAN_POINT('',(0.500225973,0.2888056,0.794933333));
#5639=CARTESIAN_POINT('',(0.422840745,0.422840745,0.8116));
#5640=CARTESIAN_POINT('',(0.2888056,0.500225973,0.828266667));
#5641=CARTESIAN_POINT('',(0.154770455,0.5776112,0.844933333));
#5642=CARTESIAN_POINT('',(0.,0.5776112,0.8616));
#5643=CARTESIAN_POINT('',(-0.154770455,0.5776112,0.878266667));
#5644=CARTESIAN_POINT('',(-0.2888056,0.500225973,0.894933333));
#5645=CARTESIAN_POINT('',(-0.422840745,0.422840745,0.9116));
#5646=CARTESIAN_POINT('',(-0.500225973,0.2888056,0.928266667));
#5647=CARTESIAN_POINT('',(-0.5776112,0.154770455,0.944933333));
#5648=CARTESIAN_POINT('',(-0.5776112,0.,0.9616));
#5649=CARTESIAN_POINT('',(-0.5776112,-0.154770455,0.978266667));
#5650=CARTESIAN_POINT('',(-0.500225973,-0.2888056,0.994933333));
#5651=CARTESIAN_POINT('',(-0.422840745,-0.422840745,1.0116));
#5652=CARTESIAN_POINT('',(-0.2888056,-0.500225973,1.028266667));
#5653=CARTESIAN_POINT('',(-0.154770455,-0.5776112,1.044933333));
#5654=CARTESIAN_POINT('',(-0.,-0.5776112,1.0616));
#5655=CARTESIAN_POINT('',(0.154770455,-0.5776112,1.078266667));
#5656=CARTESIAN_POINT('',(0.2888056,-0.500225973,1.094933333));
#5657=CARTESIAN_POINT('',(0.422840745,-0.422840745,1.1116));
#5658=CARTESIAN_POINT('',(0.500225973,-0.2888056,1.128266667));
#5659=CARTESIAN_POINT('',(0.5776112,-0.154770455,1.144933333));
#5660=CARTESIAN_POINT('',(0.5776112,-0.,1.1616));
#5661=CARTESIAN_POINT('',(0.5776112,0.154770455,1.178266667));
#5662=CARTESIAN_POINT('',(0.500225973,0.2888056,1.194933333));
#5663=CARTESIAN_POINT('',(0.422840745,0.422840745,1.2116));
#5664=CARTESIAN_POINT('',(0.2888056,0.500225973,1.228266667));
#5665=CARTESIAN_POINT('',(0.154770455,0.5776112,1.244933333));
#5666=CARTESIAN_POINT('',(0.,0.5776112,1.2616));
#5667=CARTESIAN_POINT('',(-0.154770455,0.5776112,1.278266667));
#5668=CARTESIAN_POINT('',(-0.2888056,0.500225973,1.294933333));
#5669=CARTESIAN_POINT('',(-0.422840745,0.422840745,1.3116));
#5670=CARTESIAN_POINT('',(-0.500225973,0.2888056,1.328266667));
#5671=CARTESIAN_POINT('',(-0.5776112,0.154770455,1.344933333));
#5672=CARTESIAN_POINT('',(-0.5776112,0.,1.3616));
#5673=CARTESIAN_POINT('',(-0.5776112,-0.154770455,1.378266667));
#5674=CARTESIAN_POINT('',(-0.500225973,-0.2888056,1.394933333));
#5675=CARTESIAN_POINT('',(-0.422840745,-0.422840745,1.4116));
#5676=CARTESIAN_POINT('',(-0.2888056,-0.500225973,1.428266667));
#5677=CARTESIAN_POINT('',(-0.154770455,-0.5776112,1.444933333));
#5678=CARTESIAN_POINT('',(-0.,-0.5776112,1.4616));
#5679=CARTESIAN_POINT('',(0.154770455,-0.5776112,1.478266667));
#5680=CARTESIAN_POINT('',(0.2888056,-0.500225973,1.494933333));
#5681=CARTESIAN_POINT('',(0.422840745,-0.422840745,1.5116));
#5682=CARTESIAN_POINT('',(0.500225973,-0.2888056,1.528266667));
#5683=CARTESIAN_POINT('',(0.5776112,-0.154770455,1.544933333));
#5684=CARTESIAN_POINT('',(0.5776112,-0.,1.5616));
#5685=CARTESIAN_POINT('',(0.5776112,0.154770455,1.578266667));
#5686=CARTESIAN_POINT('',(0.500225973,0.2888056,1.594933333));
#5687=CARTESIAN_POINT('',(0.422840745,0.422840745,1.6116));
#5688=CARTESIAN_POINT('',(0.2888056,0.500225973,1.628266667));
#5689=CARTESIAN_POINT('',(0.154770455,0.5776112,1.644933333));
#5690=CARTESIAN_POINT('',(0.,0.5776112,1.6616));
#5691=CARTESIAN_POINT('',(-0.154770455,0.5776112,1.678266667));
#5692=CARTESIAN_POINT('',(-0.2888056,0.500225973,1.694933333));
#5693=CARTESIAN_POINT('',(-0.422840745,0.422840745,1.7116));
#5694=CARTESIAN_POINT('',(-0.500225973,0.2888056,1.728266667));
#5695=CARTESIAN_POINT('',(-0.5776112,0.154770455,1.744933333));
#5696=CARTESIAN_POINT('',(-0.5776112,0.,1.7616));
#5697=CARTESIAN_POINT('',(-0.5776112,-0.154770455,1.778266667));
#5698=CARTESIAN_POINT('',(-0.500225973,-0.2888056,1.794933333));
#5699=CARTESIAN_POINT('',(-0.422840745,-0.422840745,1.8116));
#5700=CARTESIAN_POINT('',(-0.2888056,-0.500225973,1.828266667));
#5701=CARTESIAN_POINT('',(-0.154770455,-0.5776112,1.844933333));
#5702=CARTESIAN_POINT('',(-0.,-0.5776112,1.8616));
#5703=CARTESIAN_POINT('',(0.154770455,-0.5776112,1.878266667));
#5704=CARTESIAN_POINT('',(0.2888056,-0.500225973,1.894933333));
#5705=CARTESIAN_POINT('',(0.422840745,-0.422840745,1.9116));
#5706=CARTESIAN_POINT('',(0.500225973,-0.2888056,1.928266667));
#5707=CARTESIAN_POINT('',(0.5776112,-0.154770455,1.944933333));
#5708=CARTESIAN_POINT('',(0.5776112,-0.,1.9616));
#5709=(BOUNDED_CURVE()
B_SPLINE_CURVE(2,(#5612,#5613,#5614,#5615,#5616,#5617,#5618,#5619,#5620,#5621,#5622,#5623,#5624,#5625,#5626,#5627,#5628,#5629,#5630,#5631,#5632,#5633,#5634,#5635,#5636,#5637,
#5638,#5639,#5640,#5641,#5642,#5643,#5644,#5645,#5646,#5647,#5648,#5649,#5650,#5651,#5652,#5653,#5654,#5655,#5656,#5657,#5658,#5659,#5660,#5661,#5662,
#5663,#5664,#5665,#5666,#5667,#5668,#5669,#5670,#5671,#5672,#5673,#5674,#5675,#5676,#5677,#5678,#5679,#5680,#5681,#5682,#5683,#5684,#5685,#5686,#5687,
#5688,#5689,#5690,#5691,#5692,#5693,#5694,#5695,#5696,#5697,#5698,#5699,#5700,#5701,#5702,#5703,#5704,#5705,#5706,#5707,#5708),.UNSPECIFIED.,.F.,.F.)
B_SPLINE_CURVE_WITH_KNOTS((3,2,2,2,2,2,2,2,2,2,2,2,2,2,2,2,2,2,2,2,2,2,2,2,2,2,
2,2,2,2,2,2,2,2,2,2,2,2,2,2,2,2,2,2,2,2,2,2,3),(0.,0.020833333,0.041666667,0.0625,0.083333333,0.104166667,0.125,0.145833333,0.166666667,0.1875,0.208333333,0.229166667,0.25,0.270833333,0.291666667,0.3125,0.333333333,0.354166667,0.375,0.395833333,0.416666667,0.4375,0.458333333,0.479166667,0.5,0.520833333,
0.541666667,0.5625,0.583333333,0.604166667,0.625,0.645833333,0.666666667,0.6875,0.708333333,0.729166667,0.75,0.770833333,0.791666667,0.8125,0.833333333,0.854166667,0.875,0.895833333,0.916666667,0.9375,0.958333333,0.979166667,1.),.UNSPECIFIED.)
CURVE()
GEOMETRIC_REPRESENTATION_ITEM()
RATIONAL_B_SPLINE_CURVE((1.,0.965925826,1.,0.965925826,1.,0.965925826,1.,0.965925826,1.,0.965925826,1.,0.965925826,1.,0.965925826,1.,0.965925826,1.,0.965925826,1.,0.965925826,1.,0.965925826,1.,0.965925826,1.,0.965925826,
1.,0.965925826,1.,0.965925826,1.,0.965925826,1.,0.965925826,1.,0.965925826,1.,0.965925826,1.,0.965925826,1.,0.965925826,1.,0.965925826,1.,0.965925826,1.,0.965925826,1.,0.965925826,1.,
0.965925826,1.,0.965925826,1.,0.965925826,1.,0.965925826,1.,0.965925826,1.,0.965925826,1.,0.965925826,1.,0.965925826,1.,0.965925826,1.,0.965925826,1.,0.965925826,1.,0.965925826,1.,0.965925826,
1.,0.965925826,1.,0.965925826,1.,0.965925826,1.,0.965925826,1.,0.965925826,1.,0.965925826,1.,0.965925826,1.,0.965925826,1.,0.965925826,1.,0.965925826,1.))
REPRESENTATION_ITEM(''));
#5710=EDGE_CURVE('',#5611,#5098,#5709,.T.);
#5711=ORIENTED_EDGE('',*,*,#5710,.F.);
#5712=CARTESIAN_POINT('',(0.5776112,-0.,1.1616));
#5713=VERTEX_POINT('',#5712);
#5714=CARTESIAN_POINT('',(0.5776112,0.,0.3616));
#5715=CARTESIAN_POINT('',(0.5776112,0.154770455,0.378266667));
#5716=CARTESIAN_POINT('',(0.500225973,0.2888056,0.394933333));
#5717=CARTESIAN_POINT('',(0.422840745,0.422840745,0.4116));
#5718=CARTESIAN_POINT('',(0.2888056,0.500225973,0.428266667));
#5719=CARTESIAN_POINT('',(0.154770455,0.5776112,0.444933333));
#5720=CARTESIAN_POINT('',(0.,0.5776112,0.4616));
#5721=CARTESIAN_POINT('',(-0.154770455,0.5776112,0.478266667));
#5722=CARTESIAN_POINT('',(-0.2888056,0.500225973,0.494933333));
#5723=CARTESIAN_POINT('',(-0.422840745,0.422840745,0.5116));
#5724=CARTESIAN_POINT('',(-0.500225973,0.2888056,0.528266667));
#5725=CARTESIAN_POINT('',(-0.5776112,0.154770455,0.544933333));
#5726=CARTESIAN_POINT('',(-0.5776112,0.,0.5616));
#5727=CARTESIAN_POINT('',(-0.5776112,-0.154770455,0.578266667));
#5728=CARTESIAN_POINT('',(-0.500225973,-0.2888056,0.594933333));
#5729=CARTESIAN_POINT('',(-0.422840745,-0.422840745,0.6116));
#5730=CARTESIAN_POINT('',(-0.2888056,-0.500225973,0.628266667));
#5731=CARTESIAN_POINT('',(-0.154770455,-0.5776112,0.644933333));
#5732=CARTESIAN_POINT('',(-0.,-0.5776112,0.6616));
#5733=CARTESIAN_POINT('',(0.154770455,-0.5776112,0.678266667));
#5734=CARTESIAN_POINT('',(0.2888056,-0.500225973,0.694933333));
#5735=CARTESIAN_POINT('',(0.422840745,-0.422840745,0.7116));
#5736=CARTESIAN_POINT('',(0.500225973,-0.2888056,0.728266667));
#5737=CARTESIAN_POINT('',(0.5776112,-0.154770455,0.744933333));
#5738=CARTESIAN_POINT('',(0.5776112,-0.,0.7616));
#5739=CARTESIAN_POINT('',(0.5776112,0.154770455,0.778266667));
#5740=CARTESIAN_POINT('',(0.500225973,0.2888056,0.794933333));
#5741=CARTESIAN_POINT('',(0.422840745,0.422840745,0.8116));
#5742=CARTESIAN_POINT('',(0.2888056,0.500225973,0.828266667));
#5743=CARTESIAN_POINT('',(0.154770455,0.5776112,0.844933333));
#5744=CARTESIAN_POINT('',(0.,0.5776112,0.8616));
#5745=CARTESIAN_POINT('',(-0.154770455,0.5776112,0.878266667));
#5746=CARTESIAN_POINT('',(-0.2888056,0.500225973,0.894933333));
#5747=CARTESIAN_POINT('',(-0.422840745,0.422840745,0.9116));
#5748=CARTESIAN_POINT('',(-0.500225973,0.2888056,0.928266667));
#5749=CARTESIAN_POINT('',(-0.5776112,0.154770455,0.944933333));
#5750=CARTESIAN_POINT('',(-0.5776112,0.,0.9616));
#5751=CARTESIAN_POINT('',(-0.5776112,-0.154770455,0.978266667));
#5752=CARTESIAN_POINT('',(-0.500225973,-0.2888056,0.994933333));
#5753=CARTESIAN_POINT('',(-0.422840745,-0.422840745,1.0116));
#5754=CARTESIAN_POINT('',(-0.2888056,-0.500225973,1.028266667));
#5755=CARTESIAN_POINT('',(-0.154770455,-0.5776112,1.044933333));
#5756=CARTESIAN_POINT('',(-0.,-0.5776112,1.0616));
#5757=CARTESIAN_POINT('',(0.154770455,-0.5776112,1.078266667));
#5758=CARTESIAN_POINT('',(0.2888056,-0.500225973,1.094933333));
#5759=CARTESIAN_POINT('',(0.422840745,-0.422840745,1.1116));
#5760=CARTESIAN_POINT('',(0.500225973,-0.2888056,1.128266667));
#5761=CARTESIAN_POINT('',(0.5776112,-0.154770455,1.144933333));
#5762=CARTESIAN_POINT('',(0.5776112,-0.,1.1616));
#5763=CARTESIAN_POINT('',(0.5776112,0.154770455,1.178266667));
#5764=CARTESIAN_POINT('',(0.500225973,0.2888056,1.194933333));
#5765=CARTESIAN_POINT('',(0.422840745,0.422840745,1.2116));
#5766=CARTESIAN_POINT('',(0.2888056,0.500225973,1.228266667));
#5767=CARTESIAN_POINT('',(0.154770455,0.5776112,1.244933333));
#5768=CARTESIAN_POINT('',(0.,0.5776112,1.2616));
#5769=CARTESIAN_POINT('',(-0.154770455,0.5776112,1.278266667));
#5770=CARTESIAN_POINT('',(-0.2888056,0.500225973,1.294933333));
#5771=CARTESIAN_POINT('',(-0.422840745,0.422840745,1.3116));
#5772=CARTESIAN_POINT('',(-0.500225973,0.2888056,1.328266667));
#5773=CARTESIAN_POINT('',(-0.5776112,0.154770455,1.344933333));
#5774=CARTESIAN_POINT('',(-0.5776112,0.,1.3616));
#5775=CARTESIAN_POINT('',(-0.5776112,-0.154770455,1.378266667));
#5776=CARTESIAN_POINT('',(-0.500225973,-0.2888056,1.394933333));
#5777=CARTESIAN_POINT('',(-0.422840745,-0.422840745,1.4116));
#5778=CARTESIAN_POINT('',(-0.2888056,-0.500225973,1.428266667));
#5779=CARTESIAN_POINT('',(-0.154770455,-0.5776112,1.444933333));
#5780=CARTESIAN_POINT('',(-0.,-0.5776112,1.4616));
#5781=CARTESIAN_POINT('',(0.154770455,-0.5776112,1.478266667));
#5782=CARTESIAN_POINT('',(0.2888056,-0.500225973,1.494933333));
#5783=CARTESIAN_POINT('',(0.422840745,-0.422840745,1.5116));
#5784=CARTESIAN_POINT('',(0.500225973,-0.2888056,1.528266667));
#5785=CARTESIAN_POINT('',(0.5776112,-0.154770455,1.544933333));
#5786=CARTESIAN_POINT('',(0.5776112,-0.,1.5616));
#5787=CARTESIAN_POINT('',(0.5776112,0.154770455,1.578266667));
#5788=CARTESIAN_POINT('',(0.500225973,0.2888056,1.594933333));
#5789=CARTESIAN_POINT('',(0.422840745,0.422840745,1.6116));
#5790=CARTESIAN_POINT('',(0.2888056,0.500225973,1.628266667));
#5791=CARTESIAN_POINT('',(0.154770455,0.5776112,1.644933333));
#5792=CARTESIAN_POINT('',(0.,0.5776112,1.6616));
#5793=CARTESIAN_POINT('',(-0.154770455,0.5776112,1.678266667));
#5794=CARTESIAN_POINT('',(-0.2888056,0.500225973,1.694933333));
#5795=CARTESIAN_POINT('',(-0.422840745,0.422840745,1.7116));
#5796=CARTESIAN_POINT('',(-0.500225973,0.2888056,1.728266667));
#5797=CARTESIAN_POINT('',(-0.5776112,0.154770455,1.744933333));
#5798=CARTESIAN_POINT('',(-0.5776112,0.,1.7616));
#5799=CARTESIAN_POINT('',(-0.5776112,-0.154770455,1.778266667));
#5800=CARTESIAN_POINT('',(-0.500225973,-0.2888056,1.794933333));
#5801=CARTESIAN_POINT('',(-0.422840745,-0.422840745,1.8116));
#5802=CARTESIAN_POINT('',(-0.2888056,-0.500225973,1.828266667));
#5803=CARTESIAN_POINT('',(-0.154770455,-0.5776112,1.844933333));
#5804=CARTESIAN_POINT('',(-0.,-0.5776112,1.8616));
#5805=CARTESIAN_POINT('',(0.154770455,-0.5776112,1.878266667));
#5806=CARTESIAN_POINT('',(0.2888056,-0.500225973,1.894933333));
#5807=CARTESIAN_POINT('',(0.422840745,-0.422840745,1.9116));
#5808=CARTESIAN_POINT('',(0.500225973,-0.2888056,1.928266667));
#5809=CARTESIAN_POINT('',(0.5776112,-0.154770455,1.944933333));
#5810=CARTESIAN_POINT('',(0.5776112,-0.,1.9616));
#5811=(BOUNDED_CURVE()
B_SPLINE_CURVE(2,(#5714,#5715,#5716,#5717,#5718,#5719,#5720,#5721,#5722,#5723,#5724,#5725,#5726,#5727,#5728,#5729,#5730,#5731,#5732,#5733,#5734,#5735,#5736,#5737,#5738,#5739,
#5740,#5741,#5742,#5743,#5744,#5745,#5746,#5747,#5748,#5749,#5750,#5751,#5752,#5753,#5754,#5755,#5756,#5757,#5758,#5759,#5760,#5761,#5762,#5763,#5764,
#5765,#5766,#5767,#5768,#5769,#5770,#5771,#5772,#5773,#5774,#5775,#5776,#5777,#5778,#5779,#5780,#5781,#5782,#5783,#5784,#5785,#5786,#5787,#5788,#5789,
#5790,#5791,#5792,#5793,#5794,#5795,#5796,#5797,#5798,#5799,#5800,#5801,#5802,#5803,#5804,#5805,#5806,#5807,#5808,#5809,#5810),.UNSPECIFIED.,.F.,.F.)
B_SPLINE_CURVE_WITH_KNOTS((3,2,2,2,2,2,2,2,2,2,2,2,2,2,2,2,2,2,2,2,2,2,2,2,2,2,
2,2,2,2,2,2,2,2,2,2,2,2,2,2,2,2,2,2,2,2,2,2,3),(0.,0.020833333,0.041666667,0.0625,0.083333333,0.104166667,0.125,0.145833333,0.166666667,0.1875,0.208333333,0.229166667,0.25,0.270833333,0.291666667,0.3125,0.333333333,0.354166667,0.375,0.395833333,0.416666667,0.4375,0.458333333,0.479166667,0.5,0.520833333,
0.541666667,0.5625,0.583333333,0.604166667,0.625,0.645833333,0.666666667,0.6875,0.708333333,0.729166667,0.75,0.770833333,0.791666667,0.8125,0.833333333,0.854166667,0.875,0.895833333,0.916666667,0.9375,0.958333333,0.979166667,1.),.UNSPECIFIED.)
CURVE()
GEOMETRIC_REPRESENTATION_ITEM()
RATIONAL_B_SPLINE_CURVE((1.,0.965925826,1.,0.965925826,1.,0.965925826,1.,0.965925826,1.,0.965925826,1.,0.965925826,1.,0.965925826,1.,0.965925826,1.,0.965925826,1.,0.965925826,1.,0.965925826,1.,0.965925826,1.,0.965925826,
1.,0.965925826,1.,0.965925826,1.,0.965925826,1.,0.965925826,1.,0.965925826,1.,0.965925826,1.,0.965925826,1.,0.965925826,1.,0.965925826,1.,0.965925826,1.,0.965925826,1.,0.965925826,1.,
0.965925826,1.,0.965925826,1.,0.965925826,1.,0.965925826,1.,0.965925826,1.,0.965925826,1.,0.965925826,1.,0.965925826,1.,0.965925826,1.,0.965925826,1.,0.965925826,1.,0.965925826,1.,0.965925826,
1.,0.965925826,1.,0.965925826,1.,0.965925826,1.,0.965925826,1.,0.965925826,1.,0.965925826,1.,0.965925826,1.,0.965925826,1.,0.965925826,1.,0.965925826,1.))
REPRESENTATION_ITEM(''));
#5812=EDGE_CURVE('',#5713,#5611,#5811,.T.);
#5813=ORIENTED_EDGE('',*,*,#5812,.F.);
#5814=CARTESIAN_POINT('',(0.5776112,-0.,0.7616));
#5815=VERTEX_POINT('',#5814);
#5816=CARTESIAN_POINT('',(0.5776112,0.,0.3616));
#5817=CARTESIAN_POINT('',(0.5776112,0.154770455,0.378266667));
#5818=CARTESIAN_POINT('',(0.500225973,0.2888056,0.394933333));
#5819=CARTESIAN_POINT('',(0.422840745,0.422840745,0.4116));
#5820=CARTESIAN_POINT('',(0.2888056,0.500225973,0.428266667));
#5821=CARTESIAN_POINT('',(0.154770455,0.5776112,0.444933333));
#5822=CARTESIAN_POINT('',(0.,0.5776112,0.4616));
#5823=CARTESIAN_POINT('',(-0.154770455,0.5776112,0.478266667));
#5824=CARTESIAN_POINT('',(-0.2888056,0.500225973,0.494933333));
#5825=CARTESIAN_POINT('',(-0.422840745,0.422840745,0.5116));
#5826=CARTESIAN_POINT('',(-0.500225973,0.2888056,0.528266667));
#5827=CARTESIAN_POINT('',(-0.5776112,0.154770455,0.544933333));
#5828=CARTESIAN_POINT('',(-0.5776112,0.,0.5616));
#5829=CARTESIAN_POINT('',(-0.5776112,-0.154770455,0.578266667));
#5830=CARTESIAN_POINT('',(-0.500225973,-0.2888056,0.594933333));
#5831=CARTESIAN_POINT('',(-0.422840745,-0.422840745,0.6116));
#5832=CARTESIAN_POINT('',(-0.2888056,-0.500225973,0.628266667));
#5833=CARTESIAN_POINT('',(-0.154770455,-0.5776112,0.644933333));
#5834=CARTESIAN_POINT('',(-0.,-0.5776112,0.6616));
#5835=CARTESIAN_POINT('',(0.154770455,-0.5776112,0.678266667));
#5836=CARTESIAN_POINT('',(0.2888056,-0.500225973,0.694933333));
#5837=CARTESIAN_POINT('',(0.422840745,-0.422840745,0.7116));
#5838=CARTESIAN_POINT('',(0.500225973,-0.2888056,0.728266667));
#5839=CARTESIAN_POINT('',(0.5776112,-0.154770455,0.744933333));
#5840=CARTESIAN_POINT('',(0.5776112,-0.,0.7616));
#5841=CARTESIAN_POINT('',(0.5776112,0.154770455,0.778266667));
#5842=CARTESIAN_POINT('',(0.500225973,0.2888056,0.794933333));
#5843=CARTESIAN_POINT('',(0.422840745,0.422840745,0.8116));
#5844=CARTESIAN_POINT('',(0.2888056,0.500225973,0.828266667));
#5845=CARTESIAN_POINT('',(0.154770455,0.5776112,0.844933333));
#5846=CARTESIAN_POINT('',(0.,0.5776112,0.8616));
#5847=CARTESIAN_POINT('',(-0.154770455,0.5776112,0.878266667));
#5848=CARTESIAN_POINT('',(-0.2888056,0.500225973,0.894933333));
#5849=CARTESIAN_POINT('',(-0.422840745,0.422840745,0.9116));
#5850=CARTESIAN_POINT('',(-0.500225973,0.2888056,0.928266667));
#5851=CARTESIAN_POINT('',(-0.5776112,0.154770455,0.944933333));
#5852=CARTESIAN_POINT('',(-0.5776112,0.,0.9616));
#5853=CARTESIAN_POINT('',(-0.5776112,-0.154770455,0.978266667));
#5854=CARTESIAN_POINT('',(-0.500225973,-0.2888056,0.994933333));
#5855=CARTESIAN_POINT('',(-0.422840745,-0.422840745,1.0116));
#5856=CARTESIAN_POINT('',(-0.2888056,-0.500225973,1.028266667));
#5857=CARTESIAN_POINT('',(-0.154770455,-0.5776112,1.044933333));
#5858=CARTESIAN_POINT('',(-0.,-0.5776112,1.0616));
#5859=CARTESIAN_POINT('',(0.154770455,-0.5776112,1.078266667));
#5860=CARTESIAN_POINT('',(0.2888056,-0.500225973,1.094933333));
#5861=CARTESIAN_POINT('',(0.422840745,-0.422840745,1.1116));
#5862=CARTESIAN_POINT('',(0.500225973,-0.2888056,1.128266667));
#5863=CARTESIAN_POINT('',(0.5776112,-0.154770455,1.144933333));
#5864=CARTESIAN_POINT('',(0.5776112,-0.,1.1616));
#5865=CARTESIAN_POINT('',(0.5776112,0.154770455,1.178266667));
#5866=CARTESIAN_POINT('',(0.500225973,0.2888056,1.194933333));
#5867=CARTESIAN_POINT('',(0.422840745,0.422840745,1.2116));
#5868=CARTESIAN_POINT('',(0.2888056,0.500225973,1.228266667));
#5869=CARTESIAN_POINT('',(0.154770455,0.5776112,1.244933333));
#5870=CARTESIAN_POINT('',(0.,0.5776112,1.2616));
#5871=CARTESIAN_POINT('',(-0.154770455,0.5776112,1.278266667));
#5872=CARTESIAN_POINT('',(-0.2888056,0.500225973,1.294933333));
#5873=CARTESIAN_POINT('',(-0.422840745,0.422840745,1.3116));
#5874=CARTESIAN_POINT('',(-0.500225973,0.2888056,1.328266667));
#5875=CARTESIAN_POINT('',(-0.5776112,0.154770455,1.344933333));
#5876=CARTESIAN_POINT('',(-0.5776112,0.,1.3616));
#5877=CARTESIAN_POINT('',(-0.5776112,-0.154770455,1.378266667));
#5878=CARTESIAN_POINT('',(-0.500225973,-0.2888056,1.394933333));
#5879=CARTESIAN_POINT('',(-0.422840745,-0.422840745,1.4116));
#5880=CARTESIAN_POINT('',(-0.2888056,-0.500225973,1.428266667));
#5881=CARTESIAN_POINT('',(-0.154770455,-0.5776112,1.444933333));
#5882=CARTESIAN_POINT('',(-0.,-0.5776112,1.4616));
#5883=CARTESIAN_POINT('',(0.154770455,-0.5776112,1.478266667));
#5884=CARTESIAN_POINT('',(0.2888056,-0.500225973,1.494933333));
#5885=CARTESIAN_POINT('',(0.422840745,-0.422840745,1.5116));
#5886=CARTESIAN_POINT('',(0.500225973,-0.2888056,1.528266667));
#5887=CARTESIAN_POINT('',(0.5776112,-0.154770455,1.544933333));
#5888=CARTESIAN_POINT('',(0.5776112,-0.,1.5616));
#5889=CARTESIAN_POINT('',(0.5776112,0.154770455,1.578266667));
#5890=CARTESIAN_POINT('',(0.500225973,0.2888056,1.594933333));
#5891=CARTESIAN_POINT('',(0.422840745,0.422840745,1.6116));
#5892=CARTESIAN_POINT('',(0.2888056,0.500225973,1.628266667));
#5893=CARTESIAN_POINT('',(0.154770455,0.5776112,1.644933333));
#5894=CARTESIAN_POINT('',(0.,0.5776112,1.6616));
#5895=CARTESIAN_POINT('',(-0.154770455,0.5776112,1.678266667));
#5896=CARTESIAN_POINT('',(-0.2888056,0.500225973,1.694933333));
#5897=CARTESIAN_POINT('',(-0.422840745,0.422840745,1.7116));
#5898=CARTESIAN_POINT('',(-0.500225973,0.2888056,1.728266667));
#5899=CARTESIAN_POINT('',(-0.5776112,0.154770455,1.744933333));
#5900=CARTESIAN_POINT('',(-0.5776112,0.,1.7616));
#5901=CARTESIAN_POINT('',(-0.5776112,-0.154770455,1.778266667));
#5902=CARTESIAN_POINT('',(-0.500225973,-0.2888056,1.794933333));
#5903=CARTESIAN_POINT('',(-0.422840745,-0.422840745,1.8116));
#5904=CARTESIAN_POINT('',(-0.2888056,-0.500225973,1.828266667));
#5905=CARTESIAN_POINT('',(-0.154770455,-0.5776112,1.844933333));
#5906=CARTESIAN_POINT('',(-0.,-0.5776112,1.8616));
#5907=CARTESIAN_POINT('',(0.154770455,-0.5776112,1.878266667));
#5908=CARTESIAN_POINT('',(0.2888056,-0.500225973,1.894933333));
#5909=CARTESIAN_POINT('',(0.422840745,-0.422840745,1.9116));
#5910=CARTESIAN_POINT('',(0.500225973,-0.2888056,1.928266667));
#5911=CARTESIAN_POINT('',(0.5776112,-0.154770455,1.944933333));
#5912=CARTESIAN_POINT('',(0.5776112,-0.,1.9616));
#5913=(BOUNDED_CURVE()
B_SPLINE_CURVE(2,(#5816,#5817,#5818,#5819,#5820,#5821,#5822,#5823,#5824,#5825,#5826,#5827,#5828,#5829,#5830,#5831,#5832,#5833,#5834,#5835,#5836,#5837,#5838,#5839,#5840,#5841,
#5842,#5843,#5844,#5845,#5846,#5847,#5848,#5849,#5850,#5851,#5852,#5853,#5854,#5855,#5856,#5857,#5858,#5859,#5860,#5861,#5862,#5863,#5864,#5865,#5866,
#5867,#5868,#5869,#5870,#5871,#5872,#5873,#5874,#5875,#5876,#5877,#5878,#5879,#5880,#5881,#5882,#5883,#5884,#5885,#5886,#5887,#5888,#5889,#5890,#5891,
#5892,#5893,#5894,#5895,#5896,#5897,#5898,#5899,#5900,#5901,#5902,#5903,#5904,#5905,#5906,#5907,#5908,#5909,#5910,#5911,#5912),.UNSPECIFIED.,.F.,.F.)
B_SPLINE_CURVE_WITH_KNOTS((3,2,2,2,2,2,2,2,2,2,2,2,2,2,2,2,2,2,2,2,2,2,2,2,2,2,
2,2,2,2,2,2,2,2,2,2,2,2,2,2,2,2,2,2,2,2,2,2,3),(0.,0.020833333,0.041666667,0.0625,0.083333333,0.104166667,0.125,0.145833333,0.166666667,0.1875,0.208333333,0.229166667,0.25,0.270833333,0.291666667,0.3125,0.333333333,0.354166667,0.375,0.395833333,0.416666667,0.4375,0.458333333,0.479166667,0.5,0.520833333,
0.541666667,0.5625,0.583333333,0.604166667,0.625,0.645833333,0.666666667,0.6875,0.708333333,0.729166667,0.75,0.770833333,0.791666667,0.8125,0.833333333,0.854166667,0.875,0.895833333,0.916666667,0.9375,0.958333333,0.979166667,1.),.UNSPECIFIED.)
CURVE()
GEOMETRIC_REPRESENTATION_ITEM()
RATIONAL_B_SPLINE_CURVE((1.,0.965925826,1.,0.965925826,1.,0.965925826,1.,0.965925826,1.,0.965925826,1.,0.965925826,1.,0.965925826,1.,0.965925826,1.,0.965925826,1.,0.965925826,1.,0.965925826,1.,0.965925826,1.,0.965925826,
1.,0.965925826,1.,0.965925826,1.,0.965925826,1.,0.965925826,1.,0.965925826,1.,0.965925826,1.,0.965925826,1.,0.965925826,1.,0.965925826,1.,0.965925826,1.,0.965925826,1.,0.965925826,1.,
0.965925826,1.,0.965925826,1.,0.965925826,1.,0.965925826,1.,0.965925826,1.,0.965925826,1.,0.965925826,1.,0.965925826,1.,0.965925826,1.,0.965925826,1.,0.965925826,1.,0.965925826,1.,0.965925826,
1.,0.965925826,1.,0.965925826,1.,0.965925826,1.,0.965925826,1.,0.965925826,1.,0.965925826,1.,0.965925826,1.,0.965925826,1.,0.965925826,1.,0.965925826,1.))
REPRESENTATION_ITEM(''));
#5914=EDGE_CURVE('',#5815,#5713,#5913,.T.);
#5915=ORIENTED_EDGE('',*,*,#5914,.F.);
#5916=CARTESIAN_POINT('',(0.5776112,0.,0.3616));
#5917=CARTESIAN_POINT('',(0.5776112,0.154770455,0.378266667));
#5918=CARTESIAN_POINT('',(0.500225973,0.2888056,0.394933333));
#5919=CARTESIAN_POINT('',(0.422840745,0.422840745,0.4116));
#5920=CARTESIAN_POINT('',(0.2888056,0.500225973,0.428266667));
#5921=CARTESIAN_POINT('',(0.154770455,0.5776112,0.444933333));
#5922=CARTESIAN_POINT('',(0.,0.5776112,0.4616));
#5923=CARTESIAN_POINT('',(-0.154770455,0.5776112,0.478266667));
#5924=CARTESIAN_POINT('',(-0.2888056,0.500225973,0.494933333));
#5925=CARTESIAN_POINT('',(-0.422840745,0.422840745,0.5116));
#5926=CARTESIAN_POINT('',(-0.500225973,0.2888056,0.528266667));
#5927=CARTESIAN_POINT('',(-0.5776112,0.154770455,0.544933333));
#5928=CARTESIAN_POINT('',(-0.5776112,0.,0.5616));
#5929=CARTESIAN_POINT('',(-0.5776112,-0.154770455,0.578266667));
#5930=CARTESIAN_POINT('',(-0.500225973,-0.2888056,0.594933333));
#5931=CARTESIAN_POINT('',(-0.422840745,-0.422840745,0.6116));
#5932=CARTESIAN_POINT('',(-0.2888056,-0.500225973,0.628266667));
#5933=CARTESIAN_POINT('',(-0.154770455,-0.5776112,0.644933333));
#5934=CARTESIAN_POINT('',(-0.,-0.5776112,0.6616));
#5935=CARTESIAN_POINT('',(0.154770455,-0.5776112,0.678266667));
#5936=CARTESIAN_POINT('',(0.2888056,-0.500225973,0.694933333));
#5937=CARTESIAN_POINT('',(0.422840745,-0.422840745,0.7116));
#5938=CARTESIAN_POINT('',(0.500225973,-0.2888056,0.728266667));
#5939=CARTESIAN_POINT('',(0.5776112,-0.154770455,0.744933333));
#5940=CARTESIAN_POINT('',(0.5776112,-0.,0.7616));
#5941=CARTESIAN_POINT('',(0.5776112,0.154770455,0.778266667));
#5942=CARTESIAN_POINT('',(0.500225973,0.2888056,0.794933333));
#5943=CARTESIAN_POINT('',(0.422840745,0.422840745,0.8116));
#5944=CARTESIAN_POINT('',(0.2888056,0.500225973,0.828266667));
#5945=CARTESIAN_POINT('',(0.154770455,0.5776112,0.844933333));
#5946=CARTESIAN_POINT('',(0.,0.5776112,0.8616));
#5947=CARTESIAN_POINT('',(-0.154770455,0.5776112,0.878266667));
#5948=CARTESIAN_POINT('',(-0.2888056,0.500225973,0.894933333));
#5949=CARTESIAN_POINT('',(-0.422840745,0.422840745,0.9116));
#5950=CARTESIAN_POINT('',(-0.500225973,0.2888056,0.928266667));
#5951=CARTESIAN_POINT('',(-0.5776112,0.154770455,0.944933333));
#5952=CARTESIAN_POINT('',(-0.5776112,0.,0.9616));
#5953=CARTESIAN_POINT('',(-0.5776112,-0.154770455,0.978266667));
#5954=CARTESIAN_POINT('',(-0.500225973,-0.2888056,0.994933333));
#5955=CARTESIAN_POINT('',(-0.422840745,-0.422840745,1.0116));
#5956=CARTESIAN_POINT('',(-0.2888056,-0.500225973,1.028266667));
#5957=CARTESIAN_POINT('',(-0.154770455,-0.5776112,1.044933333));
#5958=CARTESIAN_POINT('',(-0.,-0.5776112,1.0616));
#5959=CARTESIAN_POINT('',(0.154770455,-0.5776112,1.078266667));
#5960=CARTESIAN_POINT('',(0.2888056,-0.500225973,1.094933333));
#5961=CARTESIAN_POINT('',(0.422840745,-0.422840745,1.1116));
#5962=CARTESIAN_POINT('',(0.500225973,-0.2888056,1.128266667));
#5963=CARTESIAN_POINT('',(0.5776112,-0.154770455,1.144933333));
#5964=CARTESIAN_POINT('',(0.5776112,-0.,1.1616));
#5965=CARTESIAN_POINT('',(0.5776112,0.154770455,1.178266667));
#5966=CARTESIAN_POINT('',(0.500225973,0.2888056,1.194933333));
#5967=CARTESIAN_POINT('',(0.422840745,0.422840745,1.2116));
#5968=CARTESIAN_POINT('',(0.2888056,0.500225973,1.228266667));
#5969=CARTESIAN_POINT('',(0.154770455,0.5776112,1.244933333));
#5970=CARTESIAN_POINT('',(0.,0.5776112,1.2616));
#5971=CARTESIAN_POINT('',(-0.154770455,0.5776112,1.278266667));
#5972=CARTESIAN_POINT('',(-0.2888056,0.500225973,1.294933333));
#5973=CARTESIAN_POINT('',(-0.422840745,0.422840745,1.3116));
#5974=CARTESIAN_POINT('',(-0.500225973,0.2888056,1.328266667));
#5975=CARTESIAN_POINT('',(-0.5776112,0.154770455,1.344933333));
#5976=CARTESIAN_POINT('',(-0.5776112,0.,1.3616));
#5977=CARTESIAN_POINT('',(-0.5776112,-0.154770455,1.378266667));
#5978=CARTESIAN_POINT('',(-0.500225973,-0.2888056,1.394933333));
#5979=CARTESIAN_POINT('',(-0.422840745,-0.422840745,1.4116));
#5980=CARTESIAN_POINT('',(-0.2888056,-0.500225973,1.428266667));
#5981=CARTESIAN_POINT('',(-0.154770455,-0.5776112,1.444933333));
#5982=CARTESIAN_POINT('',(-0.,-0.5776112,1.4616));
#5983=CARTESIAN_POINT('',(0.154770455,-0.5776112,1.478266667));
#5984=CARTESIAN_POINT('',(0.2888056,-0.500225973,1.494933333));
#5985=CARTESIAN_POINT('',(0.422840745,-0.422840745,1.5116));
#5986=CARTESIAN_POINT('',(0.500225973,-0.2888056,1.528266667));
#5987=CARTESIAN_POINT('',(0.5776112,-0.154770455,1.544933333));
#5988=CARTESIAN_POINT('',(0.5776112,-0.,1.5616));
#5989=CARTESIAN_POINT('',(0.5776112,0.154770455,1.578266667));
#5990=CARTESIAN_POINT('',(0.500225973,0.2888056,1.594933333));
#5991=CARTESIAN_POINT('',(0.422840745,0.422840745,1.6116));
#5992=CARTESIAN_POINT('',(0.2888056,0.500225973,1.628266667));
#5993=CARTESIAN_POINT('',(0.154770455,0.5776112,1.644933333));
#5994=CARTESIAN_POINT('',(0.,0.5776112,1.6616));
#5995=CARTESIAN_POINT('',(-0.154770455,0.5776112,1.678266667));
#5996=CARTESIAN_POINT('',(-0.2888056,0.500225973,1.694933333));
#5997=CARTESIAN_POINT('',(-0.422840745,0.422840745,1.7116));
#5998=CARTESIAN_POINT('',(-0.500225973,0.2888056,1.728266667));
#5999=CARTESIAN_POINT('',(-0.5776112,0.154770455,1.744933333));
#6000=CARTESIAN_POINT('',(-0.5776112,0.,1.7616));
#6001=CARTESIAN_POINT('',(-0.5776112,-0.154770455,1.778266667));
#6002=CARTESIAN_POINT('',(-0.500225973,-0.2888056,1.794933333));
#6003=CARTESIAN_POINT('',(-0.422840745,-0.422840745,1.8116));
#6004=CARTESIAN_POINT('',(-0.2888056,-0.500225973,1.828266667));
#6005=CARTESIAN_POINT('',(-0.154770455,-0.5776112,1.844933333));
#6006=CARTESIAN_POINT('',(-0.,-0.5776112,1.8616));
#6007=CARTESIAN_POINT('',(0.154770455,-0.5776112,1.878266667));
#6008=CARTESIAN_POINT('',(0.2888056,-0.500225973,1.894933333));
#6009=CARTESIAN_POINT('',(0.422840745,-0.422840745,1.9116));
#6010=CARTESIAN_POINT('',(0.500225973,-0.2888056,1.928266667));
#6011=CARTESIAN_POINT('',(0.5776112,-0.154770455,1.944933333));
#6012=CARTESIAN_POINT('',(0.5776112,-0.,1.9616));
#6013=(BOUNDED_CURVE()
B_SPLINE_CURVE(2,(#5916,#5917,#5918,#5919,#5920,#5921,#5922,#5923,#5924,#5925,#5926,#5927,#5928,#5929,#5930,#5931,#5932,#5933,#5934,#5935,#5936,#5937,#5938,#5939,#5940,#5941,
#5942,#5943,#5944,#5945,#5946,#5947,#5948,#5949,#5950,#5951,#5952,#5953,#5954,#5955,#5956,#5957,#5958,#5959,#5960,#5961,#5962,#5963,#5964,#5965,#5966,
#5967,#5968,#5969,#5970,#5971,#5972,#5973,#5974,#5975,#5976,#5977,#5978,#5979,#5980,#5981,#5982,#5983,#5984,#5985,#5986,#5987,#5988,#5989,#5990,#5991,
#5992,#5993,#5994,#5995,#5996,#5997,#5998,#5999,#6000,#6001,#6002,#6003,#6004,#6005,#6006,#6007,#6008,#6009,#6010,#6011,#6012),.UNSPECIFIED.,.F.,.F.)
B_SPLINE_CURVE_WITH_KNOTS((3,2,2,2,2,2,2,2,2,2,2,2,2,2,2,2,2,2,2,2,2,2,2,2,2,2,
2,2,2,2,2,2,2,2,2,2,2,2,2,2,2,2,2,2,2,2,2,2,3),(0.,0.020833333,0.041666667,0.0625,0.083333333,0.104166667,0.125,0.145833333,0.166666667,0.1875,0.208333333,0.229166667,0.25,0.270833333,0.291666667,0.3125,0.333333333,0.354166667,0.375,0.395833333,0.416666667,0.4375,0.458333333,0.479166667,0.5,0.520833333,
0.541666667,0.5625,0.583333333,0.604166667,0.625,0.645833333,0.666666667,0.6875,0.708333333,0.729166667,0.75,0.770833333,0.791666667,0.8125,0.833333333,0.854166667,0.875,0.895833333,0.916666667,0.9375,0.958333333,0.979166667,1.),.UNSPECIFIED.)
CURVE()
GEOMETRIC_REPRESENTATION_ITEM()
RATIONAL_B_SPLINE_CURVE((1.,0.965925826,1.,0.965925826,1.,0.965925826,1.,0.965925826,1.,0.965925826,1.,0.965925826,1.,0.965925826,1.,0.965925826,1.,0.965925826,1.,0.965925826,1.,0.965925826,1.,0.965925826,1.,0.965925826,
1.,0.965925826,1.,0.965925826,1.,0.965925826,1.,0.965925826,1.,0.965925826,1.,0.965925826,1.,0.965925826,1.,0.965925826,1.,0.965925826,1.,0.965925826,1.,0.965925826,1.,0.965925826,1.,
0.965925826,1.,0.965925826,1.,0.965925826,1.,0.965925826,1.,0.965925826,1.,0.965925826,1.,0.965925826,1.,0.965925826,1.,0.965925826,1.,0.965925826,1.,0.965925826,1.,0.965925826,1.,0.965925826,
1.,0.965925826,1.,0.965925826,1.,0.965925826,1.,0.965925826,1.,0.965925826,1.,0.965925826,1.,0.965925826,1.,0.965925826,1.,0.965925826,1.,0.965925826,1.))
REPRESENTATION_ITEM(''));
#6014=EDGE_CURVE('',#5059,#5815,#6013,.T.);
#6015=ORIENTED_EDGE('',*,*,#6014,.F.);
#6016=ORIENTED_EDGE('',*,*,#5066,.T.);
#6017=EDGE_LOOP('',(#5413,#5501,#5587,#5588,#5608,#5609,#5711,#5813,#5915,#6015,#6016));
#6018=FACE_BOUND('',#6017,.T.);
#6019=ADVANCED_FACE('',(#6018),#5325,.T.);
#6020=CARTESIAN_POINT('',(0.,0.,0.));
#6021=DIRECTION('',(0.,0.,1.));
#6022=DIRECTION('',(1.,0.,0.));
#6023=AXIS2_PLACEMENT_3D('',#6020,#6021,#6022);
#6024=CYLINDRICAL_SURFACE('',#6023,0.8);
#6025=ORIENTED_EDGE('',*,*,#5607,.F.);
#6026=ORIENTED_EDGE('',*,*,#4097,.T.);
#6027=ORIENTED_EDGE('',*,*,#5111,.F.);
#6028=EDGE_LOOP('',(#6025,#6026,#6027));
#6029=FACE_BOUND('',#6028,.T.);
#6030=ADVANCED_FACE('',(#6029),#6024,.T.);
#6031=CARTESIAN_POINT('',(0.8,0.,0.19));
#6032=CARTESIAN_POINT('',(0.8,0.214359354,0.206666667));
#6033=CARTESIAN_POINT('',(0.692820323,0.4,0.223333333));
#6034=CARTESIAN_POINT('',(0.585640646,0.585640646,0.24));
#6035=CARTESIAN_POINT('',(0.4,0.692820323,0.256666667));
#6036=CARTESIAN_POINT('',(0.214359354,0.8,0.273333333));
#6037=CARTESIAN_POINT('',(0.,0.8,0.29));
#6038=CARTESIAN_POINT('',(-0.214359354,0.8,0.306666667));
#6039=CARTESIAN_POINT('',(-0.4,0.692820323,0.323333333));
#6040=CARTESIAN_POINT('',(-0.585640646,0.585640646,0.34));
#6041=CARTESIAN_POINT('',(-0.692820323,0.4,0.356666667));
#6042=CARTESIAN_POINT('',(-0.8,0.214359354,0.373333333));
#6043=CARTESIAN_POINT('',(-0.8,0.,0.39));
#6044=CARTESIAN_POINT('',(-0.8,-0.214359354,0.406666667));
#6045=CARTESIAN_POINT('',(-0.692820323,-0.4,0.423333333));
#6046=CARTESIAN_POINT('',(-0.585640646,-0.585640646,0.44));
#6047=CARTESIAN_POINT('',(-0.4,-0.692820323,0.456666667));
#6048=CARTESIAN_POINT('',(-0.214359354,-0.8,0.473333333));
#6049=CARTESIAN_POINT('',(-0.,-0.8,0.49));
#6050=CARTESIAN_POINT('',(0.214359354,-0.8,0.506666667));
#6051=CARTESIAN_POINT('',(0.4,-0.692820323,0.523333333));
#6052=CARTESIAN_POINT('',(0.585640646,-0.585640646,0.54));
#6053=CARTESIAN_POINT('',(0.692820323,-0.4,0.556666667));
#6054=CARTESIAN_POINT('',(0.8,-0.214359354,0.573333333));
#6055=CARTESIAN_POINT('',(0.8,0.,0.59));
#6056=CARTESIAN_POINT('',(0.8,0.214359354,0.606666667));
#6057=CARTESIAN_POINT('',(0.692820323,0.4,0.623333333));
#6058=CARTESIAN_POINT('',(0.585640646,0.585640646,0.64));
#6059=CARTESIAN_POINT('',(0.4,0.692820323,0.656666667));
#6060=CARTESIAN_POINT('',(0.214359354,0.8,0.673333333));
#6061=CARTESIAN_POINT('',(0.,0.8,0.69));
#6062=CARTESIAN_POINT('',(-0.214359354,0.8,0.706666667));
#6063=CARTESIAN_POINT('',(-0.4,0.692820323,0.723333333));
#6064=CARTESIAN_POINT('',(-0.585640646,0.585640646,0.74));
#6065=CARTESIAN_POINT('',(-0.692820323,0.4,0.756666667));
#6066=CARTESIAN_POINT('',(-0.8,0.214359354,0.773333333));
#6067=CARTESIAN_POINT('',(-0.8,0.,0.79));
#6068=CARTESIAN_POINT('',(-0.8,-0.214359354,0.806666667));
#6069=CARTESIAN_POINT('',(-0.692820323,-0.4,0.823333333));
#6070=CARTESIAN_POINT('',(-0.585640646,-0.585640646,0.84));
#6071=CARTESIAN_POINT('',(-0.4,-0.692820323,0.856666667));
#6072=CARTESIAN_POINT('',(-0.214359354,-0.8,0.873333333));
#6073=CARTESIAN_POINT('',(-0.,-0.8,0.89));
#6074=CARTESIAN_POINT('',(0.214359354,-0.8,0.906666667));
#6075=CARTESIAN_POINT('',(0.4,-0.692820323,0.923333333));
#6076=CARTESIAN_POINT('',(0.585640646,-0.585640646,0.94));
#6077=CARTESIAN_POINT('',(0.692820323,-0.4,0.956666667));
#6078=CARTESIAN_POINT('',(0.8,-0.214359354,0.973333333));
#6079=CARTESIAN_POINT('',(0.8,0.,0.99));
#6080=CARTESIAN_POINT('',(0.8,0.214359354,1.006666667));
#6081=CARTESIAN_POINT('',(0.692820323,0.4,1.023333333));
#6082=CARTESIAN_POINT('',(0.585640646,0.585640646,1.04));
#6083=CARTESIAN_POINT('',(0.4,0.692820323,1.056666667));
#6084=CARTESIAN_POINT('',(0.214359354,0.8,1.073333333));
#6085=CARTESIAN_POINT('',(0.,0.8,1.09));
#6086=CARTESIAN_POINT('',(-0.214359354,0.8,1.106666667));
#6087=CARTESIAN_POINT('',(-0.4,0.692820323,1.123333333));
#6088=CARTESIAN_POINT('',(-0.585640646,0.585640646,1.14));
#6089=CARTESIAN_POINT('',(-0.692820323,0.4,1.156666667));
#6090=CARTESIAN_POINT('',(-0.8,0.214359354,1.173333333));
#6091=CARTESIAN_POINT('',(-0.8,0.,1.19));
#6092=CARTESIAN_POINT('',(-0.8,-0.214359354,1.206666667));
#6093=CARTESIAN_POINT('',(-0.692820323,-0.4,1.223333333));
#6094=CARTESIAN_POINT('',(-0.585640646,-0.585640646,1.24));
#6095=CARTESIAN_POINT('',(-0.4,-0.692820323,1.256666667));
#6096=CARTESIAN_POINT('',(-0.214359354,-0.8,1.273333333));
#6097=CARTESIAN_POINT('',(-0.,-0.8,1.29));
#6098=CARTESIAN_POINT('',(0.214359354,-0.8,1.306666667));
#6099=CARTESIAN_POINT('',(0.4,-0.692820323,1.323333333));
#6100=CARTESIAN_POINT('',(0.585640646,-0.585640646,1.34));
#6101=CARTESIAN_POINT('',(0.692820323,-0.4,1.356666667));
#6102=CARTESIAN_POINT('',(0.8,-0.214359354,1.373333333));
#6103=CARTESIAN_POINT('',(0.8,0.,1.39));
#6104=CARTESIAN_POINT('',(0.8,0.214359354,1.406666667));
#6105=CARTESIAN_POINT('',(0.692820323,0.4,1.423333333));
#6106=CARTESIAN_POINT('',(0.585640646,0.585640646,1.44));
#6107=CARTESIAN_POINT('',(0.4,0.692820323,1.456666667));
#6108=CARTESIAN_POINT('',(0.214359354,0.8,1.473333333));
#6109=CARTESIAN_POINT('',(0.,0.8,1.49));
#6110=CARTESIAN_POINT('',(-0.214359354,0.8,1.506666667));
#6111=CARTESIAN_POINT('',(-0.4,0.692820323,1.523333333));
#6112=CARTESIAN_POINT('',(-0.585640646,0.585640646,1.54));
#6113=CARTESIAN_POINT('',(-0.692820323,0.4,1.556666667));
#6114=CARTESIAN_POINT('',(-0.8,0.214359354,1.573333333));
#6115=CARTESIAN_POINT('',(-0.8,0.,1.59));
#6116=CARTESIAN_POINT('',(-0.8,-0.214359354,1.606666667));
#6117=CARTESIAN_POINT('',(-0.692820323,-0.4,1.623333333));
#6118=CARTESIAN_POINT('',(-0.585640646,-0.585640646,1.64));
#6119=CARTESIAN_POINT('',(-0.4,-0.692820323,1.656666667));
#6120=CARTESIAN_POINT('',(-0.214359354,-0.8,1.673333333));
#6121=CARTESIAN_POINT('',(-0.,-0.8,1.69));
#6122=CARTESIAN_POINT('',(0.214359354,-0.8,1.706666667));
#6123=CARTESIAN_POINT('',(0.4,-0.692820323,1.723333333));
#6124=CARTESIAN_POINT('',(0.585640646,-0.585640646,1.74));
#6125=CARTESIAN_POINT('',(0.692820323,-0.4,1.756666667));
#6126=CARTESIAN_POINT('',(0.8,-0.214359354,1.773333333));
#6127=CARTESIAN_POINT('',(0.8,0.,1.79));
#6128=CARTESIAN_POINT('',(0.5776112,0.,0.3184));
#6129=CARTESIAN_POINT('',(0.5776112,0.154770455,0.335066667));
#6130=CARTESIAN_POINT('',(0.500225973,0.2888056,0.351733333));
#6131=CARTESIAN_POINT('',(0.422840745,0.422840745,0.3684));
#6132=CARTESIAN_POINT('',(0.2888056,0.500225973,0.385066667));
#6133=CARTESIAN_POINT('',(0.154770455,0.5776112,0.401733333));
#6134=CARTESIAN_POINT('',(0.,0.5776112,0.4184));
#6135=CARTESIAN_POINT('',(-0.154770455,0.5776112,0.435066667));
#6136=CARTESIAN_POINT('',(-0.2888056,0.500225973,0.451733333));
#6137=CARTESIAN_POINT('',(-0.422840745,0.422840745,0.4684));
#6138=CARTESIAN_POINT('',(-0.500225973,0.2888056,0.485066667));
#6139=CARTESIAN_POINT('',(-0.5776112,0.154770455,0.501733333));
#6140=CARTESIAN_POINT('',(-0.5776112,0.,0.5184));
#6141=CARTESIAN_POINT('',(-0.5776112,-0.154770455,0.535066667));
#6142=CARTESIAN_POINT('',(-0.500225973,-0.2888056,0.551733333));
#6143=CARTESIAN_POINT('',(-0.422840745,-0.422840745,0.5684));
#6144=CARTESIAN_POINT('',(-0.2888056,-0.500225973,0.585066667));
#6145=CARTESIAN_POINT('',(-0.154770455,-0.5776112,0.601733333));
#6146=CARTESIAN_POINT('',(-0.,-0.5776112,0.6184));
#6147=CARTESIAN_POINT('',(0.154770455,-0.5776112,0.635066667));
#6148=CARTESIAN_POINT('',(0.2888056,-0.500225973,0.651733333));
#6149=CARTESIAN_POINT('',(0.422840745,-0.422840745,0.6684));
#6150=CARTESIAN_POINT('',(0.500225973,-0.2888056,0.685066667));
#6151=CARTESIAN_POINT('',(0.5776112,-0.154770455,0.701733333));
#6152=CARTESIAN_POINT('',(0.5776112,0.,0.7184));
#6153=CARTESIAN_POINT('',(0.5776112,0.154770455,0.735066667));
#6154=CARTESIAN_POINT('',(0.500225973,0.2888056,0.751733333));
#6155=CARTESIAN_POINT('',(0.422840745,0.422840745,0.7684));
#6156=CARTESIAN_POINT('',(0.2888056,0.500225973,0.785066667));
#6157=CARTESIAN_POINT('',(0.154770455,0.5776112,0.801733333));
#6158=CARTESIAN_POINT('',(0.,0.5776112,0.8184));
#6159=CARTESIAN_POINT('',(-0.154770455,0.5776112,0.835066667));
#6160=CARTESIAN_POINT('',(-0.2888056,0.500225973,0.851733333));
#6161=CARTESIAN_POINT('',(-0.422840745,0.422840745,0.8684));
#6162=CARTESIAN_POINT('',(-0.500225973,0.2888056,0.885066667));
#6163=CARTESIAN_POINT('',(-0.5776112,0.154770455,0.901733333));
#6164=CARTESIAN_POINT('',(-0.5776112,0.,0.9184));
#6165=CARTESIAN_POINT('',(-0.5776112,-0.154770455,0.935066667));
#6166=CARTESIAN_POINT('',(-0.500225973,-0.2888056,0.951733333));
#6167=CARTESIAN_POINT('',(-0.422840745,-0.422840745,0.9684));
#6168=CARTESIAN_POINT('',(-0.2888056,-0.500225973,0.985066667));
#6169=CARTESIAN_POINT('',(-0.154770455,-0.5776112,1.001733333));
#6170=CARTESIAN_POINT('',(-0.,-0.5776112,1.0184));
#6171=CARTESIAN_POINT('',(0.154770455,-0.5776112,1.035066667));
#6172=CARTESIAN_POINT('',(0.2888056,-0.500225973,1.051733333));
#6173=CARTESIAN_POINT('',(0.422840745,-0.422840745,1.0684));
#6174=CARTESIAN_POINT('',(0.500225973,-0.2888056,1.085066667));
#6175=CARTESIAN_POINT('',(0.5776112,-0.154770455,1.101733333));
#6176=CARTESIAN_POINT('',(0.5776112,0.,1.1184));
#6177=CARTESIAN_POINT('',(0.5776112,0.154770455,1.135066667));
#6178=CARTESIAN_POINT('',(0.500225973,0.2888056,1.151733333));
#6179=CARTESIAN_POINT('',(0.422840745,0.422840745,1.1684));
#6180=CARTESIAN_POINT('',(0.2888056,0.500225973,1.185066667));
#6181=CARTESIAN_POINT('',(0.154770455,0.5776112,1.201733333));
#6182=CARTESIAN_POINT('',(0.,0.5776112,1.2184));
#6183=CARTESIAN_POINT('',(-0.154770455,0.5776112,1.235066667));
#6184=CARTESIAN_POINT('',(-0.2888056,0.500225973,1.251733333));
#6185=CARTESIAN_POINT('',(-0.422840745,0.422840745,1.2684));
#6186=CARTESIAN_POINT('',(-0.500225973,0.2888056,1.285066667));
#6187=CARTESIAN_POINT('',(-0.5776112,0.154770455,1.301733333));
#6188=CARTESIAN_POINT('',(-0.5776112,0.,1.3184));
#6189=CARTESIAN_POINT('',(-0.5776112,-0.154770455,1.335066667));
#6190=CARTESIAN_POINT('',(-0.500225973,-0.2888056,1.351733333));
#6191=CARTESIAN_POINT('',(-0.422840745,-0.422840745,1.3684));
#6192=CARTESIAN_POINT('',(-0.2888056,-0.500225973,1.385066667));
#6193=CARTESIAN_POINT('',(-0.154770455,-0.5776112,1.401733333));
#6194=CARTESIAN_POINT('',(-0.,-0.5776112,1.4184));
#6195=CARTESIAN_POINT('',(0.154770455,-0.5776112,1.435066667));
#6196=CARTESIAN_POINT('',(0.2888056,-0.500225973,1.451733333));
#6197=CARTESIAN_POINT('',(0.422840745,-0.422840745,1.4684));
#6198=CARTESIAN_POINT('',(0.500225973,-0.2888056,1.485066667));
#6199=CARTESIAN_POINT('',(0.5776112,-0.154770455,1.501733333));
#6200=CARTESIAN_POINT('',(0.5776112,0.,1.5184));
#6201=CARTESIAN_POINT('',(0.5776112,0.154770455,1.535066667));
#6202=CARTESIAN_POINT('',(0.500225973,0.2888056,1.551733333));
#6203=CARTESIAN_POINT('',(0.422840745,0.422840745,1.5684));
#6204=CARTESIAN_POINT('',(0.2888056,0.500225973,1.585066667));
#6205=CARTESIAN_POINT('',(0.154770455,0.5776112,1.601733333));
#6206=CARTESIAN_POINT('',(0.,0.5776112,1.6184));
#6207=CARTESIAN_POINT('',(-0.154770455,0.5776112,1.635066667));
#6208=CARTESIAN_POINT('',(-0.2888056,0.500225973,1.651733333));
#6209=CARTESIAN_POINT('',(-0.422840745,0.422840745,1.6684));
#6210=CARTESIAN_POINT('',(-0.500225973,0.2888056,1.685066667));
#6211=CARTESIAN_POINT('',(-0.5776112,0.154770455,1.701733333));
#6212=CARTESIAN_POINT('',(-0.5776112,0.,1.7184));
#6213=CARTESIAN_POINT('',(-0.5776112,-0.154770455,1.735066667));
#6214=CARTESIAN_POINT('',(-0.500225973,-0.2888056,1.751733333));
#6215=CARTESIAN_POINT('',(-0.422840745,-0.422840745,1.7684));
#6216=CARTESIAN_POINT('',(-0.2888056,-0.500225973,1.785066667));
#6217=CARTESIAN_POINT('',(-0.154770455,-0.5776112,1.801733333));
#6218=CARTESIAN_POINT('',(-0.,-0.5776112,1.8184));
#6219=CARTESIAN_POINT('',(0.154770455,-0.5776112,1.835066667));
#6220=CARTESIAN_POINT('',(0.2888056,-0.500225973,1.851733333));
#6221=CARTESIAN_POINT('',(0.422840745,-0.422840745,1.8684));
#6222=CARTESIAN_POINT('',(0.500225973,-0.2888056,1.885066667));
#6223=CARTESIAN_POINT('',(0.5776112,-0.154770455,1.901733333));
#6224=CARTESIAN_POINT('',(0.5776112,0.,1.9184));
#6225=(BOUNDED_SURFACE()
B_SPLINE_SURFACE(1,2,((#6031,#6032,#6033,#6034,#6035,#6036,#6037,#6038,#6039,#6040,#6041,#6042,#6043,#6044,#6045,#6046,#6047,#6048,#6049,#6050,#6051,#6052,#6053,#6054,#6055,#6056,
#6057,#6058,#6059,#6060,#6061,#6062,#6063,#6064,#6065,#6066,#6067,#6068,#6069,#6070,#6071,#6072,#6073,#6074,#6075,#6076,#6077,#6078,#6079,#6080,#6081,
#6082,#6083,#6084,#6085,#6086,#6087,#6088,#6089,#6090,#6091,#6092,#6093,#6094,#6095,#6096,#6097,#6098,#6099,#6100,#6101,#6102,#6103,#6104,#6105,#6106,
#6107,#6108,#6109,#6110,#6111,#6112,#6113,#6114,#6115,#6116,#6117,#6118,#6119,#6120,#6121,#6122,#6123,#6124,#6125,#6126,#6127),(#6128,#6129,#6130,#6131,#6132,#6133,#6134,#6135,#6136,#6137,#6138,#6139,#6140,#6141,#6142,#6143,#6144,#6145,#6146,#6147,#6148,#6149,#6150,#6151,#6152,#6153,
#6154,#6155,#6156,#6157,#6158,#6159,#6160,#6161,#6162,#6163,#6164,#6165,#6166,#6167,#6168,#6169,#6170,#6171,#6172,#6173,#6174,#6175,#6176,#6177,#6178,
#6179,#6180,#6181,#6182,#6183,#6184,#6185,#6186,#6187,#6188,#6189,#6190,#6191,#6192,#6193,#6194,#6195,#6196,#6197,#6198,#6199,#6200,#6201,#6202,#6203,
#6204,#6205,#6206,#6207,#6208,#6209,#6210,#6211,#6212,#6213,#6214,#6215,#6216,#6217,#6218,#6219,#6220,#6221,#6222,#6223,#6224)),.UNSPECIFIED.,.F.,.F.,.U.)
B_SPLINE_SURFACE_WITH_KNOTS((2,2),(3,2,2,2,2,2,2,2,2,2,2,2,2,2,2,2,2,2,2,2,2,2,2,2,2,2,
2,2,2,2,2,2,2,2,2,2,2,2,2,2,2,2,2,2,2,2,2,2,3),(0.,1.),(0.,0.020833333,0.041666667,0.0625,0.083333333,0.104166667,0.125,0.145833333,0.166666667,0.1875,0.208333333,0.229166667,0.25,0.270833333,0.291666667,0.3125,0.333333333,0.354166667,0.375,0.395833333,0.416666667,0.4375,0.458333333,0.479166667,0.5,0.520833333,
0.541666667,0.5625,0.583333333,0.604166667,0.625,0.645833333,0.666666667,0.6875,0.708333333,0.729166667,0.75,0.770833333,0.791666667,0.8125,0.833333333,0.854166667,0.875,0.895833333,0.916666667,0.9375,0.958333333,0.979166667,1.),.UNSPECIFIED.)
GEOMETRIC_REPRESENTATION_ITEM()
RATIONAL_B_SPLINE_SURFACE(((1.,0.965925826,1.,0.965925826,1.,0.965925826,1.,0.965925826,1.,0.965925826,1.,0.965925826,1.,0.965925826,1.,0.965925826,1.,0.965925826,1.,0.965925826,1.,0.965925826,1.,0.965925826,1.,0.965925826,
1.,0.965925826,1.,0.965925826,1.,0.965925826,1.,0.965925826,1.,0.965925826,1.,0.965925826,1.,0.965925826,1.,0.965925826,1.,0.965925826,1.,0.965925826,1.,0.965925826,1.,0.965925826,1.,
0.965925826,1.,0.965925826,1.,0.965925826,1.,0.965925826,1.,0.965925826,1.,0.965925826,1.,0.965925826,1.,0.965925826,1.,0.965925826,1.,0.965925826,1.,0.965925826,1.,0.965925826,1.,0.965925826,
1.,0.965925826,1.,0.965925826,1.,0.965925826,1.,0.965925826,1.,0.965925826,1.,0.965925826,1.,0.965925826,1.,0.965925826,1.,0.965925826,1.,0.965925826,1.),(1.,0.965925826,1.,0.965925826,1.,0.965925826,1.,0.965925826,1.,0.965925826,1.,0.965925826,1.,0.965925826,1.,0.965925826,1.,0.965925826,1.,0.965925826,1.,0.965925826,1.,0.965925826,1.,0.965925826,
1.,0.965925826,1.,0.965925826,1.,0.965925826,1.,0.965925826,1.,0.965925826,1.,0.965925826,1.,0.965925826,1.,0.965925826,1.,0.965925826,1.,0.965925826,1.,0.965925826,1.,0.965925826,1.,
0.965925826,1.,0.965925826,1.,0.965925826,1.,0.965925826,1.,0.965925826,1.,0.965925826,1.,0.965925826,1.,0.965925826,1.,0.965925826,1.,0.965925826,1.,0.965925826,1.,0.965925826,1.,0.965925826,
1.,0.965925826,1.,0.965925826,1.,0.965925826,1.,0.965925826,1.,0.965925826,1.,0.965925826,1.,0.965925826,1.,0.965925826,1.,0.965925826,1.,0.965925826,1.)))
REPRESENTATION_ITEM('')
SURFACE()
);
#6226=CARTESIAN_POINT('',(0.5776112,-0.,0.7184));
#6227=VERTEX_POINT('',#6226);
#6228=CARTESIAN_POINT('',(0.5776112,0.,0.3184));
#6229=CARTESIAN_POINT('',(0.5776112,0.154770455,0.335066667));
#6230=CARTESIAN_POINT('',(0.500225973,0.2888056,0.351733333));
#6231=CARTESIAN_POINT('',(0.422840745,0.422840745,0.3684));
#6232=CARTESIAN_POINT('',(0.2888056,0.500225973,0.385066667));
#6233=CARTESIAN_POINT('',(0.154770455,0.5776112,0.401733333));
#6234=CARTESIAN_POINT('',(0.,0.5776112,0.4184));
#6235=CARTESIAN_POINT('',(-0.154770455,0.5776112,0.435066667));
#6236=CARTESIAN_POINT('',(-0.2888056,0.500225973,0.451733333));
#6237=CARTESIAN_POINT('',(-0.422840745,0.422840745,0.4684));
#6238=CARTESIAN_POINT('',(-0.500225973,0.2888056,0.485066667));
#6239=CARTESIAN_POINT('',(-0.5776112,0.154770455,0.501733333));
#6240=CARTESIAN_POINT('',(-0.5776112,0.,0.5184));
#6241=CARTESIAN_POINT('',(-0.5776112,-0.154770455,0.535066667));
#6242=CARTESIAN_POINT('',(-0.500225973,-0.2888056,0.551733333));
#6243=CARTESIAN_POINT('',(-0.422840745,-0.422840745,0.5684));
#6244=CARTESIAN_POINT('',(-0.2888056,-0.500225973,0.585066667));
#6245=CARTESIAN_POINT('',(-0.154770455,-0.5776112,0.601733333));
#6246=CARTESIAN_POINT('',(-0.,-0.5776112,0.6184));
#6247=CARTESIAN_POINT('',(0.154770455,-0.5776112,0.635066667));
#6248=CARTESIAN_POINT('',(0.2888056,-0.500225973,0.651733333));
#6249=CARTESIAN_POINT('',(0.422840745,-0.422840745,0.6684));
#6250=CARTESIAN_POINT('',(0.500225973,-0.2888056,0.685066667));
#6251=CARTESIAN_POINT('',(0.5776112,-0.154770455,0.701733333));
#6252=CARTESIAN_POINT('',(0.5776112,-0.,0.7184));
#6253=CARTESIAN_POINT('',(0.5776112,0.154770455,0.735066667));
#6254=CARTESIAN_POINT('',(0.500225973,0.2888056,0.751733333));
#6255=CARTESIAN_POINT('',(0.422840745,0.422840745,0.7684));
#6256=CARTESIAN_POINT('',(0.2888056,0.500225973,0.785066667));
#6257=CARTESIAN_POINT('',(0.154770455,0.5776112,0.801733333));
#6258=CARTESIAN_POINT('',(0.,0.5776112,0.8184));
#6259=CARTESIAN_POINT('',(-0.154770455,0.5776112,0.835066667));
#6260=CARTESIAN_POINT('',(-0.2888056,0.500225973,0.851733333));
#6261=CARTESIAN_POINT('',(-0.422840745,0.422840745,0.8684));
#6262=CARTESIAN_POINT('',(-0.500225973,0.2888056,0.885066667));
#6263=CARTESIAN_POINT('',(-0.5776112,0.154770455,0.901733333));
#6264=CARTESIAN_POINT('',(-0.5776112,0.,0.9184));
#6265=CARTESIAN_POINT('',(-0.5776112,-0.154770455,0.935066667));
#6266=CARTESIAN_POINT('',(-0.500225973,-0.2888056,0.951733333));
#6267=CARTESIAN_POINT('',(-0.422840745,-0.422840745,0.9684));
#6268=CARTESIAN_POINT('',(-0.2888056,-0.500225973,0.985066667));
#6269=CARTESIAN_POINT('',(-0.154770455,-0.5776112,1.001733333));
#6270=CARTESIAN_POINT('',(-0.,-0.5776112,1.0184));
#6271=CARTESIAN_POINT('',(0.154770455,-0.5776112,1.035066667));
#6272=CARTESIAN_POINT('',(0.2888056,-0.500225973,1.051733333));
#6273=CARTESIAN_POINT('',(0.422840745,-0.422840745,1.0684));
#6274=CARTESIAN_POINT('',(0.500225973,-0.2888056,1.085066667));
#6275=CARTESIAN_POINT('',(0.5776112,-0.154770455,1.101733333));
#6276=CARTESIAN_POINT('',(0.5776112,-0.,1.1184));
#6277=CARTESIAN_POINT('',(0.5776112,0.154770455,1.135066667));
#6278=CARTESIAN_POINT('',(0.500225973,0.2888056,1.151733333));
#6279=CARTESIAN_POINT('',(0.422840745,0.422840745,1.1684));
#6280=CARTESIAN_POINT('',(0.2888056,0.500225973,1.185066667));
#6281=CARTESIAN_POINT('',(0.154770455,0.5776112,1.201733333));
#6282=CARTESIAN_POINT('',(0.,0.5776112,1.2184));
#6283=CARTESIAN_POINT('',(-0.154770455,0.5776112,1.235066667));
#6284=CARTESIAN_POINT('',(-0.2888056,0.500225973,1.251733333));
#6285=CARTESIAN_POINT('',(-0.422840745,0.422840745,1.2684));
#6286=CARTESIAN_POINT('',(-0.500225973,0.2888056,1.285066667));
#6287=CARTESIAN_POINT('',(-0.5776112,0.154770455,1.301733333));
#6288=CARTESIAN_POINT('',(-0.5776112,0.,1.3184));
#6289=CARTESIAN_POINT('',(-0.5776112,-0.154770455,1.335066667));
#6290=CARTESIAN_POINT('',(-0.500225973,-0.2888056,1.351733333));
#6291=CARTESIAN_POINT('',(-0.422840745,-0.422840745,1.3684));
#6292=CARTESIAN_POINT('',(-0.2888056,-0.500225973,1.385066667));
#6293=CARTESIAN_POINT('',(-0.154770455,-0.5776112,1.401733333));
#6294=CARTESIAN_POINT('',(-0.,-0.5776112,1.4184));
#6295=CARTESIAN_POINT('',(0.154770455,-0.5776112,1.435066667));
#6296=CARTESIAN_POINT('',(0.2888056,-0.500225973,1.451733333));
#6297=CARTESIAN_POINT('',(0.422840745,-0.422840745,1.4684));
#6298=CARTESIAN_POINT('',(0.500225973,-0.2888056,1.485066667));
#6299=CARTESIAN_POINT('',(0.5776112,-0.154770455,1.501733333));
#6300=CARTESIAN_POINT('',(0.5776112,-0.,1.5184));
#6301=CARTESIAN_POINT('',(0.5776112,0.154770455,1.535066667));
#6302=CARTESIAN_POINT('',(0.500225973,0.2888056,1.551733333));
#6303=CARTESIAN_POINT('',(0.422840745,0.422840745,1.5684));
#6304=CARTESIAN_POINT('',(0.2888056,0.500225973,1.585066667));
#6305=CARTESIAN_POINT('',(0.154770455,0.5776112,1.601733333));
#6306=CARTESIAN_POINT('',(0.,0.5776112,1.6184));
#6307=CARTESIAN_POINT('',(-0.154770455,0.5776112,1.635066667));
#6308=CARTESIAN_POINT('',(-0.2888056,0.500225973,1.651733333));
#6309=CARTESIAN_POINT('',(-0.422840745,0.422840745,1.6684));
#6310=CARTESIAN_POINT('',(-0.500225973,0.2888056,1.685066667));
#6311=CARTESIAN_POINT('',(-0.5776112,0.154770455,1.701733333));
#6312=CARTESIAN_POINT('',(-0.5776112,0.,1.7184));
#6313=CARTESIAN_POINT('',(-0.5776112,-0.154770455,1.735066667));
#6314=CARTESIAN_POINT('',(-0.500225973,-0.2888056,1.751733333));
#6315=CARTESIAN_POINT('',(-0.422840745,-0.422840745,1.7684));
#6316=CARTESIAN_POINT('',(-0.2888056,-0.500225973,1.785066667));
#6317=CARTESIAN_POINT('',(-0.154770455,-0.5776112,1.801733333));
#6318=CARTESIAN_POINT('',(-0.,-0.5776112,1.8184));
#6319=CARTESIAN_POINT('',(0.154770455,-0.5776112,1.835066667));
#6320=CARTESIAN_POINT('',(0.2888056,-0.500225973,1.851733333));
#6321=CARTESIAN_POINT('',(0.422840745,-0.422840745,1.8684));
#6322=CARTESIAN_POINT('',(0.500225973,-0.2888056,1.885066667));
#6323=CARTESIAN_POINT('',(0.5776112,-0.154770455,1.901733333));
#6324=CARTESIAN_POINT('',(0.5776112,-0.,1.9184));
#6325=(BOUNDED_CURVE()
B_SPLINE_CURVE(2,(#6228,#6229,#6230,#6231,#6232,#6233,#6234,#6235,#6236,#6237,#6238,#6239,#6240,#6241,#6242,#6243,#6244,#6245,#6246,#6247,#6248,#6249,#6250,#6251,#6252,#6253,
#6254,#6255,#6256,#6257,#6258,#6259,#6260,#6261,#6262,#6263,#6264,#6265,#6266,#6267,#6268,#6269,#6270,#6271,#6272,#6273,#6274,#6275,#6276,#6277,#6278,
#6279,#6280,#6281,#6282,#6283,#6284,#6285,#6286,#6287,#6288,#6289,#6290,#6291,#6292,#6293,#6294,#6295,#6296,#6297,#6298,#6299,#6300,#6301,#6302,#6303,
#6304,#6305,#6306,#6307,#6308,#6309,#6310,#6311,#6312,#6313,#6314,#6315,#6316,#6317,#6318,#6319,#6320,#6321,#6322,#6323,#6324),.UNSPECIFIED.,.F.,.F.)
B_SPLINE_CURVE_WITH_KNOTS((3,2,2,2,2,2,2,2,2,2,2,2,2,2,2,2,2,2,2,2,2,2,2,2,2,2,
2,2,2,2,2,2,2,2,2,2,2,2,2,2,2,2,2,2,2,2,2,2,3),(0.,0.020833333,0.041666667,0.0625,0.083333333,0.104166667,0.125,0.145833333,0.166666667,0.1875,0.208333333,0.229166667,0.25,0.270833333,0.291666667,0.3125,0.333333333,0.354166667,0.375,0.395833333,0.416666667,0.4375,0.458333333,0.479166667,0.5,0.520833333,
0.541666667,0.5625,0.583333333,0.604166667,0.625,0.645833333,0.666666667,0.6875,0.708333333,0.729166667,0.75,0.770833333,0.791666667,0.8125,0.833333333,0.854166667,0.875,0.895833333,0.916666667,0.9375,0.958333333,0.979166667,1.),.UNSPECIFIED.)
CURVE()
GEOMETRIC_REPRESENTATION_ITEM()
RATIONAL_B_SPLINE_CURVE((1.,0.965925826,1.,0.965925826,1.,0.965925826,1.,0.965925826,1.,0.965925826,1.,0.965925826,1.,0.965925826,1.,0.965925826,1.,0.965925826,1.,0.965925826,1.,0.965925826,1.,0.965925826,1.,0.965925826,
1.,0.965925826,1.,0.965925826,1.,0.965925826,1.,0.965925826,1.,0.965925826,1.,0.965925826,1.,0.965925826,1.,0.965925826,1.,0.965925826,1.,0.965925826,1.,0.965925826,1.,0.965925826,1.,
0.965925826,1.,0.965925826,1.,0.965925826,1.,0.965925826,1.,0.965925826,1.,0.965925826,1.,0.965925826,1.,0.965925826,1.,0.965925826,1.,0.965925826,1.,0.965925826,1.,0.965925826,1.,0.965925826,
1.,0.965925826,1.,0.965925826,1.,0.965925826,1.,0.965925826,1.,0.965925826,1.,0.965925826,1.,0.965925826,1.,0.965925826,1.,0.965925826,1.,0.965925826,1.))
REPRESENTATION_ITEM(''));
#6326=EDGE_CURVE('',#5069,#6227,#6325,.T.);
#6327=ORIENTED_EDGE('',*,*,#6326,.T.);
#6328=CARTESIAN_POINT('',(0.5776112,-0.,1.1184));
#6329=VERTEX_POINT('',#6328);
#6330=CARTESIAN_POINT('',(0.5776112,0.,0.3184));
#6331=CARTESIAN_POINT('',(0.5776112,0.154770455,0.335066667));
#6332=CARTESIAN_POINT('',(0.500225973,0.2888056,0.351733333));
#6333=CARTESIAN_POINT('',(0.422840745,0.422840745,0.3684));
#6334=CARTESIAN_POINT('',(0.2888056,0.500225973,0.385066667));
#6335=CARTESIAN_POINT('',(0.154770455,0.5776112,0.401733333));
#6336=CARTESIAN_POINT('',(0.,0.5776112,0.4184));
#6337=CARTESIAN_POINT('',(-0.154770455,0.5776112,0.435066667));
#6338=CARTESIAN_POINT('',(-0.2888056,0.500225973,0.451733333));
#6339=CARTESIAN_POINT('',(-0.422840745,0.422840745,0.4684));
#6340=CARTESIAN_POINT('',(-0.500225973,0.2888056,0.485066667));
#6341=CARTESIAN_POINT('',(-0.5776112,0.154770455,0.501733333));
#6342=CARTESIAN_POINT('',(-0.5776112,0.,0.5184));
#6343=CARTESIAN_POINT('',(-0.5776112,-0.154770455,0.535066667));
#6344=CARTESIAN_POINT('',(-0.500225973,-0.2888056,0.551733333));
#6345=CARTESIAN_POINT('',(-0.422840745,-0.422840745,0.5684));
#6346=CARTESIAN_POINT('',(-0.2888056,-0.500225973,0.585066667));
#6347=CARTESIAN_POINT('',(-0.154770455,-0.5776112,0.601733333));
#6348=CARTESIAN_POINT('',(-0.,-0.5776112,0.6184));
#6349=CARTESIAN_POINT('',(0.154770455,-0.5776112,0.635066667));
#6350=CARTESIAN_POINT('',(0.2888056,-0.500225973,0.651733333));
#6351=CARTESIAN_POINT('',(0.422840745,-0.422840745,0.6684));
#6352=CARTESIAN_POINT('',(0.500225973,-0.2888056,0.685066667));
#6353=CARTESIAN_POINT('',(0.5776112,-0.154770455,0.701733333));
#6354=CARTESIAN_POINT('',(0.5776112,-0.,0.7184));
#6355=CARTESIAN_POINT('',(0.5776112,0.154770455,0.735066667));
#6356=CARTESIAN_POINT('',(0.500225973,0.2888056,0.751733333));
#6357=CARTESIAN_POINT('',(0.422840745,0.422840745,0.7684));
#6358=CARTESIAN_POINT('',(0.2888056,0.500225973,0.785066667));
#6359=CARTESIAN_POINT('',(0.154770455,0.5776112,0.801733333));
#6360=CARTESIAN_POINT('',(0.,0.5776112,0.8184));
#6361=CARTESIAN_POINT('',(-0.154770455,0.5776112,0.835066667));
#6362=CARTESIAN_POINT('',(-0.2888056,0.500225973,0.851733333));
#6363=CARTESIAN_POINT('',(-0.422840745,0.422840745,0.8684));
#6364=CARTESIAN_POINT('',(-0.500225973,0.2888056,0.885066667));
#6365=CARTESIAN_POINT('',(-0.5776112,0.154770455,0.901733333));
#6366=CARTESIAN_POINT('',(-0.5776112,0.,0.9184));
#6367=CARTESIAN_POINT('',(-0.5776112,-0.154770455,0.935066667));
#6368=CARTESIAN_POINT('',(-0.500225973,-0.2888056,0.951733333));
#6369=CARTESIAN_POINT('',(-0.422840745,-0.422840745,0.9684));
#6370=CARTESIAN_POINT('',(-0.2888056,-0.500225973,0.985066667));
#6371=CARTESIAN_POINT('',(-0.154770455,-0.5776112,1.001733333));
#6372=CARTESIAN_POINT('',(-0.,-0.5776112,1.0184));
#6373=CARTESIAN_POINT('',(0.154770455,-0.5776112,1.035066667));
#6374=CARTESIAN_POINT('',(0.2888056,-0.500225973,1.051733333));
#6375=CARTESIAN_POINT('',(0.422840745,-0.422840745,1.0684));
#6376=CARTESIAN_POINT('',(0.500225973,-0.2888056,1.085066667));
#6377=CARTESIAN_POINT('',(0.5776112,-0.154770455,1.101733333));
#6378=CARTESIAN_POINT('',(0.5776112,-0.,1.1184));
#6379=CARTESIAN_POINT('',(0.5776112,0.154770455,1.135066667));
#6380=CARTESIAN_POINT('',(0.500225973,0.2888056,1.151733333));
#6381=CARTESIAN_POINT('',(0.422840745,0.422840745,1.1684));
#6382=CARTESIAN_POINT('',(0.2888056,0.500225973,1.185066667));
#6383=CARTESIAN_POINT('',(0.154770455,0.5776112,1.201733333));
#6384=CARTESIAN_POINT('',(0.,0.5776112,1.2184));
#6385=CARTESIAN_POINT('',(-0.154770455,0.5776112,1.235066667));
#6386=CARTESIAN_POINT('',(-0.2888056,0.500225973,1.251733333));
#6387=CARTESIAN_POINT('',(-0.422840745,0.422840745,1.2684));
#6388=CARTESIAN_POINT('',(-0.500225973,0.2888056,1.285066667));
#6389=CARTESIAN_POINT('',(-0.5776112,0.154770455,1.301733333));
#6390=CARTESIAN_POINT('',(-0.5776112,0.,1.3184));
#6391=CARTESIAN_POINT('',(-0.5776112,-0.154770455,1.335066667));
#6392=CARTESIAN_POINT('',(-0.500225973,-0.2888056,1.351733333));
#6393=CARTESIAN_POINT('',(-0.422840745,-0.422840745,1.3684));
#6394=CARTESIAN_POINT('',(-0.2888056,-0.500225973,1.385066667));
#6395=CARTESIAN_POINT('',(-0.154770455,-0.5776112,1.401733333));
#6396=CARTESIAN_POINT('',(-0.,-0.5776112,1.4184));
#6397=CARTESIAN_POINT('',(0.154770455,-0.5776112,1.435066667));
#6398=CARTESIAN_POINT('',(0.2888056,-0.500225973,1.451733333));
#6399=CARTESIAN_POINT('',(0.422840745,-0.422840745,1.4684));
#6400=CARTESIAN_POINT('',(0.500225973,-0.2888056,1.485066667));
#6401=CARTESIAN_POINT('',(0.5776112,-0.154770455,1.501733333));
#6402=CARTESIAN_POINT('',(0.5776112,-0.,1.5184));
#6403=CARTESIAN_POINT('',(0.5776112,0.154770455,1.535066667));
#6404=CARTESIAN_POINT('',(0.500225973,0.2888056,1.551733333));
#6405=CARTESIAN_POINT('',(0.422840745,0.422840745,1.5684));
#6406=CARTESIAN_POINT('',(0.2888056,0.500225973,1.585066667));
#6407=CARTESIAN_POINT('',(0.154770455,0.5776112,1.601733333));
#6408=CARTESIAN_POINT('',(0.,0.5776112,1.6184));
#6409=CARTESIAN_POINT('',(-0.154770455,0.5776112,1.635066667));
#6410=CARTESIAN_POINT('',(-0.2888056,0.500225973,1.651733333));
#6411=CARTESIAN_POINT('',(-0.422840745,0.422840745,1.6684));
#6412=CARTESIAN_POINT('',(-0.500225973,0.2888056,1.685066667));
#6413=CARTESIAN_POINT('',(-0.5776112,0.154770455,1.701733333));
#6414=CARTESIAN_POINT('',(-0.5776112,0.,1.7184));
#6415=CARTESIAN_POINT('',(-0.5776112,-0.154770455,1.735066667));
#6416=CARTESIAN_POINT('',(-0.500225973,-0.2888056,1.751733333));
#6417=CARTESIAN_POINT('',(-0.422840745,-0.422840745,1.7684));
#6418=CARTESIAN_POINT('',(-0.2888056,-0.500225973,1.785066667));
#6419=CARTESIAN_POINT('',(-0.154770455,-0.5776112,1.801733333));
#6420=CARTESIAN_POINT('',(-0.,-0.5776112,1.8184));
#6421=CARTESIAN_POINT('',(0.154770455,-0.5776112,1.835066667));
#6422=CARTESIAN_POINT('',(0.2888056,-0.500225973,1.851733333));
#6423=CARTESIAN_POINT('',(0.422840745,-0.422840745,1.8684));
#6424=CARTESIAN_POINT('',(0.500225973,-0.2888056,1.885066667));
#6425=CARTESIAN_POINT('',(0.5776112,-0.154770455,1.901733333));
#6426=CARTESIAN_POINT('',(0.5776112,-0.,1.9184));
#6427=(BOUNDED_CURVE()
B_SPLINE_CURVE(2,(#6330,#6331,#6332,#6333,#6334,#6335,#6336,#6337,#6338,#6339,#6340,#6341,#6342,#6343,#6344,#6345,#6346,#6347,#6348,#6349,#6350,#6351,#6352,#6353,#6354,#6355,
#6356,#6357,#6358,#6359,#6360,#6361,#6362,#6363,#6364,#6365,#6366,#6367,#6368,#6369,#6370,#6371,#6372,#6373,#6374,#6375,#6376,#6377,#6378,#6379,#6380,
#6381,#6382,#6383,#6384,#6385,#6386,#6387,#6388,#6389,#6390,#6391,#6392,#6393,#6394,#6395,#6396,#6397,#6398,#6399,#6400,#6401,#6402,#6403,#6404,#6405,
#6406,#6407,#6408,#6409,#6410,#6411,#6412,#6413,#6414,#6415,#6416,#6417,#6418,#6419,#6420,#6421,#6422,#6423,#6424,#6425,#6426),.UNSPECIFIED.,.F.,.F.)
B_SPLINE_CURVE_WITH_KNOTS((3,2,2,2,2,2,2,2,2,2,2,2,2,2,2,2,2,2,2,2,2,2,2,2,2,2,
2,2,2,2,2,2,2,2,2,2,2,2,2,2,2,2,2,2,2,2,2,2,3),(0.,0.020833333,0.041666667,0.0625,0.083333333,0.104166667,0.125,0.145833333,0.166666667,0.1875,0.208333333,0.229166667,0.25,0.270833333,0.291666667,0.3125,0.333333333,0.354166667,0.375,0.395833333,0.416666667,0.4375,0.458333333,0.479166667,0.5,0.520833333,
0.541666667,0.5625,0.583333333,0.604166667,0.625,0.645833333,0.666666667,0.6875,0.708333333,0.729166667,0.75,0.770833333,0.791666667,0.8125,0.833333333,0.854166667,0.875,0.895833333,0.916666667,0.9375,0.958333333,0.979166667,1.),.UNSPECIFIED.)
CURVE()
GEOMETRIC_REPRESENTATION_ITEM()
RATIONAL_B_SPLINE_CURVE((1.,0.965925826,1.,0.965925826,1.,0.965925826,1.,0.965925826,1.,0.965925826,1.,0.965925826,1.,0.965925826,1.,0.965925826,1.,0.965925826,1.,0.965925826,1.,0.965925826,1.,0.965925826,1.,0.965925826,
1.,0.965925826,1.,0.965925826,1.,0.965925826,1.,0.965925826,1.,0.965925826,1.,0.965925826,1.,0.965925826,1.,0.965925826,1.,0.965925826,1.,0.965925826,1.,0.965925826,1.,0.965925826,1.,
0.965925826,1.,0.965925826,1.,0.965925826,1.,0.965925826,1.,0.965925826,1.,0.965925826,1.,0.965925826,1.,0.965925826,1.,0.965925826,1.,0.965925826,1.,0.965925826,1.,0.965925826,1.,0.965925826,
1.,0.965925826,1.,0.965925826,1.,0.965925826,1.,0.965925826,1.,0.965925826,1.,0.965925826,1.,0.965925826,1.,0.965925826,1.,0.965925826,1.,0.965925826,1.))
REPRESENTATION_ITEM(''));
#6428=EDGE_CURVE('',#6227,#6329,#6427,.T.);
#6429=ORIENTED_EDGE('',*,*,#6428,.T.);
#6430=CARTESIAN_POINT('',(0.5776112,-0.,1.5184));
#6431=VERTEX_POINT('',#6430);
#6432=CARTESIAN_POINT('',(0.5776112,0.,0.3184));
#6433=CARTESIAN_POINT('',(0.5776112,0.154770455,0.335066667));
#6434=CARTESIAN_POINT('',(0.500225973,0.2888056,0.351733333));
#6435=CARTESIAN_POINT('',(0.422840745,0.422840745,0.3684));
#6436=CARTESIAN_POINT('',(0.2888056,0.500225973,0.385066667));
#6437=CARTESIAN_POINT('',(0.154770455,0.5776112,0.401733333));
#6438=CARTESIAN_POINT('',(0.,0.5776112,0.4184));
#6439=CARTESIAN_POINT('',(-0.154770455,0.5776112,0.435066667));
#6440=CARTESIAN_POINT('',(-0.2888056,0.500225973,0.451733333));
#6441=CARTESIAN_POINT('',(-0.422840745,0.422840745,0.4684));
#6442=CARTESIAN_POINT('',(-0.500225973,0.2888056,0.485066667));
#6443=CARTESIAN_POINT('',(-0.5776112,0.154770455,0.501733333));
#6444=CARTESIAN_POINT('',(-0.5776112,0.,0.5184));
#6445=CARTESIAN_POINT('',(-0.5776112,-0.154770455,0.535066667));
#6446=CARTESIAN_POINT('',(-0.500225973,-0.2888056,0.551733333));
#6447=CARTESIAN_POINT('',(-0.422840745,-0.422840745,0.5684));
#6448=CARTESIAN_POINT('',(-0.2888056,-0.500225973,0.585066667));
#6449=CARTESIAN_POINT('',(-0.154770455,-0.5776112,0.601733333));
#6450=CARTESIAN_POINT('',(-0.,-0.5776112,0.6184));
#6451=CARTESIAN_POINT('',(0.154770455,-0.5776112,0.635066667));
#6452=CARTESIAN_POINT('',(0.2888056,-0.500225973,0.651733333));
#6453=CARTESIAN_POINT('',(0.422840745,-0.422840745,0.6684));
#6454=CARTESIAN_POINT('',(0.500225973,-0.2888056,0.685066667));
#6455=CARTESIAN_POINT('',(0.5776112,-0.154770455,0.701733333));
#6456=CARTESIAN_POINT('',(0.5776112,-0.,0.7184));
#6457=CARTESIAN_POINT('',(0.5776112,0.154770455,0.735066667));
#6458=CARTESIAN_POINT('',(0.500225973,0.2888056,0.751733333));
#6459=CARTESIAN_POINT('',(0.422840745,0.422840745,0.7684));
#6460=CARTESIAN_POINT('',(0.2888056,0.500225973,0.785066667));
#6461=CARTESIAN_POINT('',(0.154770455,0.5776112,0.801733333));
#6462=CARTESIAN_POINT('',(0.,0.5776112,0.8184));
#6463=CARTESIAN_POINT('',(-0.154770455,0.5776112,0.835066667));
#6464=CARTESIAN_POINT('',(-0.2888056,0.500225973,0.851733333));
#6465=CARTESIAN_POINT('',(-0.422840745,0.422840745,0.8684));
#6466=CARTESIAN_POINT('',(-0.500225973,0.2888056,0.885066667));
#6467=CARTESIAN_POINT('',(-0.5776112,0.154770455,0.901733333));
#6468=CARTESIAN_POINT('',(-0.5776112,0.,0.9184));
#6469=CARTESIAN_POINT('',(-0.5776112,-0.154770455,0.935066667));
#6470=CARTESIAN_POINT('',(-0.500225973,-0.2888056,0.951733333));
#6471=CARTESIAN_POINT('',(-0.422840745,-0.422840745,0.9684));
#6472=CARTESIAN_POINT('',(-0.2888056,-0.500225973,0.985066667));
#6473=CARTESIAN_POINT('',(-0.154770455,-0.5776112,1.001733333));
#6474=CARTESIAN_POINT('',(-0.,-0.5776112,1.0184));
#6475=CARTESIAN_POINT('',(0.154770455,-0.5776112,1.035066667));
#6476=CARTESIAN_POINT('',(0.2888056,-0.500225973,1.051733333));
#6477=CARTESIAN_POINT('',(0.422840745,-0.422840745,1.0684));
#6478=CARTESIAN_POINT('',(0.500225973,-0.2888056,1.085066667));
#6479=CARTESIAN_POINT('',(0.5776112,-0.154770455,1.101733333));
#6480=CARTESIAN_POINT('',(0.5776112,-0.,1.1184));
#6481=CARTESIAN_POINT('',(0.5776112,0.154770455,1.135066667));
#6482=CARTESIAN_POINT('',(0.500225973,0.2888056,1.151733333));
#6483=CARTESIAN_POINT('',(0.422840745,0.422840745,1.1684));
#6484=CARTESIAN_POINT('',(0.2888056,0.500225973,1.185066667));
#6485=CARTESIAN_POINT('',(0.154770455,0.5776112,1.201733333));
#6486=CARTESIAN_POINT('',(0.,0.5776112,1.2184));
#6487=CARTESIAN_POINT('',(-0.154770455,0.5776112,1.235066667));
#6488=CARTESIAN_POINT('',(-0.2888056,0.500225973,1.251733333));
#6489=CARTESIAN_POINT('',(-0.422840745,0.422840745,1.2684));
#6490=CARTESIAN_POINT('',(-0.500225973,0.2888056,1.285066667));
#6491=CARTESIAN_POINT('',(-0.5776112,0.154770455,1.301733333));
#6492=CARTESIAN_POINT('',(-0.5776112,0.,1.3184));
#6493=CARTESIAN_POINT('',(-0.5776112,-0.154770455,1.335066667));
#6494=CARTESIAN_POINT('',(-0.500225973,-0.2888056,1.351733333));
#6495=CARTESIAN_POINT('',(-0.422840745,-0.422840745,1.3684));
#6496=CARTESIAN_POINT('',(-0.2888056,-0.500225973,1.385066667));
#6497=CARTESIAN_POINT('',(-0.154770455,-0.5776112,1.401733333));
#6498=CARTESIAN_POINT('',(-0.,-0.5776112,1.4184));
#6499=CARTESIAN_POINT('',(0.154770455,-0.5776112,1.435066667));
#6500=CARTESIAN_POINT('',(0.2888056,-0.500225973,1.451733333));
#6501=CARTESIAN_POINT('',(0.422840745,-0.422840745,1.4684));
#6502=CARTESIAN_POINT('',(0.500225973,-0.2888056,1.485066667));
#6503=CARTESIAN_POINT('',(0.5776112,-0.154770455,1.501733333));
#6504=CARTESIAN_POINT('',(0.5776112,-0.,1.5184));
#6505=CARTESIAN_POINT('',(0.5776112,0.154770455,1.535066667));
#6506=CARTESIAN_POINT('',(0.500225973,0.2888056,1.551733333));
#6507=CARTESIAN_POINT('',(0.422840745,0.422840745,1.5684));
#6508=CARTESIAN_POINT('',(0.2888056,0.500225973,1.585066667));
#6509=CARTESIAN_POINT('',(0.154770455,0.5776112,1.601733333));
#6510=CARTESIAN_POINT('',(0.,0.5776112,1.6184));
#6511=CARTESIAN_POINT('',(-0.154770455,0.5776112,1.635066667));
#6512=CARTESIAN_POINT('',(-0.2888056,0.500225973,1.651733333));
#6513=CARTESIAN_POINT('',(-0.422840745,0.422840745,1.6684));
#6514=CARTESIAN_POINT('',(-0.500225973,0.2888056,1.685066667));
#6515=CARTESIAN_POINT('',(-0.5776112,0.154770455,1.701733333));
#6516=CARTESIAN_POINT('',(-0.5776112,0.,1.7184));
#6517=CARTESIAN_POINT('',(-0.5776112,-0.154770455,1.735066667));
#6518=CARTESIAN_POINT('',(-0.500225973,-0.2888056,1.751733333));
#6519=CARTESIAN_POINT('',(-0.422840745,-0.422840745,1.7684));
#6520=CARTESIAN_POINT('',(-0.2888056,-0.500225973,1.785066667));
#6521=CARTESIAN_POINT('',(-0.154770455,-0.5776112,1.801733333));
#6522=CARTESIAN_POINT('',(-0.,-0.5776112,1.8184));
#6523=CARTESIAN_POINT('',(0.154770455,-0.5776112,1.835066667));
#6524=CARTESIAN_POINT('',(0.2888056,-0.500225973,1.851733333));
#6525=CARTESIAN_POINT('',(0.422840745,-0.422840745,1.8684));
#6526=CARTESIAN_POINT('',(0.500225973,-0.2888056,1.885066667));
#6527=CARTESIAN_POINT('',(0.5776112,-0.154770455,1.901733333));
#6528=CARTESIAN_POINT('',(0.5776112,-0.,1.9184));
#6529=(BOUNDED_CURVE()
B_SPLINE_CURVE(2,(#6432,#6433,#6434,#6435,#6436,#6437,#6438,#6439,#6440,#6441,#6442,#6443,#6444,#6445,#6446,#6447,#6448,#6449,#6450,#6451,#6452,#6453,#6454,#6455,#6456,#6457,
#6458,#6459,#6460,#6461,#6462,#6463,#6464,#6465,#6466,#6467,#6468,#6469,#6470,#6471,#6472,#6473,#6474,#6475,#6476,#6477,#6478,#6479,#6480,#6481,#6482,
#6483,#6484,#6485,#6486,#6487,#6488,#6489,#6490,#6491,#6492,#6493,#6494,#6495,#6496,#6497,#6498,#6499,#6500,#6501,#6502,#6503,#6504,#6505,#6506,#6507,
#6508,#6509,#6510,#6511,#6512,#6513,#6514,#6515,#6516,#6517,#6518,#6519,#6520,#6521,#6522,#6523,#6524,#6525,#6526,#6527,#6528),.UNSPECIFIED.,.F.,.F.)
B_SPLINE_CURVE_WITH_KNOTS((3,2,2,2,2,2,2,2,2,2,2,2,2,2,2,2,2,2,2,2,2,2,2,2,2,2,
2,2,2,2,2,2,2,2,2,2,2,2,2,2,2,2,2,2,2,2,2,2,3),(0.,0.020833333,0.041666667,0.0625,0.083333333,0.104166667,0.125,0.145833333,0.166666667,0.1875,0.208333333,0.229166667,0.25,0.270833333,0.291666667,0.3125,0.333333333,0.354166667,0.375,0.395833333,0.416666667,0.4375,0.458333333,0.479166667,0.5,0.520833333,
0.541666667,0.5625,0.583333333,0.604166667,0.625,0.645833333,0.666666667,0.6875,0.708333333,0.729166667,0.75,0.770833333,0.791666667,0.8125,0.833333333,0.854166667,0.875,0.895833333,0.916666667,0.9375,0.958333333,0.979166667,1.),.UNSPECIFIED.)
CURVE()
GEOMETRIC_REPRESENTATION_ITEM()
RATIONAL_B_SPLINE_CURVE((1.,0.965925826,1.,0.965925826,1.,0.965925826,1.,0.965925826,1.,0.965925826,1.,0.965925826,1.,0.965925826,1.,0.965925826,1.,0.965925826,1.,0.965925826,1.,0.965925826,1.,0.965925826,1.,0.965925826,
1.,0.965925826,1.,0.965925826,1.,0.965925826,1.,0.965925826,1.,0.965925826,1.,0.965925826,1.,0.965925826,1.,0.965925826,1.,0.965925826,1.,0.965925826,1.,0.965925826,1.,0.965925826,1.,
0.965925826,1.,0.965925826,1.,0.965925826,1.,0.965925826,1.,0.965925826,1.,0.965925826,1.,0.965925826,1.,0.965925826,1.,0.965925826,1.,0.965925826,1.,0.965925826,1.,0.965925826,1.,0.965925826,
1.,0.965925826,1.,0.965925826,1.,0.965925826,1.,0.965925826,1.,0.965925826,1.,0.965925826,1.,0.965925826,1.,0.965925826,1.,0.965925826,1.,0.965925826,1.))
REPRESENTATION_ITEM(''));
#6530=EDGE_CURVE('',#6329,#6431,#6529,.T.);
#6531=ORIENTED_EDGE('',*,*,#6530,.T.);
#6532=CARTESIAN_POINT('',(0.5776112,0.,0.3184));
#6533=CARTESIAN_POINT('',(0.5776112,0.154770455,0.335066667));
#6534=CARTESIAN_POINT('',(0.500225973,0.2888056,0.351733333));
#6535=CARTESIAN_POINT('',(0.422840745,0.422840745,0.3684));
#6536=CARTESIAN_POINT('',(0.2888056,0.500225973,0.385066667));
#6537=CARTESIAN_POINT('',(0.154770455,0.5776112,0.401733333));
#6538=CARTESIAN_POINT('',(0.,0.5776112,0.4184));
#6539=CARTESIAN_POINT('',(-0.154770455,0.5776112,0.435066667));
#6540=CARTESIAN_POINT('',(-0.2888056,0.500225973,0.451733333));
#6541=CARTESIAN_POINT('',(-0.422840745,0.422840745,0.4684));
#6542=CARTESIAN_POINT('',(-0.500225973,0.2888056,0.485066667));
#6543=CARTESIAN_POINT('',(-0.5776112,0.154770455,0.501733333));
#6544=CARTESIAN_POINT('',(-0.5776112,0.,0.5184));
#6545=CARTESIAN_POINT('',(-0.5776112,-0.154770455,0.535066667));
#6546=CARTESIAN_POINT('',(-0.500225973,-0.2888056,0.551733333));
#6547=CARTESIAN_POINT('',(-0.422840745,-0.422840745,0.5684));
#6548=CARTESIAN_POINT('',(-0.2888056,-0.500225973,0.585066667));
#6549=CARTESIAN_POINT('',(-0.154770455,-0.5776112,0.601733333));
#6550=CARTESIAN_POINT('',(-0.,-0.5776112,0.6184));
#6551=CARTESIAN_POINT('',(0.154770455,-0.5776112,0.635066667));
#6552=CARTESIAN_POINT('',(0.2888056,-0.500225973,0.651733333));
#6553=CARTESIAN_POINT('',(0.422840745,-0.422840745,0.6684));
#6554=CARTESIAN_POINT('',(0.500225973,-0.2888056,0.685066667));
#6555=CARTESIAN_POINT('',(0.5776112,-0.154770455,0.701733333));
#6556=CARTESIAN_POINT('',(0.5776112,-0.,0.7184));
#6557=CARTESIAN_POINT('',(0.5776112,0.154770455,0.735066667));
#6558=CARTESIAN_POINT('',(0.500225973,0.2888056,0.751733333));
#6559=CARTESIAN_POINT('',(0.422840745,0.422840745,0.7684));
#6560=CARTESIAN_POINT('',(0.2888056,0.500225973,0.785066667));
#6561=CARTESIAN_POINT('',(0.154770455,0.5776112,0.801733333));
#6562=CARTESIAN_POINT('',(0.,0.5776112,0.8184));
#6563=CARTESIAN_POINT('',(-0.154770455,0.5776112,0.835066667));
#6564=CARTESIAN_POINT('',(-0.2888056,0.500225973,0.851733333));
#6565=CARTESIAN_POINT('',(-0.422840745,0.422840745,0.8684));
#6566=CARTESIAN_POINT('',(-0.500225973,0.2888056,0.885066667));
#6567=CARTESIAN_POINT('',(-0.5776112,0.154770455,0.901733333));
#6568=CARTESIAN_POINT('',(-0.5776112,0.,0.9184));
#6569=CARTESIAN_POINT('',(-0.5776112,-0.154770455,0.935066667));
#6570=CARTESIAN_POINT('',(-0.500225973,-0.2888056,0.951733333));
#6571=CARTESIAN_POINT('',(-0.422840745,-0.422840745,0.9684));
#6572=CARTESIAN_POINT('',(-0.2888056,-0.500225973,0.985066667));
#6573=CARTESIAN_POINT('',(-0.154770455,-0.5776112,1.001733333));
#6574=CARTESIAN_POINT('',(-0.,-0.5776112,1.0184));
#6575=CARTESIAN_POINT('',(0.154770455,-0.5776112,1.035066667));
#6576=CARTESIAN_POINT('',(0.2888056,-0.500225973,1.051733333));
#6577=CARTESIAN_POINT('',(0.422840745,-0.422840745,1.0684));
#6578=CARTESIAN_POINT('',(0.500225973,-0.2888056,1.085066667));
#6579=CARTESIAN_POINT('',(0.5776112,-0.154770455,1.101733333));
#6580=CARTESIAN_POINT('',(0.5776112,-0.,1.1184));
#6581=CARTESIAN_POINT('',(0.5776112,0.154770455,1.135066667));
#6582=CARTESIAN_POINT('',(0.500225973,0.2888056,1.151733333));
#6583=CARTESIAN_POINT('',(0.422840745,0.422840745,1.1684));
#6584=CARTESIAN_POINT('',(0.2888056,0.500225973,1.185066667));
#6585=CARTESIAN_POINT('',(0.154770455,0.5776112,1.201733333));
#6586=CARTESIAN_POINT('',(0.,0.5776112,1.2184));
#6587=CARTESIAN_POINT('',(-0.154770455,0.5776112,1.235066667));
#6588=CARTESIAN_POINT('',(-0.2888056,0.500225973,1.251733333));
#6589=CARTESIAN_POINT('',(-0.422840745,0.422840745,1.2684));
#6590=CARTESIAN_POINT('',(-0.500225973,0.2888056,1.285066667));
#6591=CARTESIAN_POINT('',(-0.5776112,0.154770455,1.301733333));
#6592=CARTESIAN_POINT('',(-0.5776112,0.,1.3184));
#6593=CARTESIAN_POINT('',(-0.5776112,-0.154770455,1.335066667));
#6594=CARTESIAN_POINT('',(-0.500225973,-0.2888056,1.351733333));
#6595=CARTESIAN_POINT('',(-0.422840745,-0.422840745,1.3684));
#6596=CARTESIAN_POINT('',(-0.2888056,-0.500225973,1.385066667));
#6597=CARTESIAN_POINT('',(-0.154770455,-0.5776112,1.401733333));
#6598=CARTESIAN_POINT('',(-0.,-0.5776112,1.4184));
#6599=CARTESIAN_POINT('',(0.154770455,-0.5776112,1.435066667));
#6600=CARTESIAN_POINT('',(0.2888056,-0.500225973,1.451733333));
#6601=CARTESIAN_POINT('',(0.422840745,-0.422840745,1.4684));
#6602=CARTESIAN_POINT('',(0.500225973,-0.2888056,1.485066667));
#6603=CARTESIAN_POINT('',(0.5776112,-0.154770455,1.501733333));
#6604=CARTESIAN_POINT('',(0.5776112,-0.,1.5184));
#6605=CARTESIAN_POINT('',(0.5776112,0.154770455,1.535066667));
#6606=CARTESIAN_POINT('',(0.500225973,0.2888056,1.551733333));
#6607=CARTESIAN_POINT('',(0.422840745,0.422840745,1.5684));
#6608=CARTESIAN_POINT('',(0.2888056,0.500225973,1.585066667));
#6609=CARTESIAN_POINT('',(0.154770455,0.5776112,1.601733333));
#6610=CARTESIAN_POINT('',(0.,0.5776112,1.6184));
#6611=CARTESIAN_POINT('',(-0.154770455,0.5776112,1.635066667));
#6612=CARTESIAN_POINT('',(-0.2888056,0.500225973,1.651733333));
#6613=CARTESIAN_POINT('',(-0.422840745,0.422840745,1.6684));
#6614=CARTESIAN_POINT('',(-0.500225973,0.2888056,1.685066667));
#6615=CARTESIAN_POINT('',(-0.5776112,0.154770455,1.701733333));
#6616=CARTESIAN_POINT('',(-0.5776112,0.,1.7184));
#6617=CARTESIAN_POINT('',(-0.5776112,-0.154770455,1.735066667));
#6618=CARTESIAN_POINT('',(-0.500225973,-0.2888056,1.751733333));
#6619=CARTESIAN_POINT('',(-0.422840745,-0.422840745,1.7684));
#6620=CARTESIAN_POINT('',(-0.2888056,-0.500225973,1.785066667));
#6621=CARTESIAN_POINT('',(-0.154770455,-0.5776112,1.801733333));
#6622=CARTESIAN_POINT('',(-0.,-0.5776112,1.8184));
#6623=CARTESIAN_POINT('',(0.154770455,-0.5776112,1.835066667));
#6624=CARTESIAN_POINT('',(0.2888056,-0.500225973,1.851733333));
#6625=CARTESIAN_POINT('',(0.422840745,-0.422840745,1.8684));
#6626=CARTESIAN_POINT('',(0.500225973,-0.2888056,1.885066667));
#6627=CARTESIAN_POINT('',(0.5776112,-0.154770455,1.901733333));
#6628=CARTESIAN_POINT('',(0.5776112,-0.,1.9184));
#6629=(BOUNDED_CURVE()
B_SPLINE_CURVE(2,(#6532,#6533,#6534,#6535,#6536,#6537,#6538,#6539,#6540,#6541,#6542,#6543,#6544,#6545,#6546,#6547,#6548,#6549,#6550,#6551,#6552,#6553,#6554,#6555,#6556,#6557,
#6558,#6559,#6560,#6561,#6562,#6563,#6564,#6565,#6566,#6567,#6568,#6569,#6570,#6571,#6572,#6573,#6574,#6575,#6576,#6577,#6578,#6579,#6580,#6581,#6582,
#6583,#6584,#6585,#6586,#6587,#6588,#6589,#6590,#6591,#6592,#6593,#6594,#6595,#6596,#6597,#6598,#6599,#6600,#6601,#6602,#6603,#6604,#6605,#6606,#6607,
#6608,#6609,#6610,#6611,#6612,#6613,#6614,#6615,#6616,#6617,#6618,#6619,#6620,#6621,#6622,#6623,#6624,#6625,#6626,#6627,#6628),.UNSPECIFIED.,.F.,.F.)
B_SPLINE_CURVE_WITH_KNOTS((3,2,2,2,2,2,2,2,2,2,2,2,2,2,2,2,2,2,2,2,2,2,2,2,2,2,
2,2,2,2,2,2,2,2,2,2,2,2,2,2,2,2,2,2,2,2,2,2,3),(0.,0.020833333,0.041666667,0.0625,0.083333333,0.104166667,0.125,0.145833333,0.166666667,0.1875,0.208333333,0.229166667,0.25,0.270833333,0.291666667,0.3125,0.333333333,0.354166667,0.375,0.395833333,0.416666667,0.4375,0.458333333,0.479166667,0.5,0.520833333,
0.541666667,0.5625,0.583333333,0.604166667,0.625,0.645833333,0.666666667,0.6875,0.708333333,0.729166667,0.75,0.770833333,0.791666667,0.8125,0.833333333,0.854166667,0.875,0.895833333,0.916666667,0.9375,0.958333333,0.979166667,1.),.UNSPECIFIED.)
CURVE()
GEOMETRIC_REPRESENTATION_ITEM()
RATIONAL_B_SPLINE_CURVE((1.,0.965925826,1.,0.965925826,1.,0.965925826,1.,0.965925826,1.,0.965925826,1.,0.965925826,1.,0.965925826,1.,0.965925826,1.,0.965925826,1.,0.965925826,1.,0.965925826,1.,0.965925826,1.,0.965925826,
1.,0.965925826,1.,0.965925826,1.,0.965925826,1.,0.965925826,1.,0.965925826,1.,0.965925826,1.,0.965925826,1.,0.965925826,1.,0.965925826,1.,0.965925826,1.,0.965925826,1.,0.965925826,1.,
0.965925826,1.,0.965925826,1.,0.965925826,1.,0.965925826,1.,0.965925826,1.,0.965925826,1.,0.965925826,1.,0.965925826,1.,0.965925826,1.,0.965925826,1.,0.965925826,1.,0.965925826,1.,0.965925826,
1.,0.965925826,1.,0.965925826,1.,0.965925826,1.,0.965925826,1.,0.965925826,1.,0.965925826,1.,0.965925826,1.,0.965925826,1.,0.965925826,1.,0.965925826,1.))
REPRESENTATION_ITEM(''));
#6630=EDGE_CURVE('',#6431,#5115,#6629,.T.);
#6631=ORIENTED_EDGE('',*,*,#6630,.T.);
#6632=ORIENTED_EDGE('',*,*,#5120,.F.);
#6633=CARTESIAN_POINT('',(0.8,-0.,1.39));
#6634=VERTEX_POINT('',#6633);
#6635=CARTESIAN_POINT('',(0.790022868,0.125951849,0.200000747));
#6636=CARTESIAN_POINT('',(0.766745375,0.271958054,0.211837831));
#6637=CARTESIAN_POINT('',(0.692820323,0.4,0.223333333));
#6638=CARTESIAN_POINT('',(0.585640646,0.585640646,0.24));
#6639=CARTESIAN_POINT('',(0.4,0.692820323,0.256666667));
#6640=CARTESIAN_POINT('',(0.214359354,0.8,0.273333333));
#6641=CARTESIAN_POINT('',(0.,0.8,0.29));
#6642=CARTESIAN_POINT('',(-0.214359354,0.8,0.306666667));
#6643=CARTESIAN_POINT('',(-0.4,0.692820323,0.323333333));
#6644=CARTESIAN_POINT('',(-0.585640646,0.585640646,0.34));
#6645=CARTESIAN_POINT('',(-0.692820323,0.4,0.356666667));
#6646=CARTESIAN_POINT('',(-0.8,0.214359354,0.373333333));
#6647=CARTESIAN_POINT('',(-0.8,0.,0.39));
#6648=CARTESIAN_POINT('',(-0.8,-0.214359354,0.406666667));
#6649=CARTESIAN_POINT('',(-0.692820323,-0.4,0.423333333));
#6650=CARTESIAN_POINT('',(-0.585640646,-0.585640646,0.44));
#6651=CARTESIAN_POINT('',(-0.4,-0.692820323,0.456666667));
#6652=CARTESIAN_POINT('',(-0.214359354,-0.8,0.473333333));
#6653=CARTESIAN_POINT('',(-0.,-0.8,0.49));
#6654=CARTESIAN_POINT('',(0.214359354,-0.8,0.506666667));
#6655=CARTESIAN_POINT('',(0.4,-0.692820323,0.523333333));
#6656=CARTESIAN_POINT('',(0.585640646,-0.585640646,0.54));
#6657=CARTESIAN_POINT('',(0.692820323,-0.4,0.556666667));
#6658=CARTESIAN_POINT('',(0.8,-0.214359354,0.573333333));
#6659=CARTESIAN_POINT('',(0.8,-0.,0.59));
#6660=CARTESIAN_POINT('',(0.8,0.214359354,0.606666667));
#6661=CARTESIAN_POINT('',(0.692820323,0.4,0.623333333));
#6662=CARTESIAN_POINT('',(0.585640646,0.585640646,0.64));
#6663=CARTESIAN_POINT('',(0.4,0.692820323,0.656666667));
#6664=CARTESIAN_POINT('',(0.214359354,0.8,0.673333333));
#6665=CARTESIAN_POINT('',(0.,0.8,0.69));
#6666=CARTESIAN_POINT('',(-0.214359354,0.8,0.706666667));
#6667=CARTESIAN_POINT('',(-0.4,0.692820323,0.723333333));
#6668=CARTESIAN_POINT('',(-0.585640646,0.585640646,0.74));
#6669=CARTESIAN_POINT('',(-0.692820323,0.4,0.756666667));
#6670=CARTESIAN_POINT('',(-0.8,0.214359354,0.773333333));
#6671=CARTESIAN_POINT('',(-0.8,0.,0.79));
#6672=CARTESIAN_POINT('',(-0.8,-0.214359354,0.806666667));
#6673=CARTESIAN_POINT('',(-0.692820323,-0.4,0.823333333));
#6674=CARTESIAN_POINT('',(-0.585640646,-0.585640646,0.84));
#6675=CARTESIAN_POINT('',(-0.4,-0.692820323,0.856666667));
#6676=CARTESIAN_POINT('',(-0.214359354,-0.8,0.873333333));
#6677=CARTESIAN_POINT('',(-0.,-0.8,0.89));
#6678=CARTESIAN_POINT('',(0.214359354,-0.8,0.906666667));
#6679=CARTESIAN_POINT('',(0.4,-0.692820323,0.923333333));
#6680=CARTESIAN_POINT('',(0.585640646,-0.585640646,0.94));
#6681=CARTESIAN_POINT('',(0.692820323,-0.4,0.956666667));
#6682=CARTESIAN_POINT('',(0.8,-0.214359354,0.973333333));
#6683=CARTESIAN_POINT('',(0.8,-0.,0.99));
#6684=CARTESIAN_POINT('',(0.8,0.214359354,1.006666667));
#6685=CARTESIAN_POINT('',(0.692820323,0.4,1.023333333));
#6686=CARTESIAN_POINT('',(0.585640646,0.585640646,1.04));
#6687=CARTESIAN_POINT('',(0.4,0.692820323,1.056666667));
#6688=CARTESIAN_POINT('',(0.214359354,0.8,1.073333333));
#6689=CARTESIAN_POINT('',(0.,0.8,1.09));
#6690=CARTESIAN_POINT('',(-0.214359354,0.8,1.106666667));
#6691=CARTESIAN_POINT('',(-0.4,0.692820323,1.123333333));
#6692=CARTESIAN_POINT('',(-0.585640646,0.585640646,1.14));
#6693=CARTESIAN_POINT('',(-0.692820323,0.4,1.156666667));
#6694=CARTESIAN_POINT('',(-0.8,0.214359354,1.173333333));
#6695=CARTESIAN_POINT('',(-0.8,0.,1.19));
#6696=CARTESIAN_POINT('',(-0.8,-0.214359354,1.206666667));
#6697=CARTESIAN_POINT('',(-0.692820323,-0.4,1.223333333));
#6698=CARTESIAN_POINT('',(-0.585640646,-0.585640646,1.24));
#6699=CARTESIAN_POINT('',(-0.4,-0.692820323,1.256666667));
#6700=CARTESIAN_POINT('',(-0.214359354,-0.8,1.273333333));
#6701=CARTESIAN_POINT('',(-0.,-0.8,1.29));
#6702=CARTESIAN_POINT('',(0.214359354,-0.8,1.306666667));
#6703=CARTESIAN_POINT('',(0.4,-0.692820323,1.323333333));
#6704=CARTESIAN_POINT('',(0.585640646,-0.585640646,1.34));
#6705=CARTESIAN_POINT('',(0.692820323,-0.4,1.356666667));
#6706=CARTESIAN_POINT('',(0.8,-0.214359354,1.373333333));
#6707=CARTESIAN_POINT('',(0.8,-0.,1.39));
#6708=CARTESIAN_POINT('',(0.8,0.214359354,1.406666667));
#6709=CARTESIAN_POINT('',(0.692820323,0.4,1.423333333));
#6710=CARTESIAN_POINT('',(0.585640646,0.585640646,1.44));
#6711=CARTESIAN_POINT('',(0.4,0.692820323,1.456666667));
#6712=CARTESIAN_POINT('',(0.214359354,0.8,1.473333333));
#6713=CARTESIAN_POINT('',(0.,0.8,1.49));
#6714=CARTESIAN_POINT('',(-0.214359354,0.8,1.506666667));
#6715=CARTESIAN_POINT('',(-0.4,0.692820323,1.523333333));
#6716=CARTESIAN_POINT('',(-0.585640646,0.585640646,1.54));
#6717=CARTESIAN_POINT('',(-0.692820323,0.4,1.556666667));
#6718=CARTESIAN_POINT('',(-0.8,0.214359354,1.573333333));
#6719=CARTESIAN_POINT('',(-0.8,0.,1.59));
#6720=CARTESIAN_POINT('',(-0.8,-0.214359354,1.606666667));
#6721=CARTESIAN_POINT('',(-0.692820323,-0.4,1.623333333));
#6722=CARTESIAN_POINT('',(-0.585640646,-0.585640646,1.64));
#6723=CARTESIAN_POINT('',(-0.4,-0.692820323,1.656666667));
#6724=CARTESIAN_POINT('',(-0.214359354,-0.8,1.673333333));
#6725=CARTESIAN_POINT('',(-0.,-0.8,1.69));
#6726=CARTESIAN_POINT('',(0.214359354,-0.8,1.706666667));
#6727=CARTESIAN_POINT('',(0.4,-0.692820323,1.723333333));
#6728=CARTESIAN_POINT('',(0.585640646,-0.585640646,1.74));
#6729=CARTESIAN_POINT('',(0.692820323,-0.4,1.756666667));
#6730=CARTESIAN_POINT('',(0.8,-0.214359354,1.773333333));
#6731=CARTESIAN_POINT('',(0.8,-0.,1.79));
#6732=(BOUNDED_CURVE()
B_SPLINE_CURVE(2,(#6635,#6636,#6637,#6638,#6639,#6640,#6641,#6642,#6643,#6644,#6645,#6646,#6647,#6648,#6649,#6650,#6651,#6652,#6653,#6654,#6655,#6656,#6657,#6658,#6659,#6660,
#6661,#6662,#6663,#6664,#6665,#6666,#6667,#6668,#6669,#6670,#6671,#6672,#6673,#6674,#6675,#6676,#6677,#6678,#6679,#6680,#6681,#6682,#6683,#6684,#6685,
#6686,#6687,#6688,#6689,#6690,#6691,#6692,#6693,#6694,#6695,#6696,#6697,#6698,#6699,#6700,#6701,#6702,#6703,#6704,#6705,#6706,#6707,#6708,#6709,#6710,
#6711,#6712,#6713,#6714,#6715,#6716,#6717,#6718,#6719,#6720,#6721,#6722,#6723,#6724,#6725,#6726,#6727,#6728,#6729,#6730,#6731),.UNSPECIFIED.,.F.,.F.)
B_SPLINE_CURVE_WITH_KNOTS((3,2,2,2,2,2,2,2,2,2,2,2,2,2,2,2,2,2,2,2,2,2,2,2,2,2,
2,2,2,2,2,2,2,2,2,2,2,2,2,2,2,2,2,2,2,2,2,2,3),(0.006310417,0.020833333,0.041666667,0.0625,0.083333333,0.104166667,0.125,0.145833333,0.166666667,0.1875,0.208333333,0.229166667,0.25,0.270833333,0.291666667,0.3125,0.333333333,0.354166667,0.375,0.395833333,0.416666667,0.4375,0.458333333,0.479166667,0.5,0.520833333,
0.541666667,0.5625,0.583333333,0.604166667,0.625,0.645833333,0.666666667,0.6875,0.708333333,0.729166667,0.75,0.770833333,0.791666667,0.8125,0.833333333,0.854166667,0.875,0.895833333,0.916666667,0.9375,0.958333333,0.979166667,1.),.UNSPECIFIED.)
CURVE()
GEOMETRIC_REPRESENTATION_ITEM()
RATIONAL_B_SPLINE_CURVE((0.985610368,0.976246894,1.,0.965925826,1.,0.965925826,1.,0.965925826,1.,0.965925826,1.,0.965925826,1.,0.965925826,1.,0.965925826,1.,0.965925826,1.,0.965925826,1.,0.965925826,1.,0.965925826,1.,0.965925826,
1.,0.965925826,1.,0.965925826,1.,0.965925826,1.,0.965925826,1.,0.965925826,1.,0.965925826,1.,0.965925826,1.,0.965925826,1.,0.965925826,1.,0.965925826,1.,0.965925826,1.,0.965925826,1.,
0.965925826,1.,0.965925826,1.,0.965925826,1.,0.965925826,1.,0.965925826,1.,0.965925826,1.,0.965925826,1.,0.965925826,1.,0.965925826,1.,0.965925826,1.,0.965925826,1.,0.965925826,1.,0.965925826,
1.,0.965925826,1.,0.965925826,1.,0.965925826,1.,0.965925826,1.,0.965925826,1.,0.965925826,1.,0.965925826,1.,0.965925826,1.,0.965925826,1.,0.965925826,1.))
REPRESENTATION_ITEM(''));
#6733=EDGE_CURVE('',#6634,#2722,#6732,.T.);
#6734=ORIENTED_EDGE('',*,*,#6733,.F.);
#6735=CARTESIAN_POINT('',(0.8,-0.,0.99));
#6736=VERTEX_POINT('',#6735);
#6737=CARTESIAN_POINT('',(0.790022868,0.125951849,0.200000747));
#6738=CARTESIAN_POINT('',(0.766745375,0.271958054,0.211837831));
#6739=CARTESIAN_POINT('',(0.692820323,0.4,0.223333333));
#6740=CARTESIAN_POINT('',(0.585640646,0.585640646,0.24));
#6741=CARTESIAN_POINT('',(0.4,0.692820323,0.256666667));
#6742=CARTESIAN_POINT('',(0.214359354,0.8,0.273333333));
#6743=CARTESIAN_POINT('',(0.,0.8,0.29));
#6744=CARTESIAN_POINT('',(-0.214359354,0.8,0.306666667));
#6745=CARTESIAN_POINT('',(-0.4,0.692820323,0.323333333));
#6746=CARTESIAN_POINT('',(-0.585640646,0.585640646,0.34));
#6747=CARTESIAN_POINT('',(-0.692820323,0.4,0.356666667));
#6748=CARTESIAN_POINT('',(-0.8,0.214359354,0.373333333));
#6749=CARTESIAN_POINT('',(-0.8,0.,0.39));
#6750=CARTESIAN_POINT('',(-0.8,-0.214359354,0.406666667));
#6751=CARTESIAN_POINT('',(-0.692820323,-0.4,0.423333333));
#6752=CARTESIAN_POINT('',(-0.585640646,-0.585640646,0.44));
#6753=CARTESIAN_POINT('',(-0.4,-0.692820323,0.456666667));
#6754=CARTESIAN_POINT('',(-0.214359354,-0.8,0.473333333));
#6755=CARTESIAN_POINT('',(-0.,-0.8,0.49));
#6756=CARTESIAN_POINT('',(0.214359354,-0.8,0.506666667));
#6757=CARTESIAN_POINT('',(0.4,-0.692820323,0.523333333));
#6758=CARTESIAN_POINT('',(0.585640646,-0.585640646,0.54));
#6759=CARTESIAN_POINT('',(0.692820323,-0.4,0.556666667));
#6760=CARTESIAN_POINT('',(0.8,-0.214359354,0.573333333));
#6761=CARTESIAN_POINT('',(0.8,-0.,0.59));
#6762=CARTESIAN_POINT('',(0.8,0.214359354,0.606666667));
#6763=CARTESIAN_POINT('',(0.692820323,0.4,0.623333333));
#6764=CARTESIAN_POINT('',(0.585640646,0.585640646,0.64));
#6765=CARTESIAN_POINT('',(0.4,0.692820323,0.656666667));
#6766=CARTESIAN_POINT('',(0.214359354,0.8,0.673333333));
#6767=CARTESIAN_POINT('',(0.,0.8,0.69));
#6768=CARTESIAN_POINT('',(-0.214359354,0.8,0.706666667));
#6769=CARTESIAN_POINT('',(-0.4,0.692820323,0.723333333));
#6770=CARTESIAN_POINT('',(-0.585640646,0.585640646,0.74));
#6771=CARTESIAN_POINT('',(-0.692820323,0.4,0.756666667));
#6772=CARTESIAN_POINT('',(-0.8,0.214359354,0.773333333));
#6773=CARTESIAN_POINT('',(-0.8,0.,0.79));
#6774=CARTESIAN_POINT('',(-0.8,-0.214359354,0.806666667));
#6775=CARTESIAN_POINT('',(-0.692820323,-0.4,0.823333333));
#6776=CARTESIAN_POINT('',(-0.585640646,-0.585640646,0.84));
#6777=CARTESIAN_POINT('',(-0.4,-0.692820323,0.856666667));
#6778=CARTESIAN_POINT('',(-0.214359354,-0.8,0.873333333));
#6779=CARTESIAN_POINT('',(-0.,-0.8,0.89));
#6780=CARTESIAN_POINT('',(0.214359354,-0.8,0.906666667));
#6781=CARTESIAN_POINT('',(0.4,-0.692820323,0.923333333));
#6782=CARTESIAN_POINT('',(0.585640646,-0.585640646,0.94));
#6783=CARTESIAN_POINT('',(0.692820323,-0.4,0.956666667));
#6784=CARTESIAN_POINT('',(0.8,-0.214359354,0.973333333));
#6785=CARTESIAN_POINT('',(0.8,-0.,0.99));
#6786=CARTESIAN_POINT('',(0.8,0.214359354,1.006666667));
#6787=CARTESIAN_POINT('',(0.692820323,0.4,1.023333333));
#6788=CARTESIAN_POINT('',(0.585640646,0.585640646,1.04));
#6789=CARTESIAN_POINT('',(0.4,0.692820323,1.056666667));
#6790=CARTESIAN_POINT('',(0.214359354,0.8,1.073333333));
#6791=CARTESIAN_POINT('',(0.,0.8,1.09));
#6792=CARTESIAN_POINT('',(-0.214359354,0.8,1.106666667));
#6793=CARTESIAN_POINT('',(-0.4,0.692820323,1.123333333));
#6794=CARTESIAN_POINT('',(-0.585640646,0.585640646,1.14));
#6795=CARTESIAN_POINT('',(-0.692820323,0.4,1.156666667));
#6796=CARTESIAN_POINT('',(-0.8,0.214359354,1.173333333));
#6797=CARTESIAN_POINT('',(-0.8,0.,1.19));
#6798=CARTESIAN_POINT('',(-0.8,-0.214359354,1.206666667));
#6799=CARTESIAN_POINT('',(-0.692820323,-0.4,1.223333333));
#6800=CARTESIAN_POINT('',(-0.585640646,-0.585640646,1.24));
#6801=CARTESIAN_POINT('',(-0.4,-0.692820323,1.256666667));
#6802=CARTESIAN_POINT('',(-0.214359354,-0.8,1.273333333));
#6803=CARTESIAN_POINT('',(-0.,-0.8,1.29));
#6804=CARTESIAN_POINT('',(0.214359354,-0.8,1.306666667));
#6805=CARTESIAN_POINT('',(0.4,-0.692820323,1.323333333));
#6806=CARTESIAN_POINT('',(0.585640646,-0.585640646,1.34));
#6807=CARTESIAN_POINT('',(0.692820323,-0.4,1.356666667));
#6808=CARTESIAN_POINT('',(0.8,-0.214359354,1.373333333));
#6809=CARTESIAN_POINT('',(0.8,-0.,1.39));
#6810=CARTESIAN_POINT('',(0.8,0.214359354,1.406666667));
#6811=CARTESIAN_POINT('',(0.692820323,0.4,1.423333333));
#6812=CARTESIAN_POINT('',(0.585640646,0.585640646,1.44));
#6813=CARTESIAN_POINT('',(0.4,0.692820323,1.456666667));
#6814=CARTESIAN_POINT('',(0.214359354,0.8,1.473333333));
#6815=CARTESIAN_POINT('',(0.,0.8,1.49));
#6816=CARTESIAN_POINT('',(-0.214359354,0.8,1.506666667));
#6817=CARTESIAN_POINT('',(-0.4,0.692820323,1.523333333));
#6818=CARTESIAN_POINT('',(-0.585640646,0.585640646,1.54));
#6819=CARTESIAN_POINT('',(-0.692820323,0.4,1.556666667));
#6820=CARTESIAN_POINT('',(-0.8,0.214359354,1.573333333));
#6821=CARTESIAN_POINT('',(-0.8,0.,1.59));
#6822=CARTESIAN_POINT('',(-0.8,-0.214359354,1.606666667));
#6823=CARTESIAN_POINT('',(-0.692820323,-0.4,1.623333333));
#6824=CARTESIAN_POINT('',(-0.585640646,-0.585640646,1.64));
#6825=CARTESIAN_POINT('',(-0.4,-0.692820323,1.656666667));
#6826=CARTESIAN_POINT('',(-0.214359354,-0.8,1.673333333));
#6827=CARTESIAN_POINT('',(-0.,-0.8,1.69));
#6828=CARTESIAN_POINT('',(0.214359354,-0.8,1.706666667));
#6829=CARTESIAN_POINT('',(0.4,-0.692820323,1.723333333));
#6830=CARTESIAN_POINT('',(0.585640646,-0.585640646,1.74));
#6831=CARTESIAN_POINT('',(0.692820323,-0.4,1.756666667));
#6832=CARTESIAN_POINT('',(0.8,-0.214359354,1.773333333));
#6833=CARTESIAN_POINT('',(0.8,-0.,1.79));
#6834=(BOUNDED_CURVE()
B_SPLINE_CURVE(2,(#6737,#6738,#6739,#6740,#6741,#6742,#6743,#6744,#6745,#6746,#6747,#6748,#6749,#6750,#6751,#6752,#6753,#6754,#6755,#6756,#6757,#6758,#6759,#6760,#6761,#6762,
#6763,#6764,#6765,#6766,#6767,#6768,#6769,#6770,#6771,#6772,#6773,#6774,#6775,#6776,#6777,#6778,#6779,#6780,#6781,#6782,#6783,#6784,#6785,#6786,#6787,
#6788,#6789,#6790,#6791,#6792,#6793,#6794,#6795,#6796,#6797,#6798,#6799,#6800,#6801,#6802,#6803,#6804,#6805,#6806,#6807,#6808,#6809,#6810,#6811,#6812,
#6813,#6814,#6815,#6816,#6817,#6818,#6819,#6820,#6821,#6822,#6823,#6824,#6825,#6826,#6827,#6828,#6829,#6830,#6831,#6832,#6833),.UNSPECIFIED.,.F.,.F.)
B_SPLINE_CURVE_WITH_KNOTS((3,2,2,2,2,2,2,2,2,2,2,2,2,2,2,2,2,2,2,2,2,2,2,2,2,2,
2,2,2,2,2,2,2,2,2,2,2,2,2,2,2,2,2,2,2,2,2,2,3),(0.006310417,0.020833333,0.041666667,0.0625,0.083333333,0.104166667,0.125,0.145833333,0.166666667,0.1875,0.208333333,0.229166667,0.25,0.270833333,0.291666667,0.3125,0.333333333,0.354166667,0.375,0.395833333,0.416666667,0.4375,0.458333333,0.479166667,0.5,0.520833333,
0.541666667,0.5625,0.583333333,0.604166667,0.625,0.645833333,0.666666667,0.6875,0.708333333,0.729166667,0.75,0.770833333,0.791666667,0.8125,0.833333333,0.854166667,0.875,0.895833333,0.916666667,0.9375,0.958333333,0.979166667,1.),.UNSPECIFIED.)
CURVE()
GEOMETRIC_REPRESENTATION_ITEM()
RATIONAL_B_SPLINE_CURVE((0.985610368,0.976246894,1.,0.965925826,1.,0.965925826,1.,0.965925826,1.,0.965925826,1.,0.965925826,1.,0.965925826,1.,0.965925826,1.,0.965925826,1.,0.965925826,1.,0.965925826,1.,0.965925826,1.,0.965925826,
1.,0.965925826,1.,0.965925826,1.,0.965925826,1.,0.965925826,1.,0.965925826,1.,0.965925826,1.,0.965925826,1.,0.965925826,1.,0.965925826,1.,0.965925826,1.,0.965925826,1.,0.965925826,1.,
0.965925826,1.,0.965925826,1.,0.965925826,1.,0.965925826,1.,0.965925826,1.,0.965925826,1.,0.965925826,1.,0.965925826,1.,0.965925826,1.,0.965925826,1.,0.965925826,1.,0.965925826,1.,0.965925826,
1.,0.965925826,1.,0.965925826,1.,0.965925826,1.,0.965925826,1.,0.965925826,1.,0.965925826,1.,0.965925826,1.,0.965925826,1.,0.965925826,1.,0.965925826,1.))
REPRESENTATION_ITEM(''));
#6835=EDGE_CURVE('',#6736,#6634,#6834,.T.);
#6836=ORIENTED_EDGE('',*,*,#6835,.F.);
#6837=CARTESIAN_POINT('',(0.8,-0.,0.59));
#6838=VERTEX_POINT('',#6837);
#6839=CARTESIAN_POINT('',(0.790022868,0.125951849,0.200000747));
#6840=CARTESIAN_POINT('',(0.766745375,0.271958054,0.211837831));
#6841=CARTESIAN_POINT('',(0.692820323,0.4,0.223333333));
#6842=CARTESIAN_POINT('',(0.585640646,0.585640646,0.24));
#6843=CARTESIAN_POINT('',(0.4,0.692820323,0.256666667));
#6844=CARTESIAN_POINT('',(0.214359354,0.8,0.273333333));
#6845=CARTESIAN_POINT('',(0.,0.8,0.29));
#6846=CARTESIAN_POINT('',(-0.214359354,0.8,0.306666667));
#6847=CARTESIAN_POINT('',(-0.4,0.692820323,0.323333333));
#6848=CARTESIAN_POINT('',(-0.585640646,0.585640646,0.34));
#6849=CARTESIAN_POINT('',(-0.692820323,0.4,0.356666667));
#6850=CARTESIAN_POINT('',(-0.8,0.214359354,0.373333333));
#6851=CARTESIAN_POINT('',(-0.8,0.,0.39));
#6852=CARTESIAN_POINT('',(-0.8,-0.214359354,0.406666667));
#6853=CARTESIAN_POINT('',(-0.692820323,-0.4,0.423333333));
#6854=CARTESIAN_POINT('',(-0.585640646,-0.585640646,0.44));
#6855=CARTESIAN_POINT('',(-0.4,-0.692820323,0.456666667));
#6856=CARTESIAN_POINT('',(-0.214359354,-0.8,0.473333333));
#6857=CARTESIAN_POINT('',(-0.,-0.8,0.49));
#6858=CARTESIAN_POINT('',(0.214359354,-0.8,0.506666667));
#6859=CARTESIAN_POINT('',(0.4,-0.692820323,0.523333333));
#6860=CARTESIAN_POINT('',(0.585640646,-0.585640646,0.54));
#6861=CARTESIAN_POINT('',(0.692820323,-0.4,0.556666667));
#6862=CARTESIAN_POINT('',(0.8,-0.214359354,0.573333333));
#6863=CARTESIAN_POINT('',(0.8,-0.,0.59));
#6864=CARTESIAN_POINT('',(0.8,0.214359354,0.606666667));
#6865=CARTESIAN_POINT('',(0.692820323,0.4,0.623333333));
#6866=CARTESIAN_POINT('',(0.585640646,0.585640646,0.64));
#6867=CARTESIAN_POINT('',(0.4,0.692820323,0.656666667));
#6868=CARTESIAN_POINT('',(0.214359354,0.8,0.673333333));
#6869=CARTESIAN_POINT('',(0.,0.8,0.69));
#6870=CARTESIAN_POINT('',(-0.214359354,0.8,0.706666667));
#6871=CARTESIAN_POINT('',(-0.4,0.692820323,0.723333333));
#6872=CARTESIAN_POINT('',(-0.585640646,0.585640646,0.74));
#6873=CARTESIAN_POINT('',(-0.692820323,0.4,0.756666667));
#6874=CARTESIAN_POINT('',(-0.8,0.214359354,0.773333333));
#6875=CARTESIAN_POINT('',(-0.8,0.,0.79));
#6876=CARTESIAN_POINT('',(-0.8,-0.214359354,0.806666667));
#6877=CARTESIAN_POINT('',(-0.692820323,-0.4,0.823333333));
#6878=CARTESIAN_POINT('',(-0.585640646,-0.585640646,0.84));
#6879=CARTESIAN_POINT('',(-0.4,-0.692820323,0.856666667));
#6880=CARTESIAN_POINT('',(-0.214359354,-0.8,0.873333333));
#6881=CARTESIAN_POINT('',(-0.,-0.8,0.89));
#6882=CARTESIAN_POINT('',(0.214359354,-0.8,0.906666667));
#6883=CARTESIAN_POINT('',(0.4,-0.692820323,0.923333333));
#6884=CARTESIAN_POINT('',(0.585640646,-0.585640646,0.94));
#6885=CARTESIAN_POINT('',(0.692820323,-0.4,0.956666667));
#6886=CARTESIAN_POINT('',(0.8,-0.214359354,0.973333333));
#6887=CARTESIAN_POINT('',(0.8,-0.,0.99));
#6888=CARTESIAN_POINT('',(0.8,0.214359354,1.006666667));
#6889=CARTESIAN_POINT('',(0.692820323,0.4,1.023333333));
#6890=CARTESIAN_POINT('',(0.585640646,0.585640646,1.04));
#6891=CARTESIAN_POINT('',(0.4,0.692820323,1.056666667));
#6892=CARTESIAN_POINT('',(0.214359354,0.8,1.073333333));
#6893=CARTESIAN_POINT('',(0.,0.8,1.09));
#6894=CARTESIAN_POINT('',(-0.214359354,0.8,1.106666667));
#6895=CARTESIAN_POINT('',(-0.4,0.692820323,1.123333333));
#6896=CARTESIAN_POINT('',(-0.585640646,0.585640646,1.14));
#6897=CARTESIAN_POINT('',(-0.692820323,0.4,1.156666667));
#6898=CARTESIAN_POINT('',(-0.8,0.214359354,1.173333333));
#6899=CARTESIAN_POINT('',(-0.8,0.,1.19));
#6900=CARTESIAN_POINT('',(-0.8,-0.214359354,1.206666667));
#6901=CARTESIAN_POINT('',(-0.692820323,-0.4,1.223333333));
#6902=CARTESIAN_POINT('',(-0.585640646,-0.585640646,1.24));
#6903=CARTESIAN_POINT('',(-0.4,-0.692820323,1.256666667));
#6904=CARTESIAN_POINT('',(-0.214359354,-0.8,1.273333333));
#6905=CARTESIAN_POINT('',(-0.,-0.8,1.29));
#6906=CARTESIAN_POINT('',(0.214359354,-0.8,1.306666667));
#6907=CARTESIAN_POINT('',(0.4,-0.692820323,1.323333333));
#6908=CARTESIAN_POINT('',(0.585640646,-0.585640646,1.34));
#6909=CARTESIAN_POINT('',(0.692820323,-0.4,1.356666667));
#6910=CARTESIAN_POINT('',(0.8,-0.214359354,1.373333333));
#6911=CARTESIAN_POINT('',(0.8,-0.,1.39));
#6912=CARTESIAN_POINT('',(0.8,0.214359354,1.406666667));
#6913=CARTESIAN_POINT('',(0.692820323,0.4,1.423333333));
#6914=CARTESIAN_POINT('',(0.585640646,0.585640646,1.44));
#6915=CARTESIAN_POINT('',(0.4,0.692820323,1.456666667));
#6916=CARTESIAN_POINT('',(0.214359354,0.8,1.473333333));
#6917=CARTESIAN_POINT('',(0.,0.8,1.49));
#6918=CARTESIAN_POINT('',(-0.214359354,0.8,1.506666667));
#6919=CARTESIAN_POINT('',(-0.4,0.692820323,1.523333333));
#6920=CARTESIAN_POINT('',(-0.585640646,0.585640646,1.54));
#6921=CARTESIAN_POINT('',(-0.692820323,0.4,1.556666667));
#6922=CARTESIAN_POINT('',(-0.8,0.214359354,1.573333333));
#6923=CARTESIAN_POINT('',(-0.8,0.,1.59));
#6924=CARTESIAN_POINT('',(-0.8,-0.214359354,1.606666667));
#6925=CARTESIAN_POINT('',(-0.692820323,-0.4,1.623333333));
#6926=CARTESIAN_POINT('',(-0.585640646,-0.585640646,1.64));
#6927=CARTESIAN_POINT('',(-0.4,-0.692820323,1.656666667));
#6928=CARTESIAN_POINT('',(-0.214359354,-0.8,1.673333333));
#6929=CARTESIAN_POINT('',(-0.,-0.8,1.69));
#6930=CARTESIAN_POINT('',(0.214359354,-0.8,1.706666667));
#6931=CARTESIAN_POINT('',(0.4,-0.692820323,1.723333333));
#6932=CARTESIAN_POINT('',(0.585640646,-0.585640646,1.74));
#6933=CARTESIAN_POINT('',(0.692820323,-0.4,1.756666667));
#6934=CARTESIAN_POINT('',(0.8,-0.214359354,1.773333333));
#6935=CARTESIAN_POINT('',(0.8,-0.,1.79));
#6936=(BOUNDED_CURVE()
B_SPLINE_CURVE(2,(#6839,#6840,#6841,#6842,#6843,#6844,#6845,#6846,#6847,#6848,#6849,#6850,#6851,#6852,#6853,#6854,#6855,#6856,#6857,#6858,#6859,#6860,#6861,#6862,#6863,#6864,
#6865,#6866,#6867,#6868,#6869,#6870,#6871,#6872,#6873,#6874,#6875,#6876,#6877,#6878,#6879,#6880,#6881,#6882,#6883,#6884,#6885,#6886,#6887,#6888,#6889,
#6890,#6891,#6892,#6893,#6894,#6895,#6896,#6897,#6898,#6899,#6900,#6901,#6902,#6903,#6904,#6905,#6906,#6907,#6908,#6909,#6910,#6911,#6912,#6913,#6914,
#6915,#6916,#6917,#6918,#6919,#6920,#6921,#6922,#6923,#6924,#6925,#6926,#6927,#6928,#6929,#6930,#6931,#6932,#6933,#6934,#6935),.UNSPECIFIED.,.F.,.F.)
B_SPLINE_CURVE_WITH_KNOTS((3,2,2,2,2,2,2,2,2,2,2,2,2,2,2,2,2,2,2,2,2,2,2,2,2,2,
2,2,2,2,2,2,2,2,2,2,2,2,2,2,2,2,2,2,2,2,2,2,3),(0.006310417,0.020833333,0.041666667,0.0625,0.083333333,0.104166667,0.125,0.145833333,0.166666667,0.1875,0.208333333,0.229166667,0.25,0.270833333,0.291666667,0.3125,0.333333333,0.354166667,0.375,0.395833333,0.416666667,0.4375,0.458333333,0.479166667,0.5,0.520833333,
0.541666667,0.5625,0.583333333,0.604166667,0.625,0.645833333,0.666666667,0.6875,0.708333333,0.729166667,0.75,0.770833333,0.791666667,0.8125,0.833333333,0.854166667,0.875,0.895833333,0.916666667,0.9375,0.958333333,0.979166667,1.),.UNSPECIFIED.)
CURVE()
GEOMETRIC_REPRESENTATION_ITEM()
RATIONAL_B_SPLINE_CURVE((0.985610368,0.976246894,1.,0.965925826,1.,0.965925826,1.,0.965925826,1.,0.965925826,1.,0.965925826,1.,0.965925826,1.,0.965925826,1.,0.965925826,1.,0.965925826,1.,0.965925826,1.,0.965925826,1.,0.965925826,
1.,0.965925826,1.,0.965925826,1.,0.965925826,1.,0.965925826,1.,0.965925826,1.,0.965925826,1.,0.965925826,1.,0.965925826,1.,0.965925826,1.,0.965925826,1.,0.965925826,1.,0.965925826,1.,
0.965925826,1.,0.965925826,1.,0.965925826,1.,0.965925826,1.,0.965925826,1.,0.965925826,1.,0.965925826,1.,0.965925826,1.,0.965925826,1.,0.965925826,1.,0.965925826,1.,0.965925826,1.,0.965925826,
1.,0.965925826,1.,0.965925826,1.,0.965925826,1.,0.965925826,1.,0.965925826,1.,0.965925826,1.,0.965925826,1.,0.965925826,1.,0.965925826,1.,0.965925826,1.))
REPRESENTATION_ITEM(''));
#6937=EDGE_CURVE('',#6838,#6736,#6936,.T.);
#6938=ORIENTED_EDGE('',*,*,#6937,.F.);
#6939=CARTESIAN_POINT('',(0.790022868,0.125951849,0.200000747));
#6940=CARTESIAN_POINT('',(0.766745375,0.271958054,0.211837831));
#6941=CARTESIAN_POINT('',(0.692820323,0.4,0.223333333));
#6942=CARTESIAN_POINT('',(0.585640646,0.585640646,0.24));
#6943=CARTESIAN_POINT('',(0.4,0.692820323,0.256666667));
#6944=CARTESIAN_POINT('',(0.214359354,0.8,0.273333333));
#6945=CARTESIAN_POINT('',(0.,0.8,0.29));
#6946=CARTESIAN_POINT('',(-0.214359354,0.8,0.306666667));
#6947=CARTESIAN_POINT('',(-0.4,0.692820323,0.323333333));
#6948=CARTESIAN_POINT('',(-0.585640646,0.585640646,0.34));
#6949=CARTESIAN_POINT('',(-0.692820323,0.4,0.356666667));
#6950=CARTESIAN_POINT('',(-0.8,0.214359354,0.373333333));
#6951=CARTESIAN_POINT('',(-0.8,0.,0.39));
#6952=CARTESIAN_POINT('',(-0.8,-0.214359354,0.406666667));
#6953=CARTESIAN_POINT('',(-0.692820323,-0.4,0.423333333));
#6954=CARTESIAN_POINT('',(-0.585640646,-0.585640646,0.44));
#6955=CARTESIAN_POINT('',(-0.4,-0.692820323,0.456666667));
#6956=CARTESIAN_POINT('',(-0.214359354,-0.8,0.473333333));
#6957=CARTESIAN_POINT('',(-0.,-0.8,0.49));
#6958=CARTESIAN_POINT('',(0.214359354,-0.8,0.506666667));
#6959=CARTESIAN_POINT('',(0.4,-0.692820323,0.523333333));
#6960=CARTESIAN_POINT('',(0.585640646,-0.585640646,0.54));
#6961=CARTESIAN_POINT('',(0.692820323,-0.4,0.556666667));
#6962=CARTESIAN_POINT('',(0.8,-0.214359354,0.573333333));
#6963=CARTESIAN_POINT('',(0.8,-0.,0.59));
#6964=CARTESIAN_POINT('',(0.8,0.214359354,0.606666667));
#6965=CARTESIAN_POINT('',(0.692820323,0.4,0.623333333));
#6966=CARTESIAN_POINT('',(0.585640646,0.585640646,0.64));
#6967=CARTESIAN_POINT('',(0.4,0.692820323,0.656666667));
#6968=CARTESIAN_POINT('',(0.214359354,0.8,0.673333333));
#6969=CARTESIAN_POINT('',(0.,0.8,0.69));
#6970=CARTESIAN_POINT('',(-0.214359354,0.8,0.706666667));
#6971=CARTESIAN_POINT('',(-0.4,0.692820323,0.723333333));
#6972=CARTESIAN_POINT('',(-0.585640646,0.585640646,0.74));
#6973=CARTESIAN_POINT('',(-0.692820323,0.4,0.756666667));
#6974=CARTESIAN_POINT('',(-0.8,0.214359354,0.773333333));
#6975=CARTESIAN_POINT('',(-0.8,0.,0.79));
#6976=CARTESIAN_POINT('',(-0.8,-0.214359354,0.806666667));
#6977=CARTESIAN_POINT('',(-0.692820323,-0.4,0.823333333));
#6978=CARTESIAN_POINT('',(-0.585640646,-0.585640646,0.84));
#6979=CARTESIAN_POINT('',(-0.4,-0.692820323,0.856666667));
#6980=CARTESIAN_POINT('',(-0.214359354,-0.8,0.873333333));
#6981=CARTESIAN_POINT('',(-0.,-0.8,0.89));
#6982=CARTESIAN_POINT('',(0.214359354,-0.8,0.906666667));
#6983=CARTESIAN_POINT('',(0.4,-0.692820323,0.923333333));
#6984=CARTESIAN_POINT('',(0.585640646,-0.585640646,0.94));
#6985=CARTESIAN_POINT('',(0.692820323,-0.4,0.956666667));
#6986=CARTESIAN_POINT('',(0.8,-0.214359354,0.973333333));
#6987=CARTESIAN_POINT('',(0.8,-0.,0.99));
#6988=CARTESIAN_POINT('',(0.8,0.214359354,1.006666667));
#6989=CARTESIAN_POINT('',(0.692820323,0.4,1.023333333));
#6990=CARTESIAN_POINT('',(0.585640646,0.585640646,1.04));
#6991=CARTESIAN_POINT('',(0.4,0.692820323,1.056666667));
#6992=CARTESIAN_POINT('',(0.214359354,0.8,1.073333333));
#6993=CARTESIAN_POINT('',(0.,0.8,1.09));
#6994=CARTESIAN_POINT('',(-0.214359354,0.8,1.106666667));
#6995=CARTESIAN_POINT('',(-0.4,0.692820323,1.123333333));
#6996=CARTESIAN_POINT('',(-0.585640646,0.585640646,1.14));
#6997=CARTESIAN_POINT('',(-0.692820323,0.4,1.156666667));
#6998=CARTESIAN_POINT('',(-0.8,0.214359354,1.173333333));
#6999=CARTESIAN_POINT('',(-0.8,0.,1.19));
#7000=CARTESIAN_POINT('',(-0.8,-0.214359354,1.206666667));
#7001=CARTESIAN_POINT('',(-0.692820323,-0.4,1.223333333));
#7002=CARTESIAN_POINT('',(-0.585640646,-0.585640646,1.24));
#7003=CARTESIAN_POINT('',(-0.4,-0.692820323,1.256666667));
#7004=CARTESIAN_POINT('',(-0.214359354,-0.8,1.273333333));
#7005=CARTESIAN_POINT('',(-0.,-0.8,1.29));
#7006=CARTESIAN_POINT('',(0.214359354,-0.8,1.306666667));
#7007=CARTESIAN_POINT('',(0.4,-0.692820323,1.323333333));
#7008=CARTESIAN_POINT('',(0.585640646,-0.585640646,1.34));
#7009=CARTESIAN_POINT('',(0.692820323,-0.4,1.356666667));
#7010=CARTESIAN_POINT('',(0.8,-0.214359354,1.373333333));
#7011=CARTESIAN_POINT('',(0.8,-0.,1.39));
#7012=CARTESIAN_POINT('',(0.8,0.214359354,1.406666667));
#7013=CARTESIAN_POINT('',(0.692820323,0.4,1.423333333));
#7014=CARTESIAN_POINT('',(0.585640646,0.585640646,1.44));
#7015=CARTESIAN_POINT('',(0.4,0.692820323,1.456666667));
#7016=CARTESIAN_POINT('',(0.214359354,0.8,1.473333333));
#7017=CARTESIAN_POINT('',(0.,0.8,1.49));
#7018=CARTESIAN_POINT('',(-0.214359354,0.8,1.506666667));
#7019=CARTESIAN_POINT('',(-0.4,0.692820323,1.523333333));
#7020=CARTESIAN_POINT('',(-0.585640646,0.585640646,1.54));
#7021=CARTESIAN_POINT('',(-0.692820323,0.4,1.556666667));
#7022=CARTESIAN_POINT('',(-0.8,0.214359354,1.573333333));
#7023=CARTESIAN_POINT('',(-0.8,0.,1.59));
#7024=CARTESIAN_POINT('',(-0.8,-0.214359354,1.606666667));
#7025=CARTESIAN_POINT('',(-0.692820323,-0.4,1.623333333));
#7026=CARTESIAN_POINT('',(-0.585640646,-0.585640646,1.64));
#7027=CARTESIAN_POINT('',(-0.4,-0.692820323,1.656666667));
#7028=CARTESIAN_POINT('',(-0.214359354,-0.8,1.673333333));
#7029=CARTESIAN_POINT('',(-0.,-0.8,1.69));
#7030=CARTESIAN_POINT('',(0.214359354,-0.8,1.706666667));
#7031=CARTESIAN_POINT('',(0.4,-0.692820323,1.723333333));
#7032=CARTESIAN_POINT('',(0.585640646,-0.585640646,1.74));
#7033=CARTESIAN_POINT('',(0.692820323,-0.4,1.756666667));
#7034=CARTESIAN_POINT('',(0.8,-0.214359354,1.773333333));
#7035=CARTESIAN_POINT('',(0.8,-0.,1.79));
#7036=(BOUNDED_CURVE()
B_SPLINE_CURVE(2,(#6939,#6940,#6941,#6942,#6943,#6944,#6945,#6946,#6947,#6948,#6949,#6950,#6951,#6952,#6953,#6954,#6955,#6956,#6957,#6958,#6959,#6960,#6961,#6962,#6963,#6964,
#6965,#6966,#6967,#6968,#6969,#6970,#6971,#6972,#6973,#6974,#6975,#6976,#6977,#6978,#6979,#6980,#6981,#6982,#6983,#6984,#6985,#6986,#6987,#6988,#6989,
#6990,#6991,#6992,#6993,#6994,#6995,#6996,#6997,#6998,#6999,#7000,#7001,#7002,#7003,#7004,#7005,#7006,#7007,#7008,#7009,#7010,#7011,#7012,#7013,#7014,
#7015,#7016,#7017,#7018,#7019,#7020,#7021,#7022,#7023,#7024,#7025,#7026,#7027,#7028,#7029,#7030,#7031,#7032,#7033,#7034,#7035),.UNSPECIFIED.,.F.,.F.)
B_SPLINE_CURVE_WITH_KNOTS((3,2,2,2,2,2,2,2,2,2,2,2,2,2,2,2,2,2,2,2,2,2,2,2,2,2,
2,2,2,2,2,2,2,2,2,2,2,2,2,2,2,2,2,2,2,2,2,2,3),(0.006310417,0.020833333,0.041666667,0.0625,0.083333333,0.104166667,0.125,0.145833333,0.166666667,0.1875,0.208333333,0.229166667,0.25,0.270833333,0.291666667,0.3125,0.333333333,0.354166667,0.375,0.395833333,0.416666667,0.4375,0.458333333,0.479166667,0.5,0.520833333,
0.541666667,0.5625,0.583333333,0.604166667,0.625,0.645833333,0.666666667,0.6875,0.708333333,0.729166667,0.75,0.770833333,0.791666667,0.8125,0.833333333,0.854166667,0.875,0.895833333,0.916666667,0.9375,0.958333333,0.979166667,1.),.UNSPECIFIED.)
CURVE()
GEOMETRIC_REPRESENTATION_ITEM()
RATIONAL_B_SPLINE_CURVE((0.985610368,0.976246894,1.,0.965925826,1.,0.965925826,1.,0.965925826,1.,0.965925826,1.,0.965925826,1.,0.965925826,1.,0.965925826,1.,0.965925826,1.,0.965925826,1.,0.965925826,1.,0.965925826,1.,0.965925826,
1.,0.965925826,1.,0.965925826,1.,0.965925826,1.,0.965925826,1.,0.965925826,1.,0.965925826,1.,0.965925826,1.,0.965925826,1.,0.965925826,1.,0.965925826,1.,0.965925826,1.,0.965925826,1.,
0.965925826,1.,0.965925826,1.,0.965925826,1.,0.965925826,1.,0.965925826,1.,0.965925826,1.,0.965925826,1.,0.965925826,1.,0.965925826,1.,0.965925826,1.,0.965925826,1.,0.965925826,1.,0.965925826,
1.,0.965925826,1.,0.965925826,1.,0.965925826,1.,0.965925826,1.,0.965925826,1.,0.965925826,1.,0.965925826,1.,0.965925826,1.,0.965925826,1.,0.965925826,1.))
REPRESENTATION_ITEM(''));
#7037=EDGE_CURVE('',#4061,#6838,#7036,.T.);
#7038=ORIENTED_EDGE('',*,*,#7037,.F.);
#7039=ORIENTED_EDGE('',*,*,#5041,.F.);
#7040=ORIENTED_EDGE('',*,*,#5080,.T.);
#7041=EDGE_LOOP('',(#6327,#6429,#6531,#6631,#6632,#6734,#6836,#6938,#7038,#7039,#7040));
#7042=FACE_BOUND('',#7041,.T.);
#7043=ADVANCED_FACE('',(#7042),#6225,.T.);
#7044=CARTESIAN_POINT('',(0.,0.,0.));
#7045=DIRECTION('',(0.,0.,1.));
#7046=DIRECTION('',(1.,0.,0.));
#7047=AXIS2_PLACEMENT_3D('',#7044,#7045,#7046);
#7048=CYLINDRICAL_SURFACE('',#7047,0.5776112);
#7049=CARTESIAN_POINT('',(0.5776112,0.,1.5616));
#7050=DIRECTION('',(-0.,-0.,-1.));
#7051=VECTOR('',#7050,0.0432);
#7052=LINE('',#7049,#7051);
#7053=EDGE_CURVE('',#5611,#6431,#7052,.T.);
#7054=ORIENTED_EDGE('',*,*,#7053,.F.);
#7055=ORIENTED_EDGE('',*,*,#5710,.T.);
#7056=ORIENTED_EDGE('',*,*,#5126,.F.);
#7057=ORIENTED_EDGE('',*,*,#6630,.F.);
#7058=EDGE_LOOP('',(#7054,#7055,#7056,#7057));
#7059=FACE_BOUND('',#7058,.T.);
#7060=ADVANCED_FACE('',(#7059),#7048,.F.);
#7061=CARTESIAN_POINT('',(0.,0.,0.));
#7062=DIRECTION('',(0.,0.,1.));
#7063=DIRECTION('',(1.,0.,0.));
#7064=AXIS2_PLACEMENT_3D('',#7061,#7062,#7063);
#7065=CYLINDRICAL_SURFACE('',#7064,1.6);
#7066=ORIENTED_EDGE('',*,*,#1329,.F.);
#7067=ORIENTED_EDGE('',*,*,#4130,.T.);
#7068=ORIENTED_EDGE('',*,*,#601,.T.);
#7069=EDGE_LOOP('',(#7066,#7067,#7068));
#7070=FACE_BOUND('',#7069,.T.);
#7071=ADVANCED_FACE('',(#7070),#7065,.T.);
#7072=CARTESIAN_POINT('',(0.,0.,0.));
#7073=DIRECTION('',(0.,0.,1.));
#7074=DIRECTION('',(1.,0.,0.));
#7075=AXIS2_PLACEMENT_3D('',#7072,#7073,#7074);
#7076=CYLINDRICAL_SURFACE('',#7075,1.6);
#7077=ORIENTED_EDGE('',*,*,#2323,.F.);
#7078=ORIENTED_EDGE('',*,*,#2396,.F.);
#7079=ORIENTED_EDGE('',*,*,#4029,.F.);
#7080=ORIENTED_EDGE('',*,*,#2279,.T.);
#7081=EDGE_LOOP('',(#7077,#7078,#7079,#7080));
#7082=FACE_BOUND('',#7081,.T.);
#7083=ADVANCED_FACE('',(#7082),#7076,.T.);
#7084=CARTESIAN_POINT('',(0.,0.,0.));
#7085=DIRECTION('',(0.,0.,1.));
#7086=DIRECTION('',(1.,0.,0.));
#7087=AXIS2_PLACEMENT_3D('',#7084,#7085,#7086);
#7088=CYLINDRICAL_SURFACE('',#7087,0.8);
#7089=CARTESIAN_POINT('',(0.8,0.,1.39));
#7090=DIRECTION('',(-0.,-0.,-1.));
#7091=VECTOR('',#7090,0.1);
#7092=LINE('',#7089,#7091);
#7093=EDGE_CURVE('',#6634,#5415,#7092,.T.);
#7094=ORIENTED_EDGE('',*,*,#7093,.F.);
#7095=ORIENTED_EDGE('',*,*,#6733,.T.);
#7096=ORIENTED_EDGE('',*,*,#2729,.T.);
#7097=ORIENTED_EDGE('',*,*,#5586,.F.);
#7098=EDGE_LOOP('',(#7094,#7095,#7096,#7097));
#7099=FACE_BOUND('',#7098,.T.);
#7100=ADVANCED_FACE('',(#7099),#7088,.F.);
#7101=CARTESIAN_POINT('',(0.,0.,0.));
#7102=DIRECTION('',(0.,0.,1.));
#7103=DIRECTION('',(1.,0.,0.));
#7104=AXIS2_PLACEMENT_3D('',#7101,#7102,#7103);
#7105=CYLINDRICAL_SURFACE('',#7104,0.8);
#7106=CARTESIAN_POINT('',(0.8,0.,0.99));
#7107=DIRECTION('',(-0.,-0.,-1.));
#7108=VECTOR('',#7107,0.1);
#7109=LINE('',#7106,#7108);
#7110=EDGE_CURVE('',#6736,#5327,#7109,.T.);
#7111=ORIENTED_EDGE('',*,*,#7110,.F.);
#7112=ORIENTED_EDGE('',*,*,#6835,.T.);
#7113=ORIENTED_EDGE('',*,*,#7093,.T.);
#7114=ORIENTED_EDGE('',*,*,#5500,.F.);
#7115=EDGE_LOOP('',(#7111,#7112,#7113,#7114));
#7116=FACE_BOUND('',#7115,.T.);
#7117=ADVANCED_FACE('',(#7116),#7105,.F.);
#7118=CARTESIAN_POINT('',(0.,0.,0.));
#7119=DIRECTION('',(0.,0.,1.));
#7120=DIRECTION('',(1.,0.,0.));
#7121=AXIS2_PLACEMENT_3D('',#7118,#7119,#7120);
#7122=CYLINDRICAL_SURFACE('',#7121,0.8);
#7123=CARTESIAN_POINT('',(0.8,0.,0.59));
#7124=DIRECTION('',(-0.,-0.,-1.));
#7125=VECTOR('',#7124,0.1);
#7126=LINE('',#7123,#7125);
#7127=EDGE_CURVE('',#6838,#5061,#7126,.T.);
#7128=ORIENTED_EDGE('',*,*,#7127,.F.);
#7129=ORIENTED_EDGE('',*,*,#6937,.T.);
#7130=ORIENTED_EDGE('',*,*,#7110,.T.);
#7131=ORIENTED_EDGE('',*,*,#5412,.F.);
#7132=EDGE_LOOP('',(#7128,#7129,#7130,#7131));
#7133=FACE_BOUND('',#7132,.T.);
#7134=ADVANCED_FACE('',(#7133),#7122,.F.);
#7135=CARTESIAN_POINT('',(0.,0.,0.));
#7136=DIRECTION('',(0.,0.,1.));
#7137=DIRECTION('',(1.,0.,0.));
#7138=AXIS2_PLACEMENT_3D('',#7135,#7136,#7137);
#7139=CYLINDRICAL_SURFACE('',#7138,0.8);
#7140=ORIENTED_EDGE('',*,*,#7127,.T.);
#7141=ORIENTED_EDGE('',*,*,#5087,.T.);
#7142=ORIENTED_EDGE('',*,*,#4058,.T.);
#7143=ORIENTED_EDGE('',*,*,#4074,.T.);
#7144=ORIENTED_EDGE('',*,*,#7037,.T.);
#7145=EDGE_LOOP('',(#7140,#7141,#7142,#7143,#7144));
#7146=FACE_BOUND('',#7145,.T.);
#7147=ADVANCED_FACE('',(#7146),#7139,.F.);
#7148=CARTESIAN_POINT('',(0.,0.,0.));
#7149=DIRECTION('',(0.,0.,1.));
#7150=DIRECTION('',(1.,0.,0.));
#7151=AXIS2_PLACEMENT_3D('',#7148,#7149,#7150);
#7152=CYLINDRICAL_SURFACE('',#7151,0.5776112);
#7153=CARTESIAN_POINT('',(0.5776112,0.,1.1616));
#7154=DIRECTION('',(-0.,-0.,-1.));
#7155=VECTOR('',#7154,0.0432);
#7156=LINE('',#7153,#7155);
#7157=EDGE_CURVE('',#5713,#6329,#7156,.T.);
#7158=ORIENTED_EDGE('',*,*,#7157,.F.);
#7159=ORIENTED_EDGE('',*,*,#5812,.T.);
#7160=ORIENTED_EDGE('',*,*,#7053,.T.);
#7161=ORIENTED_EDGE('',*,*,#6530,.F.);
#7162=EDGE_LOOP('',(#7158,#7159,#7160,#7161));
#7163=FACE_BOUND('',#7162,.T.);
#7164=ADVANCED_FACE('',(#7163),#7152,.F.);
#7165=CARTESIAN_POINT('',(0.,0.,0.));
#7166=DIRECTION('',(0.,0.,1.));
#7167=DIRECTION('',(1.,0.,0.));
#7168=AXIS2_PLACEMENT_3D('',#7165,#7166,#7167);
#7169=CYLINDRICAL_SURFACE('',#7168,0.5776112);
#7170=CARTESIAN_POINT('',(0.5776112,0.,0.7616));
#7171=DIRECTION('',(-0.,-0.,-1.));
#7172=VECTOR('',#7171,0.0432);
#7173=LINE('',#7170,#7172);
#7174=EDGE_CURVE('',#5815,#6227,#7173,.T.);
#7175=ORIENTED_EDGE('',*,*,#7174,.F.);
#7176=ORIENTED_EDGE('',*,*,#5914,.T.);
#7177=ORIENTED_EDGE('',*,*,#7157,.T.);
#7178=ORIENTED_EDGE('',*,*,#6428,.F.);
#7179=EDGE_LOOP('',(#7175,#7176,#7177,#7178));
#7180=FACE_BOUND('',#7179,.T.);
#7181=ADVANCED_FACE('',(#7180),#7169,.F.);
#7182=CARTESIAN_POINT('',(0.,0.,0.));
#7183=DIRECTION('',(0.,0.,1.));
#7184=DIRECTION('',(1.,0.,0.));
#7185=AXIS2_PLACEMENT_3D('',#7182,#7183,#7184);
#7186=CYLINDRICAL_SURFACE('',#7185,0.5776112);
#7187=ORIENTED_EDGE('',*,*,#7174,.T.);
#7188=ORIENTED_EDGE('',*,*,#6326,.F.);
#7189=ORIENTED_EDGE('',*,*,#5074,.T.);
#7190=ORIENTED_EDGE('',*,*,#6014,.T.);
#7191=EDGE_LOOP('',(#7187,#7188,#7189,#7190));
#7192=FACE_BOUND('',#7191,.T.);
#7193=ADVANCED_FACE('',(#7192),#7186,.F.);
#7194=CLOSED_SHELL('',(#74,#122,#561,#1123,#1151,#1179,#1207,#1235,#1263,#1291,#1319,#1345,#1395,#1445,#1495,#1545,#1595,#1645,#1695,#1745,#1795,#1823,#1848,#1868,#1893,#1906,
#1931,#2311,#2338,#2715,#2836,#2867,#2933,#2955,#2986,#3052,#3074,#3105,#3171,#3193,#3224,#3290,#3312,#3343,#3409,#3431,#3462,#3528,#3550,#3581,#3647,
#3669,#3700,#3766,#3788,#3819,#3885,#3907,#3938,#4004,#4035,#4078,#4102,#4134,#4179,#4201,#4226,#4271,#4293,#4318,#4363,#4385,#4410,#4455,#4477,#4502,
#4547,#4569,#4594,#4639,#4661,#4686,#4731,#4753,#4778,#4823,#4845,#4870,#4915,#4937,#4962,#5007,#5029,#5052,#5091,#5130,#6019,#6030,#7043,#7060,#7071,
#7083,#7100,#7117,#7134,#7147,#7164,#7181,#7193));
#7195=MANIFOLD_SOLID_BREP('Brass Insert',#7194);
#7196=COLOUR_RGB('',0.760784328,0.619607866,0.43921569);
#7197=FILL_AREA_STYLE_COLOUR('',#7196);
#7198=FILL_AREA_STYLE('',(#7197));
#7199=SURFACE_STYLE_FILL_AREA(#7198);
#7200=SURFACE_SIDE_STYLE('',(#7199));
#7201=SURFACE_STYLE_USAGE(.BOTH.,#7200);
#7202=PRESENTATION_STYLE_ASSIGNMENT((#7201));
#26=STYLED_ITEM('',(#7202),#7195);
#16=SHAPE_REPRESENTATION('root',(#15),#10);
#17=ADVANCED_BREP_SHAPE_REPRESENTATION('root',(#7195),#10);
#7210=SHAPE_REPRESENTATION_RELATIONSHIP('','',#16,#17);
#7211=CARTESIAN_POINT('',(0.,0.,0.));
#7212=DIRECTION('',(0.,0.,1.));
#7213=DIRECTION('',(1.,0.,0.));
#7214=AXIS2_PLACEMENT_3D('',#7211,#7212,#7213);
#7216=MAPPED_ITEM('',#7215,#7214);
#7215=REPRESENTATION_MAP(#7214,#16);
#7217=APPLICATION_CONTEXT('Managed model based 3d engineering');
#7218=APPLICATION_PROTOCOL_DEFINITION('international standard','ap242_managed_model_based_3d_engineering',2014,#7217);
#7219=PRODUCT_CONTEXT('',#7217,'mechanical');
#7220=PRODUCT_DEFINITION_CONTEXT('part definition',#7217,'design');
#24=PRODUCT('root','root','',(#7219));
#7221=PRODUCT_RELATED_PRODUCT_CATEGORY('part','',(#24));
#7222=PRODUCT_DEFINITION_FORMATION_WITH_SPECIFIED_SOURCE('','',#24,.NOT_KNOWN.);
#25=PRODUCT_DEFINITION('design','',#7222,#7220);
#23=PRODUCT_DEFINITION_SHAPE('','',#25);
#7223=SHAPE_DEFINITION_REPRESENTATION(#23,#16);
#11=DRAUGHTING_MODEL('',(#7216),#10);
#7224=DESCRIPTIVE_REPRESENTATION_ITEM('KEY','/Users/shreyashgupta/Library/Containers/com.shapr3d.shapr/Data/tmp/D6DDE1CE-1E01-4DC7-B511-FCC18C55B0E3.tmp');
#7225=PROPERTY_DEFINITION('KEY','',#25);
#7226=REPRESENTATION('',(#7224),#10);
#7227=PROPERTY_DEFINITION_REPRESENTATION(#7225,#7226);
#7228=GENERAL_PROPERTY('','KEY','');
#7229=GENERAL_PROPERTY_ASSOCIATION('','',#7228,#7225);
#1=MECHANICAL_DESIGN_GEOMETRIC_PRESENTATION_REPRESENTATION('',(#26),#10);
ENDSEC;
END-ISO-10303-21;
